ISO-10303-21;
HEADER;
/* Generated by software containing ST-Developer
 * from STEP Tools, Inc. (www.steptools.com) 
 */

FILE_DESCRIPTION(
/* description */ (''),
/* implementation_level */ '2;1');

FILE_NAME(
/* name */ 'BR ADM AUAV Base.step',
/* time_stamp */ '2025-12-26T18:19:54Z',
/* author */ (''),
/* organization */ (''),
/* preprocessor_version */ 'ST-DEVELOPER v20.1',
/* originating_system */ 'Autodesk Translation Framework v14.21.0.0',
/* authorisation */ '');

FILE_SCHEMA (('AUTOMOTIVE_DESIGN { 1 0 10303 214 3 1 1 }'));
ENDSEC;

DATA;
#10=MECHANICAL_DESIGN_GEOMETRIC_PRESENTATION_REPRESENTATION('',(#13),#5215);
#11=SHAPE_REPRESENTATION_RELATIONSHIP('SRR','None',#5222,#12);
#12=ADVANCED_BREP_SHAPE_REPRESENTATION('',(#14),#5214);
#13=STYLED_ITEM('',(#5232),#14);
#14=MANIFOLD_SOLID_BREP('Body1',#2839);
#15=FACE_BOUND('',#389,.T.);
#16=FACE_BOUND('',#396,.T.);
#17=FACE_BOUND('',#407,.T.);
#18=FACE_BOUND('',#408,.T.);
#19=FACE_BOUND('',#409,.T.);
#20=FACE_BOUND('',#414,.T.);
#21=FACE_BOUND('',#430,.T.);
#22=FACE_BOUND('',#448,.T.);
#23=FACE_BOUND('',#457,.T.);
#24=FACE_BOUND('',#487,.T.);
#25=FACE_BOUND('',#510,.T.);
#26=FACE_BOUND('',#513,.T.);
#27=FACE_BOUND('',#514,.T.);
#28=FACE_BOUND('',#515,.T.);
#29=FACE_BOUND('',#516,.T.);
#30=FACE_BOUND('',#518,.T.);
#31=B_SPLINE_CURVE_WITH_KNOTS('',3,(#4034,#4035,#4036,#4037,#4038,#4039,
#4040,#4041,#4042,#4043,#4044,#4045,#4046,#4047,#4048,#4049,#4050,#4051),
 .UNSPECIFIED.,.F.,.F.,(4,2,2,2,2,2,2,2,4),(9.89402783912122E-6,0.0141101712727239,
0.0258515884041084,0.0359012831841419,0.0429038360341058,0.0499178808673089,
0.0600241426838352,0.0718600591225141,0.0858546447214622),.UNSPECIFIED.);
#32=B_SPLINE_CURVE_WITH_KNOTS('',3,(#4277,#4278,#4279,#4280,#4281,#4282,
#4283,#4284,#4285,#4286,#4287,#4288,#4289,#4290,#4291,#4292,#4293,#4294,
#4295,#4296,#4297,#4298,#4299,#4300,#4301,#4302,#4303,#4304,#4305,#4306,
#4307),.UNSPECIFIED.,.F.,.F.,(4,3,3,3,3,3,3,3,3,3,4),(4.54922996678704E-6,
0.0120057856295287,0.0247774587155483,0.0254898783109972,0.0356979540912978,
0.0425940527348682,0.0493285868838756,0.0587376760996877,0.0715971818059618,
0.0778321144307422,0.0860195876567291),.UNSPECIFIED.);
#33=B_SPLINE_CURVE_WITH_KNOTS('',3,(#4535,#4536,#4537,#4538,#4539,#4540,
#4541,#4542,#4543,#4544,#4545,#4546,#4547,#4548,#4549,#4550,#4551,#4552,
#4553,#4554,#4555,#4556,#4557,#4558,#4559,#4560,#4561,#4562,#4563,#4564,
#4565),.UNSPECIFIED.,.F.,.F.,(4,3,3,3,3,3,3,3,3,3,4),(2.24180829455458E-6,
0.0119964760032356,0.0247590686257294,0.0254898783109679,0.0356979540912724,
0.042594052734862,0.0493285868838785,0.058737676099683,0.0716049014386728,
0.0778321144307918,0.0860173784998916),.UNSPECIFIED.);
#34=B_SPLINE_CURVE_WITH_KNOTS('',3,(#4737,#4738,#4739,#4740,#4741,#4742,
#4743,#4744,#4745,#4746,#4747,#4748,#4749,#4750,#4751,#4752,#4753,#4754),
 .UNSPECIFIED.,.F.,.F.,(4,2,2,2,2,2,2,2,4),(2.07777718906559E-6,0.0139254239519784,
0.0257701801248062,0.0358789228075823,0.0428867664996404,0.0498765776358611,
0.0598962260876079,0.0715954023048855,0.0858432816518273),.UNSPECIFIED.);
#35=B_SPLINE_CURVE_WITH_KNOTS('',2,(#4873,#4874,#4875),.UNSPECIFIED.,.F.,
 .F.,(3,3),(-0.326802478299368,0.),.UNSPECIFIED.);
#36=B_SPLINE_CURVE_WITH_KNOTS('',2,(#4878,#4879,#4880),.UNSPECIFIED.,.F.,
 .F.,(3,3),(0.,0.326802478299368),.UNSPECIFIED.);
#37=B_SPLINE_CURVE_WITH_KNOTS('',2,(#4888,#4889,#4890),.UNSPECIFIED.,.F.,
 .F.,(3,3),(-1.,-0.0785850155908301),.UNSPECIFIED.);
#38=B_SPLINE_CURVE_WITH_KNOTS('',2,(#4893,#4894,#4895),.UNSPECIFIED.,.F.,
 .F.,(3,3),(0.0785850155908301,1.),.UNSPECIFIED.);
#39=B_SPLINE_CURVE_WITH_KNOTS('',2,(#4922,#4923,#4924),.UNSPECIFIED.,.F.,
 .F.,(3,3),(0.,1.),.UNSPECIFIED.);
#40=B_SPLINE_CURVE_WITH_KNOTS('',2,(#4925,#4926,#4927),.UNSPECIFIED.,.F.,
 .F.,(3,3),(0.,1.),.UNSPECIFIED.);
#41=B_SPLINE_CURVE_WITH_KNOTS('',2,(#4943,#4944,#4945),.UNSPECIFIED.,.F.,
 .F.,(3,3),(0.326802478299368,1.),.UNSPECIFIED.);
#42=B_SPLINE_CURVE_WITH_KNOTS('',2,(#4946,#4947,#4948),.UNSPECIFIED.,.F.,
 .F.,(3,3),(-1.,-0.326802478299368),.UNSPECIFIED.);
#43=B_SPLINE_CURVE_WITH_KNOTS('',2,(#4967,#4968,#4969),.UNSPECIFIED.,.F.,
 .F.,(3,3),(0.,1.),.UNSPECIFIED.);
#44=B_SPLINE_CURVE_WITH_KNOTS('',2,(#4978,#4979,#4980),.UNSPECIFIED.,.F.,
 .F.,(3,3),(0.,1.),.UNSPECIFIED.);
#45=B_SPLINE_CURVE_WITH_KNOTS('',2,(#4987,#4988,#4989),.UNSPECIFIED.,.F.,
 .F.,(3,3),(-1.,-0.145073824127873),.UNSPECIFIED.);
#46=B_SPLINE_CURVE_WITH_KNOTS('',2,(#4991,#4992,#4993),.UNSPECIFIED.,.F.,
 .F.,(3,3),(-1.,0.),.UNSPECIFIED.);
#47=B_SPLINE_CURVE_WITH_KNOTS('',2,(#5016,#5017,#5018),.UNSPECIFIED.,.F.,
 .F.,(3,3),(-1.,-0.145073824127873),.UNSPECIFIED.);
#48=B_SPLINE_CURVE_WITH_KNOTS('',2,(#5027,#5028,#5029),.UNSPECIFIED.,.F.,
 .F.,(3,3),(-1.,0.),.UNSPECIFIED.);
#49=B_SPLINE_SURFACE_WITH_KNOTS('',3,3,((#3960,#3961,#3962,#3963,#3964,
#3965,#3966,#3967,#3968,#3969,#3970,#3971),(#3972,#3973,#3974,#3975,#3976,
#3977,#3978,#3979,#3980,#3981,#3982,#3983),(#3984,#3985,#3986,#3987,#3988,
#3989,#3990,#3991,#3992,#3993,#3994,#3995),(#3996,#3997,#3998,#3999,#4000,
#4001,#4002,#4003,#4004,#4005,#4006,#4007),(#4008,#4009,#4010,#4011,#4012,
#4013,#4014,#4015,#4016,#4017,#4018,#4019),(#4020,#4021,#4022,#4023,#4024,
#4025,#4026,#4027,#4028,#4029,#4030,#4031)),.UNSPECIFIED.,.F.,.F.,.F.,(4,
1,1,4),(4,1,1,1,1,1,1,1,1,4),(-0.0112873224385,0.285714285714286,0.571428571428571,
1.00008393849876),(-1.5820836492334,-1.12199737628207,-0.673198425769241,
-0.224399475256414,0.224399475256414,0.560998688141035,0.617098556955138,
0.673198425769242,1.12199737628207,1.5820836492334),.UNSPECIFIED.);
#50=B_SPLINE_SURFACE_WITH_KNOTS('',3,3,((#4090,#4091,#4092,#4093,#4094,
#4095,#4096),(#4097,#4098,#4099,#4100,#4101,#4102,#4103),(#4104,#4105,#4106,
#4107,#4108,#4109,#4110),(#4111,#4112,#4113,#4114,#4115,#4116,#4117),(#4118,
#4119,#4120,#4121,#4122,#4123,#4124)),.UNSPECIFIED.,.F.,.F.,.F.,(4,1,4),
(4,1,1,1,4),(-0.0121520033381208,0.5,1.01236161216038),(-1.58315793895528,
-1.12199737628207,-0.224399475256413,0.673198425769242,1.58315793895528),
 .UNSPECIFIED.);
#51=B_SPLINE_SURFACE_WITH_KNOTS('',3,3,((#4203,#4204,#4205,#4206,#4207,
#4208,#4209,#4210,#4211,#4212,#4213,#4214),(#4215,#4216,#4217,#4218,#4219,
#4220,#4221,#4222,#4223,#4224,#4225,#4226),(#4227,#4228,#4229,#4230,#4231,
#4232,#4233,#4234,#4235,#4236,#4237,#4238),(#4239,#4240,#4241,#4242,#4243,
#4244,#4245,#4246,#4247,#4248,#4249,#4250),(#4251,#4252,#4253,#4254,#4255,
#4256,#4257,#4258,#4259,#4260,#4261,#4262),(#4263,#4264,#4265,#4266,#4267,
#4268,#4269,#4270,#4271,#4272,#4273,#4274)),.UNSPECIFIED.,.F.,.F.,.F.,(4,
1,1,4),(4,1,1,1,1,1,1,1,1,4),(-0.0101324246918013,0.285714285714286,0.571428571428571,
1.00003027385533),(-1.5809287514867,-1.23419711391028,-1.12199737628207,
-0.673198425769241,-0.224399475256414,0.224399475256414,0.673198425769241,
0.785398163397448,1.12199737628207,1.5809287514867),.UNSPECIFIED.);
#52=B_SPLINE_SURFACE_WITH_KNOTS('',3,3,((#4346,#4347,#4348,#4349,#4350,
#4351,#4352,#4353),(#4354,#4355,#4356,#4357,#4358,#4359,#4360,#4361),(#4362,
#4363,#4364,#4365,#4366,#4367,#4368,#4369),(#4370,#4371,#4372,#4373,#4374,
#4375,#4376,#4377),(#4378,#4379,#4380,#4381,#4382,#4383,#4384,#4385)),
 .UNSPECIFIED.,.F.,.F.,.F.,(4,1,4),(4,1,1,1,1,4),(-0.0141723805011752,0.5,
1.02118228424137),(-1.59197861103627,-1.12199737628207,-0.673198425769242,
-0.224399475256414,0.673198425769241,1.59197861103627),.UNSPECIFIED.);
#53=B_SPLINE_SURFACE_WITH_KNOTS('',3,3,((#4461,#4462,#4463,#4464,#4465,
#4466,#4467,#4468,#4469,#4470,#4471,#4472),(#4473,#4474,#4475,#4476,#4477,
#4478,#4479,#4480,#4481,#4482,#4483,#4484),(#4485,#4486,#4487,#4488,#4489,
#4490,#4491,#4492,#4493,#4494,#4495,#4496),(#4497,#4498,#4499,#4500,#4501,
#4502,#4503,#4504,#4505,#4506,#4507,#4508),(#4509,#4510,#4511,#4512,#4513,
#4514,#4515,#4516,#4517,#4518,#4519,#4520),(#4521,#4522,#4523,#4524,#4525,
#4526,#4527,#4528,#4529,#4530,#4531,#4532)),.UNSPECIFIED.,.F.,.F.,.F.,(4,
1,1,4),(4,1,1,1,1,1,1,1,1,4),(-0.0101461180600602,0.285714285714286,0.571428571428571,
1.00002893653822),(-1.58094244485496,-1.12199737628207,-0.785398163397449,
-0.673198425769242,-0.224399475256414,0.224399475256414,0.673198425769241,
1.12199737628207,1.23419711391028,1.58094244485496),.UNSPECIFIED.);
#54=B_SPLINE_SURFACE_WITH_KNOTS('',3,3,((#4593,#4594,#4595,#4596,#4597,
#4598,#4599,#4600),(#4601,#4602,#4603,#4604,#4605,#4606,#4607,#4608),(#4609,
#4610,#4611,#4612,#4613,#4614,#4615,#4616),(#4617,#4618,#4619,#4620,#4621,
#4622,#4623,#4624),(#4625,#4626,#4627,#4628,#4629,#4630,#4631,#4632)),
 .UNSPECIFIED.,.F.,.F.,.F.,(4,1,4),(4,1,1,1,1,4),(-0.0137605029471227,0.5,
1.02122443512795),(-1.59202076192285,-1.12199737628207,-0.673198425769242,
-0.224399475256414,0.673198425769241,1.59202076192285),.UNSPECIFIED.);
#55=B_SPLINE_SURFACE_WITH_KNOTS('',3,3,((#4663,#4664,#4665,#4666,#4667,
#4668,#4669,#4670,#4671,#4672,#4673,#4674),(#4675,#4676,#4677,#4678,#4679,
#4680,#4681,#4682,#4683,#4684,#4685,#4686),(#4687,#4688,#4689,#4690,#4691,
#4692,#4693,#4694,#4695,#4696,#4697,#4698),(#4699,#4700,#4701,#4702,#4703,
#4704,#4705,#4706,#4707,#4708,#4709,#4710),(#4711,#4712,#4713,#4714,#4715,
#4716,#4717,#4718,#4719,#4720,#4721,#4722),(#4723,#4724,#4725,#4726,#4727,
#4728,#4729,#4730,#4731,#4732,#4733,#4734)),.UNSPECIFIED.,.F.,.F.,.F.,(4,
1,1,4),(4,1,1,1,1,1,1,1,1,4),(-0.0098050618351301,0.285714285714286,0.571428571428571,
1.00003665575257),(-1.58060138863003,-1.12199737628207,-0.785398163397449,
-0.673198425769242,-0.224399475256414,0.224399475256414,0.673198425769241,
1.12199737628207,1.23419711391028,1.58060138863003),.UNSPECIFIED.);
#56=B_SPLINE_SURFACE_WITH_KNOTS('',3,3,((#4782,#4783,#4784,#4785,#4786,
#4787,#4788),(#4789,#4790,#4791,#4792,#4793,#4794,#4795),(#4796,#4797,#4798,
#4799,#4800,#4801,#4802),(#4803,#4804,#4805,#4806,#4807,#4808,#4809),(#4810,
#4811,#4812,#4813,#4814,#4815,#4816)),.UNSPECIFIED.,.F.,.F.,.F.,(4,1,4),
(4,1,1,1,4),(-0.0114351941411525,0.5,1.01000409737032),(-1.58223152093605,
-1.12199737628207,-0.224399475256414,0.673198425769242,1.58223152093605),
 .UNSPECIFIED.);
#57=B_SPLINE_SURFACE_WITH_KNOTS('',2,1,((#4866,#4867),(#4868,#4869),(#4870,
#4871)),.UNSPECIFIED.,.F.,.F.,.F.,(3,3),(2,2),(0.,0.326802478299368),(0.,
0.036),.UNSPECIFIED.);
#58=B_SPLINE_SURFACE_WITH_KNOTS('',2,1,((#4881,#4882),(#4883,#4884),(#4885,
#4886)),.UNSPECIFIED.,.F.,.F.,.F.,(3,3),(2,2),(0.0785850155908301,1.),(0.,
0.036),.UNSPECIFIED.);
#59=B_SPLINE_SURFACE_WITH_KNOTS('',2,1,((#4937,#4938),(#4939,#4940),(#4941,
#4942)),.UNSPECIFIED.,.F.,.F.,.F.,(3,3),(2,2),(-1.,0.),(0.,0.024),
 .UNSPECIFIED.);
#60=B_SPLINE_SURFACE_WITH_KNOTS('',2,1,((#4959,#4960),(#4961,#4962),(#4963,
#4964)),.UNSPECIFIED.,.F.,.F.,.F.,(3,3),(2,2),(0.,1.),(0.,0.012),
 .UNSPECIFIED.);
#61=B_SPLINE_SURFACE_WITH_KNOTS('',2,1,((#4970,#4971),(#4972,#4973),(#4974,
#4975)),.UNSPECIFIED.,.F.,.F.,.F.,(3,3),(2,2),(0.,1.),(0.,0.012),
 .UNSPECIFIED.);
#62=B_SPLINE_SURFACE_WITH_KNOTS('',2,1,((#5009,#5010),(#5011,#5012),(#5013,
#5014)),.UNSPECIFIED.,.F.,.F.,.F.,(3,3),(2,2),(-1.,-0.145073824127873),
(0.,0.024),.UNSPECIFIED.);
#63=B_SPLINE_SURFACE_WITH_KNOTS('',2,1,((#5020,#5021),(#5022,#5023),(#5024,
#5025)),.UNSPECIFIED.,.F.,.F.,.F.,(3,3),(2,2),(-1.,0.),(0.,0.024),
 .UNSPECIFIED.);
#64=CIRCLE('',#2879,1.80000025779015);
#65=CIRCLE('',#2880,1.80000025779015);
#66=CIRCLE('',#2883,2.30000025779015);
#67=CIRCLE('',#2884,2.30000025779015);
#68=CIRCLE('',#2888,0.2);
#69=CIRCLE('',#2892,0.199999999999999);
#70=CIRCLE('',#2898,3.);
#71=CIRCLE('',#2902,0.199999999999998);
#72=CIRCLE('',#2904,0.199999999999999);
#73=CIRCLE('',#2914,3.);
#74=CIRCLE('',#2916,4.);
#75=CIRCLE('',#2919,1.7);
#76=CIRCLE('',#2920,1.7);
#77=CIRCLE('',#2924,0.200000000000001);
#78=CIRCLE('',#2928,0.200000000000001);
#79=CIRCLE('',#2934,3.);
#80=CIRCLE('',#2938,0.200000000000001);
#81=CIRCLE('',#2940,0.200000000000001);
#82=CIRCLE('',#2950,3.);
#83=CIRCLE('',#2952,4.);
#84=CIRCLE('',#2955,1.7);
#85=CIRCLE('',#2957,1.7);
#86=CIRCLE('',#2960,0.199999999999999);
#87=CIRCLE('',#2963,0.2);
#88=CIRCLE('',#2968,3.);
#89=CIRCLE('',#2972,0.199999999999999);
#90=CIRCLE('',#2973,0.2);
#91=CIRCLE('',#2977,3.);
#92=CIRCLE('',#2979,4.);
#93=CIRCLE('',#2982,1.7);
#94=CIRCLE('',#2984,1.7);
#95=CIRCLE('',#2987,0.200000000000001);
#96=CIRCLE('',#2990,0.200000000000001);
#97=CIRCLE('',#2995,3.);
#98=CIRCLE('',#2999,0.2);
#99=CIRCLE('',#3000,0.199999999999999);
#100=CIRCLE('',#3004,3.);
#101=CIRCLE('',#3006,4.);
#102=CIRCLE('',#3009,1.7);
#103=CIRCLE('',#3010,1.7);
#104=PLANE('',#2856);
#105=PLANE('',#2857);
#106=PLANE('',#2861);
#107=PLANE('',#2862);
#108=PLANE('',#2863);
#109=PLANE('',#2864);
#110=PLANE('',#2865);
#111=PLANE('',#2866);
#112=PLANE('',#2867);
#113=PLANE('',#2868);
#114=PLANE('',#2869);
#115=PLANE('',#2870);
#116=PLANE('',#2871);
#117=PLANE('',#2872);
#118=PLANE('',#2873);
#119=PLANE('',#2874);
#120=PLANE('',#2875);
#121=PLANE('',#2876);
#122=PLANE('',#2877);
#123=PLANE('',#2881);
#124=PLANE('',#2885);
#125=PLANE('',#2886);
#126=PLANE('',#2896);
#127=PLANE('',#2899);
#128=PLANE('',#2908);
#129=PLANE('',#2917);
#130=PLANE('',#2921);
#131=PLANE('',#2922);
#132=PLANE('',#2932);
#133=PLANE('',#2935);
#134=PLANE('',#2944);
#135=PLANE('',#2953);
#136=PLANE('',#2954);
#137=PLANE('',#2958);
#138=PLANE('',#2966);
#139=PLANE('',#2969);
#140=PLANE('',#2980);
#141=PLANE('',#2981);
#142=PLANE('',#2985);
#143=PLANE('',#2993);
#144=PLANE('',#2996);
#145=PLANE('',#3007);
#146=PLANE('',#3011);
#147=PLANE('',#3012);
#148=PLANE('',#3013);
#149=PLANE('',#3014);
#150=PLANE('',#3015);
#151=PLANE('',#3016);
#152=PLANE('',#3017);
#153=PLANE('',#3018);
#154=PLANE('',#3019);
#155=PLANE('',#3020);
#156=PLANE('',#3021);
#157=PLANE('',#3022);
#158=PLANE('',#3023);
#159=PLANE('',#3024);
#160=PLANE('',#3025);
#161=PLANE('',#3026);
#162=PLANE('',#3027);
#163=PLANE('',#3028);
#164=PLANE('',#3029);
#165=PLANE('',#3030);
#166=PLANE('',#3031);
#167=PLANE('',#3032);
#168=PLANE('',#3033);
#169=PLANE('',#3034);
#170=PLANE('',#3035);
#171=PLANE('',#3036);
#172=PLANE('',#3037);
#173=PLANE('',#3038);
#174=PLANE('',#3039);
#175=PLANE('',#3040);
#176=PLANE('',#3041);
#177=PLANE('',#3042);
#178=PLANE('',#3043);
#179=PLANE('',#3044);
#180=PLANE('',#3045);
#181=PLANE('',#3046);
#182=PLANE('',#3047);
#183=PLANE('',#3048);
#184=PLANE('',#3049);
#185=PLANE('',#3050);
#186=PLANE('',#3051);
#187=PLANE('',#3052);
#188=PLANE('',#3053);
#189=PLANE('',#3054);
#190=PLANE('',#3055);
#191=PLANE('',#3056);
#192=PLANE('',#3057);
#193=PLANE('',#3058);
#194=PLANE('',#3059);
#195=PLANE('',#3060);
#196=PLANE('',#3061);
#197=PLANE('',#3062);
#198=PLANE('',#3063);
#199=PLANE('',#3064);
#200=PLANE('',#3065);
#201=PLANE('',#3066);
#202=PLANE('',#3067);
#203=FACE_OUTER_BOUND('',#353,.T.);
#204=FACE_OUTER_BOUND('',#354,.T.);
#205=FACE_OUTER_BOUND('',#355,.T.);
#206=FACE_OUTER_BOUND('',#356,.T.);
#207=FACE_OUTER_BOUND('',#357,.T.);
#208=FACE_OUTER_BOUND('',#358,.T.);
#209=FACE_OUTER_BOUND('',#359,.T.);
#210=FACE_OUTER_BOUND('',#360,.T.);
#211=FACE_OUTER_BOUND('',#361,.T.);
#212=FACE_OUTER_BOUND('',#362,.T.);
#213=FACE_OUTER_BOUND('',#363,.T.);
#214=FACE_OUTER_BOUND('',#364,.T.);
#215=FACE_OUTER_BOUND('',#365,.T.);
#216=FACE_OUTER_BOUND('',#366,.T.);
#217=FACE_OUTER_BOUND('',#367,.T.);
#218=FACE_OUTER_BOUND('',#368,.T.);
#219=FACE_OUTER_BOUND('',#369,.T.);
#220=FACE_OUTER_BOUND('',#370,.T.);
#221=FACE_OUTER_BOUND('',#371,.T.);
#222=FACE_OUTER_BOUND('',#372,.T.);
#223=FACE_OUTER_BOUND('',#373,.T.);
#224=FACE_OUTER_BOUND('',#374,.T.);
#225=FACE_OUTER_BOUND('',#375,.T.);
#226=FACE_OUTER_BOUND('',#376,.T.);
#227=FACE_OUTER_BOUND('',#377,.T.);
#228=FACE_OUTER_BOUND('',#378,.T.);
#229=FACE_OUTER_BOUND('',#379,.T.);
#230=FACE_OUTER_BOUND('',#380,.T.);
#231=FACE_OUTER_BOUND('',#381,.T.);
#232=FACE_OUTER_BOUND('',#382,.T.);
#233=FACE_OUTER_BOUND('',#383,.T.);
#234=FACE_OUTER_BOUND('',#384,.T.);
#235=FACE_OUTER_BOUND('',#385,.T.);
#236=FACE_OUTER_BOUND('',#386,.T.);
#237=FACE_OUTER_BOUND('',#387,.T.);
#238=FACE_OUTER_BOUND('',#388,.T.);
#239=FACE_OUTER_BOUND('',#390,.T.);
#240=FACE_OUTER_BOUND('',#391,.T.);
#241=FACE_OUTER_BOUND('',#392,.T.);
#242=FACE_OUTER_BOUND('',#393,.T.);
#243=FACE_OUTER_BOUND('',#394,.T.);
#244=FACE_OUTER_BOUND('',#395,.T.);
#245=FACE_OUTER_BOUND('',#397,.T.);
#246=FACE_OUTER_BOUND('',#398,.T.);
#247=FACE_OUTER_BOUND('',#399,.T.);
#248=FACE_OUTER_BOUND('',#400,.T.);
#249=FACE_OUTER_BOUND('',#401,.T.);
#250=FACE_OUTER_BOUND('',#402,.T.);
#251=FACE_OUTER_BOUND('',#403,.T.);
#252=FACE_OUTER_BOUND('',#404,.T.);
#253=FACE_OUTER_BOUND('',#405,.T.);
#254=FACE_OUTER_BOUND('',#406,.T.);
#255=FACE_OUTER_BOUND('',#410,.T.);
#256=FACE_OUTER_BOUND('',#411,.T.);
#257=FACE_OUTER_BOUND('',#412,.T.);
#258=FACE_OUTER_BOUND('',#413,.T.);
#259=FACE_OUTER_BOUND('',#415,.T.);
#260=FACE_OUTER_BOUND('',#416,.T.);
#261=FACE_OUTER_BOUND('',#417,.T.);
#262=FACE_OUTER_BOUND('',#418,.T.);
#263=FACE_OUTER_BOUND('',#419,.T.);
#264=FACE_OUTER_BOUND('',#420,.T.);
#265=FACE_OUTER_BOUND('',#421,.T.);
#266=FACE_OUTER_BOUND('',#422,.T.);
#267=FACE_OUTER_BOUND('',#423,.T.);
#268=FACE_OUTER_BOUND('',#424,.T.);
#269=FACE_OUTER_BOUND('',#425,.T.);
#270=FACE_OUTER_BOUND('',#426,.T.);
#271=FACE_OUTER_BOUND('',#427,.T.);
#272=FACE_OUTER_BOUND('',#428,.T.);
#273=FACE_OUTER_BOUND('',#429,.T.);
#274=FACE_OUTER_BOUND('',#431,.T.);
#275=FACE_OUTER_BOUND('',#432,.T.);
#276=FACE_OUTER_BOUND('',#433,.T.);
#277=FACE_OUTER_BOUND('',#434,.T.);
#278=FACE_OUTER_BOUND('',#435,.T.);
#279=FACE_OUTER_BOUND('',#436,.T.);
#280=FACE_OUTER_BOUND('',#437,.T.);
#281=FACE_OUTER_BOUND('',#438,.T.);
#282=FACE_OUTER_BOUND('',#439,.T.);
#283=FACE_OUTER_BOUND('',#440,.T.);
#284=FACE_OUTER_BOUND('',#441,.T.);
#285=FACE_OUTER_BOUND('',#442,.T.);
#286=FACE_OUTER_BOUND('',#443,.T.);
#287=FACE_OUTER_BOUND('',#444,.T.);
#288=FACE_OUTER_BOUND('',#445,.T.);
#289=FACE_OUTER_BOUND('',#446,.T.);
#290=FACE_OUTER_BOUND('',#447,.T.);
#291=FACE_OUTER_BOUND('',#449,.T.);
#292=FACE_OUTER_BOUND('',#450,.T.);
#293=FACE_OUTER_BOUND('',#451,.T.);
#294=FACE_OUTER_BOUND('',#452,.T.);
#295=FACE_OUTER_BOUND('',#453,.T.);
#296=FACE_OUTER_BOUND('',#454,.T.);
#297=FACE_OUTER_BOUND('',#455,.T.);
#298=FACE_OUTER_BOUND('',#456,.T.);
#299=FACE_OUTER_BOUND('',#458,.T.);
#300=FACE_OUTER_BOUND('',#459,.T.);
#301=FACE_OUTER_BOUND('',#460,.T.);
#302=FACE_OUTER_BOUND('',#461,.T.);
#303=FACE_OUTER_BOUND('',#462,.T.);
#304=FACE_OUTER_BOUND('',#463,.T.);
#305=FACE_OUTER_BOUND('',#464,.T.);
#306=FACE_OUTER_BOUND('',#465,.T.);
#307=FACE_OUTER_BOUND('',#466,.T.);
#308=FACE_OUTER_BOUND('',#467,.T.);
#309=FACE_OUTER_BOUND('',#468,.T.);
#310=FACE_OUTER_BOUND('',#469,.T.);
#311=FACE_OUTER_BOUND('',#470,.T.);
#312=FACE_OUTER_BOUND('',#471,.T.);
#313=FACE_OUTER_BOUND('',#472,.T.);
#314=FACE_OUTER_BOUND('',#473,.T.);
#315=FACE_OUTER_BOUND('',#474,.T.);
#316=FACE_OUTER_BOUND('',#475,.T.);
#317=FACE_OUTER_BOUND('',#476,.T.);
#318=FACE_OUTER_BOUND('',#477,.T.);
#319=FACE_OUTER_BOUND('',#478,.T.);
#320=FACE_OUTER_BOUND('',#479,.T.);
#321=FACE_OUTER_BOUND('',#480,.T.);
#322=FACE_OUTER_BOUND('',#481,.T.);
#323=FACE_OUTER_BOUND('',#482,.T.);
#324=FACE_OUTER_BOUND('',#483,.T.);
#325=FACE_OUTER_BOUND('',#484,.T.);
#326=FACE_OUTER_BOUND('',#485,.T.);
#327=FACE_OUTER_BOUND('',#486,.T.);
#328=FACE_OUTER_BOUND('',#488,.T.);
#329=FACE_OUTER_BOUND('',#489,.T.);
#330=FACE_OUTER_BOUND('',#490,.T.);
#331=FACE_OUTER_BOUND('',#491,.T.);
#332=FACE_OUTER_BOUND('',#492,.T.);
#333=FACE_OUTER_BOUND('',#493,.T.);
#334=FACE_OUTER_BOUND('',#494,.T.);
#335=FACE_OUTER_BOUND('',#495,.T.);
#336=FACE_OUTER_BOUND('',#496,.T.);
#337=FACE_OUTER_BOUND('',#497,.T.);
#338=FACE_OUTER_BOUND('',#498,.T.);
#339=FACE_OUTER_BOUND('',#499,.T.);
#340=FACE_OUTER_BOUND('',#500,.T.);
#341=FACE_OUTER_BOUND('',#501,.T.);
#342=FACE_OUTER_BOUND('',#502,.T.);
#343=FACE_OUTER_BOUND('',#503,.T.);
#344=FACE_OUTER_BOUND('',#504,.T.);
#345=FACE_OUTER_BOUND('',#505,.T.);
#346=FACE_OUTER_BOUND('',#506,.T.);
#347=FACE_OUTER_BOUND('',#507,.T.);
#348=FACE_OUTER_BOUND('',#508,.T.);
#349=FACE_OUTER_BOUND('',#509,.T.);
#350=FACE_OUTER_BOUND('',#511,.T.);
#351=FACE_OUTER_BOUND('',#512,.T.);
#352=FACE_OUTER_BOUND('',#517,.T.);
#353=EDGE_LOOP('',(#1841,#1842,#1843,#1844));
#354=EDGE_LOOP('',(#1845,#1846,#1847,#1848,#1849));
#355=EDGE_LOOP('',(#1850,#1851,#1852,#1853));
#356=EDGE_LOOP('',(#1854,#1855,#1856,#1857));
#357=EDGE_LOOP('',(#1858,#1859,#1860,#1861,#1862));
#358=EDGE_LOOP('',(#1863,#1864,#1865,#1866));
#359=EDGE_LOOP('',(#1867,#1868,#1869,#1870));
#360=EDGE_LOOP('',(#1871,#1872,#1873,#1874));
#361=EDGE_LOOP('',(#1875,#1876,#1877,#1878));
#362=EDGE_LOOP('',(#1879,#1880,#1881,#1882));
#363=EDGE_LOOP('',(#1883,#1884,#1885,#1886));
#364=EDGE_LOOP('',(#1887,#1888,#1889,#1890));
#365=EDGE_LOOP('',(#1891,#1892,#1893,#1894));
#366=EDGE_LOOP('',(#1895,#1896,#1897,#1898));
#367=EDGE_LOOP('',(#1899,#1900,#1901,#1902));
#368=EDGE_LOOP('',(#1903,#1904,#1905,#1906));
#369=EDGE_LOOP('',(#1907,#1908,#1909,#1910));
#370=EDGE_LOOP('',(#1911,#1912,#1913,#1914));
#371=EDGE_LOOP('',(#1915,#1916,#1917,#1918));
#372=EDGE_LOOP('',(#1919,#1920,#1921,#1922));
#373=EDGE_LOOP('',(#1923,#1924,#1925,#1926));
#374=EDGE_LOOP('',(#1927,#1928,#1929,#1930));
#375=EDGE_LOOP('',(#1931,#1932,#1933,#1934));
#376=EDGE_LOOP('',(#1935,#1936,#1937,#1938));
#377=EDGE_LOOP('',(#1939,#1940,#1941,#1942));
#378=EDGE_LOOP('',(#1943,#1944,#1945,#1946));
#379=EDGE_LOOP('',(#1947,#1948,#1949,#1950));
#380=EDGE_LOOP('',(#1951,#1952,#1953,#1954,#1955,#1956));
#381=EDGE_LOOP('',(#1957,#1958,#1959,#1960));
#382=EDGE_LOOP('',(#1961,#1962,#1963,#1964));
#383=EDGE_LOOP('',(#1965,#1966,#1967));
#384=EDGE_LOOP('',(#1968,#1969,#1970,#1971,#1972,#1973,#1974,#1975));
#385=EDGE_LOOP('',(#1976,#1977,#1978,#1979));
#386=EDGE_LOOP('',(#1980,#1981,#1982,#1983));
#387=EDGE_LOOP('',(#1984,#1985,#1986,#1987));
#388=EDGE_LOOP('',(#1988,#1989,#1990,#1991,#1992,#1993,#1994,#1995,#1996,
#1997,#1998,#1999,#2000,#2001,#2002,#2003,#2004,#2005,#2006,#2007,#2008,
#2009,#2010,#2011,#2012));
#389=EDGE_LOOP('',(#2013,#2014,#2015,#2016));
#390=EDGE_LOOP('',(#2017,#2018,#2019));
#391=EDGE_LOOP('',(#2020,#2021,#2022,#2023));
#392=EDGE_LOOP('',(#2024,#2025,#2026,#2027));
#393=EDGE_LOOP('',(#2028,#2029,#2030,#2031));
#394=EDGE_LOOP('',(#2032,#2033,#2034,#2035));
#395=EDGE_LOOP('',(#2036,#2037,#2038,#2039,#2040,#2041));
#396=EDGE_LOOP('',(#2042));
#397=EDGE_LOOP('',(#2043,#2044,#2045,#2046));
#398=EDGE_LOOP('',(#2047,#2048,#2049,#2050,#2051,#2052));
#399=EDGE_LOOP('',(#2053,#2054,#2055,#2056));
#400=EDGE_LOOP('',(#2057,#2058,#2059,#2060));
#401=EDGE_LOOP('',(#2061,#2062,#2063));
#402=EDGE_LOOP('',(#2064,#2065,#2066,#2067,#2068,#2069,#2070,#2071));
#403=EDGE_LOOP('',(#2072,#2073,#2074,#2075));
#404=EDGE_LOOP('',(#2076,#2077,#2078,#2079));
#405=EDGE_LOOP('',(#2080,#2081,#2082,#2083));
#406=EDGE_LOOP('',(#2084,#2085,#2086,#2087,#2088,#2089,#2090,#2091,#2092,
#2093,#2094,#2095,#2096,#2097,#2098,#2099,#2100,#2101,#2102,#2103,#2104,
#2105,#2106,#2107,#2108));
#407=EDGE_LOOP('',(#2109,#2110,#2111,#2112));
#408=EDGE_LOOP('',(#2113,#2114,#2115,#2116));
#409=EDGE_LOOP('',(#2117,#2118,#2119,#2120));
#410=EDGE_LOOP('',(#2121,#2122,#2123));
#411=EDGE_LOOP('',(#2124,#2125,#2126,#2127));
#412=EDGE_LOOP('',(#2128,#2129,#2130,#2131));
#413=EDGE_LOOP('',(#2132,#2133,#2134,#2135,#2136,#2137));
#414=EDGE_LOOP('',(#2138));
#415=EDGE_LOOP('',(#2139,#2140,#2141,#2142));
#416=EDGE_LOOP('',(#2143,#2144,#2145,#2146));
#417=EDGE_LOOP('',(#2147,#2148,#2149,#2150));
#418=EDGE_LOOP('',(#2151,#2152,#2153,#2154,#2155,#2156));
#419=EDGE_LOOP('',(#2157,#2158,#2159,#2160));
#420=EDGE_LOOP('',(#2161,#2162,#2163,#2164));
#421=EDGE_LOOP('',(#2165,#2166,#2167));
#422=EDGE_LOOP('',(#2168,#2169,#2170,#2171,#2172,#2173,#2174,#2175));
#423=EDGE_LOOP('',(#2176,#2177,#2178,#2179));
#424=EDGE_LOOP('',(#2180,#2181,#2182,#2183));
#425=EDGE_LOOP('',(#2184,#2185,#2186,#2187));
#426=EDGE_LOOP('',(#2188,#2189,#2190));
#427=EDGE_LOOP('',(#2191,#2192,#2193,#2194));
#428=EDGE_LOOP('',(#2195,#2196,#2197,#2198));
#429=EDGE_LOOP('',(#2199,#2200,#2201,#2202,#2203,#2204));
#430=EDGE_LOOP('',(#2205));
#431=EDGE_LOOP('',(#2206,#2207,#2208,#2209));
#432=EDGE_LOOP('',(#2210,#2211,#2212,#2213));
#433=EDGE_LOOP('',(#2214,#2215,#2216,#2217));
#434=EDGE_LOOP('',(#2218,#2219,#2220,#2221,#2222,#2223));
#435=EDGE_LOOP('',(#2224,#2225,#2226,#2227));
#436=EDGE_LOOP('',(#2228,#2229,#2230,#2231));
#437=EDGE_LOOP('',(#2232,#2233,#2234));
#438=EDGE_LOOP('',(#2235,#2236,#2237,#2238,#2239,#2240,#2241,#2242));
#439=EDGE_LOOP('',(#2243,#2244,#2245,#2246));
#440=EDGE_LOOP('',(#2247,#2248,#2249,#2250));
#441=EDGE_LOOP('',(#2251,#2252,#2253,#2254));
#442=EDGE_LOOP('',(#2255,#2256,#2257));
#443=EDGE_LOOP('',(#2258,#2259,#2260,#2261));
#444=EDGE_LOOP('',(#2262,#2263,#2264,#2265));
#445=EDGE_LOOP('',(#2266,#2267,#2268,#2269));
#446=EDGE_LOOP('',(#2270,#2271,#2272,#2273));
#447=EDGE_LOOP('',(#2274,#2275,#2276,#2277,#2278,#2279));
#448=EDGE_LOOP('',(#2280));
#449=EDGE_LOOP('',(#2281,#2282,#2283,#2284));
#450=EDGE_LOOP('',(#2285,#2286,#2287,#2288,#2289));
#451=EDGE_LOOP('',(#2290,#2291,#2292,#2293,#2294));
#452=EDGE_LOOP('',(#2295,#2296,#2297,#2298));
#453=EDGE_LOOP('',(#2299,#2300,#2301,#2302));
#454=EDGE_LOOP('',(#2303,#2304,#2305,#2306,#2307,#2308));
#455=EDGE_LOOP('',(#2309,#2310,#2311,#2312));
#456=EDGE_LOOP('',(#2313,#2314,#2315,#2316));
#457=EDGE_LOOP('',(#2317,#2318,#2319,#2320,#2321,#2322,#2323,#2324,#2325,
#2326,#2327,#2328));
#458=EDGE_LOOP('',(#2329,#2330,#2331,#2332));
#459=EDGE_LOOP('',(#2333,#2334,#2335,#2336));
#460=EDGE_LOOP('',(#2337,#2338,#2339,#2340));
#461=EDGE_LOOP('',(#2341,#2342,#2343,#2344,#2345,#2346));
#462=EDGE_LOOP('',(#2347,#2348,#2349,#2350,#2351,#2352,#2353));
#463=EDGE_LOOP('',(#2354,#2355,#2356,#2357));
#464=EDGE_LOOP('',(#2358,#2359,#2360,#2361));
#465=EDGE_LOOP('',(#2362,#2363,#2364,#2365));
#466=EDGE_LOOP('',(#2366,#2367,#2368,#2369,#2370,#2371,#2372,#2373,#2374,
#2375));
#467=EDGE_LOOP('',(#2376,#2377,#2378,#2379));
#468=EDGE_LOOP('',(#2380,#2381,#2382,#2383));
#469=EDGE_LOOP('',(#2384,#2385,#2386,#2387));
#470=EDGE_LOOP('',(#2388,#2389,#2390,#2391,#2392));
#471=EDGE_LOOP('',(#2393,#2394,#2395,#2396));
#472=EDGE_LOOP('',(#2397,#2398,#2399,#2400,#2401,#2402,#2403));
#473=EDGE_LOOP('',(#2404,#2405,#2406,#2407));
#474=EDGE_LOOP('',(#2408,#2409,#2410,#2411,#2412,#2413,#2414));
#475=EDGE_LOOP('',(#2415,#2416,#2417,#2418,#2419));
#476=EDGE_LOOP('',(#2420,#2421,#2422,#2423));
#477=EDGE_LOOP('',(#2424,#2425,#2426,#2427,#2428,#2429,#2430,#2431,#2432,
#2433,#2434,#2435,#2436,#2437,#2438,#2439));
#478=EDGE_LOOP('',(#2440,#2441,#2442,#2443,#2444));
#479=EDGE_LOOP('',(#2445,#2446,#2447,#2448));
#480=EDGE_LOOP('',(#2449,#2450,#2451,#2452));
#481=EDGE_LOOP('',(#2453,#2454,#2455,#2456));
#482=EDGE_LOOP('',(#2457,#2458,#2459,#2460));
#483=EDGE_LOOP('',(#2461,#2462,#2463,#2464));
#484=EDGE_LOOP('',(#2465,#2466,#2467,#2468));
#485=EDGE_LOOP('',(#2469,#2470,#2471,#2472));
#486=EDGE_LOOP('',(#2473,#2474,#2475,#2476,#2477,#2478));
#487=EDGE_LOOP('',(#2479,#2480,#2481,#2482,#2483,#2484,#2485,#2486,#2487,
#2488));
#488=EDGE_LOOP('',(#2489,#2490,#2491,#2492,#2493));
#489=EDGE_LOOP('',(#2494,#2495,#2496,#2497,#2498,#2499));
#490=EDGE_LOOP('',(#2500,#2501,#2502,#2503,#2504));
#491=EDGE_LOOP('',(#2505,#2506,#2507,#2508));
#492=EDGE_LOOP('',(#2509,#2510,#2511,#2512));
#493=EDGE_LOOP('',(#2513,#2514,#2515,#2516));
#494=EDGE_LOOP('',(#2517,#2518,#2519,#2520));
#495=EDGE_LOOP('',(#2521,#2522,#2523,#2524));
#496=EDGE_LOOP('',(#2525,#2526,#2527,#2528));
#497=EDGE_LOOP('',(#2529,#2530,#2531,#2532));
#498=EDGE_LOOP('',(#2533,#2534,#2535,#2536));
#499=EDGE_LOOP('',(#2537,#2538,#2539,#2540,#2541,#2542,#2543,#2544,#2545,
#2546,#2547,#2548,#2549,#2550,#2551,#2552,#2553,#2554));
#500=EDGE_LOOP('',(#2555,#2556,#2557,#2558,#2559,#2560,#2561,#2562,#2563,
#2564,#2565,#2566,#2567,#2568,#2569,#2570,#2571,#2572));
#501=EDGE_LOOP('',(#2573,#2574,#2575,#2576));
#502=EDGE_LOOP('',(#2577,#2578,#2579,#2580));
#503=EDGE_LOOP('',(#2581,#2582,#2583,#2584));
#504=EDGE_LOOP('',(#2585,#2586,#2587,#2588));
#505=EDGE_LOOP('',(#2589,#2590,#2591,#2592));
#506=EDGE_LOOP('',(#2593,#2594,#2595,#2596,#2597,#2598));
#507=EDGE_LOOP('',(#2599,#2600,#2601));
#508=EDGE_LOOP('',(#2602,#2603,#2604));
#509=EDGE_LOOP('',(#2605,#2606,#2607,#2608,#2609,#2610,#2611,#2612,#2613,
#2614));
#510=EDGE_LOOP('',(#2615,#2616,#2617,#2618,#2619,#2620));
#511=EDGE_LOOP('',(#2621,#2622,#2623,#2624));
#512=EDGE_LOOP('',(#2625,#2626,#2627,#2628,#2629,#2630,#2631,#2632,#2633,
#2634,#2635,#2636));
#513=EDGE_LOOP('',(#2637));
#514=EDGE_LOOP('',(#2638));
#515=EDGE_LOOP('',(#2639));
#516=EDGE_LOOP('',(#2640));
#517=EDGE_LOOP('',(#2641,#2642,#2643,#2644,#2645,#2646,#2647,#2648));
#518=EDGE_LOOP('',(#2649,#2650,#2651,#2652));
#519=LINE('',#3814,#827);
#520=LINE('',#3817,#828);
#521=LINE('',#3820,#829);
#522=LINE('',#3822,#830);
#523=LINE('',#3824,#831);
#524=LINE('',#3825,#832);
#525=LINE('',#3828,#833);
#526=LINE('',#3829,#834);
#527=LINE('',#3835,#835);
#528=LINE('',#3838,#836);
#529=LINE('',#3841,#837);
#530=LINE('',#3843,#838);
#531=LINE('',#3845,#839);
#532=LINE('',#3846,#840);
#533=LINE('',#3849,#841);
#534=LINE('',#3850,#842);
#535=LINE('',#3854,#843);
#536=LINE('',#3856,#844);
#537=LINE('',#3858,#845);
#538=LINE('',#3859,#846);
#539=LINE('',#3862,#847);
#540=LINE('',#3864,#848);
#541=LINE('',#3865,#849);
#542=LINE('',#3868,#850);
#543=LINE('',#3870,#851);
#544=LINE('',#3871,#852);
#545=LINE('',#3873,#853);
#546=LINE('',#3874,#854);
#547=LINE('',#3879,#855);
#548=LINE('',#3881,#856);
#549=LINE('',#3883,#857);
#550=LINE('',#3884,#858);
#551=LINE('',#3887,#859);
#552=LINE('',#3889,#860);
#553=LINE('',#3890,#861);
#554=LINE('',#3893,#862);
#555=LINE('',#3895,#863);
#556=LINE('',#3896,#864);
#557=LINE('',#3898,#865);
#558=LINE('',#3899,#866);
#559=LINE('',#3904,#867);
#560=LINE('',#3906,#868);
#561=LINE('',#3908,#869);
#562=LINE('',#3909,#870);
#563=LINE('',#3912,#871);
#564=LINE('',#3914,#872);
#565=LINE('',#3915,#873);
#566=LINE('',#3918,#874);
#567=LINE('',#3920,#875);
#568=LINE('',#3921,#876);
#569=LINE('',#3923,#877);
#570=LINE('',#3924,#878);
#571=LINE('',#3931,#879);
#572=LINE('',#3934,#880);
#573=LINE('',#3937,#881);
#574=LINE('',#3939,#882);
#575=LINE('',#3940,#883);
#576=LINE('',#3946,#884);
#577=LINE('',#3948,#885);
#578=LINE('',#3949,#886);
#579=LINE('',#3956,#887);
#580=LINE('',#3959,#888);
#581=LINE('',#4062,#889);
#582=LINE('',#4063,#890);
#583=LINE('',#4066,#891);
#584=LINE('',#4068,#892);
#585=LINE('',#4069,#893);
#586=LINE('',#4073,#894);
#587=LINE('',#4076,#895);
#588=LINE('',#4078,#896);
#589=LINE('',#4082,#897);
#590=LINE('',#4083,#898);
#591=LINE('',#4088,#899);
#592=LINE('',#4131,#900);
#593=LINE('',#4134,#901);
#594=LINE('',#4135,#902);
#595=LINE('',#4137,#903);
#596=LINE('',#4139,#904);
#597=LINE('',#4141,#905);
#598=LINE('',#4143,#906);
#599=LINE('',#4147,#907);
#600=LINE('',#4151,#908);
#601=LINE('',#4153,#909);
#602=LINE('',#4155,#910);
#603=LINE('',#4159,#911);
#604=LINE('',#4163,#912);
#605=LINE('',#4165,#913);
#606=LINE('',#4166,#914);
#607=LINE('',#4169,#915);
#608=LINE('',#4171,#916);
#609=LINE('',#4173,#917);
#610=LINE('',#4174,#918);
#611=LINE('',#4179,#919);
#612=LINE('',#4182,#920);
#613=LINE('',#4184,#921);
#614=LINE('',#4189,#922);
#615=LINE('',#4192,#923);
#616=LINE('',#4199,#924);
#617=LINE('',#4202,#925);
#618=LINE('',#4318,#926);
#619=LINE('',#4319,#927);
#620=LINE('',#4322,#928);
#621=LINE('',#4324,#929);
#622=LINE('',#4325,#930);
#623=LINE('',#4329,#931);
#624=LINE('',#4332,#932);
#625=LINE('',#4334,#933);
#626=LINE('',#4338,#934);
#627=LINE('',#4339,#935);
#628=LINE('',#4344,#936);
#629=LINE('',#4392,#937);
#630=LINE('',#4395,#938);
#631=LINE('',#4396,#939);
#632=LINE('',#4398,#940);
#633=LINE('',#4400,#941);
#634=LINE('',#4402,#942);
#635=LINE('',#4406,#943);
#636=LINE('',#4410,#944);
#637=LINE('',#4412,#945);
#638=LINE('',#4414,#946);
#639=LINE('',#4418,#947);
#640=LINE('',#4422,#948);
#641=LINE('',#4424,#949);
#642=LINE('',#4426,#950);
#643=LINE('',#4427,#951);
#644=LINE('',#4430,#952);
#645=LINE('',#4432,#953);
#646=LINE('',#4434,#954);
#647=LINE('',#4435,#955);
#648=LINE('',#4440,#956);
#649=LINE('',#4443,#957);
#650=LINE('',#4445,#958);
#651=LINE('',#4451,#959);
#652=LINE('',#4454,#960);
#653=LINE('',#4459,#961);
#654=LINE('',#4460,#962);
#655=LINE('',#4573,#963);
#656=LINE('',#4574,#964);
#657=LINE('',#4577,#965);
#658=LINE('',#4578,#966);
#659=LINE('',#4582,#967);
#660=LINE('',#4585,#968);
#661=LINE('',#4588,#969);
#662=LINE('',#4592,#970);
#663=LINE('',#4637,#971);
#664=LINE('',#4642,#972);
#665=LINE('',#4645,#973);
#666=LINE('',#4647,#974);
#667=LINE('',#4653,#975);
#668=LINE('',#4656,#976);
#669=LINE('',#4661,#977);
#670=LINE('',#4662,#978);
#671=LINE('',#4762,#979);
#672=LINE('',#4763,#980);
#673=LINE('',#4766,#981);
#674=LINE('',#4767,#982);
#675=LINE('',#4771,#983);
#676=LINE('',#4774,#984);
#677=LINE('',#4777,#985);
#678=LINE('',#4781,#986);
#679=LINE('',#4821,#987);
#680=LINE('',#4826,#988);
#681=LINE('',#4829,#989);
#682=LINE('',#4831,#990);
#683=LINE('',#4836,#991);
#684=LINE('',#4839,#992);
#685=LINE('',#4844,#993);
#686=LINE('',#4846,#994);
#687=LINE('',#4848,#995);
#688=LINE('',#4849,#996);
#689=LINE('',#4852,#997);
#690=LINE('',#4854,#998);
#691=LINE('',#4856,#999);
#692=LINE('',#4857,#1000);
#693=LINE('',#4860,#1001);
#694=LINE('',#4862,#1002);
#695=LINE('',#4864,#1003);
#696=LINE('',#4865,#1004);
#697=LINE('',#4877,#1005);
#698=LINE('',#4892,#1006);
#699=LINE('',#4897,#1007);
#700=LINE('',#4900,#1008);
#701=LINE('',#4902,#1009);
#702=LINE('',#4903,#1010);
#703=LINE('',#4905,#1011);
#704=LINE('',#4906,#1012);
#705=LINE('',#4908,#1013);
#706=LINE('',#4910,#1014);
#707=LINE('',#4912,#1015);
#708=LINE('',#4914,#1016);
#709=LINE('',#4916,#1017);
#710=LINE('',#4918,#1018);
#711=LINE('',#4920,#1019);
#712=LINE('',#4931,#1020);
#713=LINE('',#4933,#1021);
#714=LINE('',#4935,#1022);
#715=LINE('',#4936,#1023);
#716=LINE('',#4951,#1024);
#717=LINE('',#4953,#1025);
#718=LINE('',#4954,#1026);
#719=LINE('',#4956,#1027);
#720=LINE('',#4958,#1028);
#721=LINE('',#4966,#1029);
#722=LINE('',#4977,#1030);
#723=LINE('',#4983,#1031);
#724=LINE('',#4984,#1032);
#725=LINE('',#4994,#1033);
#726=LINE('',#4997,#1034);
#727=LINE('',#4999,#1035);
#728=LINE('',#5000,#1036);
#729=LINE('',#5003,#1037);
#730=LINE('',#5004,#1038);
#731=LINE('',#5007,#1039);
#732=LINE('',#5008,#1040);
#733=LINE('',#5019,#1041);
#734=LINE('',#5030,#1042);
#735=LINE('',#5033,#1043);
#736=LINE('',#5034,#1044);
#737=LINE('',#5036,#1045);
#738=LINE('',#5040,#1046);
#739=LINE('',#5042,#1047);
#740=LINE('',#5043,#1048);
#741=LINE('',#5045,#1049);
#742=LINE('',#5048,#1050);
#743=LINE('',#5050,#1051);
#744=LINE('',#5052,#1052);
#745=LINE('',#5054,#1053);
#746=LINE('',#5056,#1054);
#747=LINE('',#5058,#1055);
#748=LINE('',#5060,#1056);
#749=LINE('',#5062,#1057);
#750=LINE('',#5063,#1058);
#751=LINE('',#5065,#1059);
#752=LINE('',#5067,#1060);
#753=LINE('',#5068,#1061);
#754=LINE('',#5070,#1062);
#755=LINE('',#5071,#1063);
#756=LINE('',#5076,#1064);
#757=LINE('',#5078,#1065);
#758=LINE('',#5080,#1066);
#759=LINE('',#5081,#1067);
#760=LINE('',#5084,#1068);
#761=LINE('',#5086,#1069);
#762=LINE('',#5087,#1070);
#763=LINE('',#5090,#1071);
#764=LINE('',#5092,#1072);
#765=LINE('',#5093,#1073);
#766=LINE('',#5096,#1074);
#767=LINE('',#5098,#1075);
#768=LINE('',#5099,#1076);
#769=LINE('',#5102,#1077);
#770=LINE('',#5104,#1078);
#771=LINE('',#5105,#1079);
#772=LINE('',#5107,#1080);
#773=LINE('',#5108,#1081);
#774=LINE('',#5111,#1082);
#775=LINE('',#5113,#1083);
#776=LINE('',#5115,#1084);
#777=LINE('',#5117,#1085);
#778=LINE('',#5118,#1086);
#779=LINE('',#5120,#1087);
#780=LINE('',#5122,#1088);
#781=LINE('',#5123,#1089);
#782=LINE('',#5126,#1090);
#783=LINE('',#5128,#1091);
#784=LINE('',#5130,#1092);
#785=LINE('',#5131,#1093);
#786=LINE('',#5134,#1094);
#787=LINE('',#5136,#1095);
#788=LINE('',#5138,#1096);
#789=LINE('',#5139,#1097);
#790=LINE('',#5142,#1098);
#791=LINE('',#5144,#1099);
#792=LINE('',#5145,#1100);
#793=LINE('',#5149,#1101);
#794=LINE('',#5150,#1102);
#795=LINE('',#5151,#1103);
#796=LINE('',#5155,#1104);
#797=LINE('',#5156,#1105);
#798=LINE('',#5157,#1106);
#799=LINE('',#5159,#1107);
#800=LINE('',#5160,#1108);
#801=LINE('',#5162,#1109);
#802=LINE('',#5163,#1110);
#803=LINE('',#5165,#1111);
#804=LINE('',#5166,#1112);
#805=LINE('',#5169,#1113);
#806=LINE('',#5171,#1114);
#807=LINE('',#5173,#1115);
#808=LINE('',#5174,#1116);
#809=LINE('',#5176,#1117);
#810=LINE('',#5177,#1118);
#811=LINE('',#5181,#1119);
#812=LINE('',#5182,#1120);
#813=LINE('',#5183,#1121);
#814=LINE('',#5186,#1122);
#815=LINE('',#5187,#1123);
#816=LINE('',#5190,#1124);
#817=LINE('',#5191,#1125);
#818=LINE('',#5193,#1126);
#819=LINE('',#5194,#1127);
#820=LINE('',#5199,#1128);
#821=LINE('',#5200,#1129);
#822=LINE('',#5203,#1130);
#823=LINE('',#5204,#1131);
#824=LINE('',#5206,#1132);
#825=LINE('',#5207,#1133);
#826=LINE('',#5210,#1134);
#827=VECTOR('',#3074,10.);
#828=VECTOR('',#3077,10.);
#829=VECTOR('',#3080,10.);
#830=VECTOR('',#3081,10.);
#831=VECTOR('',#3082,10.);
#832=VECTOR('',#3083,10.);
#833=VECTOR('',#3086,10.);
#834=VECTOR('',#3087,10.);
#835=VECTOR('',#3092,10.);
#836=VECTOR('',#3095,10.);
#837=VECTOR('',#3098,10.);
#838=VECTOR('',#3099,10.);
#839=VECTOR('',#3100,10.);
#840=VECTOR('',#3101,10.);
#841=VECTOR('',#3104,10.);
#842=VECTOR('',#3105,10.);
#843=VECTOR('',#3108,10.);
#844=VECTOR('',#3109,9.99999999999999);
#845=VECTOR('',#3110,10.);
#846=VECTOR('',#3111,9.99999999999999);
#847=VECTOR('',#3114,10.);
#848=VECTOR('',#3115,10.);
#849=VECTOR('',#3116,9.99999999999999);
#850=VECTOR('',#3119,10.);
#851=VECTOR('',#3120,10.);
#852=VECTOR('',#3121,9.99999999999999);
#853=VECTOR('',#3124,10.);
#854=VECTOR('',#3125,10.);
#855=VECTOR('',#3130,10.);
#856=VECTOR('',#3131,9.99999999999999);
#857=VECTOR('',#3132,10.);
#858=VECTOR('',#3133,10.);
#859=VECTOR('',#3136,10.);
#860=VECTOR('',#3137,9.99999999999999);
#861=VECTOR('',#3138,10.);
#862=VECTOR('',#3141,10.);
#863=VECTOR('',#3142,9.99999999999999);
#864=VECTOR('',#3143,10.);
#865=VECTOR('',#3146,10.);
#866=VECTOR('',#3147,10.);
#867=VECTOR('',#3152,10.);
#868=VECTOR('',#3153,10.);
#869=VECTOR('',#3154,10.);
#870=VECTOR('',#3155,10.);
#871=VECTOR('',#3158,10.);
#872=VECTOR('',#3159,10.);
#873=VECTOR('',#3160,10.);
#874=VECTOR('',#3163,10.);
#875=VECTOR('',#3164,10.);
#876=VECTOR('',#3165,10.);
#877=VECTOR('',#3168,10.);
#878=VECTOR('',#3169,10.);
#879=VECTOR('',#3176,10.);
#880=VECTOR('',#3179,10.);
#881=VECTOR('',#3182,10.);
#882=VECTOR('',#3183,10.);
#883=VECTOR('',#3184,10.);
#884=VECTOR('',#3191,10.);
#885=VECTOR('',#3194,10.);
#886=VECTOR('',#3195,10.);
#887=VECTOR('',#3202,10.);
#888=VECTOR('',#3205,10.);
#889=VECTOR('',#3218,10.);
#890=VECTOR('',#3219,10.);
#891=VECTOR('',#3222,10.);
#892=VECTOR('',#3223,10.);
#893=VECTOR('',#3224,10.);
#894=VECTOR('',#3229,10.);
#895=VECTOR('',#3232,10.);
#896=VECTOR('',#3233,10.);
#897=VECTOR('',#3236,10.);
#898=VECTOR('',#3237,10.);
#899=VECTOR('',#3242,10.);
#900=VECTOR('',#3253,10.);
#901=VECTOR('',#3256,10.);
#902=VECTOR('',#3257,10.);
#903=VECTOR('',#3258,10.);
#904=VECTOR('',#3259,10.);
#905=VECTOR('',#3260,10.);
#906=VECTOR('',#3261,10.);
#907=VECTOR('',#3264,10.);
#908=VECTOR('',#3267,10.);
#909=VECTOR('',#3268,10.);
#910=VECTOR('',#3269,10.);
#911=VECTOR('',#3272,10.);
#912=VECTOR('',#3275,10.);
#913=VECTOR('',#3276,10.);
#914=VECTOR('',#3277,10.);
#915=VECTOR('',#3278,10.);
#916=VECTOR('',#3279,10.);
#917=VECTOR('',#3280,10.);
#918=VECTOR('',#3281,10.);
#919=VECTOR('',#3288,10.);
#920=VECTOR('',#3291,10.);
#921=VECTOR('',#3294,10.);
#922=VECTOR('',#3299,1.7);
#923=VECTOR('',#3304,10.);
#924=VECTOR('',#3311,10.);
#925=VECTOR('',#3314,10.);
#926=VECTOR('',#3327,10.);
#927=VECTOR('',#3328,10.);
#928=VECTOR('',#3331,10.);
#929=VECTOR('',#3332,10.);
#930=VECTOR('',#3333,10.);
#931=VECTOR('',#3338,10.);
#932=VECTOR('',#3341,10.);
#933=VECTOR('',#3342,10.);
#934=VECTOR('',#3345,10.);
#935=VECTOR('',#3346,10.);
#936=VECTOR('',#3351,10.);
#937=VECTOR('',#3362,10.);
#938=VECTOR('',#3365,10.);
#939=VECTOR('',#3366,10.);
#940=VECTOR('',#3367,10.);
#941=VECTOR('',#3368,10.);
#942=VECTOR('',#3369,10.);
#943=VECTOR('',#3372,10.);
#944=VECTOR('',#3375,10.);
#945=VECTOR('',#3376,10.);
#946=VECTOR('',#3377,10.);
#947=VECTOR('',#3380,10.);
#948=VECTOR('',#3383,10.);
#949=VECTOR('',#3384,10.);
#950=VECTOR('',#3385,10.);
#951=VECTOR('',#3386,10.);
#952=VECTOR('',#3387,10.);
#953=VECTOR('',#3388,10.);
#954=VECTOR('',#3389,10.);
#955=VECTOR('',#3390,10.);
#956=VECTOR('',#3397,10.);
#957=VECTOR('',#3400,10.);
#958=VECTOR('',#3403,10.);
#959=VECTOR('',#3410,1.7);
#960=VECTOR('',#3415,10.);
#961=VECTOR('',#3420,10.);
#962=VECTOR('',#3421,10.);
#963=VECTOR('',#3432,10.);
#964=VECTOR('',#3433,10.);
#965=VECTOR('',#3436,10.);
#966=VECTOR('',#3437,10.);
#967=VECTOR('',#3442,10.);
#968=VECTOR('',#3445,10.);
#969=VECTOR('',#3448,10.);
#970=VECTOR('',#3453,10.);
#971=VECTOR('',#3460,10.);
#972=VECTOR('',#3467,10.);
#973=VECTOR('',#3470,10.);
#974=VECTOR('',#3473,10.);
#975=VECTOR('',#3480,1.7);
#976=VECTOR('',#3485,10.);
#977=VECTOR('',#3490,10.);
#978=VECTOR('',#3491,10.);
#979=VECTOR('',#3502,10.);
#980=VECTOR('',#3503,10.);
#981=VECTOR('',#3506,10.);
#982=VECTOR('',#3507,10.);
#983=VECTOR('',#3512,10.);
#984=VECTOR('',#3515,10.);
#985=VECTOR('',#3518,10.);
#986=VECTOR('',#3523,10.);
#987=VECTOR('',#3530,10.);
#988=VECTOR('',#3537,10.);
#989=VECTOR('',#3540,10.);
#990=VECTOR('',#3543,10.);
#991=VECTOR('',#3548,1.7);
#992=VECTOR('',#3553,10.);
#993=VECTOR('',#3558,10.);
#994=VECTOR('',#3559,10.);
#995=VECTOR('',#3560,10.);
#996=VECTOR('',#3561,10.);
#997=VECTOR('',#3564,10.);
#998=VECTOR('',#3565,10.);
#999=VECTOR('',#3566,10.);
#1000=VECTOR('',#3567,10.);
#1001=VECTOR('',#3570,10.);
#1002=VECTOR('',#3571,10.);
#1003=VECTOR('',#3572,10.);
#1004=VECTOR('',#3573,10.);
#1005=VECTOR('',#3574,10.);
#1006=VECTOR('',#3575,10.);
#1007=VECTOR('',#3578,10.);
#1008=VECTOR('',#3581,10.);
#1009=VECTOR('',#3582,10.);
#1010=VECTOR('',#3583,10.);
#1011=VECTOR('',#3586,10.);
#1012=VECTOR('',#3587,10.);
#1013=VECTOR('',#3588,10.);
#1014=VECTOR('',#3589,10.);
#1015=VECTOR('',#3590,10.);
#1016=VECTOR('',#3591,10.);
#1017=VECTOR('',#3592,10.);
#1018=VECTOR('',#3593,10.);
#1019=VECTOR('',#3594,10.);
#1020=VECTOR('',#3597,10.);
#1021=VECTOR('',#3598,10.);
#1022=VECTOR('',#3599,10.);
#1023=VECTOR('',#3600,10.);
#1024=VECTOR('',#3603,10.);
#1025=VECTOR('',#3604,10.);
#1026=VECTOR('',#3605,10.);
#1027=VECTOR('',#3608,10.);
#1028=VECTOR('',#3611,10.);
#1029=VECTOR('',#3612,10.);
#1030=VECTOR('',#3613,10.);
#1031=VECTOR('',#3616,10.);
#1032=VECTOR('',#3617,10.);
#1033=VECTOR('',#3620,10.);
#1034=VECTOR('',#3623,10.);
#1035=VECTOR('',#3624,10.);
#1036=VECTOR('',#3625,10.);
#1037=VECTOR('',#3628,10.);
#1038=VECTOR('',#3629,10.);
#1039=VECTOR('',#3632,10.);
#1040=VECTOR('',#3633,10.);
#1041=VECTOR('',#3634,10.);
#1042=VECTOR('',#3635,10.);
#1043=VECTOR('',#3638,10.);
#1044=VECTOR('',#3639,10.);
#1045=VECTOR('',#3642,10.);
#1046=VECTOR('',#3647,10.);
#1047=VECTOR('',#3648,10.);
#1048=VECTOR('',#3649,10.);
#1049=VECTOR('',#3652,10.);
#1050=VECTOR('',#3655,10.);
#1051=VECTOR('',#3656,10.);
#1052=VECTOR('',#3657,10.);
#1053=VECTOR('',#3658,10.);
#1054=VECTOR('',#3659,10.);
#1055=VECTOR('',#3660,10.);
#1056=VECTOR('',#3661,10.);
#1057=VECTOR('',#3662,10.);
#1058=VECTOR('',#3663,10.);
#1059=VECTOR('',#3664,10.);
#1060=VECTOR('',#3665,10.);
#1061=VECTOR('',#3666,10.);
#1062=VECTOR('',#3669,10.);
#1063=VECTOR('',#3670,10.);
#1064=VECTOR('',#3675,10.);
#1065=VECTOR('',#3676,10.);
#1066=VECTOR('',#3677,10.);
#1067=VECTOR('',#3678,10.);
#1068=VECTOR('',#3681,10.);
#1069=VECTOR('',#3682,10.);
#1070=VECTOR('',#3683,10.);
#1071=VECTOR('',#3686,10.);
#1072=VECTOR('',#3687,10.);
#1073=VECTOR('',#3688,10.);
#1074=VECTOR('',#3691,10.);
#1075=VECTOR('',#3692,10.);
#1076=VECTOR('',#3693,10.);
#1077=VECTOR('',#3696,10.);
#1078=VECTOR('',#3697,10.);
#1079=VECTOR('',#3698,10.);
#1080=VECTOR('',#3701,10.);
#1081=VECTOR('',#3702,10.);
#1082=VECTOR('',#3705,10.);
#1083=VECTOR('',#3706,10.);
#1084=VECTOR('',#3707,10.);
#1085=VECTOR('',#3708,10.);
#1086=VECTOR('',#3709,10.);
#1087=VECTOR('',#3710,10.);
#1088=VECTOR('',#3711,10.);
#1089=VECTOR('',#3712,10.);
#1090=VECTOR('',#3715,10.);
#1091=VECTOR('',#3716,10.);
#1092=VECTOR('',#3717,10.);
#1093=VECTOR('',#3718,10.);
#1094=VECTOR('',#3721,10.);
#1095=VECTOR('',#3722,10.);
#1096=VECTOR('',#3723,10.);
#1097=VECTOR('',#3724,10.);
#1098=VECTOR('',#3727,10.);
#1099=VECTOR('',#3728,10.);
#1100=VECTOR('',#3729,10.);
#1101=VECTOR('',#3732,10.);
#1102=VECTOR('',#3733,10.);
#1103=VECTOR('',#3734,10.);
#1104=VECTOR('',#3737,10.);
#1105=VECTOR('',#3738,10.);
#1106=VECTOR('',#3739,10.);
#1107=VECTOR('',#3742,10.);
#1108=VECTOR('',#3743,10.);
#1109=VECTOR('',#3746,10.);
#1110=VECTOR('',#3747,10.);
#1111=VECTOR('',#3750,10.);
#1112=VECTOR('',#3751,10.);
#1113=VECTOR('',#3756,10.);
#1114=VECTOR('',#3759,10.);
#1115=VECTOR('',#3762,10.);
#1116=VECTOR('',#3763,10.);
#1117=VECTOR('',#3766,10.);
#1118=VECTOR('',#3767,10.);
#1119=VECTOR('',#3770,10.);
#1120=VECTOR('',#3771,10.);
#1121=VECTOR('',#3772,10.);
#1122=VECTOR('',#3775,10.);
#1123=VECTOR('',#3776,10.);
#1124=VECTOR('',#3779,10.);
#1125=VECTOR('',#3780,10.);
#1126=VECTOR('',#3783,10.);
#1127=VECTOR('',#3784,10.);
#1128=VECTOR('',#3791,10.);
#1129=VECTOR('',#3792,10.);
#1130=VECTOR('',#3795,10.);
#1131=VECTOR('',#3796,10.);
#1132=VECTOR('',#3799,10.);
#1133=VECTOR('',#3800,10.);
#1134=VECTOR('',#3805,10.);
#1135=ELLIPSE('',#2854,2.00249843945008,2.);
#1136=ELLIPSE('',#2855,2.00249843945008,2.);
#1137=ELLIPSE('',#2859,2.00249843945008,2.);
#1138=ELLIPSE('',#2860,2.00249843945008,2.);
#1139=ELLIPSE('',#2889,0.257694101601104,0.2);
#1140=ELLIPSE('',#2890,3.96988664825584,3.);
#1141=ELLIPSE('',#2891,4.12310562561766,3.2);
#1142=ELLIPSE('',#2893,3.96988664825584,3.);
#1143=ELLIPSE('',#2895,0.257694101601104,0.2);
#1144=ELLIPSE('',#2900,4.89618793042097,3.8);
#1145=ELLIPSE('',#2903,0.257694101601104,0.2);
#1146=ELLIPSE('',#2905,5.0529848851941,4.);
#1147=ELLIPSE('',#2907,0.257694101601104,0.2);
#1148=ELLIPSE('',#2909,0.257694101601104,0.2);
#1149=ELLIPSE('',#2910,0.257694101601104,0.2);
#1150=ELLIPSE('',#2911,0.257694101601104,0.2);
#1151=ELLIPSE('',#2912,0.257694101601104,0.2);
#1152=ELLIPSE('',#2925,0.257694101601104,0.2);
#1153=ELLIPSE('',#2926,3.96988664825584,3.);
#1154=ELLIPSE('',#2927,4.12310562561766,3.2);
#1155=ELLIPSE('',#2929,3.96988664825584,3.);
#1156=ELLIPSE('',#2931,0.257694101601104,0.2);
#1157=ELLIPSE('',#2936,4.89618793042097,3.8);
#1158=ELLIPSE('',#2939,0.257694101601104,0.2);
#1159=ELLIPSE('',#2941,5.0529848851941,4.);
#1160=ELLIPSE('',#2943,0.257694101601104,0.2);
#1161=ELLIPSE('',#2945,0.257694101601104,0.2);
#1162=ELLIPSE('',#2946,0.257694101601104,0.2);
#1163=ELLIPSE('',#2947,0.257694101601104,0.2);
#1164=ELLIPSE('',#2948,0.257694101601104,0.2);
#1165=ELLIPSE('',#2961,3.96988664825584,3.);
#1166=ELLIPSE('',#2962,4.12310562561766,3.2);
#1167=ELLIPSE('',#2964,3.96988664825584,3.);
#1168=ELLIPSE('',#2970,4.89618793042097,3.8);
#1169=ELLIPSE('',#2974,5.0529848851941,4.);
#1170=ELLIPSE('',#2988,3.96988664825584,3.);
#1171=ELLIPSE('',#2989,4.12310562561766,3.2);
#1172=ELLIPSE('',#2991,3.96988664825584,3.);
#1173=ELLIPSE('',#2997,4.89618793042097,3.8);
#1174=ELLIPSE('',#3001,5.0529848851941,4.);
#1175=VERTEX_POINT('',#3810);
#1176=VERTEX_POINT('',#3811);
#1177=VERTEX_POINT('',#3813);
#1178=VERTEX_POINT('',#3815);
#1179=VERTEX_POINT('',#3819);
#1180=VERTEX_POINT('',#3821);
#1181=VERTEX_POINT('',#3823);
#1182=VERTEX_POINT('',#3827);
#1183=VERTEX_POINT('',#3831);
#1184=VERTEX_POINT('',#3832);
#1185=VERTEX_POINT('',#3834);
#1186=VERTEX_POINT('',#3836);
#1187=VERTEX_POINT('',#3840);
#1188=VERTEX_POINT('',#3842);
#1189=VERTEX_POINT('',#3844);
#1190=VERTEX_POINT('',#3848);
#1191=VERTEX_POINT('',#3852);
#1192=VERTEX_POINT('',#3853);
#1193=VERTEX_POINT('',#3855);
#1194=VERTEX_POINT('',#3857);
#1195=VERTEX_POINT('',#3861);
#1196=VERTEX_POINT('',#3863);
#1197=VERTEX_POINT('',#3867);
#1198=VERTEX_POINT('',#3869);
#1199=VERTEX_POINT('',#3877);
#1200=VERTEX_POINT('',#3878);
#1201=VERTEX_POINT('',#3880);
#1202=VERTEX_POINT('',#3882);
#1203=VERTEX_POINT('',#3886);
#1204=VERTEX_POINT('',#3888);
#1205=VERTEX_POINT('',#3892);
#1206=VERTEX_POINT('',#3894);
#1207=VERTEX_POINT('',#3902);
#1208=VERTEX_POINT('',#3903);
#1209=VERTEX_POINT('',#3905);
#1210=VERTEX_POINT('',#3907);
#1211=VERTEX_POINT('',#3911);
#1212=VERTEX_POINT('',#3913);
#1213=VERTEX_POINT('',#3917);
#1214=VERTEX_POINT('',#3919);
#1215=VERTEX_POINT('',#3927);
#1216=VERTEX_POINT('',#3928);
#1217=VERTEX_POINT('',#3930);
#1218=VERTEX_POINT('',#3932);
#1219=VERTEX_POINT('',#3936);
#1220=VERTEX_POINT('',#3938);
#1221=VERTEX_POINT('',#3942);
#1222=VERTEX_POINT('',#3944);
#1223=VERTEX_POINT('',#3952);
#1224=VERTEX_POINT('',#3953);
#1225=VERTEX_POINT('',#3955);
#1226=VERTEX_POINT('',#3957);
#1227=VERTEX_POINT('',#4032);
#1228=VERTEX_POINT('',#4033);
#1229=VERTEX_POINT('',#4053);
#1230=VERTEX_POINT('',#4055);
#1231=VERTEX_POINT('',#4059);
#1232=VERTEX_POINT('',#4060);
#1233=VERTEX_POINT('',#4065);
#1234=VERTEX_POINT('',#4067);
#1235=VERTEX_POINT('',#4071);
#1236=VERTEX_POINT('',#4075);
#1237=VERTEX_POINT('',#4077);
#1238=VERTEX_POINT('',#4079);
#1239=VERTEX_POINT('',#4081);
#1240=VERTEX_POINT('',#4085);
#1241=VERTEX_POINT('',#4087);
#1242=VERTEX_POINT('',#4125);
#1243=VERTEX_POINT('',#4129);
#1244=VERTEX_POINT('',#4133);
#1245=VERTEX_POINT('',#4136);
#1246=VERTEX_POINT('',#4138);
#1247=VERTEX_POINT('',#4140);
#1248=VERTEX_POINT('',#4142);
#1249=VERTEX_POINT('',#4144);
#1250=VERTEX_POINT('',#4146);
#1251=VERTEX_POINT('',#4148);
#1252=VERTEX_POINT('',#4150);
#1253=VERTEX_POINT('',#4152);
#1254=VERTEX_POINT('',#4154);
#1255=VERTEX_POINT('',#4156);
#1256=VERTEX_POINT('',#4158);
#1257=VERTEX_POINT('',#4160);
#1258=VERTEX_POINT('',#4162);
#1259=VERTEX_POINT('',#4164);
#1260=VERTEX_POINT('',#4167);
#1261=VERTEX_POINT('',#4168);
#1262=VERTEX_POINT('',#4170);
#1263=VERTEX_POINT('',#4172);
#1264=VERTEX_POINT('',#4178);
#1265=VERTEX_POINT('',#4180);
#1266=VERTEX_POINT('',#4186);
#1267=VERTEX_POINT('',#4188);
#1268=VERTEX_POINT('',#4195);
#1269=VERTEX_POINT('',#4196);
#1270=VERTEX_POINT('',#4198);
#1271=VERTEX_POINT('',#4200);
#1272=VERTEX_POINT('',#4275);
#1273=VERTEX_POINT('',#4276);
#1274=VERTEX_POINT('',#4309);
#1275=VERTEX_POINT('',#4311);
#1276=VERTEX_POINT('',#4315);
#1277=VERTEX_POINT('',#4316);
#1278=VERTEX_POINT('',#4321);
#1279=VERTEX_POINT('',#4323);
#1280=VERTEX_POINT('',#4327);
#1281=VERTEX_POINT('',#4331);
#1282=VERTEX_POINT('',#4333);
#1283=VERTEX_POINT('',#4335);
#1284=VERTEX_POINT('',#4337);
#1285=VERTEX_POINT('',#4341);
#1286=VERTEX_POINT('',#4343);
#1287=VERTEX_POINT('',#4386);
#1288=VERTEX_POINT('',#4390);
#1289=VERTEX_POINT('',#4394);
#1290=VERTEX_POINT('',#4397);
#1291=VERTEX_POINT('',#4399);
#1292=VERTEX_POINT('',#4401);
#1293=VERTEX_POINT('',#4403);
#1294=VERTEX_POINT('',#4405);
#1295=VERTEX_POINT('',#4407);
#1296=VERTEX_POINT('',#4409);
#1297=VERTEX_POINT('',#4411);
#1298=VERTEX_POINT('',#4413);
#1299=VERTEX_POINT('',#4415);
#1300=VERTEX_POINT('',#4417);
#1301=VERTEX_POINT('',#4419);
#1302=VERTEX_POINT('',#4421);
#1303=VERTEX_POINT('',#4423);
#1304=VERTEX_POINT('',#4425);
#1305=VERTEX_POINT('',#4428);
#1306=VERTEX_POINT('',#4429);
#1307=VERTEX_POINT('',#4431);
#1308=VERTEX_POINT('',#4433);
#1309=VERTEX_POINT('',#4439);
#1310=VERTEX_POINT('',#4441);
#1311=VERTEX_POINT('',#4447);
#1312=VERTEX_POINT('',#4450);
#1313=VERTEX_POINT('',#4456);
#1314=VERTEX_POINT('',#4457);
#1315=VERTEX_POINT('',#4533);
#1316=VERTEX_POINT('',#4534);
#1317=VERTEX_POINT('',#4567);
#1318=VERTEX_POINT('',#4569);
#1319=VERTEX_POINT('',#4576);
#1320=VERTEX_POINT('',#4580);
#1321=VERTEX_POINT('',#4584);
#1322=VERTEX_POINT('',#4586);
#1323=VERTEX_POINT('',#4590);
#1324=VERTEX_POINT('',#4633);
#1325=VERTEX_POINT('',#4641);
#1326=VERTEX_POINT('',#4643);
#1327=VERTEX_POINT('',#4649);
#1328=VERTEX_POINT('',#4652);
#1329=VERTEX_POINT('',#4658);
#1330=VERTEX_POINT('',#4659);
#1331=VERTEX_POINT('',#4735);
#1332=VERTEX_POINT('',#4736);
#1333=VERTEX_POINT('',#4756);
#1334=VERTEX_POINT('',#4758);
#1335=VERTEX_POINT('',#4765);
#1336=VERTEX_POINT('',#4769);
#1337=VERTEX_POINT('',#4773);
#1338=VERTEX_POINT('',#4775);
#1339=VERTEX_POINT('',#4779);
#1340=VERTEX_POINT('',#4817);
#1341=VERTEX_POINT('',#4825);
#1342=VERTEX_POINT('',#4827);
#1343=VERTEX_POINT('',#4833);
#1344=VERTEX_POINT('',#4835);
#1345=VERTEX_POINT('',#4842);
#1346=VERTEX_POINT('',#4843);
#1347=VERTEX_POINT('',#4845);
#1348=VERTEX_POINT('',#4847);
#1349=VERTEX_POINT('',#4851);
#1350=VERTEX_POINT('',#4853);
#1351=VERTEX_POINT('',#4855);
#1352=VERTEX_POINT('',#4859);
#1353=VERTEX_POINT('',#4861);
#1354=VERTEX_POINT('',#4863);
#1355=VERTEX_POINT('',#4872);
#1356=VERTEX_POINT('',#4876);
#1357=VERTEX_POINT('',#4887);
#1358=VERTEX_POINT('',#4891);
#1359=VERTEX_POINT('',#4899);
#1360=VERTEX_POINT('',#4901);
#1361=VERTEX_POINT('',#4907);
#1362=VERTEX_POINT('',#4909);
#1363=VERTEX_POINT('',#4911);
#1364=VERTEX_POINT('',#4913);
#1365=VERTEX_POINT('',#4915);
#1366=VERTEX_POINT('',#4917);
#1367=VERTEX_POINT('',#4919);
#1368=VERTEX_POINT('',#4921);
#1369=VERTEX_POINT('',#4929);
#1370=VERTEX_POINT('',#4930);
#1371=VERTEX_POINT('',#4932);
#1372=VERTEX_POINT('',#4934);
#1373=VERTEX_POINT('',#4950);
#1374=VERTEX_POINT('',#4952);
#1375=VERTEX_POINT('',#4965);
#1376=VERTEX_POINT('',#4976);
#1377=VERTEX_POINT('',#4982);
#1378=VERTEX_POINT('',#4986);
#1379=VERTEX_POINT('',#4990);
#1380=VERTEX_POINT('',#4996);
#1381=VERTEX_POINT('',#4998);
#1382=VERTEX_POINT('',#5002);
#1383=VERTEX_POINT('',#5006);
#1384=VERTEX_POINT('',#5015);
#1385=VERTEX_POINT('',#5026);
#1386=VERTEX_POINT('',#5032);
#1387=VERTEX_POINT('',#5039);
#1388=VERTEX_POINT('',#5041);
#1389=VERTEX_POINT('',#5047);
#1390=VERTEX_POINT('',#5049);
#1391=VERTEX_POINT('',#5051);
#1392=VERTEX_POINT('',#5053);
#1393=VERTEX_POINT('',#5055);
#1394=VERTEX_POINT('',#5057);
#1395=VERTEX_POINT('',#5059);
#1396=VERTEX_POINT('',#5061);
#1397=VERTEX_POINT('',#5064);
#1398=VERTEX_POINT('',#5066);
#1399=VERTEX_POINT('',#5074);
#1400=VERTEX_POINT('',#5075);
#1401=VERTEX_POINT('',#5077);
#1402=VERTEX_POINT('',#5079);
#1403=VERTEX_POINT('',#5083);
#1404=VERTEX_POINT('',#5085);
#1405=VERTEX_POINT('',#5089);
#1406=VERTEX_POINT('',#5091);
#1407=VERTEX_POINT('',#5095);
#1408=VERTEX_POINT('',#5097);
#1409=VERTEX_POINT('',#5101);
#1410=VERTEX_POINT('',#5103);
#1411=VERTEX_POINT('',#5110);
#1412=VERTEX_POINT('',#5112);
#1413=VERTEX_POINT('',#5114);
#1414=VERTEX_POINT('',#5116);
#1415=VERTEX_POINT('',#5119);
#1416=VERTEX_POINT('',#5121);
#1417=VERTEX_POINT('',#5125);
#1418=VERTEX_POINT('',#5127);
#1419=VERTEX_POINT('',#5129);
#1420=VERTEX_POINT('',#5133);
#1421=VERTEX_POINT('',#5135);
#1422=VERTEX_POINT('',#5137);
#1423=VERTEX_POINT('',#5141);
#1424=VERTEX_POINT('',#5143);
#1425=VERTEX_POINT('',#5147);
#1426=VERTEX_POINT('',#5148);
#1427=VERTEX_POINT('',#5153);
#1428=VERTEX_POINT('',#5154);
#1429=VERTEX_POINT('',#5179);
#1430=VERTEX_POINT('',#5180);
#1431=VERTEX_POINT('',#5185);
#1432=VERTEX_POINT('',#5189);
#1433=VERTEX_POINT('',#5198);
#1434=VERTEX_POINT('',#5202);
#1435=EDGE_CURVE('',#1175,#1176,#1135,.T.);
#1436=EDGE_CURVE('',#1176,#1177,#519,.T.);
#1437=EDGE_CURVE('',#1177,#1178,#1136,.T.);
#1438=EDGE_CURVE('',#1178,#1175,#520,.T.);
#1439=EDGE_CURVE('',#1179,#1175,#521,.T.);
#1440=EDGE_CURVE('',#1180,#1179,#522,.T.);
#1441=EDGE_CURVE('',#1181,#1180,#523,.T.);
#1442=EDGE_CURVE('',#1176,#1181,#524,.T.);
#1443=EDGE_CURVE('',#1182,#1178,#525,.T.);
#1444=EDGE_CURVE('',#1179,#1182,#526,.T.);
#1445=EDGE_CURVE('',#1183,#1184,#1137,.T.);
#1446=EDGE_CURVE('',#1184,#1185,#527,.T.);
#1447=EDGE_CURVE('',#1185,#1186,#1138,.T.);
#1448=EDGE_CURVE('',#1186,#1183,#528,.T.);
#1449=EDGE_CURVE('',#1187,#1185,#529,.T.);
#1450=EDGE_CURVE('',#1188,#1187,#530,.T.);
#1451=EDGE_CURVE('',#1189,#1188,#531,.T.);
#1452=EDGE_CURVE('',#1189,#1186,#532,.T.);
#1453=EDGE_CURVE('',#1190,#1184,#533,.T.);
#1454=EDGE_CURVE('',#1187,#1190,#534,.T.);
#1455=EDGE_CURVE('',#1191,#1192,#535,.T.);
#1456=EDGE_CURVE('',#1193,#1191,#536,.T.);
#1457=EDGE_CURVE('',#1194,#1193,#537,.T.);
#1458=EDGE_CURVE('',#1194,#1192,#538,.T.);
#1459=EDGE_CURVE('',#1192,#1195,#539,.T.);
#1460=EDGE_CURVE('',#1196,#1194,#540,.T.);
#1461=EDGE_CURVE('',#1196,#1195,#541,.T.);
#1462=EDGE_CURVE('',#1195,#1197,#542,.T.);
#1463=EDGE_CURVE('',#1196,#1198,#543,.T.);
#1464=EDGE_CURVE('',#1198,#1197,#544,.T.);
#1465=EDGE_CURVE('',#1197,#1191,#545,.T.);
#1466=EDGE_CURVE('',#1193,#1198,#546,.T.);
#1467=EDGE_CURVE('',#1199,#1200,#547,.T.);
#1468=EDGE_CURVE('',#1201,#1200,#548,.T.);
#1469=EDGE_CURVE('',#1202,#1201,#549,.T.);
#1470=EDGE_CURVE('',#1202,#1199,#550,.T.);
#1471=EDGE_CURVE('',#1200,#1203,#551,.T.);
#1472=EDGE_CURVE('',#1204,#1203,#552,.T.);
#1473=EDGE_CURVE('',#1201,#1204,#553,.T.);
#1474=EDGE_CURVE('',#1203,#1205,#554,.T.);
#1475=EDGE_CURVE('',#1206,#1205,#555,.T.);
#1476=EDGE_CURVE('',#1206,#1204,#556,.T.);
#1477=EDGE_CURVE('',#1205,#1199,#557,.T.);
#1478=EDGE_CURVE('',#1206,#1202,#558,.T.);
#1479=EDGE_CURVE('',#1207,#1208,#559,.T.);
#1480=EDGE_CURVE('',#1207,#1209,#560,.T.);
#1481=EDGE_CURVE('',#1210,#1209,#561,.T.);
#1482=EDGE_CURVE('',#1208,#1210,#562,.T.);
#1483=EDGE_CURVE('',#1208,#1211,#563,.T.);
#1484=EDGE_CURVE('',#1212,#1210,#564,.T.);
#1485=EDGE_CURVE('',#1211,#1212,#565,.T.);
#1486=EDGE_CURVE('',#1211,#1213,#566,.T.);
#1487=EDGE_CURVE('',#1214,#1212,#567,.T.);
#1488=EDGE_CURVE('',#1213,#1214,#568,.T.);
#1489=EDGE_CURVE('',#1213,#1207,#569,.T.);
#1490=EDGE_CURVE('',#1209,#1214,#570,.T.);
#1491=EDGE_CURVE('',#1215,#1216,#64,.T.);
#1492=EDGE_CURVE('',#1215,#1217,#571,.T.);
#1493=EDGE_CURVE('',#1218,#1217,#65,.T.);
#1494=EDGE_CURVE('',#1216,#1218,#572,.T.);
#1495=EDGE_CURVE('',#1216,#1219,#573,.T.);
#1496=EDGE_CURVE('',#1220,#1218,#574,.T.);
#1497=EDGE_CURVE('',#1219,#1220,#575,.T.);
#1498=EDGE_CURVE('',#1219,#1221,#66,.T.);
#1499=EDGE_CURVE('',#1222,#1220,#67,.T.);
#1500=EDGE_CURVE('',#1221,#1222,#576,.T.);
#1501=EDGE_CURVE('',#1221,#1215,#577,.T.);
#1502=EDGE_CURVE('',#1217,#1222,#578,.T.);
#1503=EDGE_CURVE('',#1223,#1224,#68,.T.);
#1504=EDGE_CURVE('',#1224,#1225,#579,.T.);
#1505=EDGE_CURVE('',#1225,#1226,#1139,.F.);
#1506=EDGE_CURVE('',#1226,#1223,#580,.T.);
#1507=EDGE_CURVE('',#1227,#1228,#31,.T.);
#1508=EDGE_CURVE('',#1227,#1224,#1140,.T.);
#1509=EDGE_CURVE('',#1223,#1229,#1141,.T.);
#1510=EDGE_CURVE('',#1229,#1230,#69,.T.);
#1511=EDGE_CURVE('',#1230,#1228,#1142,.T.);
#1512=EDGE_CURVE('',#1231,#1232,#1143,.F.);
#1513=EDGE_CURVE('',#1232,#1230,#581,.T.);
#1514=EDGE_CURVE('',#1229,#1231,#582,.T.);
#1515=EDGE_CURVE('',#1233,#1232,#583,.T.);
#1516=EDGE_CURVE('',#1234,#1233,#584,.T.);
#1517=EDGE_CURVE('',#1234,#1230,#585,.T.);
#1518=EDGE_CURVE('',#1235,#1227,#70,.T.);
#1519=EDGE_CURVE('',#1235,#1224,#586,.T.);
#1520=EDGE_CURVE('',#1236,#1226,#587,.T.);
#1521=EDGE_CURVE('',#1237,#1236,#588,.T.);
#1522=EDGE_CURVE('',#1238,#1237,#1144,.T.);
#1523=EDGE_CURVE('',#1239,#1238,#589,.T.);
#1524=EDGE_CURVE('',#1231,#1239,#590,.T.);
#1525=EDGE_CURVE('',#1238,#1240,#71,.T.);
#1526=EDGE_CURVE('',#1240,#1241,#591,.T.);
#1527=EDGE_CURVE('',#1241,#1239,#1145,.F.);
#1528=EDGE_CURVE('',#1237,#1242,#72,.T.);
#1529=EDGE_CURVE('',#1242,#1240,#1146,.T.);
#1530=EDGE_CURVE('',#1236,#1243,#1147,.F.);
#1531=EDGE_CURVE('',#1243,#1242,#592,.T.);
#1532=EDGE_CURVE('',#1225,#1244,#593,.T.);
#1533=EDGE_CURVE('',#1244,#1233,#594,.T.);
#1534=EDGE_CURVE('',#1245,#1241,#595,.T.);
#1535=EDGE_CURVE('',#1245,#1246,#596,.T.);
#1536=EDGE_CURVE('',#1247,#1246,#597,.T.);
#1537=EDGE_CURVE('',#1247,#1248,#598,.T.);
#1538=EDGE_CURVE('',#1249,#1248,#1148,.F.);
#1539=EDGE_CURVE('',#1249,#1250,#599,.T.);
#1540=EDGE_CURVE('',#1251,#1250,#1149,.F.);
#1541=EDGE_CURVE('',#1251,#1252,#600,.T.);
#1542=EDGE_CURVE('',#1252,#1253,#601,.T.);
#1543=EDGE_CURVE('',#1253,#1254,#602,.T.);
#1544=EDGE_CURVE('',#1255,#1254,#1150,.F.);
#1545=EDGE_CURVE('',#1255,#1256,#603,.T.);
#1546=EDGE_CURVE('',#1257,#1256,#1151,.F.);
#1547=EDGE_CURVE('',#1257,#1258,#604,.T.);
#1548=EDGE_CURVE('',#1258,#1259,#605,.T.);
#1549=EDGE_CURVE('',#1259,#1243,#606,.T.);
#1550=EDGE_CURVE('',#1260,#1261,#607,.T.);
#1551=EDGE_CURVE('',#1261,#1262,#608,.T.);
#1552=EDGE_CURVE('',#1262,#1263,#609,.T.);
#1553=EDGE_CURVE('',#1263,#1260,#610,.T.);
#1554=EDGE_CURVE('',#1228,#1234,#73,.T.);
#1555=EDGE_CURVE('',#1264,#1242,#611,.T.);
#1556=EDGE_CURVE('',#1265,#1264,#74,.T.);
#1557=EDGE_CURVE('',#1265,#1240,#612,.T.);
#1558=EDGE_CURVE('',#1244,#1235,#613,.T.);
#1559=EDGE_CURVE('',#1266,#1266,#75,.T.);
#1560=EDGE_CURVE('',#1266,#1267,#614,.T.);
#1561=EDGE_CURVE('',#1267,#1267,#76,.T.);
#1562=EDGE_CURVE('',#1264,#1259,#615,.T.);
#1563=EDGE_CURVE('',#1268,#1269,#77,.T.);
#1564=EDGE_CURVE('',#1269,#1270,#616,.T.);
#1565=EDGE_CURVE('',#1270,#1271,#1152,.F.);
#1566=EDGE_CURVE('',#1271,#1268,#617,.T.);
#1567=EDGE_CURVE('',#1272,#1273,#32,.T.);
#1568=EDGE_CURVE('',#1272,#1269,#1153,.T.);
#1569=EDGE_CURVE('',#1268,#1274,#1154,.T.);
#1570=EDGE_CURVE('',#1274,#1275,#78,.T.);
#1571=EDGE_CURVE('',#1275,#1273,#1155,.T.);
#1572=EDGE_CURVE('',#1276,#1277,#1156,.F.);
#1573=EDGE_CURVE('',#1277,#1275,#618,.T.);
#1574=EDGE_CURVE('',#1274,#1276,#619,.T.);
#1575=EDGE_CURVE('',#1278,#1277,#620,.T.);
#1576=EDGE_CURVE('',#1279,#1278,#621,.T.);
#1577=EDGE_CURVE('',#1279,#1275,#622,.T.);
#1578=EDGE_CURVE('',#1280,#1272,#79,.T.);
#1579=EDGE_CURVE('',#1280,#1269,#623,.T.);
#1580=EDGE_CURVE('',#1281,#1271,#624,.T.);
#1581=EDGE_CURVE('',#1282,#1281,#625,.T.);
#1582=EDGE_CURVE('',#1283,#1282,#1157,.T.);
#1583=EDGE_CURVE('',#1284,#1283,#626,.T.);
#1584=EDGE_CURVE('',#1276,#1284,#627,.T.);
#1585=EDGE_CURVE('',#1283,#1285,#80,.T.);
#1586=EDGE_CURVE('',#1285,#1286,#628,.T.);
#1587=EDGE_CURVE('',#1286,#1284,#1158,.F.);
#1588=EDGE_CURVE('',#1282,#1287,#81,.T.);
#1589=EDGE_CURVE('',#1287,#1285,#1159,.T.);
#1590=EDGE_CURVE('',#1281,#1288,#1160,.F.);
#1591=EDGE_CURVE('',#1288,#1287,#629,.T.);
#1592=EDGE_CURVE('',#1270,#1289,#630,.T.);
#1593=EDGE_CURVE('',#1289,#1278,#631,.T.);
#1594=EDGE_CURVE('',#1286,#1290,#632,.T.);
#1595=EDGE_CURVE('',#1291,#1290,#633,.T.);
#1596=EDGE_CURVE('',#1291,#1292,#634,.T.);
#1597=EDGE_CURVE('',#1293,#1292,#1161,.F.);
#1598=EDGE_CURVE('',#1293,#1294,#635,.T.);
#1599=EDGE_CURVE('',#1295,#1294,#1162,.F.);
#1600=EDGE_CURVE('',#1295,#1296,#636,.T.);
#1601=EDGE_CURVE('',#1296,#1297,#637,.T.);
#1602=EDGE_CURVE('',#1297,#1298,#638,.T.);
#1603=EDGE_CURVE('',#1299,#1298,#1163,.F.);
#1604=EDGE_CURVE('',#1299,#1300,#639,.T.);
#1605=EDGE_CURVE('',#1301,#1300,#1164,.F.);
#1606=EDGE_CURVE('',#1301,#1302,#640,.T.);
#1607=EDGE_CURVE('',#1302,#1303,#641,.T.);
#1608=EDGE_CURVE('',#1303,#1304,#642,.T.);
#1609=EDGE_CURVE('',#1288,#1304,#643,.T.);
#1610=EDGE_CURVE('',#1305,#1306,#644,.T.);
#1611=EDGE_CURVE('',#1306,#1307,#645,.T.);
#1612=EDGE_CURVE('',#1307,#1308,#646,.T.);
#1613=EDGE_CURVE('',#1308,#1305,#647,.T.);
#1614=EDGE_CURVE('',#1273,#1279,#82,.T.);
#1615=EDGE_CURVE('',#1309,#1287,#648,.T.);
#1616=EDGE_CURVE('',#1309,#1310,#83,.T.);
#1617=EDGE_CURVE('',#1310,#1285,#649,.T.);
#1618=EDGE_CURVE('',#1289,#1280,#650,.T.);
#1619=EDGE_CURVE('',#1311,#1311,#84,.T.);
#1620=EDGE_CURVE('',#1311,#1312,#651,.T.);
#1621=EDGE_CURVE('',#1312,#1312,#85,.T.);
#1622=EDGE_CURVE('',#1310,#1290,#652,.T.);
#1623=EDGE_CURVE('',#1313,#1314,#86,.T.);
#1624=EDGE_CURVE('',#1314,#1251,#653,.T.);
#1625=EDGE_CURVE('',#1250,#1313,#654,.T.);
#1626=EDGE_CURVE('',#1315,#1316,#33,.T.);
#1627=EDGE_CURVE('',#1315,#1314,#1165,.T.);
#1628=EDGE_CURVE('',#1313,#1317,#1166,.T.);
#1629=EDGE_CURVE('',#1317,#1318,#87,.T.);
#1630=EDGE_CURVE('',#1318,#1316,#1167,.T.);
#1631=EDGE_CURVE('',#1254,#1318,#655,.T.);
#1632=EDGE_CURVE('',#1317,#1255,#656,.T.);
#1633=EDGE_CURVE('',#1319,#1253,#657,.T.);
#1634=EDGE_CURVE('',#1319,#1318,#658,.T.);
#1635=EDGE_CURVE('',#1320,#1315,#88,.T.);
#1636=EDGE_CURVE('',#1320,#1314,#659,.T.);
#1637=EDGE_CURVE('',#1321,#1249,#660,.T.);
#1638=EDGE_CURVE('',#1322,#1321,#1168,.T.);
#1639=EDGE_CURVE('',#1256,#1322,#661,.T.);
#1640=EDGE_CURVE('',#1322,#1323,#89,.T.);
#1641=EDGE_CURVE('',#1323,#1257,#662,.T.);
#1642=EDGE_CURVE('',#1321,#1324,#90,.T.);
#1643=EDGE_CURVE('',#1324,#1323,#1169,.T.);
#1644=EDGE_CURVE('',#1248,#1324,#663,.T.);
#1645=EDGE_CURVE('',#1316,#1319,#91,.T.);
#1646=EDGE_CURVE('',#1325,#1324,#664,.T.);
#1647=EDGE_CURVE('',#1325,#1326,#92,.T.);
#1648=EDGE_CURVE('',#1326,#1323,#665,.T.);
#1649=EDGE_CURVE('',#1252,#1320,#666,.T.);
#1650=EDGE_CURVE('',#1327,#1327,#93,.T.);
#1651=EDGE_CURVE('',#1327,#1328,#667,.T.);
#1652=EDGE_CURVE('',#1328,#1328,#94,.T.);
#1653=EDGE_CURVE('',#1326,#1258,#668,.T.);
#1654=EDGE_CURVE('',#1329,#1330,#95,.T.);
#1655=EDGE_CURVE('',#1330,#1295,#669,.T.);
#1656=EDGE_CURVE('',#1294,#1329,#670,.T.);
#1657=EDGE_CURVE('',#1331,#1332,#34,.T.);
#1658=EDGE_CURVE('',#1331,#1330,#1170,.T.);
#1659=EDGE_CURVE('',#1329,#1333,#1171,.T.);
#1660=EDGE_CURVE('',#1333,#1334,#96,.T.);
#1661=EDGE_CURVE('',#1334,#1332,#1172,.T.);
#1662=EDGE_CURVE('',#1298,#1334,#671,.T.);
#1663=EDGE_CURVE('',#1333,#1299,#672,.T.);
#1664=EDGE_CURVE('',#1335,#1297,#673,.T.);
#1665=EDGE_CURVE('',#1335,#1334,#674,.T.);
#1666=EDGE_CURVE('',#1336,#1331,#97,.T.);
#1667=EDGE_CURVE('',#1336,#1330,#675,.T.);
#1668=EDGE_CURVE('',#1337,#1293,#676,.T.);
#1669=EDGE_CURVE('',#1338,#1337,#1173,.T.);
#1670=EDGE_CURVE('',#1300,#1338,#677,.T.);
#1671=EDGE_CURVE('',#1338,#1339,#98,.T.);
#1672=EDGE_CURVE('',#1339,#1301,#678,.T.);
#1673=EDGE_CURVE('',#1337,#1340,#99,.T.);
#1674=EDGE_CURVE('',#1340,#1339,#1174,.T.);
#1675=EDGE_CURVE('',#1292,#1340,#679,.T.);
#1676=EDGE_CURVE('',#1332,#1335,#100,.T.);
#1677=EDGE_CURVE('',#1341,#1340,#680,.T.);
#1678=EDGE_CURVE('',#1342,#1341,#101,.T.);
#1679=EDGE_CURVE('',#1342,#1339,#681,.T.);
#1680=EDGE_CURVE('',#1296,#1336,#682,.T.);
#1681=EDGE_CURVE('',#1343,#1343,#102,.T.);
#1682=EDGE_CURVE('',#1343,#1344,#683,.T.);
#1683=EDGE_CURVE('',#1344,#1344,#103,.T.);
#1684=EDGE_CURVE('',#1341,#1291,#684,.T.);
#1685=EDGE_CURVE('',#1345,#1346,#685,.T.);
#1686=EDGE_CURVE('',#1345,#1347,#686,.T.);
#1687=EDGE_CURVE('',#1347,#1348,#687,.T.);
#1688=EDGE_CURVE('',#1346,#1348,#688,.T.);
#1689=EDGE_CURVE('',#1349,#1345,#689,.T.);
#1690=EDGE_CURVE('',#1350,#1349,#690,.T.);
#1691=EDGE_CURVE('',#1350,#1351,#691,.T.);
#1692=EDGE_CURVE('',#1351,#1347,#692,.T.);
#1693=EDGE_CURVE('',#1350,#1352,#693,.T.);
#1694=EDGE_CURVE('',#1353,#1352,#694,.T.);
#1695=EDGE_CURVE('',#1353,#1354,#695,.T.);
#1696=EDGE_CURVE('',#1354,#1351,#696,.T.);
#1697=EDGE_CURVE('',#1353,#1355,#35,.T.);
#1698=EDGE_CURVE('',#1355,#1356,#697,.T.);
#1699=EDGE_CURVE('',#1356,#1354,#36,.T.);
#1700=EDGE_CURVE('',#1355,#1357,#37,.T.);
#1701=EDGE_CURVE('',#1357,#1358,#698,.T.);
#1702=EDGE_CURVE('',#1358,#1356,#38,.T.);
#1703=EDGE_CURVE('',#1348,#1358,#699,.T.);
#1704=EDGE_CURVE('',#1359,#1349,#700,.T.);
#1705=EDGE_CURVE('',#1359,#1360,#701,.T.);
#1706=EDGE_CURVE('',#1360,#1350,#702,.T.);
#1707=EDGE_CURVE('',#1246,#1303,#703,.T.);
#1708=EDGE_CURVE('',#1302,#1247,#704,.T.);
#1709=EDGE_CURVE('',#1346,#1361,#705,.T.);
#1710=EDGE_CURVE('',#1361,#1362,#706,.T.);
#1711=EDGE_CURVE('',#1362,#1363,#707,.T.);
#1712=EDGE_CURVE('',#1363,#1364,#708,.T.);
#1713=EDGE_CURVE('',#1364,#1365,#709,.T.);
#1714=EDGE_CURVE('',#1365,#1366,#710,.T.);
#1715=EDGE_CURVE('',#1366,#1367,#711,.T.);
#1716=EDGE_CURVE('',#1367,#1368,#39,.T.);
#1717=EDGE_CURVE('',#1368,#1359,#40,.T.);
#1718=EDGE_CURVE('',#1369,#1370,#712,.T.);
#1719=EDGE_CURVE('',#1370,#1371,#713,.T.);
#1720=EDGE_CURVE('',#1371,#1372,#714,.T.);
#1721=EDGE_CURVE('',#1369,#1372,#715,.T.);
#1722=EDGE_CURVE('',#1352,#1369,#41,.T.);
#1723=EDGE_CURVE('',#1372,#1353,#42,.T.);
#1724=EDGE_CURVE('',#1361,#1373,#716,.T.);
#1725=EDGE_CURVE('',#1373,#1374,#717,.T.);
#1726=EDGE_CURVE('',#1362,#1374,#718,.T.);
#1727=EDGE_CURVE('',#1357,#1373,#719,.T.);
#1728=EDGE_CURVE('',#1374,#1371,#720,.T.);
#1729=EDGE_CURVE('',#1368,#1375,#721,.T.);
#1730=EDGE_CURVE('',#1375,#1360,#43,.T.);
#1731=EDGE_CURVE('',#1367,#1376,#722,.T.);
#1732=EDGE_CURVE('',#1376,#1375,#44,.T.);
#1733=EDGE_CURVE('',#1366,#1377,#723,.T.);
#1734=EDGE_CURVE('',#1377,#1376,#724,.T.);
#1735=EDGE_CURVE('',#1378,#1377,#45,.T.);
#1736=EDGE_CURVE('',#1379,#1378,#46,.T.);
#1737=EDGE_CURVE('',#1370,#1379,#725,.T.);
#1738=EDGE_CURVE('',#1363,#1380,#726,.T.);
#1739=EDGE_CURVE('',#1381,#1380,#727,.T.);
#1740=EDGE_CURVE('',#1364,#1381,#728,.T.);
#1741=EDGE_CURVE('',#1382,#1381,#729,.T.);
#1742=EDGE_CURVE('',#1365,#1382,#730,.T.);
#1743=EDGE_CURVE('',#1383,#1382,#731,.T.);
#1744=EDGE_CURVE('',#1366,#1383,#732,.T.);
#1745=EDGE_CURVE('',#1384,#1383,#47,.T.);
#1746=EDGE_CURVE('',#1384,#1378,#733,.T.);
#1747=EDGE_CURVE('',#1385,#1384,#48,.T.);
#1748=EDGE_CURVE('',#1385,#1379,#734,.T.);
#1749=EDGE_CURVE('',#1386,#1385,#735,.T.);
#1750=EDGE_CURVE('',#1362,#1386,#736,.T.);
#1751=EDGE_CURVE('',#1380,#1386,#737,.T.);
#1752=EDGE_CURVE('',#1183,#1387,#738,.T.);
#1753=EDGE_CURVE('',#1388,#1387,#739,.T.);
#1754=EDGE_CURVE('',#1190,#1388,#740,.T.);
#1755=EDGE_CURVE('',#1387,#1189,#741,.T.);
#1756=EDGE_CURVE('',#1188,#1389,#742,.F.);
#1757=EDGE_CURVE('',#1389,#1390,#743,.F.);
#1758=EDGE_CURVE('',#1390,#1391,#744,.T.);
#1759=EDGE_CURVE('',#1391,#1392,#745,.T.);
#1760=EDGE_CURVE('',#1392,#1393,#746,.T.);
#1761=EDGE_CURVE('',#1393,#1394,#747,.F.);
#1762=EDGE_CURVE('',#1394,#1395,#748,.F.);
#1763=EDGE_CURVE('',#1395,#1396,#749,.T.);
#1764=EDGE_CURVE('',#1396,#1181,#750,.T.);
#1765=EDGE_CURVE('',#1180,#1397,#751,.F.);
#1766=EDGE_CURVE('',#1397,#1398,#752,.F.);
#1767=EDGE_CURVE('',#1398,#1388,#753,.F.);
#1768=EDGE_CURVE('',#1396,#1177,#754,.T.);
#1769=EDGE_CURVE('',#1182,#1395,#755,.T.);
#1770=EDGE_CURVE('',#1399,#1400,#756,.T.);
#1771=EDGE_CURVE('',#1401,#1399,#757,.T.);
#1772=EDGE_CURVE('',#1402,#1401,#758,.T.);
#1773=EDGE_CURVE('',#1402,#1400,#759,.T.);
#1774=EDGE_CURVE('',#1400,#1403,#760,.T.);
#1775=EDGE_CURVE('',#1404,#1402,#761,.T.);
#1776=EDGE_CURVE('',#1404,#1403,#762,.T.);
#1777=EDGE_CURVE('',#1403,#1405,#763,.T.);
#1778=EDGE_CURVE('',#1406,#1404,#764,.T.);
#1779=EDGE_CURVE('',#1406,#1405,#765,.T.);
#1780=EDGE_CURVE('',#1405,#1407,#766,.T.);
#1781=EDGE_CURVE('',#1408,#1406,#767,.T.);
#1782=EDGE_CURVE('',#1408,#1407,#768,.T.);
#1783=EDGE_CURVE('',#1407,#1409,#769,.T.);
#1784=EDGE_CURVE('',#1410,#1408,#770,.T.);
#1785=EDGE_CURVE('',#1410,#1409,#771,.T.);
#1786=EDGE_CURVE('',#1409,#1399,#772,.T.);
#1787=EDGE_CURVE('',#1401,#1410,#773,.T.);
#1788=EDGE_CURVE('',#1411,#1206,#774,.T.);
#1789=EDGE_CURVE('',#1412,#1411,#775,.T.);
#1790=EDGE_CURVE('',#1413,#1412,#776,.T.);
#1791=EDGE_CURVE('',#1414,#1413,#777,.T.);
#1792=EDGE_CURVE('',#1198,#1414,#778,.T.);
#1793=EDGE_CURVE('',#1415,#1196,#779,.T.);
#1794=EDGE_CURVE('',#1416,#1415,#780,.T.);
#1795=EDGE_CURVE('',#1204,#1416,#781,.T.);
#1796=EDGE_CURVE('',#1413,#1417,#782,.T.);
#1797=EDGE_CURVE('',#1417,#1418,#783,.T.);
#1798=EDGE_CURVE('',#1418,#1419,#784,.T.);
#1799=EDGE_CURVE('',#1419,#1414,#785,.T.);
#1800=EDGE_CURVE('',#1420,#1412,#786,.T.);
#1801=EDGE_CURVE('',#1420,#1421,#787,.T.);
#1802=EDGE_CURVE('',#1421,#1422,#788,.T.);
#1803=EDGE_CURVE('',#1417,#1422,#789,.T.);
#1804=EDGE_CURVE('',#1411,#1423,#790,.T.);
#1805=EDGE_CURVE('',#1423,#1424,#791,.T.);
#1806=EDGE_CURVE('',#1424,#1420,#792,.T.);
#1807=EDGE_CURVE('',#1425,#1426,#793,.T.);
#1808=EDGE_CURVE('',#1425,#1260,#794,.T.);
#1809=EDGE_CURVE('',#1426,#1263,#795,.T.);
#1810=EDGE_CURVE('',#1427,#1428,#796,.T.);
#1811=EDGE_CURVE('',#1305,#1427,#797,.T.);
#1812=EDGE_CURVE('',#1308,#1428,#798,.T.);
#1813=EDGE_CURVE('',#1426,#1423,#799,.T.);
#1814=EDGE_CURVE('',#1423,#1262,#800,.T.);
#1815=EDGE_CURVE('',#1424,#1425,#801,.T.);
#1816=EDGE_CURVE('',#1261,#1424,#802,.T.);
#1817=EDGE_CURVE('',#1428,#1418,#803,.T.);
#1818=EDGE_CURVE('',#1418,#1307,#804,.T.);
#1819=EDGE_CURVE('',#1306,#1419,#805,.T.);
#1820=EDGE_CURVE('',#1419,#1427,#806,.T.);
#1821=EDGE_CURVE('',#1389,#1422,#807,.F.);
#1822=EDGE_CURVE('',#1398,#1415,#808,.T.);
#1823=EDGE_CURVE('',#1397,#1416,#809,.T.);
#1824=EDGE_CURVE('',#1394,#1421,#810,.F.);
#1825=EDGE_CURVE('',#1429,#1430,#811,.T.);
#1826=EDGE_CURVE('',#1393,#1429,#812,.T.);
#1827=EDGE_CURVE('',#1392,#1430,#813,.T.);
#1828=EDGE_CURVE('',#1430,#1431,#814,.T.);
#1829=EDGE_CURVE('',#1391,#1431,#815,.T.);
#1830=EDGE_CURVE('',#1431,#1432,#816,.T.);
#1831=EDGE_CURVE('',#1390,#1432,#817,.T.);
#1832=EDGE_CURVE('',#1432,#1429,#818,.T.);
#1833=EDGE_CURVE('',#1390,#1393,#819,.F.);
#1834=EDGE_CURVE('',#1433,#1303,#820,.T.);
#1835=EDGE_CURVE('',#1304,#1433,#821,.T.);
#1836=EDGE_CURVE('',#1246,#1434,#822,.T.);
#1837=EDGE_CURVE('',#1434,#1245,#823,.T.);
#1838=EDGE_CURVE('',#1309,#1265,#824,.T.);
#1839=EDGE_CURVE('',#1433,#1434,#825,.T.);
#1840=EDGE_CURVE('',#1342,#1325,#826,.T.);
#1841=ORIENTED_EDGE('',*,*,#1435,.T.);
#1842=ORIENTED_EDGE('',*,*,#1436,.T.);
#1843=ORIENTED_EDGE('',*,*,#1437,.T.);
#1844=ORIENTED_EDGE('',*,*,#1438,.T.);
#1845=ORIENTED_EDGE('',*,*,#1435,.F.);
#1846=ORIENTED_EDGE('',*,*,#1439,.F.);
#1847=ORIENTED_EDGE('',*,*,#1440,.F.);
#1848=ORIENTED_EDGE('',*,*,#1441,.F.);
#1849=ORIENTED_EDGE('',*,*,#1442,.F.);
#1850=ORIENTED_EDGE('',*,*,#1438,.F.);
#1851=ORIENTED_EDGE('',*,*,#1443,.F.);
#1852=ORIENTED_EDGE('',*,*,#1444,.F.);
#1853=ORIENTED_EDGE('',*,*,#1439,.T.);
#1854=ORIENTED_EDGE('',*,*,#1445,.T.);
#1855=ORIENTED_EDGE('',*,*,#1446,.T.);
#1856=ORIENTED_EDGE('',*,*,#1447,.T.);
#1857=ORIENTED_EDGE('',*,*,#1448,.T.);
#1858=ORIENTED_EDGE('',*,*,#1447,.F.);
#1859=ORIENTED_EDGE('',*,*,#1449,.F.);
#1860=ORIENTED_EDGE('',*,*,#1450,.F.);
#1861=ORIENTED_EDGE('',*,*,#1451,.F.);
#1862=ORIENTED_EDGE('',*,*,#1452,.T.);
#1863=ORIENTED_EDGE('',*,*,#1446,.F.);
#1864=ORIENTED_EDGE('',*,*,#1453,.F.);
#1865=ORIENTED_EDGE('',*,*,#1454,.F.);
#1866=ORIENTED_EDGE('',*,*,#1449,.T.);
#1867=ORIENTED_EDGE('',*,*,#1455,.F.);
#1868=ORIENTED_EDGE('',*,*,#1456,.F.);
#1869=ORIENTED_EDGE('',*,*,#1457,.F.);
#1870=ORIENTED_EDGE('',*,*,#1458,.T.);
#1871=ORIENTED_EDGE('',*,*,#1459,.F.);
#1872=ORIENTED_EDGE('',*,*,#1458,.F.);
#1873=ORIENTED_EDGE('',*,*,#1460,.F.);
#1874=ORIENTED_EDGE('',*,*,#1461,.T.);
#1875=ORIENTED_EDGE('',*,*,#1462,.F.);
#1876=ORIENTED_EDGE('',*,*,#1461,.F.);
#1877=ORIENTED_EDGE('',*,*,#1463,.T.);
#1878=ORIENTED_EDGE('',*,*,#1464,.T.);
#1879=ORIENTED_EDGE('',*,*,#1465,.F.);
#1880=ORIENTED_EDGE('',*,*,#1464,.F.);
#1881=ORIENTED_EDGE('',*,*,#1466,.F.);
#1882=ORIENTED_EDGE('',*,*,#1456,.T.);
#1883=ORIENTED_EDGE('',*,*,#1455,.T.);
#1884=ORIENTED_EDGE('',*,*,#1459,.T.);
#1885=ORIENTED_EDGE('',*,*,#1462,.T.);
#1886=ORIENTED_EDGE('',*,*,#1465,.T.);
#1887=ORIENTED_EDGE('',*,*,#1467,.T.);
#1888=ORIENTED_EDGE('',*,*,#1468,.F.);
#1889=ORIENTED_EDGE('',*,*,#1469,.F.);
#1890=ORIENTED_EDGE('',*,*,#1470,.T.);
#1891=ORIENTED_EDGE('',*,*,#1471,.T.);
#1892=ORIENTED_EDGE('',*,*,#1472,.F.);
#1893=ORIENTED_EDGE('',*,*,#1473,.F.);
#1894=ORIENTED_EDGE('',*,*,#1468,.T.);
#1895=ORIENTED_EDGE('',*,*,#1474,.T.);
#1896=ORIENTED_EDGE('',*,*,#1475,.F.);
#1897=ORIENTED_EDGE('',*,*,#1476,.T.);
#1898=ORIENTED_EDGE('',*,*,#1472,.T.);
#1899=ORIENTED_EDGE('',*,*,#1477,.T.);
#1900=ORIENTED_EDGE('',*,*,#1470,.F.);
#1901=ORIENTED_EDGE('',*,*,#1478,.F.);
#1902=ORIENTED_EDGE('',*,*,#1475,.T.);
#1903=ORIENTED_EDGE('',*,*,#1467,.F.);
#1904=ORIENTED_EDGE('',*,*,#1477,.F.);
#1905=ORIENTED_EDGE('',*,*,#1474,.F.);
#1906=ORIENTED_EDGE('',*,*,#1471,.F.);
#1907=ORIENTED_EDGE('',*,*,#1479,.F.);
#1908=ORIENTED_EDGE('',*,*,#1480,.T.);
#1909=ORIENTED_EDGE('',*,*,#1481,.F.);
#1910=ORIENTED_EDGE('',*,*,#1482,.F.);
#1911=ORIENTED_EDGE('',*,*,#1483,.F.);
#1912=ORIENTED_EDGE('',*,*,#1482,.T.);
#1913=ORIENTED_EDGE('',*,*,#1484,.F.);
#1914=ORIENTED_EDGE('',*,*,#1485,.F.);
#1915=ORIENTED_EDGE('',*,*,#1486,.F.);
#1916=ORIENTED_EDGE('',*,*,#1485,.T.);
#1917=ORIENTED_EDGE('',*,*,#1487,.F.);
#1918=ORIENTED_EDGE('',*,*,#1488,.F.);
#1919=ORIENTED_EDGE('',*,*,#1489,.F.);
#1920=ORIENTED_EDGE('',*,*,#1488,.T.);
#1921=ORIENTED_EDGE('',*,*,#1490,.F.);
#1922=ORIENTED_EDGE('',*,*,#1480,.F.);
#1923=ORIENTED_EDGE('',*,*,#1490,.T.);
#1924=ORIENTED_EDGE('',*,*,#1487,.T.);
#1925=ORIENTED_EDGE('',*,*,#1484,.T.);
#1926=ORIENTED_EDGE('',*,*,#1481,.T.);
#1927=ORIENTED_EDGE('',*,*,#1491,.F.);
#1928=ORIENTED_EDGE('',*,*,#1492,.T.);
#1929=ORIENTED_EDGE('',*,*,#1493,.F.);
#1930=ORIENTED_EDGE('',*,*,#1494,.F.);
#1931=ORIENTED_EDGE('',*,*,#1495,.F.);
#1932=ORIENTED_EDGE('',*,*,#1494,.T.);
#1933=ORIENTED_EDGE('',*,*,#1496,.F.);
#1934=ORIENTED_EDGE('',*,*,#1497,.F.);
#1935=ORIENTED_EDGE('',*,*,#1498,.F.);
#1936=ORIENTED_EDGE('',*,*,#1497,.T.);
#1937=ORIENTED_EDGE('',*,*,#1499,.F.);
#1938=ORIENTED_EDGE('',*,*,#1500,.F.);
#1939=ORIENTED_EDGE('',*,*,#1501,.F.);
#1940=ORIENTED_EDGE('',*,*,#1500,.T.);
#1941=ORIENTED_EDGE('',*,*,#1502,.F.);
#1942=ORIENTED_EDGE('',*,*,#1492,.F.);
#1943=ORIENTED_EDGE('',*,*,#1502,.T.);
#1944=ORIENTED_EDGE('',*,*,#1499,.T.);
#1945=ORIENTED_EDGE('',*,*,#1496,.T.);
#1946=ORIENTED_EDGE('',*,*,#1493,.T.);
#1947=ORIENTED_EDGE('',*,*,#1503,.T.);
#1948=ORIENTED_EDGE('',*,*,#1504,.T.);
#1949=ORIENTED_EDGE('',*,*,#1505,.T.);
#1950=ORIENTED_EDGE('',*,*,#1506,.T.);
#1951=ORIENTED_EDGE('',*,*,#1507,.F.);
#1952=ORIENTED_EDGE('',*,*,#1508,.T.);
#1953=ORIENTED_EDGE('',*,*,#1503,.F.);
#1954=ORIENTED_EDGE('',*,*,#1509,.T.);
#1955=ORIENTED_EDGE('',*,*,#1510,.T.);
#1956=ORIENTED_EDGE('',*,*,#1511,.T.);
#1957=ORIENTED_EDGE('',*,*,#1512,.T.);
#1958=ORIENTED_EDGE('',*,*,#1513,.T.);
#1959=ORIENTED_EDGE('',*,*,#1510,.F.);
#1960=ORIENTED_EDGE('',*,*,#1514,.T.);
#1961=ORIENTED_EDGE('',*,*,#1513,.F.);
#1962=ORIENTED_EDGE('',*,*,#1515,.F.);
#1963=ORIENTED_EDGE('',*,*,#1516,.F.);
#1964=ORIENTED_EDGE('',*,*,#1517,.T.);
#1965=ORIENTED_EDGE('',*,*,#1508,.F.);
#1966=ORIENTED_EDGE('',*,*,#1518,.F.);
#1967=ORIENTED_EDGE('',*,*,#1519,.T.);
#1968=ORIENTED_EDGE('',*,*,#1514,.F.);
#1969=ORIENTED_EDGE('',*,*,#1509,.F.);
#1970=ORIENTED_EDGE('',*,*,#1506,.F.);
#1971=ORIENTED_EDGE('',*,*,#1520,.F.);
#1972=ORIENTED_EDGE('',*,*,#1521,.F.);
#1973=ORIENTED_EDGE('',*,*,#1522,.F.);
#1974=ORIENTED_EDGE('',*,*,#1523,.F.);
#1975=ORIENTED_EDGE('',*,*,#1524,.F.);
#1976=ORIENTED_EDGE('',*,*,#1525,.T.);
#1977=ORIENTED_EDGE('',*,*,#1526,.T.);
#1978=ORIENTED_EDGE('',*,*,#1527,.T.);
#1979=ORIENTED_EDGE('',*,*,#1523,.T.);
#1980=ORIENTED_EDGE('',*,*,#1528,.T.);
#1981=ORIENTED_EDGE('',*,*,#1529,.T.);
#1982=ORIENTED_EDGE('',*,*,#1525,.F.);
#1983=ORIENTED_EDGE('',*,*,#1522,.T.);
#1984=ORIENTED_EDGE('',*,*,#1530,.T.);
#1985=ORIENTED_EDGE('',*,*,#1531,.T.);
#1986=ORIENTED_EDGE('',*,*,#1528,.F.);
#1987=ORIENTED_EDGE('',*,*,#1521,.T.);
#1988=ORIENTED_EDGE('',*,*,#1532,.T.);
#1989=ORIENTED_EDGE('',*,*,#1533,.T.);
#1990=ORIENTED_EDGE('',*,*,#1515,.T.);
#1991=ORIENTED_EDGE('',*,*,#1512,.F.);
#1992=ORIENTED_EDGE('',*,*,#1524,.T.);
#1993=ORIENTED_EDGE('',*,*,#1527,.F.);
#1994=ORIENTED_EDGE('',*,*,#1534,.F.);
#1995=ORIENTED_EDGE('',*,*,#1535,.T.);
#1996=ORIENTED_EDGE('',*,*,#1536,.F.);
#1997=ORIENTED_EDGE('',*,*,#1537,.T.);
#1998=ORIENTED_EDGE('',*,*,#1538,.F.);
#1999=ORIENTED_EDGE('',*,*,#1539,.T.);
#2000=ORIENTED_EDGE('',*,*,#1540,.F.);
#2001=ORIENTED_EDGE('',*,*,#1541,.T.);
#2002=ORIENTED_EDGE('',*,*,#1542,.T.);
#2003=ORIENTED_EDGE('',*,*,#1543,.T.);
#2004=ORIENTED_EDGE('',*,*,#1544,.F.);
#2005=ORIENTED_EDGE('',*,*,#1545,.T.);
#2006=ORIENTED_EDGE('',*,*,#1546,.F.);
#2007=ORIENTED_EDGE('',*,*,#1547,.T.);
#2008=ORIENTED_EDGE('',*,*,#1548,.T.);
#2009=ORIENTED_EDGE('',*,*,#1549,.T.);
#2010=ORIENTED_EDGE('',*,*,#1530,.F.);
#2011=ORIENTED_EDGE('',*,*,#1520,.T.);
#2012=ORIENTED_EDGE('',*,*,#1505,.F.);
#2013=ORIENTED_EDGE('',*,*,#1550,.T.);
#2014=ORIENTED_EDGE('',*,*,#1551,.T.);
#2015=ORIENTED_EDGE('',*,*,#1552,.T.);
#2016=ORIENTED_EDGE('',*,*,#1553,.T.);
#2017=ORIENTED_EDGE('',*,*,#1511,.F.);
#2018=ORIENTED_EDGE('',*,*,#1517,.F.);
#2019=ORIENTED_EDGE('',*,*,#1554,.F.);
#2020=ORIENTED_EDGE('',*,*,#1529,.F.);
#2021=ORIENTED_EDGE('',*,*,#1555,.F.);
#2022=ORIENTED_EDGE('',*,*,#1556,.F.);
#2023=ORIENTED_EDGE('',*,*,#1557,.T.);
#2024=ORIENTED_EDGE('',*,*,#1504,.F.);
#2025=ORIENTED_EDGE('',*,*,#1519,.F.);
#2026=ORIENTED_EDGE('',*,*,#1558,.F.);
#2027=ORIENTED_EDGE('',*,*,#1532,.F.);
#2028=ORIENTED_EDGE('',*,*,#1559,.F.);
#2029=ORIENTED_EDGE('',*,*,#1560,.T.);
#2030=ORIENTED_EDGE('',*,*,#1561,.F.);
#2031=ORIENTED_EDGE('',*,*,#1560,.F.);
#2032=ORIENTED_EDGE('',*,*,#1531,.F.);
#2033=ORIENTED_EDGE('',*,*,#1549,.F.);
#2034=ORIENTED_EDGE('',*,*,#1562,.F.);
#2035=ORIENTED_EDGE('',*,*,#1555,.T.);
#2036=ORIENTED_EDGE('',*,*,#1516,.T.);
#2037=ORIENTED_EDGE('',*,*,#1533,.F.);
#2038=ORIENTED_EDGE('',*,*,#1558,.T.);
#2039=ORIENTED_EDGE('',*,*,#1518,.T.);
#2040=ORIENTED_EDGE('',*,*,#1507,.T.);
#2041=ORIENTED_EDGE('',*,*,#1554,.T.);
#2042=ORIENTED_EDGE('',*,*,#1561,.T.);
#2043=ORIENTED_EDGE('',*,*,#1563,.T.);
#2044=ORIENTED_EDGE('',*,*,#1564,.T.);
#2045=ORIENTED_EDGE('',*,*,#1565,.T.);
#2046=ORIENTED_EDGE('',*,*,#1566,.T.);
#2047=ORIENTED_EDGE('',*,*,#1567,.F.);
#2048=ORIENTED_EDGE('',*,*,#1568,.T.);
#2049=ORIENTED_EDGE('',*,*,#1563,.F.);
#2050=ORIENTED_EDGE('',*,*,#1569,.T.);
#2051=ORIENTED_EDGE('',*,*,#1570,.T.);
#2052=ORIENTED_EDGE('',*,*,#1571,.T.);
#2053=ORIENTED_EDGE('',*,*,#1572,.T.);
#2054=ORIENTED_EDGE('',*,*,#1573,.T.);
#2055=ORIENTED_EDGE('',*,*,#1570,.F.);
#2056=ORIENTED_EDGE('',*,*,#1574,.T.);
#2057=ORIENTED_EDGE('',*,*,#1573,.F.);
#2058=ORIENTED_EDGE('',*,*,#1575,.F.);
#2059=ORIENTED_EDGE('',*,*,#1576,.F.);
#2060=ORIENTED_EDGE('',*,*,#1577,.T.);
#2061=ORIENTED_EDGE('',*,*,#1568,.F.);
#2062=ORIENTED_EDGE('',*,*,#1578,.F.);
#2063=ORIENTED_EDGE('',*,*,#1579,.T.);
#2064=ORIENTED_EDGE('',*,*,#1574,.F.);
#2065=ORIENTED_EDGE('',*,*,#1569,.F.);
#2066=ORIENTED_EDGE('',*,*,#1566,.F.);
#2067=ORIENTED_EDGE('',*,*,#1580,.F.);
#2068=ORIENTED_EDGE('',*,*,#1581,.F.);
#2069=ORIENTED_EDGE('',*,*,#1582,.F.);
#2070=ORIENTED_EDGE('',*,*,#1583,.F.);
#2071=ORIENTED_EDGE('',*,*,#1584,.F.);
#2072=ORIENTED_EDGE('',*,*,#1585,.T.);
#2073=ORIENTED_EDGE('',*,*,#1586,.T.);
#2074=ORIENTED_EDGE('',*,*,#1587,.T.);
#2075=ORIENTED_EDGE('',*,*,#1583,.T.);
#2076=ORIENTED_EDGE('',*,*,#1588,.T.);
#2077=ORIENTED_EDGE('',*,*,#1589,.T.);
#2078=ORIENTED_EDGE('',*,*,#1585,.F.);
#2079=ORIENTED_EDGE('',*,*,#1582,.T.);
#2080=ORIENTED_EDGE('',*,*,#1590,.T.);
#2081=ORIENTED_EDGE('',*,*,#1591,.T.);
#2082=ORIENTED_EDGE('',*,*,#1588,.F.);
#2083=ORIENTED_EDGE('',*,*,#1581,.T.);
#2084=ORIENTED_EDGE('',*,*,#1592,.T.);
#2085=ORIENTED_EDGE('',*,*,#1593,.T.);
#2086=ORIENTED_EDGE('',*,*,#1575,.T.);
#2087=ORIENTED_EDGE('',*,*,#1572,.F.);
#2088=ORIENTED_EDGE('',*,*,#1584,.T.);
#2089=ORIENTED_EDGE('',*,*,#1587,.F.);
#2090=ORIENTED_EDGE('',*,*,#1594,.T.);
#2091=ORIENTED_EDGE('',*,*,#1595,.F.);
#2092=ORIENTED_EDGE('',*,*,#1596,.T.);
#2093=ORIENTED_EDGE('',*,*,#1597,.F.);
#2094=ORIENTED_EDGE('',*,*,#1598,.T.);
#2095=ORIENTED_EDGE('',*,*,#1599,.F.);
#2096=ORIENTED_EDGE('',*,*,#1600,.T.);
#2097=ORIENTED_EDGE('',*,*,#1601,.T.);
#2098=ORIENTED_EDGE('',*,*,#1602,.T.);
#2099=ORIENTED_EDGE('',*,*,#1603,.F.);
#2100=ORIENTED_EDGE('',*,*,#1604,.T.);
#2101=ORIENTED_EDGE('',*,*,#1605,.F.);
#2102=ORIENTED_EDGE('',*,*,#1606,.T.);
#2103=ORIENTED_EDGE('',*,*,#1607,.T.);
#2104=ORIENTED_EDGE('',*,*,#1608,.T.);
#2105=ORIENTED_EDGE('',*,*,#1609,.F.);
#2106=ORIENTED_EDGE('',*,*,#1590,.F.);
#2107=ORIENTED_EDGE('',*,*,#1580,.T.);
#2108=ORIENTED_EDGE('',*,*,#1565,.F.);
#2109=ORIENTED_EDGE('',*,*,#1479,.T.);
#2110=ORIENTED_EDGE('',*,*,#1483,.T.);
#2111=ORIENTED_EDGE('',*,*,#1486,.T.);
#2112=ORIENTED_EDGE('',*,*,#1489,.T.);
#2113=ORIENTED_EDGE('',*,*,#1491,.T.);
#2114=ORIENTED_EDGE('',*,*,#1495,.T.);
#2115=ORIENTED_EDGE('',*,*,#1498,.T.);
#2116=ORIENTED_EDGE('',*,*,#1501,.T.);
#2117=ORIENTED_EDGE('',*,*,#1610,.T.);
#2118=ORIENTED_EDGE('',*,*,#1611,.T.);
#2119=ORIENTED_EDGE('',*,*,#1612,.T.);
#2120=ORIENTED_EDGE('',*,*,#1613,.T.);
#2121=ORIENTED_EDGE('',*,*,#1571,.F.);
#2122=ORIENTED_EDGE('',*,*,#1577,.F.);
#2123=ORIENTED_EDGE('',*,*,#1614,.F.);
#2124=ORIENTED_EDGE('',*,*,#1589,.F.);
#2125=ORIENTED_EDGE('',*,*,#1615,.F.);
#2126=ORIENTED_EDGE('',*,*,#1616,.T.);
#2127=ORIENTED_EDGE('',*,*,#1617,.T.);
#2128=ORIENTED_EDGE('',*,*,#1564,.F.);
#2129=ORIENTED_EDGE('',*,*,#1579,.F.);
#2130=ORIENTED_EDGE('',*,*,#1618,.F.);
#2131=ORIENTED_EDGE('',*,*,#1592,.F.);
#2132=ORIENTED_EDGE('',*,*,#1618,.T.);
#2133=ORIENTED_EDGE('',*,*,#1578,.T.);
#2134=ORIENTED_EDGE('',*,*,#1567,.T.);
#2135=ORIENTED_EDGE('',*,*,#1614,.T.);
#2136=ORIENTED_EDGE('',*,*,#1576,.T.);
#2137=ORIENTED_EDGE('',*,*,#1593,.F.);
#2138=ORIENTED_EDGE('',*,*,#1619,.F.);
#2139=ORIENTED_EDGE('',*,*,#1619,.T.);
#2140=ORIENTED_EDGE('',*,*,#1620,.T.);
#2141=ORIENTED_EDGE('',*,*,#1621,.T.);
#2142=ORIENTED_EDGE('',*,*,#1620,.F.);
#2143=ORIENTED_EDGE('',*,*,#1586,.F.);
#2144=ORIENTED_EDGE('',*,*,#1617,.F.);
#2145=ORIENTED_EDGE('',*,*,#1622,.T.);
#2146=ORIENTED_EDGE('',*,*,#1594,.F.);
#2147=ORIENTED_EDGE('',*,*,#1623,.T.);
#2148=ORIENTED_EDGE('',*,*,#1624,.T.);
#2149=ORIENTED_EDGE('',*,*,#1540,.T.);
#2150=ORIENTED_EDGE('',*,*,#1625,.T.);
#2151=ORIENTED_EDGE('',*,*,#1626,.F.);
#2152=ORIENTED_EDGE('',*,*,#1627,.T.);
#2153=ORIENTED_EDGE('',*,*,#1623,.F.);
#2154=ORIENTED_EDGE('',*,*,#1628,.T.);
#2155=ORIENTED_EDGE('',*,*,#1629,.T.);
#2156=ORIENTED_EDGE('',*,*,#1630,.T.);
#2157=ORIENTED_EDGE('',*,*,#1544,.T.);
#2158=ORIENTED_EDGE('',*,*,#1631,.T.);
#2159=ORIENTED_EDGE('',*,*,#1629,.F.);
#2160=ORIENTED_EDGE('',*,*,#1632,.T.);
#2161=ORIENTED_EDGE('',*,*,#1631,.F.);
#2162=ORIENTED_EDGE('',*,*,#1543,.F.);
#2163=ORIENTED_EDGE('',*,*,#1633,.F.);
#2164=ORIENTED_EDGE('',*,*,#1634,.T.);
#2165=ORIENTED_EDGE('',*,*,#1627,.F.);
#2166=ORIENTED_EDGE('',*,*,#1635,.F.);
#2167=ORIENTED_EDGE('',*,*,#1636,.T.);
#2168=ORIENTED_EDGE('',*,*,#1632,.F.);
#2169=ORIENTED_EDGE('',*,*,#1628,.F.);
#2170=ORIENTED_EDGE('',*,*,#1625,.F.);
#2171=ORIENTED_EDGE('',*,*,#1539,.F.);
#2172=ORIENTED_EDGE('',*,*,#1637,.F.);
#2173=ORIENTED_EDGE('',*,*,#1638,.F.);
#2174=ORIENTED_EDGE('',*,*,#1639,.F.);
#2175=ORIENTED_EDGE('',*,*,#1545,.F.);
#2176=ORIENTED_EDGE('',*,*,#1640,.T.);
#2177=ORIENTED_EDGE('',*,*,#1641,.T.);
#2178=ORIENTED_EDGE('',*,*,#1546,.T.);
#2179=ORIENTED_EDGE('',*,*,#1639,.T.);
#2180=ORIENTED_EDGE('',*,*,#1642,.T.);
#2181=ORIENTED_EDGE('',*,*,#1643,.T.);
#2182=ORIENTED_EDGE('',*,*,#1640,.F.);
#2183=ORIENTED_EDGE('',*,*,#1638,.T.);
#2184=ORIENTED_EDGE('',*,*,#1538,.T.);
#2185=ORIENTED_EDGE('',*,*,#1644,.T.);
#2186=ORIENTED_EDGE('',*,*,#1642,.F.);
#2187=ORIENTED_EDGE('',*,*,#1637,.T.);
#2188=ORIENTED_EDGE('',*,*,#1630,.F.);
#2189=ORIENTED_EDGE('',*,*,#1634,.F.);
#2190=ORIENTED_EDGE('',*,*,#1645,.F.);
#2191=ORIENTED_EDGE('',*,*,#1643,.F.);
#2192=ORIENTED_EDGE('',*,*,#1646,.F.);
#2193=ORIENTED_EDGE('',*,*,#1647,.T.);
#2194=ORIENTED_EDGE('',*,*,#1648,.T.);
#2195=ORIENTED_EDGE('',*,*,#1624,.F.);
#2196=ORIENTED_EDGE('',*,*,#1636,.F.);
#2197=ORIENTED_EDGE('',*,*,#1649,.F.);
#2198=ORIENTED_EDGE('',*,*,#1541,.F.);
#2199=ORIENTED_EDGE('',*,*,#1649,.T.);
#2200=ORIENTED_EDGE('',*,*,#1635,.T.);
#2201=ORIENTED_EDGE('',*,*,#1626,.T.);
#2202=ORIENTED_EDGE('',*,*,#1645,.T.);
#2203=ORIENTED_EDGE('',*,*,#1633,.T.);
#2204=ORIENTED_EDGE('',*,*,#1542,.F.);
#2205=ORIENTED_EDGE('',*,*,#1650,.F.);
#2206=ORIENTED_EDGE('',*,*,#1650,.T.);
#2207=ORIENTED_EDGE('',*,*,#1651,.T.);
#2208=ORIENTED_EDGE('',*,*,#1652,.T.);
#2209=ORIENTED_EDGE('',*,*,#1651,.F.);
#2210=ORIENTED_EDGE('',*,*,#1641,.F.);
#2211=ORIENTED_EDGE('',*,*,#1648,.F.);
#2212=ORIENTED_EDGE('',*,*,#1653,.T.);
#2213=ORIENTED_EDGE('',*,*,#1547,.F.);
#2214=ORIENTED_EDGE('',*,*,#1654,.T.);
#2215=ORIENTED_EDGE('',*,*,#1655,.T.);
#2216=ORIENTED_EDGE('',*,*,#1599,.T.);
#2217=ORIENTED_EDGE('',*,*,#1656,.T.);
#2218=ORIENTED_EDGE('',*,*,#1657,.F.);
#2219=ORIENTED_EDGE('',*,*,#1658,.T.);
#2220=ORIENTED_EDGE('',*,*,#1654,.F.);
#2221=ORIENTED_EDGE('',*,*,#1659,.T.);
#2222=ORIENTED_EDGE('',*,*,#1660,.T.);
#2223=ORIENTED_EDGE('',*,*,#1661,.T.);
#2224=ORIENTED_EDGE('',*,*,#1603,.T.);
#2225=ORIENTED_EDGE('',*,*,#1662,.T.);
#2226=ORIENTED_EDGE('',*,*,#1660,.F.);
#2227=ORIENTED_EDGE('',*,*,#1663,.T.);
#2228=ORIENTED_EDGE('',*,*,#1662,.F.);
#2229=ORIENTED_EDGE('',*,*,#1602,.F.);
#2230=ORIENTED_EDGE('',*,*,#1664,.F.);
#2231=ORIENTED_EDGE('',*,*,#1665,.T.);
#2232=ORIENTED_EDGE('',*,*,#1658,.F.);
#2233=ORIENTED_EDGE('',*,*,#1666,.F.);
#2234=ORIENTED_EDGE('',*,*,#1667,.T.);
#2235=ORIENTED_EDGE('',*,*,#1663,.F.);
#2236=ORIENTED_EDGE('',*,*,#1659,.F.);
#2237=ORIENTED_EDGE('',*,*,#1656,.F.);
#2238=ORIENTED_EDGE('',*,*,#1598,.F.);
#2239=ORIENTED_EDGE('',*,*,#1668,.F.);
#2240=ORIENTED_EDGE('',*,*,#1669,.F.);
#2241=ORIENTED_EDGE('',*,*,#1670,.F.);
#2242=ORIENTED_EDGE('',*,*,#1604,.F.);
#2243=ORIENTED_EDGE('',*,*,#1671,.T.);
#2244=ORIENTED_EDGE('',*,*,#1672,.T.);
#2245=ORIENTED_EDGE('',*,*,#1605,.T.);
#2246=ORIENTED_EDGE('',*,*,#1670,.T.);
#2247=ORIENTED_EDGE('',*,*,#1673,.T.);
#2248=ORIENTED_EDGE('',*,*,#1674,.T.);
#2249=ORIENTED_EDGE('',*,*,#1671,.F.);
#2250=ORIENTED_EDGE('',*,*,#1669,.T.);
#2251=ORIENTED_EDGE('',*,*,#1597,.T.);
#2252=ORIENTED_EDGE('',*,*,#1675,.T.);
#2253=ORIENTED_EDGE('',*,*,#1673,.F.);
#2254=ORIENTED_EDGE('',*,*,#1668,.T.);
#2255=ORIENTED_EDGE('',*,*,#1661,.F.);
#2256=ORIENTED_EDGE('',*,*,#1665,.F.);
#2257=ORIENTED_EDGE('',*,*,#1676,.F.);
#2258=ORIENTED_EDGE('',*,*,#1674,.F.);
#2259=ORIENTED_EDGE('',*,*,#1677,.F.);
#2260=ORIENTED_EDGE('',*,*,#1678,.F.);
#2261=ORIENTED_EDGE('',*,*,#1679,.T.);
#2262=ORIENTED_EDGE('',*,*,#1655,.F.);
#2263=ORIENTED_EDGE('',*,*,#1667,.F.);
#2264=ORIENTED_EDGE('',*,*,#1680,.F.);
#2265=ORIENTED_EDGE('',*,*,#1600,.F.);
#2266=ORIENTED_EDGE('',*,*,#1681,.F.);
#2267=ORIENTED_EDGE('',*,*,#1682,.T.);
#2268=ORIENTED_EDGE('',*,*,#1683,.F.);
#2269=ORIENTED_EDGE('',*,*,#1682,.F.);
#2270=ORIENTED_EDGE('',*,*,#1675,.F.);
#2271=ORIENTED_EDGE('',*,*,#1596,.F.);
#2272=ORIENTED_EDGE('',*,*,#1684,.F.);
#2273=ORIENTED_EDGE('',*,*,#1677,.T.);
#2274=ORIENTED_EDGE('',*,*,#1664,.T.);
#2275=ORIENTED_EDGE('',*,*,#1601,.F.);
#2276=ORIENTED_EDGE('',*,*,#1680,.T.);
#2277=ORIENTED_EDGE('',*,*,#1666,.T.);
#2278=ORIENTED_EDGE('',*,*,#1657,.T.);
#2279=ORIENTED_EDGE('',*,*,#1676,.T.);
#2280=ORIENTED_EDGE('',*,*,#1683,.T.);
#2281=ORIENTED_EDGE('',*,*,#1685,.F.);
#2282=ORIENTED_EDGE('',*,*,#1686,.T.);
#2283=ORIENTED_EDGE('',*,*,#1687,.T.);
#2284=ORIENTED_EDGE('',*,*,#1688,.F.);
#2285=ORIENTED_EDGE('',*,*,#1689,.F.);
#2286=ORIENTED_EDGE('',*,*,#1690,.F.);
#2287=ORIENTED_EDGE('',*,*,#1691,.T.);
#2288=ORIENTED_EDGE('',*,*,#1692,.T.);
#2289=ORIENTED_EDGE('',*,*,#1686,.F.);
#2290=ORIENTED_EDGE('',*,*,#1693,.T.);
#2291=ORIENTED_EDGE('',*,*,#1694,.F.);
#2292=ORIENTED_EDGE('',*,*,#1695,.T.);
#2293=ORIENTED_EDGE('',*,*,#1696,.T.);
#2294=ORIENTED_EDGE('',*,*,#1691,.F.);
#2295=ORIENTED_EDGE('',*,*,#1697,.T.);
#2296=ORIENTED_EDGE('',*,*,#1698,.T.);
#2297=ORIENTED_EDGE('',*,*,#1699,.T.);
#2298=ORIENTED_EDGE('',*,*,#1695,.F.);
#2299=ORIENTED_EDGE('',*,*,#1700,.T.);
#2300=ORIENTED_EDGE('',*,*,#1701,.T.);
#2301=ORIENTED_EDGE('',*,*,#1702,.T.);
#2302=ORIENTED_EDGE('',*,*,#1698,.F.);
#2303=ORIENTED_EDGE('',*,*,#1703,.F.);
#2304=ORIENTED_EDGE('',*,*,#1687,.F.);
#2305=ORIENTED_EDGE('',*,*,#1692,.F.);
#2306=ORIENTED_EDGE('',*,*,#1696,.F.);
#2307=ORIENTED_EDGE('',*,*,#1699,.F.);
#2308=ORIENTED_EDGE('',*,*,#1702,.F.);
#2309=ORIENTED_EDGE('',*,*,#1690,.T.);
#2310=ORIENTED_EDGE('',*,*,#1704,.F.);
#2311=ORIENTED_EDGE('',*,*,#1705,.T.);
#2312=ORIENTED_EDGE('',*,*,#1706,.T.);
#2313=ORIENTED_EDGE('',*,*,#1707,.T.);
#2314=ORIENTED_EDGE('',*,*,#1607,.F.);
#2315=ORIENTED_EDGE('',*,*,#1708,.T.);
#2316=ORIENTED_EDGE('',*,*,#1536,.T.);
#2317=ORIENTED_EDGE('',*,*,#1689,.T.);
#2318=ORIENTED_EDGE('',*,*,#1685,.T.);
#2319=ORIENTED_EDGE('',*,*,#1709,.T.);
#2320=ORIENTED_EDGE('',*,*,#1710,.T.);
#2321=ORIENTED_EDGE('',*,*,#1711,.T.);
#2322=ORIENTED_EDGE('',*,*,#1712,.T.);
#2323=ORIENTED_EDGE('',*,*,#1713,.T.);
#2324=ORIENTED_EDGE('',*,*,#1714,.T.);
#2325=ORIENTED_EDGE('',*,*,#1715,.T.);
#2326=ORIENTED_EDGE('',*,*,#1716,.T.);
#2327=ORIENTED_EDGE('',*,*,#1717,.T.);
#2328=ORIENTED_EDGE('',*,*,#1704,.T.);
#2329=ORIENTED_EDGE('',*,*,#1718,.T.);
#2330=ORIENTED_EDGE('',*,*,#1719,.T.);
#2331=ORIENTED_EDGE('',*,*,#1720,.T.);
#2332=ORIENTED_EDGE('',*,*,#1721,.F.);
#2333=ORIENTED_EDGE('',*,*,#1694,.T.);
#2334=ORIENTED_EDGE('',*,*,#1722,.T.);
#2335=ORIENTED_EDGE('',*,*,#1721,.T.);
#2336=ORIENTED_EDGE('',*,*,#1723,.T.);
#2337=ORIENTED_EDGE('',*,*,#1710,.F.);
#2338=ORIENTED_EDGE('',*,*,#1724,.T.);
#2339=ORIENTED_EDGE('',*,*,#1725,.T.);
#2340=ORIENTED_EDGE('',*,*,#1726,.F.);
#2341=ORIENTED_EDGE('',*,*,#1709,.F.);
#2342=ORIENTED_EDGE('',*,*,#1688,.T.);
#2343=ORIENTED_EDGE('',*,*,#1703,.T.);
#2344=ORIENTED_EDGE('',*,*,#1701,.F.);
#2345=ORIENTED_EDGE('',*,*,#1727,.T.);
#2346=ORIENTED_EDGE('',*,*,#1724,.F.);
#2347=ORIENTED_EDGE('',*,*,#1720,.F.);
#2348=ORIENTED_EDGE('',*,*,#1728,.F.);
#2349=ORIENTED_EDGE('',*,*,#1725,.F.);
#2350=ORIENTED_EDGE('',*,*,#1727,.F.);
#2351=ORIENTED_EDGE('',*,*,#1700,.F.);
#2352=ORIENTED_EDGE('',*,*,#1697,.F.);
#2353=ORIENTED_EDGE('',*,*,#1723,.F.);
#2354=ORIENTED_EDGE('',*,*,#1717,.F.);
#2355=ORIENTED_EDGE('',*,*,#1729,.T.);
#2356=ORIENTED_EDGE('',*,*,#1730,.T.);
#2357=ORIENTED_EDGE('',*,*,#1705,.F.);
#2358=ORIENTED_EDGE('',*,*,#1716,.F.);
#2359=ORIENTED_EDGE('',*,*,#1731,.T.);
#2360=ORIENTED_EDGE('',*,*,#1732,.T.);
#2361=ORIENTED_EDGE('',*,*,#1729,.F.);
#2362=ORIENTED_EDGE('',*,*,#1715,.F.);
#2363=ORIENTED_EDGE('',*,*,#1733,.T.);
#2364=ORIENTED_EDGE('',*,*,#1734,.T.);
#2365=ORIENTED_EDGE('',*,*,#1731,.F.);
#2366=ORIENTED_EDGE('',*,*,#1735,.F.);
#2367=ORIENTED_EDGE('',*,*,#1736,.F.);
#2368=ORIENTED_EDGE('',*,*,#1737,.F.);
#2369=ORIENTED_EDGE('',*,*,#1718,.F.);
#2370=ORIENTED_EDGE('',*,*,#1722,.F.);
#2371=ORIENTED_EDGE('',*,*,#1693,.F.);
#2372=ORIENTED_EDGE('',*,*,#1706,.F.);
#2373=ORIENTED_EDGE('',*,*,#1730,.F.);
#2374=ORIENTED_EDGE('',*,*,#1732,.F.);
#2375=ORIENTED_EDGE('',*,*,#1734,.F.);
#2376=ORIENTED_EDGE('',*,*,#1712,.F.);
#2377=ORIENTED_EDGE('',*,*,#1738,.T.);
#2378=ORIENTED_EDGE('',*,*,#1739,.F.);
#2379=ORIENTED_EDGE('',*,*,#1740,.F.);
#2380=ORIENTED_EDGE('',*,*,#1713,.F.);
#2381=ORIENTED_EDGE('',*,*,#1740,.T.);
#2382=ORIENTED_EDGE('',*,*,#1741,.F.);
#2383=ORIENTED_EDGE('',*,*,#1742,.F.);
#2384=ORIENTED_EDGE('',*,*,#1714,.F.);
#2385=ORIENTED_EDGE('',*,*,#1742,.T.);
#2386=ORIENTED_EDGE('',*,*,#1743,.F.);
#2387=ORIENTED_EDGE('',*,*,#1744,.F.);
#2388=ORIENTED_EDGE('',*,*,#1744,.T.);
#2389=ORIENTED_EDGE('',*,*,#1745,.F.);
#2390=ORIENTED_EDGE('',*,*,#1746,.T.);
#2391=ORIENTED_EDGE('',*,*,#1735,.T.);
#2392=ORIENTED_EDGE('',*,*,#1733,.F.);
#2393=ORIENTED_EDGE('',*,*,#1746,.F.);
#2394=ORIENTED_EDGE('',*,*,#1747,.F.);
#2395=ORIENTED_EDGE('',*,*,#1748,.T.);
#2396=ORIENTED_EDGE('',*,*,#1736,.T.);
#2397=ORIENTED_EDGE('',*,*,#1748,.F.);
#2398=ORIENTED_EDGE('',*,*,#1749,.F.);
#2399=ORIENTED_EDGE('',*,*,#1750,.F.);
#2400=ORIENTED_EDGE('',*,*,#1726,.T.);
#2401=ORIENTED_EDGE('',*,*,#1728,.T.);
#2402=ORIENTED_EDGE('',*,*,#1719,.F.);
#2403=ORIENTED_EDGE('',*,*,#1737,.T.);
#2404=ORIENTED_EDGE('',*,*,#1711,.F.);
#2405=ORIENTED_EDGE('',*,*,#1750,.T.);
#2406=ORIENTED_EDGE('',*,*,#1751,.F.);
#2407=ORIENTED_EDGE('',*,*,#1738,.F.);
#2408=ORIENTED_EDGE('',*,*,#1751,.T.);
#2409=ORIENTED_EDGE('',*,*,#1749,.T.);
#2410=ORIENTED_EDGE('',*,*,#1747,.T.);
#2411=ORIENTED_EDGE('',*,*,#1745,.T.);
#2412=ORIENTED_EDGE('',*,*,#1743,.T.);
#2413=ORIENTED_EDGE('',*,*,#1741,.T.);
#2414=ORIENTED_EDGE('',*,*,#1739,.T.);
#2415=ORIENTED_EDGE('',*,*,#1445,.F.);
#2416=ORIENTED_EDGE('',*,*,#1752,.T.);
#2417=ORIENTED_EDGE('',*,*,#1753,.F.);
#2418=ORIENTED_EDGE('',*,*,#1754,.F.);
#2419=ORIENTED_EDGE('',*,*,#1453,.T.);
#2420=ORIENTED_EDGE('',*,*,#1448,.F.);
#2421=ORIENTED_EDGE('',*,*,#1452,.F.);
#2422=ORIENTED_EDGE('',*,*,#1755,.F.);
#2423=ORIENTED_EDGE('',*,*,#1752,.F.);
#2424=ORIENTED_EDGE('',*,*,#1753,.T.);
#2425=ORIENTED_EDGE('',*,*,#1755,.T.);
#2426=ORIENTED_EDGE('',*,*,#1451,.T.);
#2427=ORIENTED_EDGE('',*,*,#1756,.T.);
#2428=ORIENTED_EDGE('',*,*,#1757,.T.);
#2429=ORIENTED_EDGE('',*,*,#1758,.T.);
#2430=ORIENTED_EDGE('',*,*,#1759,.T.);
#2431=ORIENTED_EDGE('',*,*,#1760,.T.);
#2432=ORIENTED_EDGE('',*,*,#1761,.T.);
#2433=ORIENTED_EDGE('',*,*,#1762,.T.);
#2434=ORIENTED_EDGE('',*,*,#1763,.T.);
#2435=ORIENTED_EDGE('',*,*,#1764,.T.);
#2436=ORIENTED_EDGE('',*,*,#1441,.T.);
#2437=ORIENTED_EDGE('',*,*,#1765,.T.);
#2438=ORIENTED_EDGE('',*,*,#1766,.T.);
#2439=ORIENTED_EDGE('',*,*,#1767,.T.);
#2440=ORIENTED_EDGE('',*,*,#1437,.F.);
#2441=ORIENTED_EDGE('',*,*,#1768,.F.);
#2442=ORIENTED_EDGE('',*,*,#1763,.F.);
#2443=ORIENTED_EDGE('',*,*,#1769,.F.);
#2444=ORIENTED_EDGE('',*,*,#1443,.T.);
#2445=ORIENTED_EDGE('',*,*,#1436,.F.);
#2446=ORIENTED_EDGE('',*,*,#1442,.T.);
#2447=ORIENTED_EDGE('',*,*,#1764,.F.);
#2448=ORIENTED_EDGE('',*,*,#1768,.T.);
#2449=ORIENTED_EDGE('',*,*,#1770,.F.);
#2450=ORIENTED_EDGE('',*,*,#1771,.F.);
#2451=ORIENTED_EDGE('',*,*,#1772,.F.);
#2452=ORIENTED_EDGE('',*,*,#1773,.T.);
#2453=ORIENTED_EDGE('',*,*,#1774,.F.);
#2454=ORIENTED_EDGE('',*,*,#1773,.F.);
#2455=ORIENTED_EDGE('',*,*,#1775,.F.);
#2456=ORIENTED_EDGE('',*,*,#1776,.T.);
#2457=ORIENTED_EDGE('',*,*,#1777,.F.);
#2458=ORIENTED_EDGE('',*,*,#1776,.F.);
#2459=ORIENTED_EDGE('',*,*,#1778,.F.);
#2460=ORIENTED_EDGE('',*,*,#1779,.T.);
#2461=ORIENTED_EDGE('',*,*,#1780,.F.);
#2462=ORIENTED_EDGE('',*,*,#1779,.F.);
#2463=ORIENTED_EDGE('',*,*,#1781,.F.);
#2464=ORIENTED_EDGE('',*,*,#1782,.T.);
#2465=ORIENTED_EDGE('',*,*,#1783,.F.);
#2466=ORIENTED_EDGE('',*,*,#1782,.F.);
#2467=ORIENTED_EDGE('',*,*,#1784,.F.);
#2468=ORIENTED_EDGE('',*,*,#1785,.T.);
#2469=ORIENTED_EDGE('',*,*,#1786,.F.);
#2470=ORIENTED_EDGE('',*,*,#1785,.F.);
#2471=ORIENTED_EDGE('',*,*,#1787,.F.);
#2472=ORIENTED_EDGE('',*,*,#1771,.T.);
#2473=ORIENTED_EDGE('',*,*,#1770,.T.);
#2474=ORIENTED_EDGE('',*,*,#1774,.T.);
#2475=ORIENTED_EDGE('',*,*,#1777,.T.);
#2476=ORIENTED_EDGE('',*,*,#1780,.T.);
#2477=ORIENTED_EDGE('',*,*,#1783,.T.);
#2478=ORIENTED_EDGE('',*,*,#1786,.T.);
#2479=ORIENTED_EDGE('',*,*,#1788,.F.);
#2480=ORIENTED_EDGE('',*,*,#1789,.F.);
#2481=ORIENTED_EDGE('',*,*,#1790,.F.);
#2482=ORIENTED_EDGE('',*,*,#1791,.F.);
#2483=ORIENTED_EDGE('',*,*,#1792,.F.);
#2484=ORIENTED_EDGE('',*,*,#1463,.F.);
#2485=ORIENTED_EDGE('',*,*,#1793,.F.);
#2486=ORIENTED_EDGE('',*,*,#1794,.F.);
#2487=ORIENTED_EDGE('',*,*,#1795,.F.);
#2488=ORIENTED_EDGE('',*,*,#1476,.F.);
#2489=ORIENTED_EDGE('',*,*,#1791,.T.);
#2490=ORIENTED_EDGE('',*,*,#1796,.T.);
#2491=ORIENTED_EDGE('',*,*,#1797,.T.);
#2492=ORIENTED_EDGE('',*,*,#1798,.T.);
#2493=ORIENTED_EDGE('',*,*,#1799,.T.);
#2494=ORIENTED_EDGE('',*,*,#1790,.T.);
#2495=ORIENTED_EDGE('',*,*,#1800,.F.);
#2496=ORIENTED_EDGE('',*,*,#1801,.T.);
#2497=ORIENTED_EDGE('',*,*,#1802,.T.);
#2498=ORIENTED_EDGE('',*,*,#1803,.F.);
#2499=ORIENTED_EDGE('',*,*,#1796,.F.);
#2500=ORIENTED_EDGE('',*,*,#1789,.T.);
#2501=ORIENTED_EDGE('',*,*,#1804,.T.);
#2502=ORIENTED_EDGE('',*,*,#1805,.T.);
#2503=ORIENTED_EDGE('',*,*,#1806,.T.);
#2504=ORIENTED_EDGE('',*,*,#1800,.T.);
#2505=ORIENTED_EDGE('',*,*,#1807,.F.);
#2506=ORIENTED_EDGE('',*,*,#1808,.T.);
#2507=ORIENTED_EDGE('',*,*,#1553,.F.);
#2508=ORIENTED_EDGE('',*,*,#1809,.F.);
#2509=ORIENTED_EDGE('',*,*,#1810,.F.);
#2510=ORIENTED_EDGE('',*,*,#1811,.F.);
#2511=ORIENTED_EDGE('',*,*,#1613,.F.);
#2512=ORIENTED_EDGE('',*,*,#1812,.T.);
#2513=ORIENTED_EDGE('',*,*,#1813,.F.);
#2514=ORIENTED_EDGE('',*,*,#1809,.T.);
#2515=ORIENTED_EDGE('',*,*,#1552,.F.);
#2516=ORIENTED_EDGE('',*,*,#1814,.F.);
#2517=ORIENTED_EDGE('',*,*,#1815,.F.);
#2518=ORIENTED_EDGE('',*,*,#1816,.F.);
#2519=ORIENTED_EDGE('',*,*,#1550,.F.);
#2520=ORIENTED_EDGE('',*,*,#1808,.F.);
#2521=ORIENTED_EDGE('',*,*,#1817,.F.);
#2522=ORIENTED_EDGE('',*,*,#1812,.F.);
#2523=ORIENTED_EDGE('',*,*,#1612,.F.);
#2524=ORIENTED_EDGE('',*,*,#1818,.F.);
#2525=ORIENTED_EDGE('',*,*,#1805,.F.);
#2526=ORIENTED_EDGE('',*,*,#1814,.T.);
#2527=ORIENTED_EDGE('',*,*,#1551,.F.);
#2528=ORIENTED_EDGE('',*,*,#1816,.T.);
#2529=ORIENTED_EDGE('',*,*,#1798,.F.);
#2530=ORIENTED_EDGE('',*,*,#1818,.T.);
#2531=ORIENTED_EDGE('',*,*,#1611,.F.);
#2532=ORIENTED_EDGE('',*,*,#1819,.T.);
#2533=ORIENTED_EDGE('',*,*,#1820,.F.);
#2534=ORIENTED_EDGE('',*,*,#1819,.F.);
#2535=ORIENTED_EDGE('',*,*,#1610,.F.);
#2536=ORIENTED_EDGE('',*,*,#1811,.T.);
#2537=ORIENTED_EDGE('',*,*,#1466,.T.);
#2538=ORIENTED_EDGE('',*,*,#1792,.T.);
#2539=ORIENTED_EDGE('',*,*,#1799,.F.);
#2540=ORIENTED_EDGE('',*,*,#1820,.T.);
#2541=ORIENTED_EDGE('',*,*,#1810,.T.);
#2542=ORIENTED_EDGE('',*,*,#1817,.T.);
#2543=ORIENTED_EDGE('',*,*,#1797,.F.);
#2544=ORIENTED_EDGE('',*,*,#1803,.T.);
#2545=ORIENTED_EDGE('',*,*,#1821,.F.);
#2546=ORIENTED_EDGE('',*,*,#1756,.F.);
#2547=ORIENTED_EDGE('',*,*,#1450,.T.);
#2548=ORIENTED_EDGE('',*,*,#1454,.T.);
#2549=ORIENTED_EDGE('',*,*,#1754,.T.);
#2550=ORIENTED_EDGE('',*,*,#1767,.F.);
#2551=ORIENTED_EDGE('',*,*,#1822,.T.);
#2552=ORIENTED_EDGE('',*,*,#1793,.T.);
#2553=ORIENTED_EDGE('',*,*,#1460,.T.);
#2554=ORIENTED_EDGE('',*,*,#1457,.T.);
#2555=ORIENTED_EDGE('',*,*,#1473,.T.);
#2556=ORIENTED_EDGE('',*,*,#1795,.T.);
#2557=ORIENTED_EDGE('',*,*,#1823,.F.);
#2558=ORIENTED_EDGE('',*,*,#1765,.F.);
#2559=ORIENTED_EDGE('',*,*,#1440,.T.);
#2560=ORIENTED_EDGE('',*,*,#1444,.T.);
#2561=ORIENTED_EDGE('',*,*,#1769,.T.);
#2562=ORIENTED_EDGE('',*,*,#1762,.F.);
#2563=ORIENTED_EDGE('',*,*,#1824,.T.);
#2564=ORIENTED_EDGE('',*,*,#1801,.F.);
#2565=ORIENTED_EDGE('',*,*,#1806,.F.);
#2566=ORIENTED_EDGE('',*,*,#1815,.T.);
#2567=ORIENTED_EDGE('',*,*,#1807,.T.);
#2568=ORIENTED_EDGE('',*,*,#1813,.T.);
#2569=ORIENTED_EDGE('',*,*,#1804,.F.);
#2570=ORIENTED_EDGE('',*,*,#1788,.T.);
#2571=ORIENTED_EDGE('',*,*,#1478,.T.);
#2572=ORIENTED_EDGE('',*,*,#1469,.T.);
#2573=ORIENTED_EDGE('',*,*,#1825,.F.);
#2574=ORIENTED_EDGE('',*,*,#1826,.F.);
#2575=ORIENTED_EDGE('',*,*,#1760,.F.);
#2576=ORIENTED_EDGE('',*,*,#1827,.T.);
#2577=ORIENTED_EDGE('',*,*,#1828,.F.);
#2578=ORIENTED_EDGE('',*,*,#1827,.F.);
#2579=ORIENTED_EDGE('',*,*,#1759,.F.);
#2580=ORIENTED_EDGE('',*,*,#1829,.T.);
#2581=ORIENTED_EDGE('',*,*,#1830,.F.);
#2582=ORIENTED_EDGE('',*,*,#1829,.F.);
#2583=ORIENTED_EDGE('',*,*,#1758,.F.);
#2584=ORIENTED_EDGE('',*,*,#1831,.T.);
#2585=ORIENTED_EDGE('',*,*,#1832,.F.);
#2586=ORIENTED_EDGE('',*,*,#1831,.F.);
#2587=ORIENTED_EDGE('',*,*,#1833,.T.);
#2588=ORIENTED_EDGE('',*,*,#1826,.T.);
#2589=ORIENTED_EDGE('',*,*,#1794,.T.);
#2590=ORIENTED_EDGE('',*,*,#1822,.F.);
#2591=ORIENTED_EDGE('',*,*,#1766,.F.);
#2592=ORIENTED_EDGE('',*,*,#1823,.T.);
#2593=ORIENTED_EDGE('',*,*,#1757,.F.);
#2594=ORIENTED_EDGE('',*,*,#1821,.T.);
#2595=ORIENTED_EDGE('',*,*,#1802,.F.);
#2596=ORIENTED_EDGE('',*,*,#1824,.F.);
#2597=ORIENTED_EDGE('',*,*,#1761,.F.);
#2598=ORIENTED_EDGE('',*,*,#1833,.F.);
#2599=ORIENTED_EDGE('',*,*,#1834,.F.);
#2600=ORIENTED_EDGE('',*,*,#1835,.F.);
#2601=ORIENTED_EDGE('',*,*,#1608,.F.);
#2602=ORIENTED_EDGE('',*,*,#1836,.F.);
#2603=ORIENTED_EDGE('',*,*,#1535,.F.);
#2604=ORIENTED_EDGE('',*,*,#1837,.F.);
#2605=ORIENTED_EDGE('',*,*,#1526,.F.);
#2606=ORIENTED_EDGE('',*,*,#1557,.F.);
#2607=ORIENTED_EDGE('',*,*,#1838,.F.);
#2608=ORIENTED_EDGE('',*,*,#1615,.T.);
#2609=ORIENTED_EDGE('',*,*,#1591,.F.);
#2610=ORIENTED_EDGE('',*,*,#1609,.T.);
#2611=ORIENTED_EDGE('',*,*,#1835,.T.);
#2612=ORIENTED_EDGE('',*,*,#1839,.T.);
#2613=ORIENTED_EDGE('',*,*,#1837,.T.);
#2614=ORIENTED_EDGE('',*,*,#1534,.T.);
#2615=ORIENTED_EDGE('',*,*,#1772,.T.);
#2616=ORIENTED_EDGE('',*,*,#1787,.T.);
#2617=ORIENTED_EDGE('',*,*,#1784,.T.);
#2618=ORIENTED_EDGE('',*,*,#1781,.T.);
#2619=ORIENTED_EDGE('',*,*,#1778,.T.);
#2620=ORIENTED_EDGE('',*,*,#1775,.T.);
#2621=ORIENTED_EDGE('',*,*,#1834,.T.);
#2622=ORIENTED_EDGE('',*,*,#1707,.F.);
#2623=ORIENTED_EDGE('',*,*,#1836,.T.);
#2624=ORIENTED_EDGE('',*,*,#1839,.F.);
#2625=ORIENTED_EDGE('',*,*,#1840,.F.);
#2626=ORIENTED_EDGE('',*,*,#1678,.T.);
#2627=ORIENTED_EDGE('',*,*,#1684,.T.);
#2628=ORIENTED_EDGE('',*,*,#1595,.T.);
#2629=ORIENTED_EDGE('',*,*,#1622,.F.);
#2630=ORIENTED_EDGE('',*,*,#1616,.F.);
#2631=ORIENTED_EDGE('',*,*,#1838,.T.);
#2632=ORIENTED_EDGE('',*,*,#1556,.T.);
#2633=ORIENTED_EDGE('',*,*,#1562,.T.);
#2634=ORIENTED_EDGE('',*,*,#1548,.F.);
#2635=ORIENTED_EDGE('',*,*,#1653,.F.);
#2636=ORIENTED_EDGE('',*,*,#1647,.F.);
#2637=ORIENTED_EDGE('',*,*,#1559,.T.);
#2638=ORIENTED_EDGE('',*,*,#1621,.F.);
#2639=ORIENTED_EDGE('',*,*,#1652,.F.);
#2640=ORIENTED_EDGE('',*,*,#1681,.T.);
#2641=ORIENTED_EDGE('',*,*,#1537,.F.);
#2642=ORIENTED_EDGE('',*,*,#1708,.F.);
#2643=ORIENTED_EDGE('',*,*,#1606,.F.);
#2644=ORIENTED_EDGE('',*,*,#1672,.F.);
#2645=ORIENTED_EDGE('',*,*,#1679,.F.);
#2646=ORIENTED_EDGE('',*,*,#1840,.T.);
#2647=ORIENTED_EDGE('',*,*,#1646,.T.);
#2648=ORIENTED_EDGE('',*,*,#1644,.F.);
#2649=ORIENTED_EDGE('',*,*,#1825,.T.);
#2650=ORIENTED_EDGE('',*,*,#1828,.T.);
#2651=ORIENTED_EDGE('',*,*,#1830,.T.);
#2652=ORIENTED_EDGE('',*,*,#1832,.T.);
#2653=CYLINDRICAL_SURFACE('',#2853,2.);
#2654=CYLINDRICAL_SURFACE('',#2858,2.);
#2655=CYLINDRICAL_SURFACE('',#2878,1.80000025779015);
#2656=CYLINDRICAL_SURFACE('',#2882,2.30000025779015);
#2657=CYLINDRICAL_SURFACE('',#2887,0.2);
#2658=CYLINDRICAL_SURFACE('',#2894,0.2);
#2659=CYLINDRICAL_SURFACE('',#2897,3.);
#2660=CYLINDRICAL_SURFACE('',#2901,0.2);
#2661=CYLINDRICAL_SURFACE('',#2906,0.2);
#2662=CYLINDRICAL_SURFACE('',#2913,3.);
#2663=CYLINDRICAL_SURFACE('',#2915,4.);
#2664=CYLINDRICAL_SURFACE('',#2918,1.7);
#2665=CYLINDRICAL_SURFACE('',#2923,0.2);
#2666=CYLINDRICAL_SURFACE('',#2930,0.2);
#2667=CYLINDRICAL_SURFACE('',#2933,3.);
#2668=CYLINDRICAL_SURFACE('',#2937,0.2);
#2669=CYLINDRICAL_SURFACE('',#2942,0.2);
#2670=CYLINDRICAL_SURFACE('',#2949,3.);
#2671=CYLINDRICAL_SURFACE('',#2951,4.);
#2672=CYLINDRICAL_SURFACE('',#2956,1.7);
#2673=CYLINDRICAL_SURFACE('',#2959,0.2);
#2674=CYLINDRICAL_SURFACE('',#2965,0.2);
#2675=CYLINDRICAL_SURFACE('',#2967,3.);
#2676=CYLINDRICAL_SURFACE('',#2971,0.2);
#2677=CYLINDRICAL_SURFACE('',#2975,0.2);
#2678=CYLINDRICAL_SURFACE('',#2976,3.);
#2679=CYLINDRICAL_SURFACE('',#2978,4.);
#2680=CYLINDRICAL_SURFACE('',#2983,1.7);
#2681=CYLINDRICAL_SURFACE('',#2986,0.2);
#2682=CYLINDRICAL_SURFACE('',#2992,0.2);
#2683=CYLINDRICAL_SURFACE('',#2994,3.);
#2684=CYLINDRICAL_SURFACE('',#2998,0.2);
#2685=CYLINDRICAL_SURFACE('',#3002,0.2);
#2686=CYLINDRICAL_SURFACE('',#3003,3.);
#2687=CYLINDRICAL_SURFACE('',#3005,4.);
#2688=CYLINDRICAL_SURFACE('',#3008,1.7);
#2689=ADVANCED_FACE('',(#203),#2653,.T.);
#2690=ADVANCED_FACE('',(#204),#104,.T.);
#2691=ADVANCED_FACE('',(#205),#105,.T.);
#2692=ADVANCED_FACE('',(#206),#2654,.T.);
#2693=ADVANCED_FACE('',(#207),#106,.F.);
#2694=ADVANCED_FACE('',(#208),#107,.F.);
#2695=ADVANCED_FACE('',(#209),#108,.F.);
#2696=ADVANCED_FACE('',(#210),#109,.F.);
#2697=ADVANCED_FACE('',(#211),#110,.F.);
#2698=ADVANCED_FACE('',(#212),#111,.F.);
#2699=ADVANCED_FACE('',(#213),#112,.F.);
#2700=ADVANCED_FACE('',(#214),#113,.T.);
#2701=ADVANCED_FACE('',(#215),#114,.T.);
#2702=ADVANCED_FACE('',(#216),#115,.T.);
#2703=ADVANCED_FACE('',(#217),#116,.T.);
#2704=ADVANCED_FACE('',(#218),#117,.T.);
#2705=ADVANCED_FACE('',(#219),#118,.T.);
#2706=ADVANCED_FACE('',(#220),#119,.T.);
#2707=ADVANCED_FACE('',(#221),#120,.T.);
#2708=ADVANCED_FACE('',(#222),#121,.T.);
#2709=ADVANCED_FACE('',(#223),#122,.T.);
#2710=ADVANCED_FACE('',(#224),#2655,.F.);
#2711=ADVANCED_FACE('',(#225),#123,.T.);
#2712=ADVANCED_FACE('',(#226),#2656,.T.);
#2713=ADVANCED_FACE('',(#227),#124,.T.);
#2714=ADVANCED_FACE('',(#228),#125,.T.);
#2715=ADVANCED_FACE('',(#229),#2657,.T.);
#2716=ADVANCED_FACE('',(#230),#49,.F.);
#2717=ADVANCED_FACE('',(#231),#2658,.T.);
#2718=ADVANCED_FACE('',(#232),#126,.T.);
#2719=ADVANCED_FACE('',(#233),#2659,.F.);
#2720=ADVANCED_FACE('',(#234),#127,.F.);
#2721=ADVANCED_FACE('',(#235),#2660,.T.);
#2722=ADVANCED_FACE('',(#236),#50,.F.);
#2723=ADVANCED_FACE('',(#237),#2661,.T.);
#2724=ADVANCED_FACE('',(#238,#15),#128,.T.);
#2725=ADVANCED_FACE('',(#239),#2662,.F.);
#2726=ADVANCED_FACE('',(#240),#2663,.T.);
#2727=ADVANCED_FACE('',(#241),#129,.T.);
#2728=ADVANCED_FACE('',(#242),#2664,.F.);
#2729=ADVANCED_FACE('',(#243),#130,.T.);
#2730=ADVANCED_FACE('',(#244,#16),#131,.F.);
#2731=ADVANCED_FACE('',(#245),#2665,.T.);
#2732=ADVANCED_FACE('',(#246),#51,.F.);
#2733=ADVANCED_FACE('',(#247),#2666,.T.);
#2734=ADVANCED_FACE('',(#248),#132,.F.);
#2735=ADVANCED_FACE('',(#249),#2667,.F.);
#2736=ADVANCED_FACE('',(#250),#133,.F.);
#2737=ADVANCED_FACE('',(#251),#2668,.T.);
#2738=ADVANCED_FACE('',(#252),#52,.F.);
#2739=ADVANCED_FACE('',(#253),#2669,.T.);
#2740=ADVANCED_FACE('',(#254,#17,#18,#19),#134,.T.);
#2741=ADVANCED_FACE('',(#255),#2670,.F.);
#2742=ADVANCED_FACE('',(#256),#2671,.T.);
#2743=ADVANCED_FACE('',(#257),#135,.F.);
#2744=ADVANCED_FACE('',(#258,#20),#136,.T.);
#2745=ADVANCED_FACE('',(#259),#2672,.F.);
#2746=ADVANCED_FACE('',(#260),#137,.F.);
#2747=ADVANCED_FACE('',(#261),#2673,.T.);
#2748=ADVANCED_FACE('',(#262),#53,.F.);
#2749=ADVANCED_FACE('',(#263),#2674,.T.);
#2750=ADVANCED_FACE('',(#264),#138,.F.);
#2751=ADVANCED_FACE('',(#265),#2675,.F.);
#2752=ADVANCED_FACE('',(#266),#139,.F.);
#2753=ADVANCED_FACE('',(#267),#2676,.T.);
#2754=ADVANCED_FACE('',(#268),#54,.F.);
#2755=ADVANCED_FACE('',(#269),#2677,.T.);
#2756=ADVANCED_FACE('',(#270),#2678,.F.);
#2757=ADVANCED_FACE('',(#271),#2679,.T.);
#2758=ADVANCED_FACE('',(#272),#140,.F.);
#2759=ADVANCED_FACE('',(#273,#21),#141,.T.);
#2760=ADVANCED_FACE('',(#274),#2680,.F.);
#2761=ADVANCED_FACE('',(#275),#142,.F.);
#2762=ADVANCED_FACE('',(#276),#2681,.T.);
#2763=ADVANCED_FACE('',(#277),#55,.F.);
#2764=ADVANCED_FACE('',(#278),#2682,.T.);
#2765=ADVANCED_FACE('',(#279),#143,.T.);
#2766=ADVANCED_FACE('',(#280),#2683,.F.);
#2767=ADVANCED_FACE('',(#281),#144,.F.);
#2768=ADVANCED_FACE('',(#282),#2684,.T.);
#2769=ADVANCED_FACE('',(#283),#56,.F.);
#2770=ADVANCED_FACE('',(#284),#2685,.T.);
#2771=ADVANCED_FACE('',(#285),#2686,.F.);
#2772=ADVANCED_FACE('',(#286),#2687,.T.);
#2773=ADVANCED_FACE('',(#287),#145,.T.);
#2774=ADVANCED_FACE('',(#288),#2688,.F.);
#2775=ADVANCED_FACE('',(#289),#146,.T.);
#2776=ADVANCED_FACE('',(#290,#22),#147,.F.);
#2777=ADVANCED_FACE('',(#291),#148,.F.);
#2778=ADVANCED_FACE('',(#292),#149,.F.);
#2779=ADVANCED_FACE('',(#293),#150,.F.);
#2780=ADVANCED_FACE('',(#294),#57,.F.);
#2781=ADVANCED_FACE('',(#295),#58,.F.);
#2782=ADVANCED_FACE('',(#296),#151,.T.);
#2783=ADVANCED_FACE('',(#297),#152,.F.);
#2784=ADVANCED_FACE('',(#298,#23),#153,.T.);
#2785=ADVANCED_FACE('',(#299),#154,.F.);
#2786=ADVANCED_FACE('',(#300),#59,.F.);
#2787=ADVANCED_FACE('',(#301),#155,.F.);
#2788=ADVANCED_FACE('',(#302),#156,.F.);
#2789=ADVANCED_FACE('',(#303),#157,.T.);
#2790=ADVANCED_FACE('',(#304),#60,.F.);
#2791=ADVANCED_FACE('',(#305),#61,.F.);
#2792=ADVANCED_FACE('',(#306),#158,.F.);
#2793=ADVANCED_FACE('',(#307),#159,.T.);
#2794=ADVANCED_FACE('',(#308),#160,.T.);
#2795=ADVANCED_FACE('',(#309),#161,.T.);
#2796=ADVANCED_FACE('',(#310),#162,.T.);
#2797=ADVANCED_FACE('',(#311),#62,.T.);
#2798=ADVANCED_FACE('',(#312),#63,.T.);
#2799=ADVANCED_FACE('',(#313),#163,.T.);
#2800=ADVANCED_FACE('',(#314),#164,.T.);
#2801=ADVANCED_FACE('',(#315),#165,.T.);
#2802=ADVANCED_FACE('',(#316),#166,.F.);
#2803=ADVANCED_FACE('',(#317),#167,.F.);
#2804=ADVANCED_FACE('',(#318),#168,.T.);
#2805=ADVANCED_FACE('',(#319),#169,.T.);
#2806=ADVANCED_FACE('',(#320),#170,.T.);
#2807=ADVANCED_FACE('',(#321),#171,.F.);
#2808=ADVANCED_FACE('',(#322),#172,.F.);
#2809=ADVANCED_FACE('',(#323),#173,.F.);
#2810=ADVANCED_FACE('',(#324),#174,.F.);
#2811=ADVANCED_FACE('',(#325),#175,.F.);
#2812=ADVANCED_FACE('',(#326),#176,.F.);
#2813=ADVANCED_FACE('',(#327,#24),#177,.T.);
#2814=ADVANCED_FACE('',(#328),#178,.T.);
#2815=ADVANCED_FACE('',(#329),#179,.F.);
#2816=ADVANCED_FACE('',(#330),#180,.T.);
#2817=ADVANCED_FACE('',(#331),#181,.F.);
#2818=ADVANCED_FACE('',(#332),#182,.F.);
#2819=ADVANCED_FACE('',(#333),#183,.F.);
#2820=ADVANCED_FACE('',(#334),#184,.F.);
#2821=ADVANCED_FACE('',(#335),#185,.F.);
#2822=ADVANCED_FACE('',(#336),#186,.F.);
#2823=ADVANCED_FACE('',(#337),#187,.F.);
#2824=ADVANCED_FACE('',(#338),#188,.F.);
#2825=ADVANCED_FACE('',(#339),#189,.F.);
#2826=ADVANCED_FACE('',(#340),#190,.F.);
#2827=ADVANCED_FACE('',(#341),#191,.F.);
#2828=ADVANCED_FACE('',(#342),#192,.F.);
#2829=ADVANCED_FACE('',(#343),#193,.F.);
#2830=ADVANCED_FACE('',(#344),#194,.F.);
#2831=ADVANCED_FACE('',(#345),#195,.F.);
#2832=ADVANCED_FACE('',(#346),#196,.F.);
#2833=ADVANCED_FACE('',(#347),#197,.F.);
#2834=ADVANCED_FACE('',(#348),#198,.F.);
#2835=ADVANCED_FACE('',(#349,#25),#199,.T.);
#2836=ADVANCED_FACE('',(#350),#200,.T.);
#2837=ADVANCED_FACE('',(#351,#26,#27,#28,#29),#201,.T.);
#2838=ADVANCED_FACE('',(#352,#30),#202,.F.);
#2839=CLOSED_SHELL('',(#2689,#2690,#2691,#2692,#2693,#2694,#2695,#2696,
#2697,#2698,#2699,#2700,#2701,#2702,#2703,#2704,#2705,#2706,#2707,#2708,
#2709,#2710,#2711,#2712,#2713,#2714,#2715,#2716,#2717,#2718,#2719,#2720,
#2721,#2722,#2723,#2724,#2725,#2726,#2727,#2728,#2729,#2730,#2731,#2732,
#2733,#2734,#2735,#2736,#2737,#2738,#2739,#2740,#2741,#2742,#2743,#2744,
#2745,#2746,#2747,#2748,#2749,#2750,#2751,#2752,#2753,#2754,#2755,#2756,
#2757,#2758,#2759,#2760,#2761,#2762,#2763,#2764,#2765,#2766,#2767,#2768,
#2769,#2770,#2771,#2772,#2773,#2774,#2775,#2776,#2777,#2778,#2779,#2780,
#2781,#2782,#2783,#2784,#2785,#2786,#2787,#2788,#2789,#2790,#2791,#2792,
#2793,#2794,#2795,#2796,#2797,#2798,#2799,#2800,#2801,#2802,#2803,#2804,
#2805,#2806,#2807,#2808,#2809,#2810,#2811,#2812,#2813,#2814,#2815,#2816,
#2817,#2818,#2819,#2820,#2821,#2822,#2823,#2824,#2825,#2826,#2827,#2828,
#2829,#2830,#2831,#2832,#2833,#2834,#2835,#2836,#2837,#2838));
#2840=DERIVED_UNIT_ELEMENT(#2842,1.);
#2841=DERIVED_UNIT_ELEMENT(#5217,-3.);
#2842=(
MASS_UNIT()
NAMED_UNIT(*)
SI_UNIT(.KILO.,.GRAM.)
);
#2843=DERIVED_UNIT((#2840,#2841));
#2844=MEASURE_REPRESENTATION_ITEM('density measure',
POSITIVE_RATIO_MEASURE(7850.),#2843);
#2845=PROPERTY_DEFINITION_REPRESENTATION(#2850,#2847);
#2846=PROPERTY_DEFINITION_REPRESENTATION(#2851,#2848);
#2847=REPRESENTATION('material name',(#2849),#5214);
#2848=REPRESENTATION('density',(#2844),#5214);
#2849=DESCRIPTIVE_REPRESENTATION_ITEM('Steel','Steel');
#2850=PROPERTY_DEFINITION('material property','material name',#5224);
#2851=PROPERTY_DEFINITION('material property','density of part',#5224);
#2852=AXIS2_PLACEMENT_3D('',#3808,#3068,#3069);
#2853=AXIS2_PLACEMENT_3D('',#3809,#3070,#3071);
#2854=AXIS2_PLACEMENT_3D('',#3812,#3072,#3073);
#2855=AXIS2_PLACEMENT_3D('',#3816,#3075,#3076);
#2856=AXIS2_PLACEMENT_3D('',#3818,#3078,#3079);
#2857=AXIS2_PLACEMENT_3D('',#3826,#3084,#3085);
#2858=AXIS2_PLACEMENT_3D('',#3830,#3088,#3089);
#2859=AXIS2_PLACEMENT_3D('',#3833,#3090,#3091);
#2860=AXIS2_PLACEMENT_3D('',#3837,#3093,#3094);
#2861=AXIS2_PLACEMENT_3D('',#3839,#3096,#3097);
#2862=AXIS2_PLACEMENT_3D('',#3847,#3102,#3103);
#2863=AXIS2_PLACEMENT_3D('',#3851,#3106,#3107);
#2864=AXIS2_PLACEMENT_3D('',#3860,#3112,#3113);
#2865=AXIS2_PLACEMENT_3D('',#3866,#3117,#3118);
#2866=AXIS2_PLACEMENT_3D('',#3872,#3122,#3123);
#2867=AXIS2_PLACEMENT_3D('',#3875,#3126,#3127);
#2868=AXIS2_PLACEMENT_3D('',#3876,#3128,#3129);
#2869=AXIS2_PLACEMENT_3D('',#3885,#3134,#3135);
#2870=AXIS2_PLACEMENT_3D('',#3891,#3139,#3140);
#2871=AXIS2_PLACEMENT_3D('',#3897,#3144,#3145);
#2872=AXIS2_PLACEMENT_3D('',#3900,#3148,#3149);
#2873=AXIS2_PLACEMENT_3D('',#3901,#3150,#3151);
#2874=AXIS2_PLACEMENT_3D('',#3910,#3156,#3157);
#2875=AXIS2_PLACEMENT_3D('',#3916,#3161,#3162);
#2876=AXIS2_PLACEMENT_3D('',#3922,#3166,#3167);
#2877=AXIS2_PLACEMENT_3D('',#3925,#3170,#3171);
#2878=AXIS2_PLACEMENT_3D('',#3926,#3172,#3173);
#2879=AXIS2_PLACEMENT_3D('',#3929,#3174,#3175);
#2880=AXIS2_PLACEMENT_3D('',#3933,#3177,#3178);
#2881=AXIS2_PLACEMENT_3D('',#3935,#3180,#3181);
#2882=AXIS2_PLACEMENT_3D('',#3941,#3185,#3186);
#2883=AXIS2_PLACEMENT_3D('',#3943,#3187,#3188);
#2884=AXIS2_PLACEMENT_3D('',#3945,#3189,#3190);
#2885=AXIS2_PLACEMENT_3D('',#3947,#3192,#3193);
#2886=AXIS2_PLACEMENT_3D('',#3950,#3196,#3197);
#2887=AXIS2_PLACEMENT_3D('',#3951,#3198,#3199);
#2888=AXIS2_PLACEMENT_3D('',#3954,#3200,#3201);
#2889=AXIS2_PLACEMENT_3D('',#3958,#3203,#3204);
#2890=AXIS2_PLACEMENT_3D('',#4052,#3206,#3207);
#2891=AXIS2_PLACEMENT_3D('',#4054,#3208,#3209);
#2892=AXIS2_PLACEMENT_3D('',#4056,#3210,#3211);
#2893=AXIS2_PLACEMENT_3D('',#4057,#3212,#3213);
#2894=AXIS2_PLACEMENT_3D('',#4058,#3214,#3215);
#2895=AXIS2_PLACEMENT_3D('',#4061,#3216,#3217);
#2896=AXIS2_PLACEMENT_3D('',#4064,#3220,#3221);
#2897=AXIS2_PLACEMENT_3D('',#4070,#3225,#3226);
#2898=AXIS2_PLACEMENT_3D('',#4072,#3227,#3228);
#2899=AXIS2_PLACEMENT_3D('',#4074,#3230,#3231);
#2900=AXIS2_PLACEMENT_3D('',#4080,#3234,#3235);
#2901=AXIS2_PLACEMENT_3D('',#4084,#3238,#3239);
#2902=AXIS2_PLACEMENT_3D('',#4086,#3240,#3241);
#2903=AXIS2_PLACEMENT_3D('',#4089,#3243,#3244);
#2904=AXIS2_PLACEMENT_3D('',#4126,#3245,#3246);
#2905=AXIS2_PLACEMENT_3D('',#4127,#3247,#3248);
#2906=AXIS2_PLACEMENT_3D('',#4128,#3249,#3250);
#2907=AXIS2_PLACEMENT_3D('',#4130,#3251,#3252);
#2908=AXIS2_PLACEMENT_3D('',#4132,#3254,#3255);
#2909=AXIS2_PLACEMENT_3D('',#4145,#3262,#3263);
#2910=AXIS2_PLACEMENT_3D('',#4149,#3265,#3266);
#2911=AXIS2_PLACEMENT_3D('',#4157,#3270,#3271);
#2912=AXIS2_PLACEMENT_3D('',#4161,#3273,#3274);
#2913=AXIS2_PLACEMENT_3D('',#4175,#3282,#3283);
#2914=AXIS2_PLACEMENT_3D('',#4176,#3284,#3285);
#2915=AXIS2_PLACEMENT_3D('',#4177,#3286,#3287);
#2916=AXIS2_PLACEMENT_3D('',#4181,#3289,#3290);
#2917=AXIS2_PLACEMENT_3D('',#4183,#3292,#3293);
#2918=AXIS2_PLACEMENT_3D('',#4185,#3295,#3296);
#2919=AXIS2_PLACEMENT_3D('',#4187,#3297,#3298);
#2920=AXIS2_PLACEMENT_3D('',#4190,#3300,#3301);
#2921=AXIS2_PLACEMENT_3D('',#4191,#3302,#3303);
#2922=AXIS2_PLACEMENT_3D('',#4193,#3305,#3306);
#2923=AXIS2_PLACEMENT_3D('',#4194,#3307,#3308);
#2924=AXIS2_PLACEMENT_3D('',#4197,#3309,#3310);
#2925=AXIS2_PLACEMENT_3D('',#4201,#3312,#3313);
#2926=AXIS2_PLACEMENT_3D('',#4308,#3315,#3316);
#2927=AXIS2_PLACEMENT_3D('',#4310,#3317,#3318);
#2928=AXIS2_PLACEMENT_3D('',#4312,#3319,#3320);
#2929=AXIS2_PLACEMENT_3D('',#4313,#3321,#3322);
#2930=AXIS2_PLACEMENT_3D('',#4314,#3323,#3324);
#2931=AXIS2_PLACEMENT_3D('',#4317,#3325,#3326);
#2932=AXIS2_PLACEMENT_3D('',#4320,#3329,#3330);
#2933=AXIS2_PLACEMENT_3D('',#4326,#3334,#3335);
#2934=AXIS2_PLACEMENT_3D('',#4328,#3336,#3337);
#2935=AXIS2_PLACEMENT_3D('',#4330,#3339,#3340);
#2936=AXIS2_PLACEMENT_3D('',#4336,#3343,#3344);
#2937=AXIS2_PLACEMENT_3D('',#4340,#3347,#3348);
#2938=AXIS2_PLACEMENT_3D('',#4342,#3349,#3350);
#2939=AXIS2_PLACEMENT_3D('',#4345,#3352,#3353);
#2940=AXIS2_PLACEMENT_3D('',#4387,#3354,#3355);
#2941=AXIS2_PLACEMENT_3D('',#4388,#3356,#3357);
#2942=AXIS2_PLACEMENT_3D('',#4389,#3358,#3359);
#2943=AXIS2_PLACEMENT_3D('',#4391,#3360,#3361);
#2944=AXIS2_PLACEMENT_3D('',#4393,#3363,#3364);
#2945=AXIS2_PLACEMENT_3D('',#4404,#3370,#3371);
#2946=AXIS2_PLACEMENT_3D('',#4408,#3373,#3374);
#2947=AXIS2_PLACEMENT_3D('',#4416,#3378,#3379);
#2948=AXIS2_PLACEMENT_3D('',#4420,#3381,#3382);
#2949=AXIS2_PLACEMENT_3D('',#4436,#3391,#3392);
#2950=AXIS2_PLACEMENT_3D('',#4437,#3393,#3394);
#2951=AXIS2_PLACEMENT_3D('',#4438,#3395,#3396);
#2952=AXIS2_PLACEMENT_3D('',#4442,#3398,#3399);
#2953=AXIS2_PLACEMENT_3D('',#4444,#3401,#3402);
#2954=AXIS2_PLACEMENT_3D('',#4446,#3404,#3405);
#2955=AXIS2_PLACEMENT_3D('',#4448,#3406,#3407);
#2956=AXIS2_PLACEMENT_3D('',#4449,#3408,#3409);
#2957=AXIS2_PLACEMENT_3D('',#4452,#3411,#3412);
#2958=AXIS2_PLACEMENT_3D('',#4453,#3413,#3414);
#2959=AXIS2_PLACEMENT_3D('',#4455,#3416,#3417);
#2960=AXIS2_PLACEMENT_3D('',#4458,#3418,#3419);
#2961=AXIS2_PLACEMENT_3D('',#4566,#3422,#3423);
#2962=AXIS2_PLACEMENT_3D('',#4568,#3424,#3425);
#2963=AXIS2_PLACEMENT_3D('',#4570,#3426,#3427);
#2964=AXIS2_PLACEMENT_3D('',#4571,#3428,#3429);
#2965=AXIS2_PLACEMENT_3D('',#4572,#3430,#3431);
#2966=AXIS2_PLACEMENT_3D('',#4575,#3434,#3435);
#2967=AXIS2_PLACEMENT_3D('',#4579,#3438,#3439);
#2968=AXIS2_PLACEMENT_3D('',#4581,#3440,#3441);
#2969=AXIS2_PLACEMENT_3D('',#4583,#3443,#3444);
#2970=AXIS2_PLACEMENT_3D('',#4587,#3446,#3447);
#2971=AXIS2_PLACEMENT_3D('',#4589,#3449,#3450);
#2972=AXIS2_PLACEMENT_3D('',#4591,#3451,#3452);
#2973=AXIS2_PLACEMENT_3D('',#4634,#3454,#3455);
#2974=AXIS2_PLACEMENT_3D('',#4635,#3456,#3457);
#2975=AXIS2_PLACEMENT_3D('',#4636,#3458,#3459);
#2976=AXIS2_PLACEMENT_3D('',#4638,#3461,#3462);
#2977=AXIS2_PLACEMENT_3D('',#4639,#3463,#3464);
#2978=AXIS2_PLACEMENT_3D('',#4640,#3465,#3466);
#2979=AXIS2_PLACEMENT_3D('',#4644,#3468,#3469);
#2980=AXIS2_PLACEMENT_3D('',#4646,#3471,#3472);
#2981=AXIS2_PLACEMENT_3D('',#4648,#3474,#3475);
#2982=AXIS2_PLACEMENT_3D('',#4650,#3476,#3477);
#2983=AXIS2_PLACEMENT_3D('',#4651,#3478,#3479);
#2984=AXIS2_PLACEMENT_3D('',#4654,#3481,#3482);
#2985=AXIS2_PLACEMENT_3D('',#4655,#3483,#3484);
#2986=AXIS2_PLACEMENT_3D('',#4657,#3486,#3487);
#2987=AXIS2_PLACEMENT_3D('',#4660,#3488,#3489);
#2988=AXIS2_PLACEMENT_3D('',#4755,#3492,#3493);
#2989=AXIS2_PLACEMENT_3D('',#4757,#3494,#3495);
#2990=AXIS2_PLACEMENT_3D('',#4759,#3496,#3497);
#2991=AXIS2_PLACEMENT_3D('',#4760,#3498,#3499);
#2992=AXIS2_PLACEMENT_3D('',#4761,#3500,#3501);
#2993=AXIS2_PLACEMENT_3D('',#4764,#3504,#3505);
#2994=AXIS2_PLACEMENT_3D('',#4768,#3508,#3509);
#2995=AXIS2_PLACEMENT_3D('',#4770,#3510,#3511);
#2996=AXIS2_PLACEMENT_3D('',#4772,#3513,#3514);
#2997=AXIS2_PLACEMENT_3D('',#4776,#3516,#3517);
#2998=AXIS2_PLACEMENT_3D('',#4778,#3519,#3520);
#2999=AXIS2_PLACEMENT_3D('',#4780,#3521,#3522);
#3000=AXIS2_PLACEMENT_3D('',#4818,#3524,#3525);
#3001=AXIS2_PLACEMENT_3D('',#4819,#3526,#3527);
#3002=AXIS2_PLACEMENT_3D('',#4820,#3528,#3529);
#3003=AXIS2_PLACEMENT_3D('',#4822,#3531,#3532);
#3004=AXIS2_PLACEMENT_3D('',#4823,#3533,#3534);
#3005=AXIS2_PLACEMENT_3D('',#4824,#3535,#3536);
#3006=AXIS2_PLACEMENT_3D('',#4828,#3538,#3539);
#3007=AXIS2_PLACEMENT_3D('',#4830,#3541,#3542);
#3008=AXIS2_PLACEMENT_3D('',#4832,#3544,#3545);
#3009=AXIS2_PLACEMENT_3D('',#4834,#3546,#3547);
#3010=AXIS2_PLACEMENT_3D('',#4837,#3549,#3550);
#3011=AXIS2_PLACEMENT_3D('',#4838,#3551,#3552);
#3012=AXIS2_PLACEMENT_3D('',#4840,#3554,#3555);
#3013=AXIS2_PLACEMENT_3D('',#4841,#3556,#3557);
#3014=AXIS2_PLACEMENT_3D('',#4850,#3562,#3563);
#3015=AXIS2_PLACEMENT_3D('',#4858,#3568,#3569);
#3016=AXIS2_PLACEMENT_3D('',#4896,#3576,#3577);
#3017=AXIS2_PLACEMENT_3D('',#4898,#3579,#3580);
#3018=AXIS2_PLACEMENT_3D('',#4904,#3584,#3585);
#3019=AXIS2_PLACEMENT_3D('',#4928,#3595,#3596);
#3020=AXIS2_PLACEMENT_3D('',#4949,#3601,#3602);
#3021=AXIS2_PLACEMENT_3D('',#4955,#3606,#3607);
#3022=AXIS2_PLACEMENT_3D('',#4957,#3609,#3610);
#3023=AXIS2_PLACEMENT_3D('',#4981,#3614,#3615);
#3024=AXIS2_PLACEMENT_3D('',#4985,#3618,#3619);
#3025=AXIS2_PLACEMENT_3D('',#4995,#3621,#3622);
#3026=AXIS2_PLACEMENT_3D('',#5001,#3626,#3627);
#3027=AXIS2_PLACEMENT_3D('',#5005,#3630,#3631);
#3028=AXIS2_PLACEMENT_3D('',#5031,#3636,#3637);
#3029=AXIS2_PLACEMENT_3D('',#5035,#3640,#3641);
#3030=AXIS2_PLACEMENT_3D('',#5037,#3643,#3644);
#3031=AXIS2_PLACEMENT_3D('',#5038,#3645,#3646);
#3032=AXIS2_PLACEMENT_3D('',#5044,#3650,#3651);
#3033=AXIS2_PLACEMENT_3D('',#5046,#3653,#3654);
#3034=AXIS2_PLACEMENT_3D('',#5069,#3667,#3668);
#3035=AXIS2_PLACEMENT_3D('',#5072,#3671,#3672);
#3036=AXIS2_PLACEMENT_3D('',#5073,#3673,#3674);
#3037=AXIS2_PLACEMENT_3D('',#5082,#3679,#3680);
#3038=AXIS2_PLACEMENT_3D('',#5088,#3684,#3685);
#3039=AXIS2_PLACEMENT_3D('',#5094,#3689,#3690);
#3040=AXIS2_PLACEMENT_3D('',#5100,#3694,#3695);
#3041=AXIS2_PLACEMENT_3D('',#5106,#3699,#3700);
#3042=AXIS2_PLACEMENT_3D('',#5109,#3703,#3704);
#3043=AXIS2_PLACEMENT_3D('',#5124,#3713,#3714);
#3044=AXIS2_PLACEMENT_3D('',#5132,#3719,#3720);
#3045=AXIS2_PLACEMENT_3D('',#5140,#3725,#3726);
#3046=AXIS2_PLACEMENT_3D('',#5146,#3730,#3731);
#3047=AXIS2_PLACEMENT_3D('',#5152,#3735,#3736);
#3048=AXIS2_PLACEMENT_3D('',#5158,#3740,#3741);
#3049=AXIS2_PLACEMENT_3D('',#5161,#3744,#3745);
#3050=AXIS2_PLACEMENT_3D('',#5164,#3748,#3749);
#3051=AXIS2_PLACEMENT_3D('',#5167,#3752,#3753);
#3052=AXIS2_PLACEMENT_3D('',#5168,#3754,#3755);
#3053=AXIS2_PLACEMENT_3D('',#5170,#3757,#3758);
#3054=AXIS2_PLACEMENT_3D('',#5172,#3760,#3761);
#3055=AXIS2_PLACEMENT_3D('',#5175,#3764,#3765);
#3056=AXIS2_PLACEMENT_3D('',#5178,#3768,#3769);
#3057=AXIS2_PLACEMENT_3D('',#5184,#3773,#3774);
#3058=AXIS2_PLACEMENT_3D('',#5188,#3777,#3778);
#3059=AXIS2_PLACEMENT_3D('',#5192,#3781,#3782);
#3060=AXIS2_PLACEMENT_3D('',#5195,#3785,#3786);
#3061=AXIS2_PLACEMENT_3D('',#5196,#3787,#3788);
#3062=AXIS2_PLACEMENT_3D('',#5197,#3789,#3790);
#3063=AXIS2_PLACEMENT_3D('',#5201,#3793,#3794);
#3064=AXIS2_PLACEMENT_3D('',#5205,#3797,#3798);
#3065=AXIS2_PLACEMENT_3D('',#5208,#3801,#3802);
#3066=AXIS2_PLACEMENT_3D('',#5209,#3803,#3804);
#3067=AXIS2_PLACEMENT_3D('',#5211,#3806,#3807);
#3068=DIRECTION('axis',(0.,0.,1.));
#3069=DIRECTION('refdir',(1.,0.,0.));
#3070=DIRECTION('center_axis',(-1.22464679914735E-16,-1.,-1.11022302462516E-15));
#3071=DIRECTION('ref_axis',(0.707106781186547,-8.7164183496544E-16,0.707106781186548));
#3072=DIRECTION('center_axis',(1.22311885494769E-16,0.998752338877845,-0.0499376169438923));
#3073=DIRECTION('ref_axis',(-8.25512787615569E-16,0.0499376169438923,0.998752338877845));
#3074=DIRECTION('',(1.22464679914735E-16,1.,1.11022302462516E-15));
#3075=DIRECTION('center_axis',(-1.22311885494769E-16,-0.998752338877845,
-0.049937616943892));
#3076=DIRECTION('ref_axis',(-8.37743976165046E-16,-0.049937616943892,0.998752338877845));
#3077=DIRECTION('',(-1.22464679914735E-16,-1.,-1.11022302462516E-15));
#3078=DIRECTION('center_axis',(-1.22311885494769E-16,-0.998752338877845,
0.0499376169438923));
#3079=DIRECTION('ref_axis',(-6.11559427473843E-18,-0.0499376169438923,-0.998752338877845));
#3080=DIRECTION('',(1.,-1.22464679914735E-16,0.));
#3081=DIRECTION('',(6.11559427473843E-18,0.0499376169438923,0.998752338877845));
#3082=DIRECTION('',(-1.,1.22464679914735E-16,0.));
#3083=DIRECTION('',(-6.11559427473843E-18,-0.0499376169438923,-0.998752338877845));
#3084=DIRECTION('center_axis',(-1.3596310734469E-31,-1.11022302462516E-15,
1.));
#3085=DIRECTION('ref_axis',(-1.22464679914735E-16,-1.,-1.11022302462516E-15));
#3086=DIRECTION('',(1.,-1.22464679914735E-16,0.));
#3087=DIRECTION('',(1.22464679914735E-16,1.,1.11022302462516E-15));
#3088=DIRECTION('center_axis',(-1.22464679914735E-16,-1.,-1.11022302462516E-15));
#3089=DIRECTION('ref_axis',(-0.707106781186548,-6.98450623718341E-16,0.707106781186548));
#3090=DIRECTION('center_axis',(1.22311885494769E-16,0.998752338877845,-0.0499376169438923));
#3091=DIRECTION('ref_axis',(6.11559427473843E-18,0.0499376169438923,0.998752338877845));
#3092=DIRECTION('',(1.22464679914735E-16,1.,1.11022302462516E-15));
#3093=DIRECTION('center_axis',(-1.22311885494769E-16,-0.998752338877845,
-0.049937616943892));
#3094=DIRECTION('ref_axis',(-6.11559427473839E-18,-0.049937616943892,0.998752338877845));
#3095=DIRECTION('',(-1.22464679914735E-16,-1.,-1.11022302462516E-15));
#3096=DIRECTION('center_axis',(-1.22311885494769E-16,-0.998752338877845,
-0.049937616943892));
#3097=DIRECTION('ref_axis',(-6.1155942747384E-18,-0.049937616943892,0.998752338877845));
#3098=DIRECTION('',(-1.,1.22464679914735E-16,0.));
#3099=DIRECTION('',(-6.1155942747384E-18,-0.049937616943892,0.998752338877845));
#3100=DIRECTION('',(1.,-1.22464679914735E-16,0.));
#3101=DIRECTION('',(-6.1155942747384E-18,-0.049937616943892,0.998752338877845));
#3102=DIRECTION('center_axis',(1.3596310734469E-31,1.11022302462516E-15,
-1.));
#3103=DIRECTION('ref_axis',(-1.22464679914735E-16,-1.,-1.11022302462516E-15));
#3104=DIRECTION('',(-1.,1.22464679914735E-16,0.));
#3105=DIRECTION('',(-1.22464679914735E-16,-1.,-1.11022302462516E-15));
#3106=DIRECTION('center_axis',(0.0523359562429397,-6.4093061293232E-18,
0.998629534754574));
#3107=DIRECTION('ref_axis',(1.22464679914735E-16,1.,0.));
#3108=DIRECTION('',(-1.22464679914735E-16,-1.,0.));
#3109=DIRECTION('',(-0.997264688634237,-0.0522644276887141,0.0522644276887098));
#3110=DIRECTION('',(1.22464679914735E-16,1.,-1.7907593965168E-34));
#3111=DIRECTION('',(-0.997264688634237,0.0522644276887144,0.0522644276887098));
#3112=DIRECTION('center_axis',(0.0523359562429442,0.998629534754574,0.));
#3113=DIRECTION('ref_axis',(0.,0.,-1.));
#3114=DIRECTION('',(0.,0.,1.));
#3115=DIRECTION('',(0.,0.,-1.));
#3116=DIRECTION('',(-0.997264688634237,0.0522644276887144,-0.0522644276887098));
#3117=DIRECTION('center_axis',(0.0523359562429397,-6.4093061293232E-18,
-0.998629534754574));
#3118=DIRECTION('ref_axis',(-1.22464679914735E-16,-1.,0.));
#3119=DIRECTION('',(1.22464679914735E-16,1.,0.));
#3120=DIRECTION('',(1.22464679914735E-16,1.,0.));
#3121=DIRECTION('',(-0.997264688634237,-0.0522644276887141,-0.0522644276887098));
#3122=DIRECTION('center_axis',(0.052335956242944,-0.998629534754574,0.));
#3123=DIRECTION('ref_axis',(0.,0.,1.));
#3124=DIRECTION('',(0.,0.,-1.));
#3125=DIRECTION('',(0.,0.,1.));
#3126=DIRECTION('center_axis',(1.,-1.22464679914735E-16,0.));
#3127=DIRECTION('ref_axis',(1.22464679914735E-16,1.,0.));
#3128=DIRECTION('center_axis',(0.0523359562429397,-6.4093061293232E-18,
-0.998629534754574));
#3129=DIRECTION('ref_axis',(1.22464679914735E-16,1.,0.));
#3130=DIRECTION('',(-1.22464679914735E-16,-1.,0.));
#3131=DIRECTION('',(0.997264688634237,0.0522644276887141,0.0522644276887098));
#3132=DIRECTION('',(-1.22464679914735E-16,-1.,0.));
#3133=DIRECTION('',(0.997264688634237,-0.0522644276887144,0.0522644276887098));
#3134=DIRECTION('center_axis',(0.052335956242944,-0.998629534754574,0.));
#3135=DIRECTION('ref_axis',(0.,0.,-1.));
#3136=DIRECTION('',(0.,0.,1.));
#3137=DIRECTION('',(0.997264688634237,0.0522644276887141,-0.0522644276887098));
#3138=DIRECTION('',(0.,0.,1.));
#3139=DIRECTION('center_axis',(0.0523359562429397,-6.4093061293232E-18,
0.998629534754574));
#3140=DIRECTION('ref_axis',(-1.22464679914735E-16,-1.,0.));
#3141=DIRECTION('',(1.22464679914735E-16,1.,0.));
#3142=DIRECTION('',(0.997264688634237,-0.0522644276887144,-0.0522644276887098));
#3143=DIRECTION('',(-1.22464679914735E-16,-1.,0.));
#3144=DIRECTION('center_axis',(0.0523359562429442,0.998629534754574,0.));
#3145=DIRECTION('ref_axis',(0.,0.,1.));
#3146=DIRECTION('',(0.,0.,-1.));
#3147=DIRECTION('',(0.,0.,-1.));
#3148=DIRECTION('center_axis',(1.,-1.22464679914735E-16,0.));
#3149=DIRECTION('ref_axis',(1.22464679914735E-16,1.,0.));
#3150=DIRECTION('center_axis',(1.22464679914735E-16,1.,0.));
#3151=DIRECTION('ref_axis',(0.,0.,1.));
#3152=DIRECTION('',(0.,0.,-1.));
#3153=DIRECTION('',(1.,-1.22464679914735E-16,0.));
#3154=DIRECTION('',(0.,0.,1.));
#3155=DIRECTION('',(1.,-1.22464679914735E-16,0.));
#3156=DIRECTION('center_axis',(0.,0.,-1.));
#3157=DIRECTION('ref_axis',(1.22464679914735E-16,1.,0.));
#3158=DIRECTION('',(-1.22464679914735E-16,-1.,0.));
#3159=DIRECTION('',(1.22464679914735E-16,1.,0.));
#3160=DIRECTION('',(1.,-1.22464679914735E-16,0.));
#3161=DIRECTION('center_axis',(-1.22464679914735E-16,-1.,0.));
#3162=DIRECTION('ref_axis',(0.,0.,-1.));
#3163=DIRECTION('',(0.,0.,1.));
#3164=DIRECTION('',(0.,0.,-1.));
#3165=DIRECTION('',(1.,-1.22464679914735E-16,0.));
#3166=DIRECTION('center_axis',(0.,0.,1.));
#3167=DIRECTION('ref_axis',(-1.22464679914735E-16,-1.,0.));
#3168=DIRECTION('',(1.22464679914735E-16,1.,0.));
#3169=DIRECTION('',(-1.22464679914735E-16,-1.,0.));
#3170=DIRECTION('center_axis',(1.,-1.22464679914735E-16,0.));
#3171=DIRECTION('ref_axis',(0.,0.,1.));
#3172=DIRECTION('center_axis',(1.,-1.22464679914735E-16,0.));
#3173=DIRECTION('ref_axis',(-1.22464679914735E-16,-1.,3.08395240450734E-16));
#3174=DIRECTION('center_axis',(1.,-1.22464679914735E-16,0.));
#3175=DIRECTION('ref_axis',(1.11327664799648E-16,0.909059370237675,0.416666606993028));
#3176=DIRECTION('',(1.,-1.22464679914735E-16,0.));
#3177=DIRECTION('center_axis',(-1.,1.22464679914735E-16,0.));
#3178=DIRECTION('ref_axis',(1.11327664799648E-16,0.909059370237675,0.416666606993028));
#3179=DIRECTION('',(1.,-1.22464679914735E-16,0.));
#3180=DIRECTION('center_axis',(0.,0.,1.));
#3181=DIRECTION('ref_axis',(-1.22464679914735E-16,-1.,0.));
#3182=DIRECTION('',(1.22464679914735E-16,1.,0.));
#3183=DIRECTION('',(-1.22464679914735E-16,-1.,0.));
#3184=DIRECTION('',(1.,-1.22464679914735E-16,0.));
#3185=DIRECTION('center_axis',(1.,-1.22464679914735E-16,0.));
#3186=DIRECTION('ref_axis',(-1.22464679914735E-16,-1.,3.62029206583175E-16));
#3187=DIRECTION('center_axis',(-1.,1.22464679914735E-16,0.));
#3188=DIRECTION('ref_axis',(1.15770734926785E-16,0.945339791092332,0.326086919973045));
#3189=DIRECTION('center_axis',(1.,-1.22464679914735E-16,0.));
#3190=DIRECTION('ref_axis',(1.15770734926785E-16,0.945339791092332,0.326086919973045));
#3191=DIRECTION('',(1.,-1.22464679914735E-16,0.));
#3192=DIRECTION('center_axis',(0.,0.,-1.));
#3193=DIRECTION('ref_axis',(1.22464679914735E-16,1.,0.));
#3194=DIRECTION('',(-1.22464679914735E-16,-1.,0.));
#3195=DIRECTION('',(1.22464679914735E-16,1.,0.));
#3196=DIRECTION('center_axis',(1.,-1.22464679914735E-16,0.));
#3197=DIRECTION('ref_axis',(1.22464679914735E-16,1.,0.));
#3198=DIRECTION('center_axis',(-0.776114000116266,-0.630592625094466,0.));
#3199=DIRECTION('ref_axis',(-0.445896321370521,0.548795472456026,0.707106781186551));
#3200=DIRECTION('center_axis',(0.776114000116269,0.630592625094462,-3.50049225769349E-15));
#3201=DIRECTION('ref_axis',(-0.630592625094462,0.776114000116269,1.97215226305253E-31));
#3202=DIRECTION('',(0.776114000116265,0.630592625094466,0.));
#3203=DIRECTION('center_axis',(1.,-1.22464679914735E-16,0.));
#3204=DIRECTION('ref_axis',(1.22464679914735E-16,1.,-6.73171588017976E-17));
#3205=DIRECTION('',(-0.776114000116265,-0.630592625094466,0.));
#3206=DIRECTION('center_axis',(0.654930538417842,-0.755689082789818,0.));
#3207=DIRECTION('ref_axis',(-0.755689082789818,-0.654930538417842,0.));
#3208=DIRECTION('center_axis',(-0.630592625094466,0.776114000116266,0.));
#3209=DIRECTION('ref_axis',(-0.776114000116266,-0.630592625094466,0.));
#3210=DIRECTION('center_axis',(-0.776114000116266,-0.630592625094465,0.));
#3211=DIRECTION('ref_axis',(-0.630592625094465,0.776114000116266,0.));
#3212=DIRECTION('center_axis',(0.654930538417842,-0.755689082789818,0.));
#3213=DIRECTION('ref_axis',(-0.755689082789818,-0.654930538417842,0.));
#3214=DIRECTION('center_axis',(0.776114000116266,0.630592625094466,-5.52345918373724E-17));
#3215=DIRECTION('ref_axis',(-0.445896321370516,0.548795472456019,-0.707106781186559));
#3216=DIRECTION('center_axis',(1.,-1.22464679914735E-16,0.));
#3217=DIRECTION('ref_axis',(1.22464679914735E-16,1.,2.01951476405393E-16));
#3218=DIRECTION('',(-0.776114000116265,-0.630592625094466,5.52345918373724E-17));
#3219=DIRECTION('',(0.776114000116265,0.630592625094466,-5.52345918373724E-17));
#3220=DIRECTION('center_axis',(-7.11681426041767E-17,8.71558380414674E-33,
-1.));
#3221=DIRECTION('ref_axis',(-1.,1.22464679914735E-16,7.11681426041767E-17));
#3222=DIRECTION('',(1.22464679914735E-16,1.,0.));
#3223=DIRECTION('',(1.,-1.22464679914735E-16,-7.11681426041767E-17));
#3224=DIRECTION('',(1.22464679914735E-16,1.,0.));
#3225=DIRECTION('center_axis',(1.22464679914735E-16,1.,0.));
#3226=DIRECTION('ref_axis',(0.,0.,-1.));
#3227=DIRECTION('center_axis',(1.22464679914735E-16,1.,0.));
#3228=DIRECTION('ref_axis',(0.,0.,-1.));
#3229=DIRECTION('',(1.22464679914735E-16,1.,0.));
#3230=DIRECTION('center_axis',(0.630592625094466,-0.776114000116266,0.));
#3231=DIRECTION('ref_axis',(-0.776114000116266,-0.630592625094466,0.));
#3232=DIRECTION('',(0.,0.,1.));
#3233=DIRECTION('',(0.776114000116265,0.630592625094466,0.));
#3234=DIRECTION('center_axis',(0.630592625094466,-0.776114000116266,0.));
#3235=DIRECTION('ref_axis',(-0.776114000116266,-0.630592625094465,0.));
#3236=DIRECTION('',(-0.776114000116265,-0.630592625094466,0.));
#3237=DIRECTION('',(0.,0.,1.));
#3238=DIRECTION('center_axis',(-0.776114000116266,-0.630592625094466,0.));
#3239=DIRECTION('ref_axis',(-0.445896321370526,0.548795472456033,0.707106781186542));
#3240=DIRECTION('center_axis',(0.776114000116264,0.630592625094467,-2.07336849109536E-14));
#3241=DIRECTION('ref_axis',(-0.630592625094467,0.776114000116264,0.));
#3242=DIRECTION('',(0.776114000116265,0.630592625094466,0.));
#3243=DIRECTION('center_axis',(1.,-1.22464679914735E-16,0.));
#3244=DIRECTION('ref_axis',(1.22464679914735E-16,1.,-3.36585794008988E-16));
#3245=DIRECTION('center_axis',(-0.776114000116266,-0.630592625094465,0.));
#3246=DIRECTION('ref_axis',(-0.630592625094465,0.776114000116266,0.));
#3247=DIRECTION('center_axis',(-0.611024982292502,0.7916113130915,0.));
#3248=DIRECTION('ref_axis',(-0.7916113130915,-0.611024982292501,0.));
#3249=DIRECTION('center_axis',(0.776114000116266,0.630592625094466,0.));
#3250=DIRECTION('ref_axis',(-0.445896321370526,0.548795472456032,-0.707106781186543));
#3251=DIRECTION('center_axis',(1.,-1.22464679914735E-16,0.));
#3252=DIRECTION('ref_axis',(1.22464679914735E-16,1.,1.34634317603595E-16));
#3253=DIRECTION('',(-0.776114000116265,-0.630592625094466,0.));
#3254=DIRECTION('center_axis',(-1.,1.22464679914735E-16,0.));
#3255=DIRECTION('ref_axis',(-1.22464679914735E-16,-1.,0.));
#3256=DIRECTION('',(-1.22464679914735E-16,-1.,0.));
#3257=DIRECTION('',(0.,0.,1.));
#3258=DIRECTION('',(-1.22464679914735E-16,-1.,0.));
#3259=DIRECTION('',(0.,0.,-1.));
#3260=DIRECTION('',(0.,0.,1.));
#3261=DIRECTION('',(-1.22464679914735E-16,-1.,0.));
#3262=DIRECTION('center_axis',(1.,-1.22464679914735E-16,0.));
#3263=DIRECTION('ref_axis',(1.22464679914735E-16,1.,2.01951476405393E-16));
#3264=DIRECTION('',(0.,0.,1.));
#3265=DIRECTION('center_axis',(1.,-1.22464679914735E-16,0.));
#3266=DIRECTION('ref_axis',(1.22464679914735E-16,1.,-6.73171588017976E-17));
#3267=DIRECTION('',(-1.22464679914735E-16,-1.,0.));
#3268=DIRECTION('',(0.,0.,1.));
#3269=DIRECTION('',(1.22464679914735E-16,1.,0.));
#3270=DIRECTION('center_axis',(1.,-1.22464679914735E-16,0.));
#3271=DIRECTION('ref_axis',(1.22464679914735E-16,1.,2.01951476405393E-16));
#3272=DIRECTION('',(0.,0.,1.));
#3273=DIRECTION('center_axis',(1.,-1.22464679914735E-16,0.));
#3274=DIRECTION('ref_axis',(1.22464679914735E-16,1.,-6.73171588017976E-17));
#3275=DIRECTION('',(-1.22464679914735E-16,-1.,0.));
#3276=DIRECTION('',(0.,0.,1.));
#3277=DIRECTION('',(1.22464679914735E-16,1.,0.));
#3278=DIRECTION('',(1.22464679914735E-16,1.,0.));
#3279=DIRECTION('',(-4.48561477558621E-82,-3.66278242731641E-66,1.));
#3280=DIRECTION('',(-1.22464679914735E-16,-1.,0.));
#3281=DIRECTION('',(0.,0.,-1.));
#3282=DIRECTION('center_axis',(1.22464679914735E-16,1.,0.));
#3283=DIRECTION('ref_axis',(0.,0.,-1.));
#3284=DIRECTION('center_axis',(1.22464679914735E-16,1.,0.));
#3285=DIRECTION('ref_axis',(0.,0.,-1.));
#3286=DIRECTION('center_axis',(1.22464679914735E-16,1.,0.));
#3287=DIRECTION('ref_axis',(0.,0.,1.));
#3288=DIRECTION('',(1.22464679914735E-16,1.,0.));
#3289=DIRECTION('center_axis',(-1.22464679914735E-16,-1.,0.));
#3290=DIRECTION('ref_axis',(0.,0.,1.));
#3291=DIRECTION('',(1.22464679914735E-16,1.,0.));
#3292=DIRECTION('center_axis',(0.,0.,1.));
#3293=DIRECTION('ref_axis',(1.,-1.22464679914735E-16,0.));
#3294=DIRECTION('',(-1.,1.22464679914735E-16,0.));
#3295=DIRECTION('center_axis',(1.22464679914735E-16,1.,0.));
#3296=DIRECTION('ref_axis',(1.,-1.22464679914735E-16,0.));
#3297=DIRECTION('center_axis',(1.22464679914735E-16,1.,0.));
#3298=DIRECTION('ref_axis',(1.,-1.22464679914735E-16,0.));
#3299=DIRECTION('',(1.22464679914735E-16,1.,0.));
#3300=DIRECTION('center_axis',(-1.22464679914735E-16,-1.,0.));
#3301=DIRECTION('ref_axis',(1.,-1.22464679914735E-16,0.));
#3302=DIRECTION('center_axis',(0.,0.,-1.));
#3303=DIRECTION('ref_axis',(-1.,1.22464679914735E-16,0.));
#3304=DIRECTION('',(1.,-1.22464679914735E-16,0.));
#3305=DIRECTION('center_axis',(-1.22464679914735E-16,-1.,0.));
#3306=DIRECTION('ref_axis',(1.,-1.22464679914735E-16,0.));
#3307=DIRECTION('center_axis',(0.776114000116266,-0.630592625094466,5.52345918373724E-17));
#3308=DIRECTION('ref_axis',(0.445896321370518,0.548795472456022,-0.707106781186556));
#3309=DIRECTION('center_axis',(-0.776114000116266,0.630592625094465,-3.50049225769347E-15));
#3310=DIRECTION('ref_axis',(0.630592625094465,0.776114000116266,0.));
#3311=DIRECTION('',(-0.776114000116265,0.630592625094466,-5.52345918373724E-17));
#3312=DIRECTION('center_axis',(-1.,1.22464679914735E-16,0.));
#3313=DIRECTION('ref_axis',(1.22464679914735E-16,1.,4.71220111612583E-16));
#3314=DIRECTION('',(0.776114000116265,-0.630592625094466,5.52345918373724E-17));
#3315=DIRECTION('center_axis',(-0.654930538417842,-0.755689082789818,0.));
#3316=DIRECTION('ref_axis',(0.755689082789818,-0.654930538417842,0.));
#3317=DIRECTION('center_axis',(0.630592625094466,0.776114000116266,0.));
#3318=DIRECTION('ref_axis',(0.776114000116266,-0.630592625094466,0.));
#3319=DIRECTION('center_axis',(0.776114000116266,-0.630592625094465,0.));
#3320=DIRECTION('ref_axis',(0.630592625094465,0.776114000116266,0.));
#3321=DIRECTION('center_axis',(-0.654930538417842,-0.755689082789818,0.));
#3322=DIRECTION('ref_axis',(0.755689082789818,-0.654930538417842,0.));
#3323=DIRECTION('center_axis',(-0.776114000116266,0.630592625094466,0.));
#3324=DIRECTION('ref_axis',(0.445896321370523,0.548795472456028,0.707106781186548));
#3325=DIRECTION('center_axis',(-1.,1.22464679914735E-16,0.));
#3326=DIRECTION('ref_axis',(1.22464679914735E-16,1.,-2.01951476405393E-16));
#3327=DIRECTION('',(0.776114000116265,-0.630592625094466,0.));
#3328=DIRECTION('',(-0.776114000116265,0.630592625094466,0.));
#3329=DIRECTION('center_axis',(0.,0.,-1.));
#3330=DIRECTION('ref_axis',(-1.,1.22464679914735E-16,0.));
#3331=DIRECTION('',(1.22464679914735E-16,1.,0.));
#3332=DIRECTION('',(-1.,1.22464679914735E-16,0.));
#3333=DIRECTION('',(1.22464679914735E-16,1.,0.));
#3334=DIRECTION('center_axis',(-1.22464679914735E-16,-1.,0.));
#3335=DIRECTION('ref_axis',(0.,0.,-1.));
#3336=DIRECTION('center_axis',(1.22464679914735E-16,1.,0.));
#3337=DIRECTION('ref_axis',(0.,0.,-1.));
#3338=DIRECTION('',(1.22464679914735E-16,1.,0.));
#3339=DIRECTION('center_axis',(-0.630592625094466,-0.776114000116266,0.));
#3340=DIRECTION('ref_axis',(-0.776114000116265,0.630592625094466,0.));
#3341=DIRECTION('',(0.,0.,-1.));
#3342=DIRECTION('',(-0.776114000116265,0.630592625094466,0.));
#3343=DIRECTION('center_axis',(-0.630592625094466,-0.776114000116266,0.));
#3344=DIRECTION('ref_axis',(0.776114000116266,-0.630592625094466,0.));
#3345=DIRECTION('',(0.776114000116265,-0.630592625094466,0.));
#3346=DIRECTION('',(0.,0.,-1.));
#3347=DIRECTION('center_axis',(0.776114000116266,-0.630592625094466,0.));
#3348=DIRECTION('ref_axis',(0.445896321370529,0.548795472456036,-0.707106781186538));
#3349=DIRECTION('center_axis',(-0.776114000116266,0.630592625094465,-4.30829816331509E-15));
#3350=DIRECTION('ref_axis',(0.630592625094465,0.776114000116266,0.));
#3351=DIRECTION('',(-0.776114000116265,0.630592625094466,0.));
#3352=DIRECTION('center_axis',(-1.,1.22464679914735E-16,0.));
#3353=DIRECTION('ref_axis',(1.22464679914735E-16,1.,2.6926863520719E-16));
#3354=DIRECTION('center_axis',(0.776114000116266,-0.630592625094465,1.34634317603595E-15));
#3355=DIRECTION('ref_axis',(0.630592625094465,0.776114000116266,2.22044604925031E-14));
#3356=DIRECTION('center_axis',(0.611024982292501,0.7916113130915,-2.19716276586984E-16));
#3357=DIRECTION('ref_axis',(0.7916113130915,-0.611024982292501,0.));
#3358=DIRECTION('center_axis',(-0.776114000116266,0.630592625094466,0.));
#3359=DIRECTION('ref_axis',(0.445896321370529,0.548795472456035,0.707106781186539));
#3360=DIRECTION('center_axis',(-1.,1.22464679914735E-16,0.));
#3361=DIRECTION('ref_axis',(1.22464679914735E-16,1.,6.73171588017976E-17));
#3362=DIRECTION('',(0.776114000116265,-0.630592625094466,0.));
#3363=DIRECTION('center_axis',(1.,-1.22464679914735E-16,0.));
#3364=DIRECTION('ref_axis',(1.22464679914735E-16,1.,0.));
#3365=DIRECTION('',(-1.22464679914735E-16,-1.,-2.43179584871912E-49));
#3366=DIRECTION('',(0.,0.,-1.));
#3367=DIRECTION('',(-1.22464679914735E-16,-1.,0.));
#3368=DIRECTION('',(0.,0.,1.));
#3369=DIRECTION('',(1.22464679914735E-16,1.,0.));
#3370=DIRECTION('center_axis',(-1.,1.22464679914735E-16,0.));
#3371=DIRECTION('ref_axis',(1.22464679914735E-16,1.,-6.73171588017976E-17));
#3372=DIRECTION('',(0.,0.,-1.));
#3373=DIRECTION('center_axis',(-1.,1.22464679914735E-16,0.));
#3374=DIRECTION('ref_axis',(1.22464679914735E-16,1.,6.73171588017976E-17));
#3375=DIRECTION('',(-1.22464679914735E-16,-1.,0.));
#3376=DIRECTION('',(0.,0.,-1.));
#3377=DIRECTION('',(1.22464679914735E-16,1.,-2.43179584871912E-49));
#3378=DIRECTION('center_axis',(-1.,1.22464679914735E-16,0.));
#3379=DIRECTION('ref_axis',(1.22464679914735E-16,1.,-6.73171588017976E-17));
#3380=DIRECTION('',(0.,0.,-1.));
#3381=DIRECTION('center_axis',(-1.,1.22464679914735E-16,0.));
#3382=DIRECTION('ref_axis',(1.22464679914735E-16,1.,2.6926863520719E-16));
#3383=DIRECTION('',(1.22464679914735E-16,1.,0.));
#3384=DIRECTION('',(0.,0.,1.));
#3385=DIRECTION('',(0.,0.,1.));
#3386=DIRECTION('',(1.22464679914735E-16,1.,0.));
#3387=DIRECTION('',(1.22464679914735E-16,1.,0.));
#3388=DIRECTION('',(4.48561477558621E-82,3.66278242731641E-66,-1.));
#3389=DIRECTION('',(-1.22464679914735E-16,-1.,0.));
#3390=DIRECTION('',(0.,0.,1.));
#3391=DIRECTION('center_axis',(-1.22464679914735E-16,-1.,0.));
#3392=DIRECTION('ref_axis',(0.,0.,-1.));
#3393=DIRECTION('center_axis',(1.22464679914735E-16,1.,0.));
#3394=DIRECTION('ref_axis',(0.,0.,-1.));
#3395=DIRECTION('center_axis',(-1.22464679914735E-16,-1.,0.));
#3396=DIRECTION('ref_axis',(0.,0.,1.));
#3397=DIRECTION('',(1.22464679914735E-16,1.,0.));
#3398=DIRECTION('center_axis',(1.22464679914735E-16,1.,0.));
#3399=DIRECTION('ref_axis',(0.,0.,1.));
#3400=DIRECTION('',(1.22464679914735E-16,1.,0.));
#3401=DIRECTION('center_axis',(-7.11681426041767E-17,8.71558380414674E-33,
1.));
#3402=DIRECTION('ref_axis',(1.,-1.22464679914735E-16,7.11681426041767E-17));
#3403=DIRECTION('',(1.,-1.22464679914735E-16,7.11681426041767E-17));
#3404=DIRECTION('center_axis',(1.22464679914735E-16,1.,0.));
#3405=DIRECTION('ref_axis',(-1.,1.22464679914735E-16,0.));
#3406=DIRECTION('center_axis',(1.22464679914735E-16,1.,0.));
#3407=DIRECTION('ref_axis',(-1.,1.22464679914735E-16,0.));
#3408=DIRECTION('center_axis',(-1.22464679914735E-16,-1.,0.));
#3409=DIRECTION('ref_axis',(-1.,1.22464679914735E-16,0.));
#3410=DIRECTION('',(-1.22464679914735E-16,-1.,0.));
#3411=DIRECTION('center_axis',(-1.22464679914735E-16,-1.,0.));
#3412=DIRECTION('ref_axis',(-1.,1.22464679914735E-16,0.));
#3413=DIRECTION('center_axis',(0.,0.,1.));
#3414=DIRECTION('ref_axis',(1.,-1.22464679914735E-16,0.));
#3415=DIRECTION('',(-1.,1.22464679914735E-16,0.));
#3416=DIRECTION('center_axis',(-0.776114000116266,-0.630592625094466,-5.52345918373724E-17));
#3417=DIRECTION('ref_axis',(-0.445896321370521,0.548795472456026,0.707106781186551));
#3418=DIRECTION('center_axis',(0.776114000116266,0.630592625094465,0.));
#3419=DIRECTION('ref_axis',(-0.630592625094465,0.776114000116266,0.));
#3420=DIRECTION('',(0.776114000116265,0.630592625094466,5.52345918373724E-17));
#3421=DIRECTION('',(-0.776114000116265,-0.630592625094466,-5.52345918373724E-17));
#3422=DIRECTION('center_axis',(0.654930538417842,-0.755689082789818,0.));
#3423=DIRECTION('ref_axis',(-0.755689082789818,-0.654930538417842,0.));
#3424=DIRECTION('center_axis',(-0.630592625094466,0.776114000116266,0.));
#3425=DIRECTION('ref_axis',(-0.776114000116266,-0.630592625094466,0.));
#3426=DIRECTION('center_axis',(-0.776114000116269,-0.630592625094462,0.));
#3427=DIRECTION('ref_axis',(-0.630592625094462,0.776114000116269,0.));
#3428=DIRECTION('center_axis',(0.654930538417842,-0.755689082789818,0.));
#3429=DIRECTION('ref_axis',(-0.755689082789818,-0.654930538417842,0.));
#3430=DIRECTION('center_axis',(0.776114000116266,0.630592625094466,0.));
#3431=DIRECTION('ref_axis',(-0.445896321370522,0.548795472456028,-0.707106781186548));
#3432=DIRECTION('',(-0.776114000116265,-0.630592625094466,0.));
#3433=DIRECTION('',(0.776114000116265,0.630592625094466,0.));
#3434=DIRECTION('center_axis',(0.,0.,1.));
#3435=DIRECTION('ref_axis',(1.,-1.22464679914735E-16,0.));
#3436=DIRECTION('',(1.,-1.22464679914735E-16,0.));
#3437=DIRECTION('',(1.22464679914735E-16,1.,0.));
#3438=DIRECTION('center_axis',(-1.22464679914735E-16,-1.,0.));
#3439=DIRECTION('ref_axis',(0.,0.,1.));
#3440=DIRECTION('center_axis',(1.22464679914735E-16,1.,0.));
#3441=DIRECTION('ref_axis',(0.,0.,1.));
#3442=DIRECTION('',(1.22464679914735E-16,1.,0.));
#3443=DIRECTION('center_axis',(0.630592625094466,-0.776114000116266,0.));
#3444=DIRECTION('ref_axis',(0.776114000116266,0.630592625094466,0.));
#3445=DIRECTION('',(0.776114000116265,0.630592625094466,0.));
#3446=DIRECTION('center_axis',(0.630592625094466,-0.776114000116266,0.));
#3447=DIRECTION('ref_axis',(-0.776114000116266,-0.630592625094465,0.));
#3448=DIRECTION('',(-0.776114000116265,-0.630592625094466,0.));
#3449=DIRECTION('center_axis',(-0.776114000116266,-0.630592625094466,0.));
#3450=DIRECTION('ref_axis',(-0.445896321370521,0.548795472456026,0.707106781186551));
#3451=DIRECTION('center_axis',(0.776114000116266,0.630592625094465,0.));
#3452=DIRECTION('ref_axis',(-0.630592625094465,0.776114000116266,0.));
#3453=DIRECTION('',(0.776114000116265,0.630592625094466,0.));
#3454=DIRECTION('center_axis',(-0.776114000116269,-0.630592625094462,0.));
#3455=DIRECTION('ref_axis',(-0.630592625094462,0.776114000116269,-5.55111512312579E-15));
#3456=DIRECTION('center_axis',(-0.611024982292501,0.7916113130915,0.));
#3457=DIRECTION('ref_axis',(-0.7916113130915,-0.611024982292501,0.));
#3458=DIRECTION('center_axis',(0.776114000116266,0.630592625094466,0.));
#3459=DIRECTION('ref_axis',(-0.445896321370522,0.548795472456028,-0.707106781186548));
#3460=DIRECTION('',(-0.776114000116265,-0.630592625094466,0.));
#3461=DIRECTION('center_axis',(-1.22464679914735E-16,-1.,0.));
#3462=DIRECTION('ref_axis',(0.,0.,1.));
#3463=DIRECTION('center_axis',(1.22464679914735E-16,1.,0.));
#3464=DIRECTION('ref_axis',(0.,0.,1.));
#3465=DIRECTION('center_axis',(-1.22464679914735E-16,-1.,0.));
#3466=DIRECTION('ref_axis',(0.,0.,-1.));
#3467=DIRECTION('',(1.22464679914735E-16,1.,0.));
#3468=DIRECTION('center_axis',(1.22464679914735E-16,1.,0.));
#3469=DIRECTION('ref_axis',(0.,0.,-1.));
#3470=DIRECTION('',(1.22464679914735E-16,1.,0.));
#3471=DIRECTION('center_axis',(7.11681426041767E-17,-8.71558380414674E-33,
-1.));
#3472=DIRECTION('ref_axis',(-1.,1.22464679914735E-16,-7.11681426041767E-17));
#3473=DIRECTION('',(-1.,1.22464679914735E-16,-7.11681426041767E-17));
#3474=DIRECTION('center_axis',(1.22464679914735E-16,1.,0.));
#3475=DIRECTION('ref_axis',(1.,-1.22464679914735E-16,0.));
#3476=DIRECTION('center_axis',(1.22464679914735E-16,1.,0.));
#3477=DIRECTION('ref_axis',(1.,-1.22464679914735E-16,0.));
#3478=DIRECTION('center_axis',(-1.22464679914735E-16,-1.,0.));
#3479=DIRECTION('ref_axis',(1.,-1.22464679914735E-16,0.));
#3480=DIRECTION('',(-1.22464679914735E-16,-1.,0.));
#3481=DIRECTION('center_axis',(-1.22464679914735E-16,-1.,0.));
#3482=DIRECTION('ref_axis',(1.,-1.22464679914735E-16,0.));
#3483=DIRECTION('center_axis',(0.,0.,-1.));
#3484=DIRECTION('ref_axis',(-1.,1.22464679914735E-16,0.));
#3485=DIRECTION('',(1.,-1.22464679914735E-16,0.));
#3486=DIRECTION('center_axis',(0.776114000116266,-0.630592625094466,0.));
#3487=DIRECTION('ref_axis',(0.445896321370523,0.548795472456029,-0.707106781186547));
#3488=DIRECTION('center_axis',(-0.776114000116266,0.630592625094465,0.));
#3489=DIRECTION('ref_axis',(0.630592625094465,0.776114000116266,0.));
#3490=DIRECTION('',(-0.776114000116265,0.630592625094466,0.));
#3491=DIRECTION('',(0.776114000116265,-0.630592625094466,0.));
#3492=DIRECTION('center_axis',(-0.654930538417842,-0.755689082789818,0.));
#3493=DIRECTION('ref_axis',(0.755689082789818,-0.654930538417842,0.));
#3494=DIRECTION('center_axis',(0.630592625094466,0.776114000116266,0.));
#3495=DIRECTION('ref_axis',(0.776114000116266,-0.630592625094466,0.));
#3496=DIRECTION('center_axis',(0.776114000116266,-0.630592625094465,2.15414908165752E-15));
#3497=DIRECTION('ref_axis',(0.630592625094465,0.776114000116266,0.));
#3498=DIRECTION('center_axis',(-0.654930538417842,-0.755689082789818,0.));
#3499=DIRECTION('ref_axis',(0.755689082789818,-0.654930538417842,0.));
#3500=DIRECTION('center_axis',(-0.776114000116266,0.630592625094466,5.52345918373724E-17));
#3501=DIRECTION('ref_axis',(0.445896321370521,0.548795472456026,0.70710678118655));
#3502=DIRECTION('',(0.776114000116265,-0.630592625094466,-5.52345918373724E-17));
#3503=DIRECTION('',(-0.776114000116265,0.630592625094466,5.52345918373724E-17));
#3504=DIRECTION('center_axis',(7.11681426041767E-17,-8.71558380414674E-33,
1.));
#3505=DIRECTION('ref_axis',(1.,-1.22464679914735E-16,-7.11681426041767E-17));
#3506=DIRECTION('',(-1.,1.22464679914735E-16,7.11681426041767E-17));
#3507=DIRECTION('',(1.22464679914735E-16,1.,0.));
#3508=DIRECTION('center_axis',(1.22464679914735E-16,1.,0.));
#3509=DIRECTION('ref_axis',(0.,0.,1.));
#3510=DIRECTION('center_axis',(1.22464679914735E-16,1.,0.));
#3511=DIRECTION('ref_axis',(0.,0.,1.));
#3512=DIRECTION('',(1.22464679914735E-16,1.,0.));
#3513=DIRECTION('center_axis',(-0.630592625094466,-0.776114000116266,0.));
#3514=DIRECTION('ref_axis',(0.776114000116265,-0.630592625094466,0.));
#3515=DIRECTION('',(-0.776114000116265,0.630592625094466,0.));
#3516=DIRECTION('center_axis',(-0.630592625094466,-0.776114000116266,0.));
#3517=DIRECTION('ref_axis',(0.776114000116266,-0.630592625094466,0.));
#3518=DIRECTION('',(0.776114000116265,-0.630592625094466,0.));
#3519=DIRECTION('center_axis',(0.776114000116266,-0.630592625094466,0.));
#3520=DIRECTION('ref_axis',(0.445896321370522,0.548795472456027,-0.707106781186549));
#3521=DIRECTION('center_axis',(-0.776114000116267,0.630592625094464,1.21170885843236E-14));
#3522=DIRECTION('ref_axis',(0.630592625094464,0.776114000116267,7.88860905221012E-31));
#3523=DIRECTION('',(-0.776114000116265,0.630592625094466,0.));
#3524=DIRECTION('center_axis',(0.776114000116265,-0.630592625094466,0.));
#3525=DIRECTION('ref_axis',(0.630592625094466,0.776114000116265,1.11022302462516E-14));
#3526=DIRECTION('center_axis',(0.611024982292501,0.7916113130915,0.));
#3527=DIRECTION('ref_axis',(0.7916113130915,-0.611024982292501,0.));
#3528=DIRECTION('center_axis',(-0.776114000116266,0.630592625094466,0.));
#3529=DIRECTION('ref_axis',(0.445896321370523,0.548795472456029,0.707106781186547));
#3530=DIRECTION('',(0.776114000116265,-0.630592625094466,0.));
#3531=DIRECTION('center_axis',(1.22464679914735E-16,1.,0.));
#3532=DIRECTION('ref_axis',(0.,0.,1.));
#3533=DIRECTION('center_axis',(1.22464679914735E-16,1.,0.));
#3534=DIRECTION('ref_axis',(0.,0.,1.));
#3535=DIRECTION('center_axis',(1.22464679914735E-16,1.,0.));
#3536=DIRECTION('ref_axis',(0.,0.,-1.));
#3537=DIRECTION('',(1.22464679914735E-16,1.,0.));
#3538=DIRECTION('center_axis',(-1.22464679914735E-16,-1.,0.));
#3539=DIRECTION('ref_axis',(0.,0.,-1.));
#3540=DIRECTION('',(1.22464679914735E-16,1.,0.));
#3541=DIRECTION('center_axis',(0.,0.,-1.));
#3542=DIRECTION('ref_axis',(-1.,1.22464679914735E-16,0.));
#3543=DIRECTION('',(1.,-1.22464679914735E-16,0.));
#3544=DIRECTION('center_axis',(1.22464679914735E-16,1.,0.));
#3545=DIRECTION('ref_axis',(-1.,1.22464679914735E-16,0.));
#3546=DIRECTION('center_axis',(1.22464679914735E-16,1.,0.));
#3547=DIRECTION('ref_axis',(-1.,1.22464679914735E-16,0.));
#3548=DIRECTION('',(1.22464679914735E-16,1.,0.));
#3549=DIRECTION('center_axis',(-1.22464679914735E-16,-1.,0.));
#3550=DIRECTION('ref_axis',(-1.,1.22464679914735E-16,0.));
#3551=DIRECTION('center_axis',(0.,0.,1.));
#3552=DIRECTION('ref_axis',(1.,-1.22464679914735E-16,0.));
#3553=DIRECTION('',(-1.,1.22464679914735E-16,0.));
#3554=DIRECTION('center_axis',(-1.22464679914735E-16,-1.,0.));
#3555=DIRECTION('ref_axis',(-1.,1.22464679914735E-16,0.));
#3556=DIRECTION('center_axis',(-0.842528549618653,1.03179989148075E-16,
0.538651689942108));
#3557=DIRECTION('ref_axis',(-0.538651689942108,6.59658067942915E-17,-0.842528549618653));
#3558=DIRECTION('',(-0.538651689942108,6.59658067942915E-17,-0.842528549618653));
#3559=DIRECTION('',(-1.22464679914735E-16,-1.,0.));
#3560=DIRECTION('',(-0.538651689942108,6.59658067942915E-17,-0.842528549618653));
#3561=DIRECTION('',(-1.22464679914735E-16,-1.,0.));
#3562=DIRECTION('center_axis',(-0.722300935761494,8.84563529001452E-17,
0.691578887906557));
#3563=DIRECTION('ref_axis',(-0.691578887906557,8.46939871432651E-17,-0.722300935761494));
#3564=DIRECTION('',(-0.691578887906557,8.46939871432651E-17,-0.722300935761494));
#3565=DIRECTION('',(1.22464679914735E-16,1.,0.));
#3566=DIRECTION('',(-1.22464679914735E-16,-1.,0.));
#3567=DIRECTION('',(-0.691578887906557,8.46939871432651E-17,-0.722300935761494));
#3568=DIRECTION('center_axis',(0.691578887906528,-8.46939871432616E-17,
0.722300935761522));
#3569=DIRECTION('ref_axis',(-0.722300935761522,8.84563529001486E-17,0.691578887906528));
#3570=DIRECTION('',(0.722300935761522,-8.84563529001486E-17,-0.691578887906528));
#3571=DIRECTION('',(1.22464679914735E-16,1.,0.));
#3572=DIRECTION('',(-1.22464679914735E-16,-1.,0.));
#3573=DIRECTION('',(-0.722300935761522,8.84563529001486E-17,0.691578887906528));
#3574=DIRECTION('',(-1.22464679914735E-16,-1.,0.));
#3575=DIRECTION('',(-1.22464679914735E-16,-1.,0.));
#3576=DIRECTION('center_axis',(1.22464679914735E-16,1.,0.));
#3577=DIRECTION('ref_axis',(-1.,1.22464679914735E-16,0.));
#3578=DIRECTION('',(0.999999768643879,-1.22464651581782E-16,-0.000680229511246995));
#3579=DIRECTION('center_axis',(-0.691578887906528,8.46939871432616E-17,
-0.722300935761522));
#3580=DIRECTION('ref_axis',(0.722300935761522,-8.84563529001486E-17,-0.691578887906528));
#3581=DIRECTION('',(0.722300935761522,-8.84563529001486E-17,-0.691578887906528));
#3582=DIRECTION('',(-1.22464679914735E-16,-1.,0.));
#3583=DIRECTION('',(0.722300935761522,-8.84563529001486E-17,-0.691578887906528));
#3584=DIRECTION('center_axis',(1.22464679914735E-16,1.,0.));
#3585=DIRECTION('ref_axis',(-1.,1.22464679914735E-16,0.));
#3586=DIRECTION('',(1.,-1.22464679914735E-16,1.07182188209376E-32));
#3587=DIRECTION('',(-1.,1.22464679914735E-16,0.));
#3588=DIRECTION('',(0.999999768643879,-1.22464651581782E-16,-0.000680229511246995));
#3589=DIRECTION('',(0.999999935687429,-1.22464672038717E-16,0.000358643469335389));
#3590=DIRECTION('',(0.999999935687429,-1.22464672038717E-16,0.000358643469335389));
#3591=DIRECTION('',(1.4419194328082E-8,-1.76584201801693E-24,1.));
#3592=DIRECTION('',(-1.,1.22464679914735E-16,0.));
#3593=DIRECTION('',(-0.999998182687375,1.22464457358126E-16,0.00190646844918241));
#3594=DIRECTION('',(-0.999998182687375,1.22464457358126E-16,0.00190646844918241));
#3595=DIRECTION('center_axis',(-0.328184782672942,4.01910443629288E-17,
0.944613544483623));
#3596=DIRECTION('ref_axis',(-0.944613544483623,1.15681795368311E-16,-0.328184782672942));
#3597=DIRECTION('',(0.944613544483623,-1.1568179536831E-16,0.328184782672942));
#3598=DIRECTION('',(-1.22464679914735E-16,-1.,0.));
#3599=DIRECTION('',(-0.944613544483623,1.1568179536831E-16,-0.328184782672942));
#3600=DIRECTION('',(-1.22464679914735E-16,-1.,0.));
#3601=DIRECTION('center_axis',(0.000358643469335389,-4.39211576756686E-20,
-0.999999935687429));
#3602=DIRECTION('ref_axis',(0.999999935687429,-1.22464672038717E-16,0.000358643469335389));
#3603=DIRECTION('',(-1.22464679914735E-16,-1.,0.));
#3604=DIRECTION('',(0.999999935687429,-1.22464672038717E-16,0.000358643469335389));
#3605=DIRECTION('',(-1.22464679914735E-16,-1.,0.));
#3606=DIRECTION('center_axis',(-0.000680229511246995,8.33040893634201E-20,
-0.999999768643879));
#3607=DIRECTION('ref_axis',(0.999999768643879,-1.22464651581782E-16,-0.000680229511246995));
#3608=DIRECTION('',(0.999999768643879,-1.22464651581782E-16,-0.000680229511246995));
#3609=DIRECTION('center_axis',(1.22464679914735E-16,1.,0.));
#3610=DIRECTION('ref_axis',(-1.,1.22464679914735E-16,0.));
#3611=DIRECTION('',(-0.715119895160932,8.75769290615426E-17,0.699001813692223));
#3612=DIRECTION('',(-1.22464679914735E-16,-1.,0.));
#3613=DIRECTION('',(-1.22464679914735E-16,-1.,0.));
#3614=DIRECTION('center_axis',(0.00190646844918241,-2.33475048396666E-19,
0.999998182687375));
#3615=DIRECTION('ref_axis',(-0.999998182687375,1.22464457358126E-16,0.00190646844918241));
#3616=DIRECTION('',(-1.22464679914735E-16,-1.,0.));
#3617=DIRECTION('',(-0.999998182687375,1.22464457358126E-16,0.00190646844918241));
#3618=DIRECTION('center_axis',(1.22464679914735E-16,1.,0.));
#3619=DIRECTION('ref_axis',(-1.,1.22464679914735E-16,0.));
#3620=DIRECTION('',(-0.715119895160932,8.75769290615426E-17,0.699001813692223));
#3621=DIRECTION('center_axis',(1.,-1.22464679914735E-16,-1.4419194328082E-8));
#3622=DIRECTION('ref_axis',(-1.4419194328082E-8,1.76584201801693E-24,-1.));
#3623=DIRECTION('',(1.22464679914735E-16,1.,0.));
#3624=DIRECTION('',(-1.4419194328082E-8,1.76584201801693E-24,-1.));
#3625=DIRECTION('',(1.22464679914735E-16,1.,0.));
#3626=DIRECTION('center_axis',(0.,0.,1.));
#3627=DIRECTION('ref_axis',(1.,-1.22464679914735E-16,0.));
#3628=DIRECTION('',(1.,-1.22464679914735E-16,0.));
#3629=DIRECTION('',(1.22464679914735E-16,1.,0.));
#3630=DIRECTION('center_axis',(0.00190646844918241,-2.33475048396666E-19,
0.999998182687375));
#3631=DIRECTION('ref_axis',(0.999998182687375,-1.22464457358126E-16,-0.00190646844918241));
#3632=DIRECTION('',(0.999998182687375,-1.22464457358126E-16,-0.00190646844918241));
#3633=DIRECTION('',(1.22464679914735E-16,1.,0.));
#3634=DIRECTION('',(-1.22464679914735E-16,-1.,0.));
#3635=DIRECTION('',(-1.22464679914735E-16,-1.,0.));
#3636=DIRECTION('center_axis',(-0.699001813692223,8.56030333736376E-17,
-0.715119895160932));
#3637=DIRECTION('ref_axis',(-0.715119895160932,8.75769290615426E-17,0.699001813692223));
#3638=DIRECTION('',(-0.715119895160932,8.75769290615426E-17,0.699001813692223));
#3639=DIRECTION('',(1.22464679914735E-16,1.,0.));
#3640=DIRECTION('center_axis',(0.000358643469335389,-4.39211576756686E-20,
-0.999999935687429));
#3641=DIRECTION('ref_axis',(-0.999999935687429,1.22464672038717E-16,-0.000358643469335389));
#3642=DIRECTION('',(-0.999999935687429,1.22464672038717E-16,-0.000358643469335389));
#3643=DIRECTION('center_axis',(1.22464679914735E-16,1.,0.));
#3644=DIRECTION('ref_axis',(-1.,1.22464679914735E-16,0.));
#3645=DIRECTION('center_axis',(1.22311885494769E-16,0.998752338877845,-0.0499376169438923));
#3646=DIRECTION('ref_axis',(-6.11559427473843E-18,-0.0499376169438923,-0.998752338877845));
#3647=DIRECTION('',(-6.11559427473843E-18,-0.0499376169438923,-0.998752338877845));
#3648=DIRECTION('',(-1.,1.22464679914735E-16,0.));
#3649=DIRECTION('',(-6.11559427473843E-18,-0.0499376169438923,-0.998752338877845));
#3650=DIRECTION('center_axis',(1.,-1.22464679914735E-16,0.));
#3651=DIRECTION('ref_axis',(0.,0.,1.));
#3652=DIRECTION('',(1.22464679914735E-16,1.,0.));
#3653=DIRECTION('center_axis',(0.,0.,1.));
#3654=DIRECTION('ref_axis',(-1.,1.22464679914735E-16,0.));
#3655=DIRECTION('',(-1.22464679914735E-16,-1.,0.));
#3656=DIRECTION('',(1.,-1.22464679914735E-16,0.));
#3657=DIRECTION('',(-1.22464679914735E-16,-1.,0.));
#3658=DIRECTION('',(-1.,1.22464679914735E-16,0.));
#3659=DIRECTION('',(1.22464679914735E-16,1.,0.));
#3660=DIRECTION('',(1.,-1.22464679914735E-16,0.));
#3661=DIRECTION('',(1.22464679914735E-16,1.,0.));
#3662=DIRECTION('',(1.,-1.22464679914735E-16,0.));
#3663=DIRECTION('',(-1.22464679914735E-16,-1.,0.));
#3664=DIRECTION('',(1.22464679914735E-16,1.,0.));
#3665=DIRECTION('',(-1.,1.22464679914735E-16,0.));
#3666=DIRECTION('',(-1.22464679914735E-16,-1.,0.));
#3667=DIRECTION('center_axis',(1.22311885494769E-16,0.998752338877845,0.049937616943892));
#3668=DIRECTION('ref_axis',(-6.1155942747384E-18,-0.049937616943892,0.998752338877845));
#3669=DIRECTION('',(-6.1155942747384E-18,-0.049937616943892,0.998752338877845));
#3670=DIRECTION('',(6.1155942747384E-18,0.049937616943892,-0.998752338877845));
#3671=DIRECTION('center_axis',(1.,-1.22464679914735E-16,0.));
#3672=DIRECTION('ref_axis',(0.,0.,1.));
#3673=DIRECTION('center_axis',(-1.15079156022785E-16,-0.939692620785908,
-0.34202014332567));
#3674=DIRECTION('ref_axis',(-1.,1.22464679914735E-16,0.));
#3675=DIRECTION('',(1.,-1.22464679914735E-16,0.));
#3676=DIRECTION('',(0.323615577118182,0.323615577118186,-0.889126490715989));
#3677=DIRECTION('',(-1.,1.22464679914735E-16,0.));
#3678=DIRECTION('',(-0.323615577118185,0.323615577118186,-0.889126490715988));
#3679=DIRECTION('center_axis',(0.939692620785908,-8.10893314969789E-17,
-0.342020143325669));
#3680=DIRECTION('ref_axis',(-8.62934641640158E-17,-1.,6.16297582203915E-33));
#3681=DIRECTION('',(8.62934641640158E-17,1.,0.));
#3682=DIRECTION('',(-8.62934641640158E-17,-1.,0.));
#3683=DIRECTION('',(-0.334626033325218,-0.20681026211554,-0.919377470522707));
#3684=DIRECTION('center_axis',(0.420243315606442,0.840486631212891,-0.342020143325668));
#3685=DIRECTION('ref_axis',(0.894427190999917,-0.447213595499955,-5.55111512312578E-17));
#3686=DIRECTION('',(-0.894427190999917,0.447213595499955,0.));
#3687=DIRECTION('',(0.894427190999917,-0.447213595499955,0.));
#3688=DIRECTION('',(-0.0804781132934224,-0.340910758611876,-0.936644611335274));
#3689=DIRECTION('center_axis',(3.30425558957167E-16,0.939692620785908,-0.342020143325669));
#3690=DIRECTION('ref_axis',(1.,-3.51631535300146E-16,3.08148791101958E-31));
#3691=DIRECTION('',(-1.,3.51631535300145E-16,0.));
#3692=DIRECTION('',(1.,-3.51631535300145E-16,0.));
#3693=DIRECTION('',(0.0804781132934229,-0.340910758611876,-0.936644611335274));
#3694=DIRECTION('center_axis',(-0.420243315606451,0.840486631212886,-0.342020143325668));
#3695=DIRECTION('ref_axis',(0.894427190999913,0.447213595499965,0.));
#3696=DIRECTION('',(-0.894427190999912,-0.447213595499965,0.));
#3697=DIRECTION('',(0.894427190999912,0.447213595499965,0.));
#3698=DIRECTION('',(0.334626033325216,-0.206810262115539,-0.919377470522708));
#3699=DIRECTION('center_axis',(-0.939692620785909,1.15079156022785E-16,
-0.342020143325666));
#3700=DIRECTION('ref_axis',(1.22464679914735E-16,1.,0.));
#3701=DIRECTION('',(-1.22464679914735E-16,-1.,0.));
#3702=DIRECTION('',(1.22464679914735E-16,1.,0.));
#3703=DIRECTION('center_axis',(0.,0.,1.));
#3704=DIRECTION('ref_axis',(1.,-1.22464679914735E-16,0.));
#3705=DIRECTION('',(-1.22464679914735E-16,-1.,0.));
#3706=DIRECTION('',(-0.894427190999916,-0.447213595499958,0.));
#3707=DIRECTION('',(-1.,1.22464679914735E-16,0.));
#3708=DIRECTION('',(-0.894427190999916,0.447213595499958,0.));
#3709=DIRECTION('',(1.22464679914735E-16,1.,0.));
#3710=DIRECTION('',(1.22464679914735E-16,1.,0.));
#3711=DIRECTION('',(1.,-1.22464679914735E-16,0.));
#3712=DIRECTION('',(-1.22464679914735E-16,-1.,0.));
#3713=DIRECTION('center_axis',(-0.447213595499958,-0.894427190999916,0.));
#3714=DIRECTION('ref_axis',(-0.894427190999916,0.447213595499958,0.));
#3715=DIRECTION('',(0.436435780471985,-0.218217890235993,-0.872871560943969));
#3716=DIRECTION('',(0.,0.,1.));
#3717=DIRECTION('',(0.,0.,1.));
#3718=DIRECTION('',(0.,0.,1.));
#3719=DIRECTION('center_axis',(1.18808190751979E-16,0.970142500145332,-0.242535625036333));
#3720=DIRECTION('ref_axis',(-2.97020476879948E-17,-0.242535625036333,-0.970142500145332));
#3721=DIRECTION('',(0.436435780471985,0.218217890235993,0.872871560943969));
#3722=DIRECTION('',(-2.97020476879948E-17,-0.242535625036333,-0.970142500145332));
#3723=DIRECTION('',(1.,-1.22464679914735E-16,1.07182188209376E-32));
#3724=DIRECTION('',(-2.97020476879948E-17,-0.242535625036333,-0.970142500145332));
#3725=DIRECTION('center_axis',(0.447213595499958,-0.894427190999916,0.));
#3726=DIRECTION('ref_axis',(-0.894427190999916,-0.447213595499958,0.));
#3727=DIRECTION('',(0.,0.,-1.));
#3728=DIRECTION('',(0.,0.,-1.));
#3729=DIRECTION('',(0.,0.,-1.));
#3730=DIRECTION('center_axis',(-1.22464679914735E-16,-1.,0.));
#3731=DIRECTION('ref_axis',(0.,0.,-1.));
#3732=DIRECTION('',(0.,0.,1.));
#3733=DIRECTION('',(-1.,1.22464679914735E-16,0.));
#3734=DIRECTION('',(-1.,1.22464679914735E-16,0.));
#3735=DIRECTION('center_axis',(-1.22464679914735E-16,-1.,0.));
#3736=DIRECTION('ref_axis',(0.,0.,-1.));
#3737=DIRECTION('',(0.,0.,-1.));
#3738=DIRECTION('',(-1.,1.22464679914735E-16,0.));
#3739=DIRECTION('',(-1.,1.22464679914735E-16,0.));
#3740=DIRECTION('center_axis',(0.,0.,1.));
#3741=DIRECTION('ref_axis',(-1.22464679914735E-16,-1.,0.));
#3742=DIRECTION('',(1.22464679914735E-16,1.,0.));
#3743=DIRECTION('',(-1.,1.22464679914735E-16,0.));
#3744=DIRECTION('center_axis',(0.,0.,-1.));
#3745=DIRECTION('ref_axis',(1.22464679914735E-16,1.,0.));
#3746=DIRECTION('',(-1.22464679914735E-16,-1.,0.));
#3747=DIRECTION('',(1.,-1.22464679914735E-16,0.));
#3748=DIRECTION('center_axis',(0.,0.,-1.));
#3749=DIRECTION('ref_axis',(1.22464679914735E-16,1.,0.));
#3750=DIRECTION('',(1.22464679914735E-16,1.,0.));
#3751=DIRECTION('',(1.,-1.22464679914735E-16,0.));
#3752=DIRECTION('center_axis',(1.22464679914735E-16,1.,3.66278242731641E-66));
#3753=DIRECTION('ref_axis',(-3.83534782765507E-33,4.69694644075454E-49,
1.));
#3754=DIRECTION('center_axis',(1.22464679914735E-16,1.,3.66278242731641E-66));
#3755=DIRECTION('ref_axis',(-3.83534782765507E-33,4.69694644075454E-49,
1.));
#3756=DIRECTION('',(-1.,1.22464679914735E-16,0.));
#3757=DIRECTION('center_axis',(0.,0.,1.));
#3758=DIRECTION('ref_axis',(-1.22464679914735E-16,-1.,0.));
#3759=DIRECTION('',(-1.22464679914735E-16,-1.,0.));
#3760=DIRECTION('center_axis',(1.,-1.22464679914735E-16,0.));
#3761=DIRECTION('ref_axis',(1.22464679914735E-16,1.,0.));
#3762=DIRECTION('',(0.,0.,-1.));
#3763=DIRECTION('',(0.,0.,1.));
#3764=DIRECTION('center_axis',(-1.,1.22464679914735E-16,0.));
#3765=DIRECTION('ref_axis',(-1.22464679914735E-16,-1.,0.));
#3766=DIRECTION('',(0.,0.,1.));
#3767=DIRECTION('',(0.,0.,-1.));
#3768=DIRECTION('center_axis',(-0.939692620785909,1.15079156022785E-16,
0.342020143325668));
#3769=DIRECTION('ref_axis',(1.22464679914735E-16,1.,0.));
#3770=DIRECTION('',(-1.22464679914735E-16,-1.,0.));
#3771=DIRECTION('',(-0.323615577118184,0.323615577118185,-0.889126490715989));
#3772=DIRECTION('',(-0.323615577118184,-0.323615577118185,-0.889126490715989));
#3773=DIRECTION('center_axis',(-1.15079156022785E-16,-0.939692620785908,
0.342020143325669));
#3774=DIRECTION('ref_axis',(-1.,1.22464679914735E-16,0.));
#3775=DIRECTION('',(1.,-1.22464679914735E-16,0.));
#3776=DIRECTION('',(0.323615577118185,-0.323615577118185,-0.889126490715988));
#3777=DIRECTION('center_axis',(0.939692620785908,-1.15079156022785E-16,
0.342020143325669));
#3778=DIRECTION('ref_axis',(-1.22464679914735E-16,-1.,0.));
#3779=DIRECTION('',(1.22464679914735E-16,1.,0.));
#3780=DIRECTION('',(0.323615577118185,0.323615577118185,-0.889126490715988));
#3781=DIRECTION('center_axis',(1.15079156022785E-16,0.939692620785908,0.342020143325669));
#3782=DIRECTION('ref_axis',(1.,-1.22464679914735E-16,0.));
#3783=DIRECTION('',(-1.,1.22464679914735E-16,0.));
#3784=DIRECTION('',(1.,-1.22464679914735E-16,0.));
#3785=DIRECTION('center_axis',(-1.22464679914735E-16,-1.,0.));
#3786=DIRECTION('ref_axis',(1.,-1.22464679914735E-16,0.));
#3787=DIRECTION('center_axis',(1.22464679914735E-16,1.,0.));
#3788=DIRECTION('ref_axis',(-1.,1.22464679914735E-16,0.));
#3789=DIRECTION('center_axis',(-0.447213595499958,-0.894427190999916,0.));
#3790=DIRECTION('ref_axis',(-0.894427190999916,0.447213595499958,0.));
#3791=DIRECTION('',(0.436435780471985,-0.218217890235993,-0.872871560943969));
#3792=DIRECTION('',(-0.894427190999916,0.447213595499958,0.));
#3793=DIRECTION('center_axis',(0.447213595499958,-0.894427190999916,0.));
#3794=DIRECTION('ref_axis',(-0.894427190999916,-0.447213595499958,0.));
#3795=DIRECTION('',(0.436435780471985,0.218217890235993,0.872871560943969));
#3796=DIRECTION('',(-0.894427190999916,-0.447213595499958,0.));
#3797=DIRECTION('center_axis',(0.,0.,1.));
#3798=DIRECTION('ref_axis',(-1.,1.22464679914735E-16,0.));
#3799=DIRECTION('',(-1.,1.22464679914735E-16,0.));
#3800=DIRECTION('',(-1.,1.22464679914735E-16,0.));
#3801=DIRECTION('center_axis',(1.18808190751979E-16,0.970142500145332,-0.242535625036333));
#3802=DIRECTION('ref_axis',(-2.97020476879948E-17,-0.242535625036333,-0.970142500145332));
#3803=DIRECTION('center_axis',(-1.22464679914735E-16,-1.,0.));
#3804=DIRECTION('ref_axis',(1.,-1.22464679914735E-16,0.));
#3805=DIRECTION('',(-1.,1.22464679914735E-16,0.));
#3806=DIRECTION('center_axis',(0.,0.,1.));
#3807=DIRECTION('ref_axis',(-1.,1.22464679914735E-16,0.));
#3808=CARTESIAN_POINT('',(0.,0.,0.));
#3809=CARTESIAN_POINT('Origin',(-19.7,-8.45,3.3));
#3810=CARTESIAN_POINT('',(-19.7,-9.2,5.3));
#3811=CARTESIAN_POINT('',(-17.7,-9.3,3.3));
#3812=CARTESIAN_POINT('Origin',(-19.7,-9.3,3.3));
#3813=CARTESIAN_POINT('',(-17.7,-8.1,3.3));
#3814=CARTESIAN_POINT('',(-17.7,-8.45,3.3));
#3815=CARTESIAN_POINT('',(-19.7,-8.2,5.3));
#3816=CARTESIAN_POINT('Origin',(-19.7,-8.1,3.3));
#3817=CARTESIAN_POINT('',(-19.7,-8.45,5.3));
#3818=CARTESIAN_POINT('Origin',(-21.7,-9.2,5.3));
#3819=CARTESIAN_POINT('',(-21.7,-9.2,5.3));
#3820=CARTESIAN_POINT('',(-21.7,-9.2,5.3));
#3821=CARTESIAN_POINT('',(-21.7,-9.4,1.3));
#3822=CARTESIAN_POINT('',(-21.7,-9.32069825436409,2.8860349127182));
#3823=CARTESIAN_POINT('',(-17.7,-9.4,1.3));
#3824=CARTESIAN_POINT('',(-16.6,-9.4,1.3));
#3825=CARTESIAN_POINT('',(-17.7,-9.4,1.3));
#3826=CARTESIAN_POINT('Origin',(-21.7,-8.2,5.3));
#3827=CARTESIAN_POINT('',(-21.7,-8.2,5.3));
#3828=CARTESIAN_POINT('',(-21.7,-8.2,5.3));
#3829=CARTESIAN_POINT('',(-21.7,-4.1,5.3));
#3830=CARTESIAN_POINT('Origin',(-3.3,-8.45,3.3));
#3831=CARTESIAN_POINT('',(-5.3,-9.3,3.3));
#3832=CARTESIAN_POINT('',(-3.3,-9.2,5.3));
#3833=CARTESIAN_POINT('Origin',(-3.3,-9.3,3.3));
#3834=CARTESIAN_POINT('',(-3.3,-8.2,5.3));
#3835=CARTESIAN_POINT('',(-3.3,-8.45,5.3));
#3836=CARTESIAN_POINT('',(-5.3,-8.1,3.3));
#3837=CARTESIAN_POINT('Origin',(-3.3,-8.1,3.3));
#3838=CARTESIAN_POINT('',(-5.3,-8.45,3.3));
#3839=CARTESIAN_POINT('Origin',(-1.3,-8.00000000000001,1.3));
#3840=CARTESIAN_POINT('',(-1.3,-8.2,5.3));
#3841=CARTESIAN_POINT('',(-1.3,-8.2,5.3));
#3842=CARTESIAN_POINT('',(-1.3,-8.00000000000001,1.3));
#3843=CARTESIAN_POINT('',(-1.3,-7.97306733167083,0.761346633416458));
#3844=CARTESIAN_POINT('',(-5.3,-8.00000000000001,1.3));
#3845=CARTESIAN_POINT('',(-6.4,-8.00000000000001,1.3));
#3846=CARTESIAN_POINT('',(-5.3,-8.2,5.3));
#3847=CARTESIAN_POINT('Origin',(-1.3,-8.2,5.3));
#3848=CARTESIAN_POINT('',(-1.3,-9.2,5.3));
#3849=CARTESIAN_POINT('',(-1.3,-9.2,5.3));
#3850=CARTESIAN_POINT('',(-1.3,-10.3,5.3));
#3851=CARTESIAN_POINT('Origin',(-1.3,-8.2,23.5000003501773));
#3852=CARTESIAN_POINT('',(-1.8,-8.22620388964152,23.5262042398188));
#3853=CARTESIAN_POINT('',(-1.8,-9.17379612525964,23.5262042398188));
#3854=CARTESIAN_POINT('',(-1.8,-9.20000001490117,23.5262042398188));
#3855=CARTESIAN_POINT('',(-1.3,-8.2,23.5000003501773));
#3856=CARTESIAN_POINT('',(-1.35212145907975,-8.20273156992337,23.5027319201007));
#3857=CARTESIAN_POINT('',(-1.3,-9.20000001490117,23.5000003501773));
#3858=CARTESIAN_POINT('',(-1.3,-10.3,23.5000003501773));
#3859=CARTESIAN_POINT('',(-1.32606073449115,-9.19863422968,23.5013661353985));
#3860=CARTESIAN_POINT('Origin',(-1.3,-9.20000001490117,23.5000003501773));
#3861=CARTESIAN_POINT('',(-1.8,-9.17379612525964,25.4737961103585));
#3862=CARTESIAN_POINT('',(-1.8,-9.17379612525964,25.5000003799796));
#3863=CARTESIAN_POINT('',(-1.3,-9.20000001490117,25.5));
#3864=CARTESIAN_POINT('',(-1.3,-9.20000001490117,11.7500001750886));
#3865=CARTESIAN_POINT('',(-1.35212145907975,-9.1972684449778,25.4972684300766));
#3866=CARTESIAN_POINT('Origin',(-1.3,-9.20000001490117,25.5));
#3867=CARTESIAN_POINT('',(-1.8,-8.22620388964152,25.4737961103585));
#3868=CARTESIAN_POINT('',(-1.8,-0.452391681647333,25.4737961103585));
#3869=CARTESIAN_POINT('',(-1.3,-8.2,25.5));
#3870=CARTESIAN_POINT('',(-1.3,-8.56000233208144,25.5));
#3871=CARTESIAN_POINT('',(-1.32606073449115,-8.20136578522117,25.4986342147788));
#3872=CARTESIAN_POINT('Origin',(-1.3,-8.2,25.5));
#3873=CARTESIAN_POINT('',(-1.8,-8.22620388964152,23.5000003501773));
#3874=CARTESIAN_POINT('',(-1.3,-8.2,12.75));
#3875=CARTESIAN_POINT('Origin',(-1.8,-8.70000000745059,24.5000003650784));
#3876=CARTESIAN_POINT('Origin',(-21.7,-8.2,23.5000003501773));
#3877=CARTESIAN_POINT('',(-21.2,-8.22620388964152,23.5262042398188));
#3878=CARTESIAN_POINT('',(-21.2,-9.17379612525964,23.5262042398188));
#3879=CARTESIAN_POINT('',(-21.2,-9.20000001490117,23.5262042398188));
#3880=CARTESIAN_POINT('',(-21.7,-9.20000001490117,23.5000003501773));
#3881=CARTESIAN_POINT('',(-21.6739392655088,-9.19863422968,23.5013661353985));
#3882=CARTESIAN_POINT('',(-21.7,-8.2,23.5000003501773));
#3883=CARTESIAN_POINT('',(-21.7,-4.1,23.5000003501773));
#3884=CARTESIAN_POINT('',(-21.6478785409203,-8.20273156992337,23.5027319201007));
#3885=CARTESIAN_POINT('Origin',(-21.7,-9.20000001490117,23.5000003501773));
#3886=CARTESIAN_POINT('',(-21.2,-9.17379612525964,25.4737961103585));
#3887=CARTESIAN_POINT('',(-21.2,-9.17379612525964,25.5000003799796));
#3888=CARTESIAN_POINT('',(-21.7,-9.20000001490117,25.5));
#3889=CARTESIAN_POINT('',(-21.6478785409203,-9.1972684449778,25.4972684300766));
#3890=CARTESIAN_POINT('',(-21.7,-9.20000001490116,11.7500001750886));
#3891=CARTESIAN_POINT('Origin',(-21.7,-9.20000001490117,25.5));
#3892=CARTESIAN_POINT('',(-21.2,-8.22620388964152,25.4737961103585));
#3893=CARTESIAN_POINT('',(-21.2,-0.452391681647331,25.4737961103585));
#3894=CARTESIAN_POINT('',(-21.7,-8.2,25.5));
#3895=CARTESIAN_POINT('',(-21.6739392655088,-8.20136578522117,25.4986342147788));
#3896=CARTESIAN_POINT('',(-21.7,-2.36000233208144,25.5));
#3897=CARTESIAN_POINT('Origin',(-21.7,-8.2,25.5));
#3898=CARTESIAN_POINT('',(-21.2,-8.22620388964152,23.5000003501773));
#3899=CARTESIAN_POINT('',(-21.7,-8.2,12.75));
#3900=CARTESIAN_POINT('Origin',(-21.2,-8.70000000745059,24.5000003650784));
#3901=CARTESIAN_POINT('Origin',(-3.91886975727153E-16,-3.2,12.6999997094274));
#3902=CARTESIAN_POINT('',(-3.91886975727153E-16,-3.2,13.2999997094274));
#3903=CARTESIAN_POINT('',(-3.91886975727153E-16,-3.2,12.6999997094274));
#3904=CARTESIAN_POINT('',(-3.91886975727153E-16,-3.2,6.34999985471368));
#3905=CARTESIAN_POINT('',(0.2,-3.2,13.2999997094274));
#3906=CARTESIAN_POINT('',(-3.91886975727153E-16,-3.2,13.2999997094274));
#3907=CARTESIAN_POINT('',(0.2,-3.2,12.6999997094274));
#3908=CARTESIAN_POINT('',(0.2,-3.2,13.2999997094274));
#3909=CARTESIAN_POINT('',(-3.91886975727153E-16,-3.2,12.6999997094274));
#3910=CARTESIAN_POINT('Origin',(-6.98048675513991E-16,-5.7,12.6999997094274));
#3911=CARTESIAN_POINT('',(-6.98048675513991E-16,-5.7,12.6999997094274));
#3912=CARTESIAN_POINT('',(-1.10830535322835E-15,-9.05,12.6999997094274));
#3913=CARTESIAN_POINT('',(0.199999999999999,-5.7,12.6999997094274));
#3914=CARTESIAN_POINT('',(0.2,-3.2,12.6999997094274));
#3915=CARTESIAN_POINT('',(-6.98048675513991E-16,-5.7,12.6999997094274));
#3916=CARTESIAN_POINT('Origin',(-6.98048675513991E-16,-5.7,13.2999997094274));
#3917=CARTESIAN_POINT('',(-6.98048675513991E-16,-5.7,13.2999997094274));
#3918=CARTESIAN_POINT('',(-6.98048675513991E-16,-5.7,6.64999985471368));
#3919=CARTESIAN_POINT('',(0.199999999999999,-5.7,13.2999997094274));
#3920=CARTESIAN_POINT('',(0.199999999999999,-5.7,12.6999997094274));
#3921=CARTESIAN_POINT('',(-6.98048675513991E-16,-5.7,13.2999997094274));
#3922=CARTESIAN_POINT('Origin',(-3.91886975727153E-16,-3.2,13.2999997094274));
#3923=CARTESIAN_POINT('',(-9.55224503334935E-16,-7.8,13.2999997094274));
#3924=CARTESIAN_POINT('',(0.199999999999999,-5.7,13.2999997094274));
#3925=CARTESIAN_POINT('Origin',(0.199999999999999,-4.45,12.9999997094274));
#3926=CARTESIAN_POINT('Origin',(-7.59281015471359E-16,-6.2,13.));
#3927=CARTESIAN_POINT('',(-5.58891190132817E-16,-4.56369289922563,13.75));
#3928=CARTESIAN_POINT('',(-5.58891190132817E-16,-4.56369289922563,12.25));
#3929=CARTESIAN_POINT('Origin',(-7.59281015471359E-16,-6.2,13.));
#3930=CARTESIAN_POINT('',(0.199999999999999,-4.56369289922563,13.75));
#3931=CARTESIAN_POINT('',(-5.58891190132817E-16,-4.56369289922563,13.75));
#3932=CARTESIAN_POINT('',(0.199999999999999,-4.56369289922563,12.25));
#3933=CARTESIAN_POINT('Origin',(0.199999999999999,-6.2,13.));
#3934=CARTESIAN_POINT('',(-5.58891190132817E-16,-4.56369289922563,12.25));
#3935=CARTESIAN_POINT('Origin',(-4.93008295295198E-16,-4.02571823678835,
12.25));
#3936=CARTESIAN_POINT('',(-4.93008295295198E-16,-4.02571823678835,12.25));
#3937=CARTESIAN_POINT('',(-1.00578516311896E-15,-8.21285911839418,12.25));
#3938=CARTESIAN_POINT('',(0.2,-4.02571823678835,12.25));
#3939=CARTESIAN_POINT('',(0.2,-4.02571823678835,12.25));
#3940=CARTESIAN_POINT('',(-4.93008295295198E-16,-4.02571823678835,12.25));
#3941=CARTESIAN_POINT('Origin',(-7.59281015471359E-16,-6.2,13.));
#3942=CARTESIAN_POINT('',(-4.93008295295198E-16,-4.02571823678835,13.75));
#3943=CARTESIAN_POINT('Origin',(-7.59281015471359E-16,-6.2,13.));
#3944=CARTESIAN_POINT('',(0.2,-4.02571823678835,13.75));
#3945=CARTESIAN_POINT('Origin',(0.199999999999999,-6.2,13.));
#3946=CARTESIAN_POINT('',(-4.93008295295198E-16,-4.02571823678835,13.75));
#3947=CARTESIAN_POINT('Origin',(-5.58891190132817E-16,-4.56369289922563,
13.75));
#3948=CARTESIAN_POINT('',(-1.03872661053777E-15,-8.48184644961282,13.75));
#3949=CARTESIAN_POINT('',(0.199999999999999,-4.56369289922563,13.75));
#3950=CARTESIAN_POINT('Origin',(0.199999999999999,-6.26285924728925,13.));
#3951=CARTESIAN_POINT('Origin',(-25.5167050043929,-6.70251691767031,18.8));
#3952=CARTESIAN_POINT('',(-27.0261185250189,-7.67122130157785,18.8));
#3953=CARTESIAN_POINT('',(-26.9,-7.8264441016011,19.));
#3954=CARTESIAN_POINT('Origin',(-26.9,-7.8264441016011,18.8));
#3955=CARTESIAN_POINT('',(-23.,-4.6576941016011,19.));
#3956=CARTESIAN_POINT('',(-25.5167050043929,-6.70251691767031,19.));
#3957=CARTESIAN_POINT('',(-23.,-4.4,18.8));
#3958=CARTESIAN_POINT('Origin',(-23.,-4.6576941016011,18.8));
#3959=CARTESIAN_POINT('',(-25.6428235294118,-6.54729411764706,18.8));
#3960=CARTESIAN_POINT('Ctrl Pts',(-26.9899556004999,-7.64187980784526,18.7966776404554));
#3961=CARTESIAN_POINT('Ctrl Pts',(-27.4810114242563,-8.04086898816742,18.7908140608857));
#3962=CARTESIAN_POINT('Ctrl Pts',(-28.4534189231698,-8.83095937013033,19.0067827779261));
#3963=CARTESIAN_POINT('Ctrl Pts',(-29.6159369821406,-9.77552553147111,19.9329107475875));
#3964=CARTESIAN_POINT('Ctrl Pts',(-30.2568725121479,-10.2962977702208,21.2620307399695));
#3965=CARTESIAN_POINT('Ctrl Pts',(-30.2563032174414,-10.2958350686836,22.61488508296));
#3966=CARTESIAN_POINT('Ctrl Pts',(-29.9065902311625,-10.0116861731208,23.4573522241321));
#3967=CARTESIAN_POINT('Ctrl Pts',(-29.63999748377,-9.79507415030984,23.8559340786592));
#3968=CARTESIAN_POINT('Ctrl Pts',(-29.2797233446041,-9.50234496567949,24.3350358317117));
#3969=CARTESIAN_POINT('Ctrl Pts',(-28.4532976069933,-8.83086044889759,24.9931086827908));
#3970=CARTESIAN_POINT('Ctrl Pts',(-27.4810144712332,-8.04087147285669,25.2091886592162));
#3971=CARTESIAN_POINT('Ctrl Pts',(-26.9899554851292,-7.64187971376265,25.2033222566268));
#3972=CARTESIAN_POINT('Ctrl Pts',(-26.9905177148011,-7.6416181976612,18.8276371182102));
#3973=CARTESIAN_POINT('Ctrl Pts',(-27.4787757134621,-8.03823287919975,18.8237236905716));
#3974=CARTESIAN_POINT('Ctrl Pts',(-28.4445613289822,-8.82276393984462,19.0422775656729));
#3975=CARTESIAN_POINT('Ctrl Pts',(-29.5942015777346,-9.75653650347176,19.9648685034082));
#3976=CARTESIAN_POINT('Ctrl Pts',(-30.2225490219385,-10.2668663902086,21.2763865414075));
#3977=CARTESIAN_POINT('Ctrl Pts',(-30.2219192876868,-10.2663560791316,22.6030154942186));
#3978=CARTESIAN_POINT('Ctrl Pts',(-29.8792564257107,-9.98805719913212,23.4333951206591));
#3979=CARTESIAN_POINT('Ctrl Pts',(-29.6167065268152,-9.77481789072891,23.8276898542438));
#3980=CARTESIAN_POINT('Ctrl Pts',(-29.2616952448368,-9.486474378766,24.3021091455995));
#3981=CARTESIAN_POINT('Ctrl Pts',(-28.4444696493284,-8.82269239998454,24.9575433829481));
#3982=CARTESIAN_POINT('Ctrl Pts',(-27.478778017412,-8.03823467551814,25.1762807955007));
#3983=CARTESIAN_POINT('Ctrl Pts',(-26.9905176275475,-7.64161812965148,25.1723627120692));
#3984=CARTESIAN_POINT('Ctrl Pts',(-26.9825198725536,-7.65230794344314,18.8885002436082));
#3985=CARTESIAN_POINT('Ctrl Pts',(-27.4641135843472,-8.04568015275529,18.8884337911616));
#3986=CARTESIAN_POINT('Ctrl Pts',(-28.4144297201955,-8.82234177357092,19.1120685682323));
#3987=CARTESIAN_POINT('Ctrl Pts',(-29.534851365727,-9.73964914493485,20.0277256769548));
#3988=CARTESIAN_POINT('Ctrl Pts',(-30.1356876251457,-10.2328182944564,21.3046535829564));
#3989=CARTESIAN_POINT('Ctrl Pts',(-30.1349476208743,-10.2322116154274,22.5796761998852));
#3990=CARTESIAN_POINT('Ctrl Pts',(-29.8076692948624,-9.9635619969036,23.3862782685571));
#3991=CARTESIAN_POINT('Ctrl Pts',(-29.5541066306449,-9.75570226307991,23.772144106925));
#3992=CARTESIAN_POINT('Ctrl Pts',(-29.210798367617,-9.47433152397225,24.2373533526613));
#3993=CARTESIAN_POINT('Ctrl Pts',(-28.4144045737038,-8.82231946043929,24.8876225734332));
#3994=CARTESIAN_POINT('Ctrl Pts',(-27.4641142140607,-8.04568071323457,25.1115739448307));
#3995=CARTESIAN_POINT('Ctrl Pts',(-26.982519848734,-7.65230792222035,25.1114994637477));
#3996=CARTESIAN_POINT('Ctrl Pts',(-26.9407902099172,-7.70484534627702,18.9733692375178));
#3997=CARTESIAN_POINT('Ctrl Pts',(-27.4096111975452,-8.09797616628688,18.9761313897767));
#3998=CARTESIAN_POINT('Ctrl Pts',(-28.3322608615955,-8.87379638747128,19.2004935349874));
#3999=CARTESIAN_POINT('Ctrl Pts',(-29.4107175992231,-9.78820810809416,20.0980001089113));
#4000=CARTESIAN_POINT('Ctrl Pts',(-29.9803254547904,-10.2771604125183,21.3330173665322));
#4001=CARTESIAN_POINT('Ctrl Pts',(-29.9795408814239,-10.2765082110134,22.5560763076671));
#4002=CARTESIAN_POINT('Ctrl Pts',(-29.6694836368462,-10.0102682829527,23.3351158204733));
#4003=CARTESIAN_POINT('Ctrl Pts',(-29.4271671825034,-9.8035782577693,23.709678947604));
#4004=CARTESIAN_POINT('Ctrl Pts',(-29.0987543120589,-9.52370503549244,24.161888417477));
#4005=CARTESIAN_POINT('Ctrl Pts',(-28.3322582228536,-8.87379170334431,24.7991106252374));
#4006=CARTESIAN_POINT('Ctrl Pts',(-27.4096112681736,-8.09797628665834,25.0238785257584));
#4007=CARTESIAN_POINT('Ctrl Pts',(-26.9407902071874,-7.70484534168454,25.0266303873768));
#4008=CARTESIAN_POINT('Ctrl Pts',(-26.8942991431293,-7.76243710518188,18.9998783822505));
#4009=CARTESIAN_POINT('Ctrl Pts',(-27.3561573271437,-8.15902417694918,18.9989489132709));
#4010=CARTESIAN_POINT('Ctrl Pts',(-28.2675363854984,-8.94335455083675,19.2119648095181));
#4011=CARTESIAN_POINT('Ctrl Pts',(-29.3433467447003,-9.87559242445035,20.0902162372765));
#4012=CARTESIAN_POINT('Ctrl Pts',(-29.9242173353517,-10.3833923411625,21.3239904787018));
#4013=CARTESIAN_POINT('Ctrl Pts',(-29.9236183980195,-10.3828591679027,22.5635874736816));
#4014=CARTESIAN_POINT('Ctrl Pts',(-29.6070072759832,-10.1060195757788,23.343740204748));
#4015=CARTESIAN_POINT('Ctrl Pts',(-29.3628276852918,-9.8934726407349,23.7157934285489));
#4016=CARTESIAN_POINT('Ctrl Pts',(-29.0322993650132,-9.60599321156334,24.1639645686054));
#4017=CARTESIAN_POINT('Ctrl Pts',(-28.2674861316707,-8.94330093637256,24.7878555399849));
#4018=CARTESIAN_POINT('Ctrl Pts',(-27.3561585733224,-8.15902551944582,25.0010555837046));
#4019=CARTESIAN_POINT('Ctrl Pts',(-26.8942990961479,-7.76243705440166,25.0001214476688));
#4020=CARTESIAN_POINT('Ctrl Pts',(-26.8661219700702,-7.79711786141507,19.0001947264481));
#4021=CARTESIAN_POINT('Ctrl Pts',(-27.3261842874561,-8.19584070570673,18.9949035171547));
#4022=CARTESIAN_POINT('Ctrl Pts',(-28.2371031832328,-8.98530700073904,19.1976444290756));
#4023=CARTESIAN_POINT('Ctrl Pts',(-29.3255868249872,-9.92865956869699,20.0655051987011));
#4024=CARTESIAN_POINT('Ctrl Pts',(-29.9251237226611,-10.4482556406584,21.3096799077768));
#4025=CARTESIAN_POINT('Ctrl Pts',(-29.9245836013556,-10.447787543807,22.5751929035931));
#4026=CARTESIAN_POINT('Ctrl Pts',(-29.5974781788142,-10.1642976131465,23.363718747886));
#4027=CARTESIAN_POINT('Ctrl Pts',(-29.3479786045677,-9.94806519189332,23.736931669892));
#4028=CARTESIAN_POINT('Ctrl Pts',(-29.0107829874899,-9.65582959037725,24.1855893306528));
#4029=CARTESIAN_POINT('Ctrl Pts',(-28.2369925980638,-8.98521116617151,24.8022463384159));
#4030=CARTESIAN_POINT('Ctrl Pts',(-27.3261870650523,-8.19584311280251,25.0050992202002));
#4031=CARTESIAN_POINT('Ctrl Pts',(-26.8661218648976,-7.79711777027134,24.9998051699828));
#4032=CARTESIAN_POINT('',(-29.8694875750757,-10.4,21.5732172198046));
#4033=CARTESIAN_POINT('',(-29.8694875750757,-10.4,22.4267827801954));
#4034=CARTESIAN_POINT('Ctrl Pts',(-29.8696618983796,-10.4,21.5731927976472));
#4035=CARTESIAN_POINT('Ctrl Pts',(-29.8762880788802,-10.4,21.6197238650225));
#4036=CARTESIAN_POINT('Ctrl Pts',(-29.8820484498224,-10.4,21.666069307232));
#4037=CARTESIAN_POINT('Ctrl Pts',(-29.8907502020971,-10.4,21.7517009177559));
#4038=CARTESIAN_POINT('Ctrl Pts',(-29.8939680454463,-10.3999999999997,21.7905445103748));
#4039=CARTESIAN_POINT('Ctrl Pts',(-29.8984618799851,-10.3999999999997,21.8629738502456));
#4040=CARTESIAN_POINT('Ctrl Pts',(-29.8999396480974,-10.4,21.8963323193695));
#4041=CARTESIAN_POINT('Ctrl Pts',(-29.9014028714507,-10.4,21.9530982064043));
#4042=CARTESIAN_POINT('Ctrl Pts',(-29.9017032256383,-10.4000000000005,21.9763898976647));
#4043=CARTESIAN_POINT('Ctrl Pts',(-29.9016988343607,-10.4000000000005,22.0230655925958));
#4044=CARTESIAN_POINT('Ctrl Pts',(-29.90139309994,-10.4,22.0463954060478));
#4045=CARTESIAN_POINT('Ctrl Pts',(-29.8999112596183,-10.4,22.1033874961811));
#4046=CARTESIAN_POINT('Ctrl Pts',(-29.8984144819373,-10.3999999999997,22.1369328292778));
#4047=CARTESIAN_POINT('Ctrl Pts',(-29.8938608795459,-10.3999999999997,22.2098623982845));
#4048=CARTESIAN_POINT('Ctrl Pts',(-29.8905965325709,-10.4,22.2490160182503));
#4049=CARTESIAN_POINT('Ctrl Pts',(-29.8818458810734,-10.4,22.3346052165463));
#4050=CARTESIAN_POINT('Ctrl Pts',(-29.8761108287046,-10.4,22.3806078320521));
#4051=CARTESIAN_POINT('Ctrl Pts',(-29.8695254837215,-10.4,22.4267881375456));
#4052=CARTESIAN_POINT('Origin',(-26.9,-7.8264441016011,22.));
#4053=CARTESIAN_POINT('',(-27.0261185250189,-7.67122130157785,25.2));
#4054=CARTESIAN_POINT('Origin',(-27.0261185250189,-7.67122130157785,22.));
#4055=CARTESIAN_POINT('',(-26.9,-7.8264441016011,25.));
#4056=CARTESIAN_POINT('Origin',(-26.9,-7.8264441016011,25.2));
#4057=CARTESIAN_POINT('Origin',(-26.9,-7.8264441016011,22.));
#4058=CARTESIAN_POINT('Origin',(-24.3421167690988,-5.74816397649384,25.2));
#4059=CARTESIAN_POINT('',(-23.,-4.4,25.2));
#4060=CARTESIAN_POINT('',(-23.,-4.6576941016011,25.));
#4061=CARTESIAN_POINT('Origin',(-23.,-4.6576941016011,25.2));
#4062=CARTESIAN_POINT('',(-24.3421167690988,-5.74816397649384,25.));
#4063=CARTESIAN_POINT('',(-24.4682352941177,-5.59294117647059,25.2));
#4064=CARTESIAN_POINT('Origin',(-23.,-10.4,25.));
#4065=CARTESIAN_POINT('',(-23.,-10.4,25.));
#4066=CARTESIAN_POINT('',(-23.,-5.2,25.));
#4067=CARTESIAN_POINT('',(-26.9,-10.4,25.));
#4068=CARTESIAN_POINT('',(-24.9375,-10.4,25.));
#4069=CARTESIAN_POINT('',(-26.9,-10.4,25.));
#4070=CARTESIAN_POINT('Origin',(-26.9,-10.4,22.));
#4071=CARTESIAN_POINT('',(-26.9,-10.4,19.));
#4072=CARTESIAN_POINT('Origin',(-26.9,-10.4,22.));
#4073=CARTESIAN_POINT('',(-26.9,-10.4,19.));
#4074=CARTESIAN_POINT('Origin',(-23.,-4.4,26.));
#4075=CARTESIAN_POINT('',(-23.,-4.4,18.2));
#4076=CARTESIAN_POINT('',(-23.,-4.4,11.));
#4077=CARTESIAN_POINT('',(-26.8761185250189,-7.54934630157785,18.2));
#4078=CARTESIAN_POINT('',(-24.9576470588235,-5.99058823529412,18.2));
#4079=CARTESIAN_POINT('',(-26.8761185250189,-7.54934630157785,25.8));
#4080=CARTESIAN_POINT('Origin',(-26.8761185250189,-7.54934630157785,22.));
#4081=CARTESIAN_POINT('',(-23.,-4.4,25.8));
#4082=CARTESIAN_POINT('',(-19.9769411764706,-1.94376470588235,25.8));
#4083=CARTESIAN_POINT('',(-23.,-4.4,11.));
#4084=CARTESIAN_POINT('Origin',(-19.8508226514517,-2.09898750590561,25.8));
#4085=CARTESIAN_POINT('',(-26.75,-7.7045691016011,26.));
#4086=CARTESIAN_POINT('Origin',(-26.75,-7.7045691016011,25.8));
#4087=CARTESIAN_POINT('',(-23.,-4.6576941016011,26.));
#4088=CARTESIAN_POINT('',(-19.8508226514517,-2.09898750590561,26.));
#4089=CARTESIAN_POINT('Origin',(-23.,-4.6576941016011,25.8));
#4090=CARTESIAN_POINT('Ctrl Pts',(-26.8291550437027,-7.51123958124994,25.7958777988218));
#4091=CARTESIAN_POINT('Ctrl Pts',(-27.4127513895815,-7.9853942306415,25.8032082644645));
#4092=CARTESIAN_POINT('Ctrl Pts',(-29.1456052569513,-9.39332036706481,25.4348581226755));
#4093=CARTESIAN_POINT('Ctrl Pts',(-31.1156814397068,-10.993990410199,22.969881641013));
#4094=CARTESIAN_POINT('Ctrl Pts',(-30.2693452995173,-10.3063555698678,19.2744543051949));
#4095=CARTESIAN_POINT('Ctrl Pts',(-27.9811617342928,-8.4472110506145,18.1884359594901));
#4096=CARTESIAN_POINT('Ctrl Pts',(-26.8291456309337,-7.51123192655986,18.2041473821895));
#4097=CARTESIAN_POINT('Ctrl Pts',(-26.8294509122298,-7.51005374975617,25.8497812099132));
#4098=CARTESIAN_POINT('Ctrl Pts',(-27.4179061004076,-7.9884981850283,25.8538261928739));
#4099=CARTESIAN_POINT('Ctrl Pts',(-29.1625278184673,-9.40647435794122,25.4725210136076));
#4100=CARTESIAN_POINT('Ctrl Pts',(-31.141154790779,-11.0145337298228,22.9788152677365));
#4101=CARTESIAN_POINT('Ctrl Pts',(-30.2915607092582,-10.3239802990484,19.2476808510366));
#4102=CARTESIAN_POINT('Ctrl Pts',(-27.9910453712556,-8.45448533747152,18.1410266869032));
#4103=CARTESIAN_POINT('Ctrl Pts',(-26.8294414926782,-7.51004618705424,18.1502437393214));
#4104=CARTESIAN_POINT('Ctrl Pts',(-26.8007498042323,-7.54373744387258,25.9577914345484));
#4105=CARTESIAN_POINT('Ctrl Pts',(-27.4029599738956,-8.02575686425418,25.9554429793627));
#4106=CARTESIAN_POINT('Ctrl Pts',(-29.1812073599833,-9.45163951476269,25.5481994453161));
#4107=CARTESIAN_POINT('Ctrl Pts',(-31.1853999804965,-11.0640448277776,22.9966984994698));
#4108=CARTESIAN_POINT('Ctrl Pts',(-30.3258213454537,-10.3720133632337,19.1940135587868));
#4109=CARTESIAN_POINT('Ctrl Pts',(-27.9894852139506,-8.49522075946078,18.0456587669818));
#4110=CARTESIAN_POINT('Ctrl Pts',(-26.8007403908206,-7.54372993087113,18.0422329620138));
#4111=CARTESIAN_POINT('Ctrl Pts',(-26.7320832374031,-7.62758235277537,26.0011753415087));
#4112=CARTESIAN_POINT('Ctrl Pts',(-27.3451433215002,-8.1044784863886,26.0035176996403));
#4113=CARTESIAN_POINT('Ctrl Pts',(-29.1593189995554,-9.5185747873442,25.6022249347153));
#4114=CARTESIAN_POINT('Ctrl Pts',(-31.209066298613,-11.1232867802795,23.0139376635312));
#4115=CARTESIAN_POINT('Ctrl Pts',(-30.3296707906479,-10.4341149341318,19.1474187365573));
#4116=CARTESIAN_POINT('Ctrl Pts',(-27.9422522499136,-8.56895966093424,17.9929676882994));
#4117=CARTESIAN_POINT('Ctrl Pts',(-26.7320733171471,-7.62757477315872,17.9988501122754));
#4118=CARTESIAN_POINT('Ctrl Pts',(-26.6981008234538,-7.66943780075742,25.999628178596));
#4119=CARTESIAN_POINT('Ctrl Pts',(-27.3129136143792,-8.14370332857177,26.0074926279594));
#4120=CARTESIAN_POINT('Ctrl Pts',(-29.1387132922787,-9.55190820551071,25.6197471595907));
#4121=CARTESIAN_POINT('Ctrl Pts',(-31.2150433325928,-11.1528203828197,23.0221957907892));
#4122=CARTESIAN_POINT('Ctrl Pts',(-30.3230057083657,-10.4650854340951,19.127554617832));
#4123=CARTESIAN_POINT('Ctrl Pts',(-27.9117277219172,-8.60562799874408,17.983564600688));
#4124=CARTESIAN_POINT('Ctrl Pts',(-26.6980909151934,-7.6694301472229,18.0003983899587));
#4125=CARTESIAN_POINT('',(-26.75,-7.7045691016011,18.));
#4126=CARTESIAN_POINT('Origin',(-26.75,-7.7045691016011,18.2));
#4127=CARTESIAN_POINT('Origin',(-26.75,-7.7045691016011,22.));
#4128=CARTESIAN_POINT('Origin',(-24.8315285338046,-6.14581103531737,18.2));
#4129=CARTESIAN_POINT('',(-23.,-4.6576941016011,18.));
#4130=CARTESIAN_POINT('Origin',(-23.,-4.6576941016011,18.2));
#4131=CARTESIAN_POINT('',(-24.8315285338046,-6.14581103531737,18.));
#4132=CARTESIAN_POINT('Origin',(-23.,2.81668763803891E-15,0.));
#4133=CARTESIAN_POINT('',(-23.,-10.4,19.));
#4134=CARTESIAN_POINT('',(-23.,-5.2,19.));
#4135=CARTESIAN_POINT('',(-23.,-10.4,11.));
#4136=CARTESIAN_POINT('',(-23.,2.26157612572633E-15,26.));
#4137=CARTESIAN_POINT('',(-23.,0.750000000000002,26.));
#4138=CARTESIAN_POINT('',(-23.,-9.76478016021273E-17,14.));
#4139=CARTESIAN_POINT('',(-23.,1.15135310110118E-15,13.));
#4140=CARTESIAN_POINT('',(-23.,2.81668763803891E-15,0.));
#4141=CARTESIAN_POINT('',(-23.,2.81668763803891E-15,0.));
#4142=CARTESIAN_POINT('',(-23.,-4.6576941016011,0.));
#4143=CARTESIAN_POINT('',(-23.,2.81668763803891E-15,0.));
#4144=CARTESIAN_POINT('',(-23.,-4.4,0.2));
#4145=CARTESIAN_POINT('Origin',(-23.,-4.6576941016011,0.2));
#4146=CARTESIAN_POINT('',(-23.,-4.4,0.8));
#4147=CARTESIAN_POINT('',(-23.,-4.4,2.));
#4148=CARTESIAN_POINT('',(-23.,-4.6576941016011,1.));
#4149=CARTESIAN_POINT('Origin',(-23.,-4.6576941016011,0.8));
#4150=CARTESIAN_POINT('',(-23.,-10.4,1.));
#4151=CARTESIAN_POINT('',(-23.,-5.2,1.));
#4152=CARTESIAN_POINT('',(-23.,-10.4,7.));
#4153=CARTESIAN_POINT('',(-23.,-10.4,2.));
#4154=CARTESIAN_POINT('',(-23.,-4.6576941016011,7.));
#4155=CARTESIAN_POINT('',(-23.,-5.2,7.));
#4156=CARTESIAN_POINT('',(-23.,-4.4,7.2));
#4157=CARTESIAN_POINT('Origin',(-23.,-4.6576941016011,7.2));
#4158=CARTESIAN_POINT('',(-23.,-4.4,7.8));
#4159=CARTESIAN_POINT('',(-23.,-4.4,2.));
#4160=CARTESIAN_POINT('',(-23.,-4.6576941016011,8.));
#4161=CARTESIAN_POINT('Origin',(-23.,-4.6576941016011,7.8));
#4162=CARTESIAN_POINT('',(-23.,-12.4,8.));
#4163=CARTESIAN_POINT('',(-23.,-6.2,8.));
#4164=CARTESIAN_POINT('',(-23.,-12.4,18.));
#4165=CARTESIAN_POINT('',(-23.,-12.4,0.));
#4166=CARTESIAN_POINT('',(-23.,-6.2,18.));
#4167=CARTESIAN_POINT('',(-23.,-6.40344418537486,22.));
#4168=CARTESIAN_POINT('',(-23.,-0.803444185374861,22.));
#4169=CARTESIAN_POINT('',(-23.,-3.20172209268743,22.));
#4170=CARTESIAN_POINT('',(-23.,-0.803444185374861,23.5));
#4171=CARTESIAN_POINT('',(-23.,-0.803444185374861,11.));
#4172=CARTESIAN_POINT('',(-23.,-6.40344418537486,23.5));
#4173=CARTESIAN_POINT('',(-23.,-0.401722092687429,23.5));
#4174=CARTESIAN_POINT('',(-23.,-6.40344418537486,11.75));
#4175=CARTESIAN_POINT('Origin',(-26.9,-10.4,22.));
#4176=CARTESIAN_POINT('Origin',(-26.9,-10.4,22.));
#4177=CARTESIAN_POINT('Origin',(-26.75,-12.4,22.));
#4178=CARTESIAN_POINT('',(-26.75,-12.4,18.));
#4179=CARTESIAN_POINT('',(-26.75,-12.4,18.));
#4180=CARTESIAN_POINT('',(-26.75,-12.4,26.));
#4181=CARTESIAN_POINT('Origin',(-26.75,-12.4,22.));
#4182=CARTESIAN_POINT('',(-26.75,-12.4,26.));
#4183=CARTESIAN_POINT('Origin',(-26.9,-10.4,19.));
#4184=CARTESIAN_POINT('',(-26.8875,-10.4,19.));
#4185=CARTESIAN_POINT('Origin',(-26.75,-12.4,22.));
#4186=CARTESIAN_POINT('',(-28.45,-12.4,22.));
#4187=CARTESIAN_POINT('Origin',(-26.75,-12.4,22.));
#4188=CARTESIAN_POINT('',(-28.45,-10.4,22.));
#4189=CARTESIAN_POINT('',(-28.45,-12.4,22.));
#4190=CARTESIAN_POINT('Origin',(-26.75,-10.4,22.));
#4191=CARTESIAN_POINT('Origin',(-23.,-12.4,18.));
#4192=CARTESIAN_POINT('',(-26.75,-12.4,18.));
#4193=CARTESIAN_POINT('Origin',(-26.875,-10.4,22.));
#4194=CARTESIAN_POINT('Origin',(5.34211676909876,-8.99816397649385,25.2));
#4195=CARTESIAN_POINT('',(4.02611852501889,-7.67122130157785,25.2));
#4196=CARTESIAN_POINT('',(3.9,-7.82644410160111,25.));
#4197=CARTESIAN_POINT('Origin',(3.9,-7.8264441016011,25.2));
#4198=CARTESIAN_POINT('',(-5.70403017293331E-16,-4.65769410160111,25.));
#4199=CARTESIAN_POINT('',(5.34211676909876,-8.99816397649385,25.));
#4200=CARTESIAN_POINT('',(-5.38844591624835E-16,-4.4,25.2));
#4201=CARTESIAN_POINT('Origin',(-5.70403017293331E-16,-4.65769410160111,
25.2));
#4202=CARTESIAN_POINT('',(5.46823529411765,-8.84294117647059,25.2));
#4203=CARTESIAN_POINT('Ctrl Pts',(3.99365931655731,-7.64488115827392,25.2030035498975));
#4204=CARTESIAN_POINT('Ctrl Pts',(4.36371729458134,-7.94555723263542,25.2069568611493));
#4205=CARTESIAN_POINT('Ctrl Pts',(4.85414172369566,-8.34402989652422,25.1259240795469));
#4206=CARTESIAN_POINT('Ctrl Pts',(5.75116443902999,-9.07287150717532,24.7554007007746));
#4207=CARTESIAN_POINT('Ctrl Pts',(6.61565164272248,-9.77527702229167,24.0666674898713));
#4208=CARTESIAN_POINT('Ctrl Pts',(7.25625448721237,-10.2957788046627,22.7378810709484));
#4209=CARTESIAN_POINT('Ctrl Pts',(7.25591896152827,-10.2955045019684,21.2621531495492));
#4210=CARTESIAN_POINT('Ctrl Pts',(6.77577014875887,-9.9053769061007,20.2656884383479));
#4211=CARTESIAN_POINT('Ctrl Pts',(6.13564691548716,-9.38526798375651,19.5503434742371));
#4212=CARTESIAN_POINT('Ctrl Pts',(5.33414440020462,-8.73403598617361,18.9813457537622));
#4213=CARTESIAN_POINT('Ctrl Pts',(4.48345987538346,-8.04284931428395,18.7917453026126));
#4214=CARTESIAN_POINT('Ctrl Pts',(3.99365949901143,-7.64488130817334,18.7969970788656));
#4215=CARTESIAN_POINT('Ctrl Pts',(3.99416223808131,-7.64464711129884,25.1721494940708));
#4216=CARTESIAN_POINT('Ctrl Pts',(4.3621141627352,-7.94354251436784,25.1746424865819));
#4217=CARTESIAN_POINT('Ctrl Pts',(4.84933976895092,-8.33934615780788,25.0921284575753));
#4218=CARTESIAN_POINT('Ctrl Pts',(5.73899331673363,-9.06200686180455,24.7209628740936));
#4219=CARTESIAN_POINT('Ctrl Pts',(6.59393656383193,-9.75646380538128,24.0347886362506));
#4220=CARTESIAN_POINT('Ctrl Pts',(7.22197881530508,-10.2665456581775,22.7235608456529));
#4221=CARTESIAN_POINT('Ctrl Pts',(7.22162485872545,-10.2662740896673,21.2763925483924));
#4222=CARTESIAN_POINT('Ctrl Pts',(6.75096562081527,-9.88399368249544,20.2932350177654));
#4223=CARTESIAN_POINT('Ctrl Pts',(6.11923653872061,-9.37087096629644,19.5835965217538));
#4224=CARTESIAN_POINT('Ctrl Pts',(5.32611770323577,-8.72665086928792,19.0164659079493));
#4225=CARTESIAN_POINT('Ctrl Pts',(4.4811743689461,-8.04025817840692,18.8245317231159));
#4226=CARTESIAN_POINT('Ctrl Pts',(3.99416245020075,-7.64464726833444,18.8278511519173));
#4227=CARTESIAN_POINT('Ctrl Pts',(3.98609996668191,-7.6553282240295,25.1113979817037));
#4228=CARTESIAN_POINT('Ctrl Pts',(4.34903260981703,-7.951786172802,25.1110076410807));
#4229=CARTESIAN_POINT('Ctrl Pts',(4.82877425610731,-8.343820848192,25.025590277373));
#4230=CARTESIAN_POINT('Ctrl Pts',(5.70138505862837,-9.05742161419214,24.6531461778498));
#4231=CARTESIAN_POINT('Ctrl Pts',(6.53472879539312,-9.73971035205095,23.9720247291972));
#4232=CARTESIAN_POINT('Ctrl Pts',(7.13525313618925,-10.2326577252478,22.6953489404441));
#4233=CARTESIAN_POINT('Ctrl Pts',(7.13492544998543,-10.2323677657021,21.3044352741799));
#4234=CARTESIAN_POINT('Ctrl Pts',(6.6849633010635,-9.86303267464544,20.3474845663603));
#4235=CARTESIAN_POINT('Ctrl Pts',(6.0720285538909,-9.36087737308455,19.6490741087474));
#4236=CARTESIAN_POINT('Ctrl Pts',(5.29799619669062,-8.72731062438984,19.0856117097732));
#4237=CARTESIAN_POINT('Ctrl Pts',(4.46646784589911,-8.0477119842702,18.8890980941833));
#4238=CARTESIAN_POINT('Ctrl Pts',(3.9861002052311,-7.65532841894001,18.8886027154516));
#4239=CARTESIAN_POINT('Ctrl Pts',(3.94432463057745,-7.70780031094362,25.0266048874844));
#4240=CARTESIAN_POINT('Ctrl Pts',(4.29763878247064,-8.00407605204197,25.0240974292675));
#4241=CARTESIAN_POINT('Ctrl Pts',(4.76371517325873,-8.39572640897913,24.9376628291116));
#4242=CARTESIAN_POINT('Ctrl Pts',(5.60857612521628,-9.10807171434795,24.5694866326985));
#4243=CARTESIAN_POINT('Ctrl Pts',(6.41068452732851,-9.78819790727466,23.9017462884191));
#4244=CARTESIAN_POINT('Ctrl Pts',(6.98006390177605,-10.2769369442492,22.6669529424432));
#4245=CARTESIAN_POINT('Ctrl Pts',(6.97968395172433,-10.2766077142581,21.3327631445455));
#4246=CARTESIAN_POINT('Ctrl Pts',(6.55319614338004,-9.91050530783678,20.4073248805564));
#4247=CARTESIAN_POINT('Ctrl Pts',(5.96535699549819,-9.41056640551733,19.7267519435824));
#4248=CARTESIAN_POINT('Ctrl Pts',(5.21932394688204,-8.7788250527787,19.1739391903601));
#4249=CARTESIAN_POINT('Ctrl Pts',(4.4119603650874,-8.09994213033566,18.9766941265246));
#4250=CARTESIAN_POINT('Ctrl Pts',(3.94432490923329,-7.70780053206438,18.9733957850124));
#4251=CARTESIAN_POINT('Ctrl Pts',(3.89778400458002,-7.76541477097708,25.0001311475676));
#4252=CARTESIAN_POINT('Ctrl Pts',(4.24585324872243,-8.06429757514013,25.0004057776783));
#4253=CARTESIAN_POINT('Ctrl Pts',(4.70599612464954,-8.46004971229864,24.9193617922347));
#4254=CARTESIAN_POINT('Ctrl Pts',(5.54315373240875,-9.18219640405697,24.5629062161564));
#4255=CARTESIAN_POINT('Ctrl Pts',(6.34347067927877,-9.87561196616135,23.9097695320743));
#4256=CARTESIAN_POINT('Ctrl Pts',(6.92399025323279,-10.3831820953411,22.6761261856977));
#4257=CARTESIAN_POINT('Ctrl Pts',(6.92386036380136,-10.3829442375993,21.3237105637701));
#4258=CARTESIAN_POINT('Ctrl Pts',(6.48859898635606,-10.0025238781244,20.3989461041522));
#4259=CARTESIAN_POINT('Ctrl Pts',(5.8991015304495,-9.49059028637046,19.7269608184447));
#4260=CARTESIAN_POINT('Ctrl Pts',(5.15595336817556,-8.84728376102609,19.1865232033883));
#4261=CARTESIAN_POINT('Ctrl Pts',(4.35848192307658,-8.1610093877158,18.9994831464761));
#4262=CARTESIAN_POINT('Ctrl Pts',(3.89778413741058,-7.76541492051059,18.9998696044243));
#4263=CARTESIAN_POINT('Ctrl Pts',(3.86959679097745,-7.80010718170533,24.9998436991303));
#4264=CARTESIAN_POINT('Ctrl Pts',(4.21632153088336,-8.1006025449337,25.0034099557907));
#4265=CARTESIAN_POINT('Ctrl Pts',(4.67578417447219,-8.49880414671832,24.9273001239377));
#4266=CARTESIAN_POINT('Ctrl Pts',(5.51602955740936,-9.22701753050703,24.5798745190832));
#4267=CARTESIAN_POINT('Ctrl Pts',(6.32556426800874,-9.92861432061459,23.9344353212989));
#4268=CARTESIAN_POINT('Ctrl Pts',(6.92491892951615,-10.4480540835687,22.6903871425454));
#4269=CARTESIAN_POINT('Ctrl Pts',(6.92460266248746,-10.4477800120284,21.309637177492));
#4270=CARTESIAN_POINT('Ctrl Pts',(6.47537759476528,-10.0584522968173,20.376731601765));
#4271=CARTESIAN_POINT('Ctrl Pts',(5.8760723151089,-9.5390546072054,19.7066457843407));
#4272=CARTESIAN_POINT('Ctrl Pts',(5.12547398179824,-8.8885358914889,19.1733918133415));
#4273=CARTESIAN_POINT('Ctrl Pts',(4.3285139060301,-8.1978361274246,18.995418568627));
#4274=CARTESIAN_POINT('Ctrl Pts',(3.86959696484146,-7.80010733238017,19.0001568919883));
#4275=CARTESIAN_POINT('',(6.86948757507565,-10.4,22.4267827801954));
#4276=CARTESIAN_POINT('',(6.86948757507565,-10.4,21.5732172198046));
#4277=CARTESIAN_POINT('Ctrl Pts',(6.86955063293683,-10.4,22.4267916483473));
#4278=CARTESIAN_POINT('Ctrl Pts',(6.87519467150781,-10.4,22.3871785627342));
#4279=CARTESIAN_POINT('Ctrl Pts',(6.88019908379917,-10.4,22.3478001145199));
#4280=CARTESIAN_POINT('Ctrl Pts',(6.88447724515055,-10.4,22.3083775724878));
#4281=CARTESIAN_POINT('Ctrl Pts',(6.88903004924256,-10.4,22.2664242434898));
#4282=CARTESIAN_POINT('Ctrl Pts',(6.89276061612351,-10.4,22.2244211614839));
#4283=CARTESIAN_POINT('Ctrl Pts',(6.89557046925967,-10.4,22.1820550783634));
#4284=CARTESIAN_POINT('Ctrl Pts',(6.89572720631527,-10.4,22.1796918462642));
#4285=CARTESIAN_POINT('Ctrl Pts',(6.89588107926864,-10.4,22.1773274896866));
#4286=CARTESIAN_POINT('Ctrl Pts',(6.89603207121952,-10.4,22.174961955964));
#4287=CARTESIAN_POINT('Ctrl Pts',(6.89819559575859,-10.4,22.1410668362116));
#4288=CARTESIAN_POINT('Ctrl Pts',(6.89974804286399,-10.4,22.1072141762314));
#4289=CARTESIAN_POINT('Ctrl Pts',(6.90066614595462,-10.4,22.0732647323761));
#4290=CARTESIAN_POINT('Ctrl Pts',(6.90128637346999,-10.4,22.0503300756632));
#4291=CARTESIAN_POINT('Ctrl Pts',(6.90161545596196,-10.4,22.0274128380175));
#4292=CARTESIAN_POINT('Ctrl Pts',(6.90165110775979,-10.4,22.0044704595344));
#4293=CARTESIAN_POINT('Ctrl Pts',(6.90168592429337,-10.4,21.9820655840622));
#4294=CARTESIAN_POINT('Ctrl Pts',(6.90144082592847,-10.4,21.9596838311956));
#4295=CARTESIAN_POINT('Ctrl Pts',(6.90091737011388,-10.4,21.9372855766307));
#4296=CARTESIAN_POINT('Ctrl Pts',(6.90018602888804,-10.4,21.9059920720145));
#4297=CARTESIAN_POINT('Ctrl Pts',(6.89891384496198,-10.4,21.8747747364589));
#4298=CARTESIAN_POINT('Ctrl Pts',(6.8971168121721,-10.4,21.8435247833869));
#4299=CARTESIAN_POINT('Ctrl Pts',(6.89466078769558,-10.4,21.8008151288568));
#4300=CARTESIAN_POINT('Ctrl Pts',(6.89124539746792,-10.4,21.7583984287281));
#4301=CARTESIAN_POINT('Ctrl Pts',(6.8869582038679,-10.4,21.715978993044));
#4302=CARTESIAN_POINT('Ctrl Pts',(6.88487955762316,-10.4,21.69541192542));
#4303=CARTESIAN_POINT('Ctrl Pts',(6.88259605529826,-10.4,21.6748439519298));
#4304=CARTESIAN_POINT('Ctrl Pts',(6.88011827322308,-10.4,21.6542396228563));
#4305=CARTESIAN_POINT('Ctrl Pts',(6.8768645452967,-10.4,21.6271828120162));
#4306=CARTESIAN_POINT('Ctrl Pts',(6.87329314198556,-10.4,21.60020935756));
#4307=CARTESIAN_POINT('Ctrl Pts',(6.86943858151239,-10.4,21.5732278190934));
#4308=CARTESIAN_POINT('Origin',(3.9,-7.8264441016011,22.));
#4309=CARTESIAN_POINT('',(4.02611852501889,-7.67122130157785,18.8));
#4310=CARTESIAN_POINT('Origin',(4.02611852501889,-7.67122130157785,22.));
#4311=CARTESIAN_POINT('',(3.9,-7.8264441016011,19.));
#4312=CARTESIAN_POINT('Origin',(3.9,-7.8264441016011,18.8));
#4313=CARTESIAN_POINT('Origin',(3.9,-7.8264441016011,22.));
#4314=CARTESIAN_POINT('Origin',(6.51670500439287,-9.95251691767031,18.8));
#4315=CARTESIAN_POINT('',(-5.38844591624835E-16,-4.4,18.8));
#4316=CARTESIAN_POINT('',(-5.70403017293331E-16,-4.65769410160111,19.));
#4317=CARTESIAN_POINT('Origin',(-5.70403017293331E-16,-4.65769410160111,
18.8));
#4318=CARTESIAN_POINT('',(6.51670500439287,-9.95251691767031,19.));
#4319=CARTESIAN_POINT('',(6.64282352941176,-9.79729411764706,18.8));
#4320=CARTESIAN_POINT('Origin',(3.9,-10.4,19.));
#4321=CARTESIAN_POINT('',(-1.27363267111325E-15,-10.4,19.));
#4322=CARTESIAN_POINT('',(-1.39609735102798E-15,-11.4,19.));
#4323=CARTESIAN_POINT('',(3.9,-10.4,19.));
#4324=CARTESIAN_POINT('',(3.8875,-10.4,19.));
#4325=CARTESIAN_POINT('',(3.9,-10.4,19.));
#4326=CARTESIAN_POINT('Origin',(3.9,-10.4,22.));
#4327=CARTESIAN_POINT('',(3.9,-10.4,25.));
#4328=CARTESIAN_POINT('Origin',(3.9,-10.4,22.));
#4329=CARTESIAN_POINT('',(3.9,-10.4,25.));
#4330=CARTESIAN_POINT('Origin',(8.,-10.9,26.));
#4331=CARTESIAN_POINT('',(-5.38844591624835E-16,-4.4,25.8));
#4332=CARTESIAN_POINT('',(-5.38844591624835E-16,-4.4,11.));
#4333=CARTESIAN_POINT('',(3.87611852501889,-7.54934630157785,25.8));
#4334=CARTESIAN_POINT('',(0.976941176470588,-5.19376470588235,25.8));
#4335=CARTESIAN_POINT('',(3.87611852501889,-7.54934630157785,18.2));
#4336=CARTESIAN_POINT('Origin',(3.87611852501889,-7.54934630157785,22.));
#4337=CARTESIAN_POINT('',(-5.38844591624835E-16,-4.4,18.2));
#4338=CARTESIAN_POINT('',(5.95764705882353,-9.24058823529412,18.2));
#4339=CARTESIAN_POINT('',(-5.38844591624835E-16,-4.4,11.));
#4340=CARTESIAN_POINT('Origin',(5.83152853380464,-9.39581103531737,18.2));
#4341=CARTESIAN_POINT('',(3.75,-7.70456910160111,18.));
#4342=CARTESIAN_POINT('Origin',(3.75,-7.70456910160111,18.2));
#4343=CARTESIAN_POINT('',(-5.70403017293331E-16,-4.65769410160111,18.));
#4344=CARTESIAN_POINT('',(5.83152853380464,-9.39581103531737,18.));
#4345=CARTESIAN_POINT('Origin',(-5.70403017293331E-16,-4.65769410160111,
18.2));
#4346=CARTESIAN_POINT('Ctrl Pts',(3.79566155560442,-7.48404564177911,18.2053582348172));
#4347=CARTESIAN_POINT('Ctrl Pts',(4.3903180788821,-7.96718105405856,18.1922362018319));
#4348=CARTESIAN_POINT('Ctrl Pts',(5.56106300179987,-8.91840426970593,18.4456787748632));
#4349=CARTESIAN_POINT('Ctrl Pts',(6.9437914319311,-10.0418486282266,19.5518124114431));
#4350=CARTESIAN_POINT('Ctrl Pts',(7.97106142010072,-10.876496496025,21.6501966153231));
#4351=CARTESIAN_POINT('Ctrl Pts',(7.26883571184634,-10.3059531985698,24.7338682659456));
#4352=CARTESIAN_POINT('Ctrl Pts',(4.95861360776963,-8.42890056352309,25.8216467455175));
#4353=CARTESIAN_POINT('Ctrl Pts',(3.79564610453166,-7.48403303952037,25.7945940444361));
#4354=CARTESIAN_POINT('Ctrl Pts',(3.79579444363949,-7.482463472603,18.1510556355039));
#4355=CARTESIAN_POINT('Ctrl Pts',(4.39543626489346,-7.97004562798747,18.1412556652249));
#4356=CARTESIAN_POINT('Ctrl Pts',(5.57424369095884,-8.92809070371734,18.4033999797707));
#4357=CARTESIAN_POINT('Ctrl Pts',(6.96429162122574,-10.0579492993505,19.5256755370592));
#4358=CARTESIAN_POINT('Ctrl Pts',(7.99616688109634,-10.8965728284506,21.6471303659557));
#4359=CARTESIAN_POINT('Ctrl Pts',(7.29119326454246,-10.3235310226982,24.7608838505502));
#4360=CARTESIAN_POINT('Ctrl Pts',(4.96849893916228,-8.43599962024155,25.869441586665));
#4361=CARTESIAN_POINT('Ctrl Pts',(3.79577876176858,-7.48245128806557,25.8488971153308));
#4362=CARTESIAN_POINT('Ctrl Pts',(3.76608640104146,-7.51617276735418,18.0413758980132));
#4363=CARTESIAN_POINT('Ctrl Pts',(4.37999590569533,-8.00748334746223,18.0380893745121));
#4364=CARTESIAN_POINT('Ctrl Pts',(5.58180367985214,-8.97111645313388,18.3179261624736));
#4365=CARTESIAN_POINT('Ctrl Pts',(6.9936316587619,-10.1053110107698,19.4727972512106));
#4366=CARTESIAN_POINT('Ctrl Pts',(8.03923873254622,-10.9464103000425,21.6409807989849));
#4367=CARTESIAN_POINT('Ctrl Pts',(7.32581174422543,-10.3720617590043,24.8153598932037));
#4368=CARTESIAN_POINT('Ctrl Pts',(4.96667865600108,-8.47700476125837,25.9663447921414));
#4369=CARTESIAN_POINT('Ctrl Pts',(3.76607087938045,-7.51616033424565,25.9585783773458));
#4370=CARTESIAN_POINT('Ctrl Pts',(3.69570064312121,-7.60166608055782,17.9984047111121));
#4371=CARTESIAN_POINT('Ctrl Pts',(4.32071216938713,-8.08758177737577,17.9900798097485));
#4372=CARTESIAN_POINT('Ctrl Pts',(5.5469469274508,-9.04293379060324,18.2656184773683));
#4373=CARTESIAN_POINT('Ctrl Pts',(6.98997087792133,-10.1699980836487,19.4331360852529));
#4374=CARTESIAN_POINT('Ctrl Pts',(8.05947297148279,-11.0068095062864,21.6344164352526));
#4375=CARTESIAN_POINT('Ctrl Pts',(7.32949714556913,-10.4349587086051,24.8626092156186));
#4376=CARTESIAN_POINT('Ctrl Pts',(4.91802097266313,-8.55195040702203,26.0192485910636));
#4377=CARTESIAN_POINT('Ctrl Pts',(3.69568426276084,-7.60165368478428,26.0015466377202));
#4378=CARTESIAN_POINT('Ctrl Pts',(3.66105724339643,-7.64438904355193,18.0011250956046));
#4379=CARTESIAN_POINT('Ctrl Pts',(4.28766452722018,-8.12755081153252,17.9868983690266));
#4380=CARTESIAN_POINT('Ctrl Pts',(5.52171184466286,-9.07883237245344,18.2533656066706));
#4381=CARTESIAN_POINT('Ctrl Pts',(6.97968747487922,-10.2023669808652,19.4189239884821));
#4382=CARTESIAN_POINT('Ctrl Pts',(8.06311945694699,-11.0370815041595,21.6311166963955));
#4383=CARTESIAN_POINT('Ctrl Pts',(7.32239298562089,-10.4664891727859,24.8825589298537));
#4384=CARTESIAN_POINT('Ctrl Pts',(4.88649422637524,-8.58929519227132,26.0281154871508));
#4385=CARTESIAN_POINT('Ctrl Pts',(3.66104097019893,-7.64437645175903,25.9988245015962));
#4386=CARTESIAN_POINT('',(3.75,-7.70456910160111,26.));
#4387=CARTESIAN_POINT('Origin',(3.75,-7.70456910160111,25.8));
#4388=CARTESIAN_POINT('Origin',(3.75,-7.70456910160111,22.));
#4389=CARTESIAN_POINT('Origin',(0.850822651451694,-5.34898750590561,25.8));
#4390=CARTESIAN_POINT('',(-8.4795877344962E-16,-4.65769410160111,26.));
#4391=CARTESIAN_POINT('Origin',(-5.70403017293331E-16,-4.65769410160111,
25.8));
#4392=CARTESIAN_POINT('',(0.850822651451694,-5.34898750590561,26.));
#4393=CARTESIAN_POINT('Origin',(-1.51856203094272E-15,-12.4,0.));
#4394=CARTESIAN_POINT('',(-1.27363267111325E-15,-10.4,25.));
#4395=CARTESIAN_POINT('',(-1.39609735102798E-15,-11.4,25.));
#4396=CARTESIAN_POINT('',(-1.27363267111325E-15,-10.4,11.));
#4397=CARTESIAN_POINT('',(-5.32929801054313E-15,-12.4,18.));
#4398=CARTESIAN_POINT('',(-1.51856203094272E-15,-12.4,18.));
#4399=CARTESIAN_POINT('',(-5.32929801054313E-15,-12.4,8.));
#4400=CARTESIAN_POINT('',(-1.51856203094272E-15,-12.4,0.));
#4401=CARTESIAN_POINT('',(-5.70403017293331E-16,-4.65769410160111,8.));
#4402=CARTESIAN_POINT('',(-1.51856203094272E-15,-12.4,8.));
#4403=CARTESIAN_POINT('',(-5.38844591624835E-16,-4.4,7.8));
#4404=CARTESIAN_POINT('Origin',(-5.70403017293331E-16,-4.65769410160111,
7.8));
#4405=CARTESIAN_POINT('',(-5.38844591624835E-16,-4.4,7.2));
#4406=CARTESIAN_POINT('',(-5.38844591624835E-16,-4.4,2.));
#4407=CARTESIAN_POINT('',(-5.70403017293331E-16,-4.65769410160111,7.));
#4408=CARTESIAN_POINT('Origin',(-5.70403017293331E-16,-4.65769410160111,
7.2));
#4409=CARTESIAN_POINT('',(-1.27363267111325E-15,-10.4,7.));
#4410=CARTESIAN_POINT('',(-1.39609735102798E-15,-11.4,7.));
#4411=CARTESIAN_POINT('',(-1.27363267111325E-15,-10.4,1.));
#4412=CARTESIAN_POINT('',(-1.27363267111325E-15,-10.4,2.));
#4413=CARTESIAN_POINT('',(-5.70403017293331E-16,-4.65769410160111,1.));
#4414=CARTESIAN_POINT('',(-1.39609735102798E-15,-11.4,1.));
#4415=CARTESIAN_POINT('',(-5.38844591624835E-16,-4.4,0.8));
#4416=CARTESIAN_POINT('Origin',(-5.70403017293331E-16,-4.65769410160111,
0.8));
#4417=CARTESIAN_POINT('',(-5.38844591624835E-16,-4.4,0.2));
#4418=CARTESIAN_POINT('',(-5.38844591624835E-16,-4.4,2.));
#4419=CARTESIAN_POINT('',(-1.52915049807527E-17,-4.65769410160111,0.));
#4420=CARTESIAN_POINT('Origin',(-5.70403017293331E-16,-4.65769410160111,
0.2));
#4421=CARTESIAN_POINT('',(0.,0.,0.));
#4422=CARTESIAN_POINT('',(-1.51856203094272E-15,-12.4,0.));
#4423=CARTESIAN_POINT('',(-3.56903156779809E-31,-2.91433543964104E-15,14.));
#4424=CARTESIAN_POINT('',(0.,0.,0.));
#4425=CARTESIAN_POINT('',(0.,0.,26.));
#4426=CARTESIAN_POINT('',(-2.77555756156289E-16,4.16333634234434E-16,13.));
#4427=CARTESIAN_POINT('',(-1.51856203094272E-15,-12.4,26.));
#4428=CARTESIAN_POINT('',(-7.84195742513805E-16,-6.40344418537486,23.5));
#4429=CARTESIAN_POINT('',(-9.8393534991288E-17,-0.803444185374864,23.5));
#4430=CARTESIAN_POINT('',(-8.08477782967003E-16,-6.60172209268743,23.5));
#4431=CARTESIAN_POINT('',(-9.8393534991288E-17,-0.803444185374864,22.));
#4432=CARTESIAN_POINT('',(-9.8393534991288E-17,-0.803444185374864,11.));
#4433=CARTESIAN_POINT('',(-7.84195742513805E-16,-6.40344418537486,22.));
#4434=CARTESIAN_POINT('',(-1.15137888672826E-15,-9.40172209268743,22.));
#4435=CARTESIAN_POINT('',(-7.84195742513805E-16,-6.40344418537486,11.75));
#4436=CARTESIAN_POINT('Origin',(3.9,-10.4,22.));
#4437=CARTESIAN_POINT('Origin',(3.9,-10.4,22.));
#4438=CARTESIAN_POINT('Origin',(3.75,-12.4,22.));
#4439=CARTESIAN_POINT('',(3.75,-12.4,26.));
#4440=CARTESIAN_POINT('',(3.75,-12.4,26.));
#4441=CARTESIAN_POINT('',(3.75,-12.4,18.));
#4442=CARTESIAN_POINT('Origin',(3.75,-12.4,22.));
#4443=CARTESIAN_POINT('',(3.75,-12.4,18.));
#4444=CARTESIAN_POINT('Origin',(-1.27363267111325E-15,-10.4,25.));
#4445=CARTESIAN_POINT('',(1.9375,-10.4,25.));
#4446=CARTESIAN_POINT('Origin',(3.875,-10.4,22.));
#4447=CARTESIAN_POINT('',(5.45,-10.4,22.));
#4448=CARTESIAN_POINT('Origin',(3.75,-10.4,22.));
#4449=CARTESIAN_POINT('Origin',(3.75,-12.4,22.));
#4450=CARTESIAN_POINT('',(5.45,-12.4,22.));
#4451=CARTESIAN_POINT('',(5.45,-12.4,22.));
#4452=CARTESIAN_POINT('Origin',(3.75,-12.4,22.));
#4453=CARTESIAN_POINT('Origin',(-5.40434261713077E-15,-12.4,18.));
#4454=CARTESIAN_POINT('',(3.75,-12.4,18.));
#4455=CARTESIAN_POINT('Origin',(-28.3421167690988,-8.99816397649384,0.8));
#4456=CARTESIAN_POINT('',(-27.0261185250189,-7.67122130157785,0.8));
#4457=CARTESIAN_POINT('',(-26.9,-7.8264441016011,1.));
#4458=CARTESIAN_POINT('Origin',(-26.9,-7.8264441016011,0.8));
#4459=CARTESIAN_POINT('',(-28.3421167690988,-8.99816397649384,1.));
#4460=CARTESIAN_POINT('',(-28.4682352941177,-8.84294117647059,0.8));
#4461=CARTESIAN_POINT('Ctrl Pts',(-26.9936155878897,-7.64484572087465,0.796993270281656));
#4462=CARTESIAN_POINT('Ctrl Pts',(-27.4834308228087,-8.04282581243812,0.791734008315307));
#4463=CARTESIAN_POINT('Ctrl Pts',(-28.3341366267385,-8.73402979526484,0.981340522266298));
#4464=CARTESIAN_POINT('Ctrl Pts',(-29.1356541602706,-9.38527406638627,1.55033797361579));
#4465=CARTESIAN_POINT('Ctrl Pts',(-29.7757750433152,-9.90538113556973,2.26568692012393));
#4466=CARTESIAN_POINT('Ctrl Pts',(-30.2559141476828,-10.2955009051722,3.26215675586962));
#4467=CARTESIAN_POINT('Ctrl Pts',(-30.25625915985,-10.2957829233129,4.73788269077655));
#4468=CARTESIAN_POINT('Ctrl Pts',(-29.6156502045981,-9.77527609418394,6.0666664040712));
#4469=CARTESIAN_POINT('Ctrl Pts',(-28.7511631855729,-9.07287065604161,6.75539869735471));
#4470=CARTESIAN_POINT('Ctrl Pts',(-27.854125884719,-8.34401713771566,7.12592614097472));
#4471=CARTESIAN_POINT('Ctrl Pts',(-27.363688386139,-7.94553384494617,7.20696656131466));
#4472=CARTESIAN_POINT('Ctrl Pts',(-26.9936153959048,-7.64484556322195,7.20300735035196));
#4473=CARTESIAN_POINT('Ctrl Pts',(-26.9941192552469,-7.64461133801535,0.827848633869938));
#4474=CARTESIAN_POINT('Ctrl Pts',(-27.4811458693812,-8.04023408304819,0.82452185582139));
#4475=CARTESIAN_POINT('Ctrl Pts',(-28.3261116511834,-8.72664479484498,1.0164640312154));
#4476=CARTESIAN_POINT('Ctrl Pts',(-29.1192456276089,-9.37087655721167,1.58359425221985));
#4477=CARTESIAN_POINT('Ctrl Pts',(-29.7509707831327,-9.88399556317576,2.29323560236233));
#4478=CARTESIAN_POINT('Ctrl Pts',(-30.2216182659753,-10.2662658250866,3.27639495061893));
#4479=CARTESIAN_POINT('Ctrl Pts',(-30.2219821840982,-10.2665454365937,4.72356030574204));
#4480=CARTESIAN_POINT('Ctrl Pts',(-29.5939342815031,-9.75645973579396,6.03478475470228));
#4481=CARTESIAN_POINT('Ctrl Pts',(-28.7389920861215,-9.06200433234434,6.72095849429116));
#4482=CARTESIAN_POINT('Ctrl Pts',(-27.8493239402945,-8.3393322749531,7.09212876424745));
#4483=CARTESIAN_POINT('Ctrl Pts',(-27.3620858735011,-7.9435186139051,7.17465075387894));
#4484=CARTESIAN_POINT('Ctrl Pts',(-26.9941190314307,-7.64461117154409,7.17215200515802));
#4485=CARTESIAN_POINT('Ctrl Pts',(-26.9860573626611,-7.65529310531234,0.888600515693737));
#4486=CARTESIAN_POINT('Ctrl Pts',(-27.4664392978974,-8.0476882134486,0.889088780025256));
#4487=CARTESIAN_POINT('Ctrl Pts',(-28.2979944877298,-8.72730786250174,1.08561426013112));
#4488=CARTESIAN_POINT('Ctrl Pts',(-29.072040985992,-9.36088624737585,1.64907669680212));
#4489=CARTESIAN_POINT('Ctrl Pts',(-29.684967945178,-9.86303551539463,2.3474884621275));
#4490=CARTESIAN_POINT('Ctrl Pts',(-30.1349129926814,-10.2323574613012,3.30443541600708));
#4491=CARTESIAN_POINT('Ctrl Pts',(-30.1352509120853,-10.2326557726495,4.69534392272911));
#4492=CARTESIAN_POINT('Ctrl Pts',(-29.5347242275347,-9.7397057695562,5.97201642393633));
#4493=CARTESIAN_POINT('Ctrl Pts',(-28.7013834337234,-9.05741934760742,6.65313897468667));
#4494=CARTESIAN_POINT('Ctrl Pts',(-27.8287586182001,-8.34380721863711,7.02558946530273));
#4495=CARTESIAN_POINT('Ctrl Pts',(-27.3490043938788,-7.95176270618583,7.11101532966583));
#4496=CARTESIAN_POINT('Ctrl Pts',(-26.9860571090816,-7.65529289811225,7.11140017708483));
#4497=CARTESIAN_POINT('Ctrl Pts',(-26.9442825335789,-7.7077660829041,0.973393152985789));
#4498=CARTESIAN_POINT('Ctrl Pts',(-27.4119317925451,-8.09991920264855,0.976684698288464));
#4499=CARTESIAN_POINT('Ctrl Pts',(-28.2193225567827,-8.77882393771908,1.17393960523265));
#4500=CARTESIAN_POINT('Ctrl Pts',(-28.9653719280413,-9.41057779026659,1.72675146036654));
#4501=CARTESIAN_POINT('Ctrl Pts',(-29.553204088862,-9.91051071581054,2.40732469350354));
#4502=CARTESIAN_POINT('Ctrl Pts',(-29.9796784367999,-10.2766006842996,3.33275737664344));
#4503=CARTESIAN_POINT('Ctrl Pts',(-29.9800673107251,-10.276938217153,4.66694949985593));
#4504=CARTESIAN_POINT('Ctrl Pts',(-29.4106813789719,-9.78819501154326,5.90174361705312));
#4505=CARTESIAN_POINT('Ctrl Pts',(-28.6085739346195,-9.10807058817675,6.56948214537917));
#4506=CARTESIAN_POINT('Ctrl Pts',(-27.7636979534168,-8.39571330789223,6.93766459341006));
#4507=CARTESIAN_POINT('Ctrl Pts',(-27.2976106378443,-8.00405346295736,7.02410521779952));
#4508=CARTESIAN_POINT('Ctrl Pts',(-26.9442822367176,-7.70776584804914,7.02660751834695));
#4509=CARTESIAN_POINT('Ctrl Pts',(-26.8977430822209,-7.7653792987885,0.999869556091893));
#4510=CARTESIAN_POINT('Ctrl Pts',(-27.3584544137485,-8.16098539504644,0.999476160620019));
#4511=CARTESIAN_POINT('Ctrl Pts',(-28.1559522549842,-8.84727912046266,1.18653280063233));
#4512=CARTESIAN_POINT('Ctrl Pts',(-28.8991090416357,-9.49059573986219,1.72697186059246));
#4513=CARTESIAN_POINT('Ctrl Pts',(-29.4885959202995,-10.0025234617972,2.39895886213747));
#4514=CARTESIAN_POINT('Ctrl Pts',(-29.9238338663862,-10.3829298594325,3.3237193123664));
#4515=CARTESIAN_POINT('Ctrl Pts',(-29.9239740552821,-10.3831761850448,4.6761167519829));
#4516=CARTESIAN_POINT('Ctrl Pts',(-29.3434614156381,-9.8756058660452,5.90975000493045));
#4517=CARTESIAN_POINT('Ctrl Pts',(-28.5431512367129,-9.18219351584522,6.56289270361209));
#4518=CARTESIAN_POINT('Ctrl Pts',(-27.7059833701427,-8.46003646941166,6.91935499682512));
#4519=CARTESIAN_POINT('Ctrl Pts',(-27.2458259998586,-8.0642738295805,7.00041126248228));
#4520=CARTESIAN_POINT('Ctrl Pts',(-26.8977429395556,-7.76537913973384,7.00013118820363));
#4521=CARTESIAN_POINT('Ctrl Pts',(-26.86955615267,-7.80007140835713,1.00015732064585));
#4522=CARTESIAN_POINT('Ctrl Pts',(-27.3284866687204,-8.19781193387135,0.995412276360023));
#4523=CARTESIAN_POINT('Ctrl Pts',(-28.1254660817081,-8.88852841198838,1.17339176710239));
#4524=CARTESIAN_POINT('Ctrl Pts',(-28.8760773697973,-9.5390583475674,1.70664530689184));
#4525=CARTESIAN_POINT('Ctrl Pts',(-29.4753791368094,-10.0584530019091,2.37673405033296));
#4526=CARTESIAN_POINT('Ctrl Pts',(-29.9245935730046,-10.447771531742,3.309642364354));
#4527=CARTESIAN_POINT('Ctrl Pts',(-29.9249187783487,-10.4480533510881,4.69038651968648));
#4528=CARTESIAN_POINT('Ctrl Pts',(-29.3255602022442,-9.92861015505321,5.93442979802498));
#4529=CARTESIAN_POINT('Ctrl Pts',(-28.516027046598,-9.22701471492273,6.57986792577382));
#4530=CARTESIAN_POINT('Ctrl Pts',(-27.6757689559493,-8.4987903498312,6.92729756684605));
#4531=CARTESIAN_POINT('Ctrl Pts',(-27.2162945180497,-8.10057855434734,7.00341482228227));
#4532=CARTESIAN_POINT('Ctrl Pts',(-26.8695559696604,-7.80007124975602,6.99984326296838));
#4533=CARTESIAN_POINT('',(-29.8694875750757,-10.4,3.57321721980461));
#4534=CARTESIAN_POINT('',(-29.8694875750757,-10.4,4.42678278019539));
#4535=CARTESIAN_POINT('Ctrl Pts',(-29.8694329195905,-10.4,3.57322904221788));
#4536=CARTESIAN_POINT('Ctrl Pts',(-29.8750857561694,-10.4,3.61280635467176));
#4537=CARTESIAN_POINT('Ctrl Pts',(-29.8800984645431,-10.4,3.65215049530634));
#4538=CARTESIAN_POINT('Ctrl Pts',(-29.8843852540438,-10.4,3.6915401024285));
#4539=CARTESIAN_POINT('Ctrl Pts',(-29.8889466580624,-10.4,3.73345303334929));
#4540=CARTESIAN_POINT('Ctrl Pts',(-29.8926864116923,-10.4,3.77541724998284));
#4541=CARTESIAN_POINT('Ctrl Pts',(-29.8955067797673,-10.4,3.81774556583932));
#4542=CARTESIAN_POINT('Ctrl Pts',(-29.8956682792656,-10.4,3.82016936358189));
#4543=CARTESIAN_POINT('Ctrl Pts',(-29.8958267648784,-10.4,3.82259434986088));
#4544=CARTESIAN_POINT('Ctrl Pts',(-29.8959822184373,-10.4,3.8250205815551));
#4545=CARTESIAN_POINT('Ctrl Pts',(-29.8981536205706,-10.4,3.85891060449184));
#4546=CARTESIAN_POINT('Ctrl Pts',(-29.8997138064644,-10.4,3.89275954607337));
#4547=CARTESIAN_POINT('Ctrl Pts',(-29.9006396792392,-10.4,3.92670670475262));
#4548=CARTESIAN_POINT('Ctrl Pts',(-29.9012651555898,-10.4,3.9496398177075));
#4549=CARTESIAN_POINT('Ctrl Pts',(-29.9015994851165,-10.4,3.97255616962996));
#4550=CARTESIAN_POINT('Ctrl Pts',(-29.901640425306,-10.4,3.99549832754743));
#4551=CARTESIAN_POINT('Ctrl Pts',(-29.9016804063328,-10.4,4.01790298762156));
#4552=CARTESIAN_POINT('Ctrl Pts',(-29.9014405004991,-10.4,4.04028515986119));
#4553=CARTESIAN_POINT('Ctrl Pts',(-29.9009223076839,-10.4,4.0626844692708));
#4554=CARTESIAN_POINT('Ctrl Pts',(-29.9001983196067,-10.4,4.09397944765297));
#4555=CARTESIAN_POINT('Ctrl Pts',(-29.8989335973348,-10.4,4.12519949206155));
#4556=CARTESIAN_POINT('Ctrl Pts',(-29.897144286382,-10.4,4.15645337241314));
#4557=CARTESIAN_POINT('Ctrl Pts',(-29.8946973473954,-10.4,4.19919403646447));
#4558=CARTESIAN_POINT('Ctrl Pts',(-29.8912902680381,-10.4,4.24164361589033));
#4559=CARTESIAN_POINT('Ctrl Pts',(-29.887011398497,-10.4,4.28409822434683));
#4560=CARTESIAN_POINT('Ctrl Pts',(-29.8849405999141,-10.4,4.30464452569702));
#4561=CARTESIAN_POINT('Ctrl Pts',(-29.8826657059927,-10.4,4.3251922664232));
#4562=CARTESIAN_POINT('Ctrl Pts',(-29.8801973574786,-10.4,4.34577673990912));
#4563=CARTESIAN_POINT('Ctrl Pts',(-29.8769528748459,-10.4,4.37283368358824));
#4564=CARTESIAN_POINT('Ctrl Pts',(-29.8733914381827,-10.4,4.39980809102245));
#4565=CARTESIAN_POINT('Ctrl Pts',(-29.8695478322353,-10.4,4.42679124902432));
#4566=CARTESIAN_POINT('Origin',(-26.9,-7.8264441016011,4.));
#4567=CARTESIAN_POINT('',(-27.0261185250189,-7.67122130157785,7.2));
#4568=CARTESIAN_POINT('Origin',(-27.0261185250189,-7.67122130157785,4.));
#4569=CARTESIAN_POINT('',(-26.9,-7.8264441016011,7.));
#4570=CARTESIAN_POINT('Origin',(-26.9,-7.8264441016011,7.2));
#4571=CARTESIAN_POINT('Origin',(-26.9,-7.8264441016011,4.));
#4572=CARTESIAN_POINT('Origin',(-29.5167050043929,-9.95251691767031,7.2));
#4573=CARTESIAN_POINT('',(-29.5167050043929,-9.95251691767031,7.));
#4574=CARTESIAN_POINT('',(-29.6428235294118,-9.79729411764706,7.2));
#4575=CARTESIAN_POINT('Origin',(-26.9,-10.4,7.));
#4576=CARTESIAN_POINT('',(-26.9,-10.4,7.));
#4577=CARTESIAN_POINT('',(-26.8875,-10.4,7.));
#4578=CARTESIAN_POINT('',(-26.9,-10.4,7.));
#4579=CARTESIAN_POINT('Origin',(-26.9,-10.4,4.));
#4580=CARTESIAN_POINT('',(-26.9,-10.4,1.));
#4581=CARTESIAN_POINT('Origin',(-26.9,-10.4,4.));
#4582=CARTESIAN_POINT('',(-26.9,-10.4,1.));
#4583=CARTESIAN_POINT('Origin',(-31.,-10.9,0.));
#4584=CARTESIAN_POINT('',(-26.8761185250189,-7.54934630157785,0.199999999999999));
#4585=CARTESIAN_POINT('',(-23.9769411764706,-5.19376470588235,0.2));
#4586=CARTESIAN_POINT('',(-26.8761185250189,-7.54934630157785,7.8));
#4587=CARTESIAN_POINT('Origin',(-26.8761185250189,-7.54934630157785,4.));
#4588=CARTESIAN_POINT('',(-28.9576470588235,-9.24058823529412,7.8));
#4589=CARTESIAN_POINT('Origin',(-28.8315285338046,-9.39581103531737,7.8));
#4590=CARTESIAN_POINT('',(-26.75,-7.7045691016011,8.));
#4591=CARTESIAN_POINT('Origin',(-26.75,-7.7045691016011,7.8));
#4592=CARTESIAN_POINT('',(-28.8315285338046,-9.39581103531737,8.));
#4593=CARTESIAN_POINT('Ctrl Pts',(-26.7955018767292,-7.48391191428135,7.79476870391273));
#4594=CARTESIAN_POINT('Ctrl Pts',(-27.3902224235836,-7.96710031786727,7.80790982143409));
#4595=CARTESIAN_POINT('Ctrl Pts',(-28.561062038354,-8.91840042185911,7.55445102227282));
#4596=CARTESIAN_POINT('Ctrl Pts',(-29.9439133878409,-10.0419456452277,6.44829671708175));
#4597=CARTESIAN_POINT('Ctrl Pts',(-30.9710663408469,-10.8764990166374,4.34981619523291));
#4598=CARTESIAN_POINT('Ctrl Pts',(-30.268894408388,-10.3059983383363,1.26632327721626));
#4599=CARTESIAN_POINT('Ctrl Pts',(-27.9585296920136,-8.42883022168977,0.178180486423741));
#4600=CARTESIAN_POINT('Ctrl Pts',(-26.7954863406062,-7.48389924544813,0.205279454914536));
#4601=CARTESIAN_POINT('Ctrl Pts',(-26.7956096118763,-7.48235899774985,7.84902916163863));
#4602=CARTESIAN_POINT('Ctrl Pts',(-27.3953156259601,-7.96998672074144,7.85885100321606));
#4603=CARTESIAN_POINT('Ctrl Pts',(-28.5742130783584,-8.92810282493629,7.59669538381903));
#4604=CARTESIAN_POINT('Ctrl Pts',(-29.9643828648575,-10.0580512059553,6.47441127316605));
#4605=CARTESIAN_POINT('Ctrl Pts',(-30.99614125345,-10.8965723983571,4.35287916680283));
#4606=CARTESIAN_POINT('Ctrl Pts',(-30.2912187687093,-10.323581823011,1.23932693882691));
#4607=CARTESIAN_POINT('Ctrl Pts',(-27.9683895576665,-8.43594394495192,0.130422270922696));
#4608=CARTESIAN_POINT('Ctrl Pts',(-26.7955938521624,-7.48234673661902,0.151018516996615));
#4609=CARTESIAN_POINT('Ctrl Pts',(-26.7658872281782,-7.51608191182545,7.95863712417434));
#4610=CARTESIAN_POINT('Ctrl Pts',(-27.3798560167877,-8.00743408212961,7.96195190028517));
#4611=CARTESIAN_POINT('Ctrl Pts',(-28.5817533695989,-8.97112103816198,7.68212664281239));
#4612=CARTESIAN_POINT('Ctrl Pts',(-29.9937012991292,-10.1053978687359,6.52726358414849));
#4613=CARTESIAN_POINT('Ctrl Pts',(-31.0391924442853,-10.9463913264159,4.35902928045018));
#4614=CARTESIAN_POINT('Ctrl Pts',(-30.3258168238156,-10.3720914415691,1.18485889996735));
#4615=CARTESIAN_POINT('Ctrl Pts',(-27.9665444301228,-8.47695406007236,0.0335775563904879));
#4616=CARTESIAN_POINT('Ctrl Pts',(-26.7658716178649,-7.51606942110624,0.0414090357438914));
#4617=CARTESIAN_POINT('Ctrl Pts',(-26.6955269896567,-7.60154208691526,8.00159682543728));
#4618=CARTESIAN_POINT('Ctrl Pts',(-27.320594471152,-8.08749993213647,8.00995024906957));
#4619=CARTESIAN_POINT('Ctrl Pts',(-28.5469110388365,-9.04291388245247,7.73441019350328));
#4620=CARTESIAN_POINT('Ctrl Pts',(-29.9900441051897,-10.1700632707518,6.56690952813426));
#4621=CARTESIAN_POINT('Ctrl Pts',(-31.0594168030114,-11.0067702334289,4.36558575800903));
#4622=CARTESIAN_POINT('Ctrl Pts',(-30.3294982628279,-10.4349698323593,1.13765241733123));
#4623=CARTESIAN_POINT('Ctrl Pts',(-27.9179049604263,-8.55186847087164,-0.0193146148593176));
#4624=CARTESIAN_POINT('Ctrl Pts',(-26.6955105135367,-7.60152962122902,-0.00154774147194394));
#4625=CARTESIAN_POINT('Ctrl Pts',(-26.660880267759,-7.64426945481691,7.99887037420086));
#4626=CARTESIAN_POINT('Ctrl Pts',(-27.2875427592285,-8.12747285220149,8.01312707797791));
#4627=CARTESIAN_POINT('Ctrl Pts',(-28.5216708505706,-9.07881419064228,7.74666765653037));
#4628=CARTESIAN_POINT('Ctrl Pts',(-29.9797614725813,-10.2024334507258,6.58112891033201));
#4629=CARTESIAN_POINT('Ctrl Pts',(-31.0630615356603,-11.037043406127,4.36889028611067));
#4630=CARTESIAN_POINT('Ctrl Pts',(-30.3223964367125,-10.4665001157454,1.11770662481239));
#4631=CARTESIAN_POINT('Ctrl Pts',(-27.8863730652836,-8.58921682014028,-0.0281786180242181));
#4632=CARTESIAN_POINT('Ctrl Pts',(-26.6608639071152,-7.64425679491692,0.00118049451297139));
#4633=CARTESIAN_POINT('',(-26.75,-7.7045691016011,0.));
#4634=CARTESIAN_POINT('Origin',(-26.75,-7.7045691016011,0.2));
#4635=CARTESIAN_POINT('Origin',(-26.75,-7.7045691016011,4.));
#4636=CARTESIAN_POINT('Origin',(-23.8508226514517,-5.34898750590561,0.2));
#4637=CARTESIAN_POINT('',(-23.8508226514517,-5.34898750590561,0.));
#4638=CARTESIAN_POINT('Origin',(-26.9,-10.4,4.));
#4639=CARTESIAN_POINT('Origin',(-26.9,-10.4,4.));
#4640=CARTESIAN_POINT('Origin',(-26.75,-12.4,4.));
#4641=CARTESIAN_POINT('',(-26.75,-12.4,0.));
#4642=CARTESIAN_POINT('',(-26.75,-12.4,0.));
#4643=CARTESIAN_POINT('',(-26.75,-12.4,8.));
#4644=CARTESIAN_POINT('Origin',(-26.75,-12.4,4.));
#4645=CARTESIAN_POINT('',(-26.75,-12.4,8.));
#4646=CARTESIAN_POINT('Origin',(-23.,-10.4,1.));
#4647=CARTESIAN_POINT('',(-24.9375,-10.4,1.));
#4648=CARTESIAN_POINT('Origin',(-26.875,-10.4,4.));
#4649=CARTESIAN_POINT('',(-28.45,-10.4,4.));
#4650=CARTESIAN_POINT('Origin',(-26.75,-10.4,4.));
#4651=CARTESIAN_POINT('Origin',(-26.75,-12.4,4.));
#4652=CARTESIAN_POINT('',(-28.45,-12.4,4.));
#4653=CARTESIAN_POINT('',(-28.45,-12.4,4.));
#4654=CARTESIAN_POINT('Origin',(-26.75,-12.4,4.));
#4655=CARTESIAN_POINT('Origin',(-23.,-12.4,8.));
#4656=CARTESIAN_POINT('',(-26.75,-12.4,8.));
#4657=CARTESIAN_POINT('Origin',(2.51670500439287,-6.70251691767031,7.2));
#4658=CARTESIAN_POINT('',(4.02611852501889,-7.67122130157785,7.2));
#4659=CARTESIAN_POINT('',(3.9,-7.8264441016011,7.));
#4660=CARTESIAN_POINT('Origin',(3.9,-7.8264441016011,7.2));
#4661=CARTESIAN_POINT('',(2.51670500439287,-6.70251691767031,7.));
#4662=CARTESIAN_POINT('',(2.64282352941176,-6.54729411764706,7.2));
#4663=CARTESIAN_POINT('Ctrl Pts',(3.99470928471507,-7.64573216138463,7.20291158316541));
#4664=CARTESIAN_POINT('Ctrl Pts',(4.4841523396169,-8.04340953615024,7.20798835454134));
#4665=CARTESIAN_POINT('Ctrl Pts',(5.33440759057095,-8.73424708601452,7.01838844530805));
#4666=CARTESIAN_POINT('Ctrl Pts',(6.13552601198528,-9.38516594677888,6.44950688801517));
#4667=CARTESIAN_POINT('Ctrl Pts',(6.77568165872243,-9.90530049353008,5.73422581445043));
#4668=CARTESIAN_POINT('Ctrl Pts',(7.25593841372286,-10.295515635546,4.73788391346447));
#4669=CARTESIAN_POINT('Ctrl Pts',(7.25610243024284,-10.2956500525091,3.26214297788507));
#4670=CARTESIAN_POINT('Ctrl Pts',(6.61561535762691,-9.77524350134876,1.93342849985982));
#4671=CARTESIAN_POINT('Ctrl Pts',(5.75113203623743,-9.07284185888677,1.24467639790936));
#4672=CARTESIAN_POINT('Ctrl Pts',(4.85446432015771,-8.34428950677652,0.874284093467892));
#4673=CARTESIAN_POINT('Ctrl Pts',(4.36441091603992,-7.94611846557707,0.793267748033236));
#4674=CARTESIAN_POINT('Ctrl Pts',(3.99470914275841,-7.64573204459737,0.797087801096481));
#4675=CARTESIAN_POINT('Ctrl Pts',(3.99519544154789,-7.64550598319886,7.17208763226852));
#4676=CARTESIAN_POINT('Ctrl Pts',(4.48185316871763,-8.0408316604489,7.17523624224372));
#4677=CARTESIAN_POINT('Ctrl Pts',(5.32636863883329,-8.72688051304431,6.98331350571692));
#4678=CARTESIAN_POINT('Ctrl Pts',(6.11909921652473,-9.37079457215787,6.41630683733843));
#4679=CARTESIAN_POINT('Ctrl Pts',(6.75087709534694,-9.88396343968653,5.70671630595941));
#4680=CARTESIAN_POINT('Ctrl Pts',(7.22168080771456,-10.2663628469462,4.72363606361419));
#4681=CARTESIAN_POINT('Ctrl Pts',(7.22183986998967,-10.2664807198359,3.27644647100921));
#4682=CARTESIAN_POINT('Ctrl Pts',(6.59391146778812,-9.75648093096702,1.96526402004864));
#4683=CARTESIAN_POINT('Ctrl Pts',(5.73895757726129,-9.06200844820551,1.27907351689817));
#4684=CARTESIAN_POINT('Ctrl Pts',(4.84965498866023,-8.33962565344631,0.908042256928818));
#4685=CARTESIAN_POINT('Ctrl Pts',(4.36279362633899,-7.94411594980624,0.825548392578083));
#4686=CARTESIAN_POINT('Ctrl Pts',(3.99519528033019,-7.6455058660497,0.827911740139671));
#4687=CARTESIAN_POINT('Ctrl Pts',(3.98711713131641,-7.6561819696576,7.1113627626777));
#4688=CARTESIAN_POINT('Ctrl Pts',(4.46713765991047,-8.04828552230714,7.11070411304069));
#4689=CARTESIAN_POINT('Ctrl Pts',(5.29822803309243,-8.72753567918639,6.91422085551188));
#4690=CARTESIAN_POINT('Ctrl Pts',(6.07187589075211,-9.36079234657753,6.35090349770533));
#4691=CARTESIAN_POINT('Ctrl Pts',(6.68489336268284,-9.86301838687042,5.65252085718601));
#4692=CARTESIAN_POINT('Ctrl Pts',(7.13506032400076,-10.2325237000472,4.69556935992065));
#4693=CARTESIAN_POINT('Ctrl Pts',(7.13516670746465,-10.232630037314,3.30463217881795));
#4694=CARTESIAN_POINT('Ctrl Pts',(6.53473523003113,-9.7397577554508,2.0279703163989));
#4695=CARTESIAN_POINT('Ctrl Pts',(5.70135714504016,-9.05743483627216,1.34684249595319));
#4696=CARTESIAN_POINT('Ctrl Pts',(4.82908546968372,-8.34410540023199,0.974542831039233));
#4697=CARTESIAN_POINT('Ctrl Pts',(4.34970221482744,-7.95235867969028,0.889149875536078));
#4698=CARTESIAN_POINT('Ctrl Pts',(3.98711695780756,-7.6561818278091,0.888636573530648));
#4699=CARTESIAN_POINT('Ctrl Pts',(3.94532881721576,-7.70863572451823,7.02658278945439));
#4700=CARTESIAN_POINT('Ctrl Pts',(4.41262857067435,-8.10049735584066,7.02312785743748));
#4701=CARTESIAN_POINT('Ctrl Pts',(5.21957160148694,-8.77903045317175,6.82590207370007));
#4702=CARTESIAN_POINT('Ctrl Pts',(5.96520238267945,-9.41044875500288,6.2732381207357));
#4703=CARTESIAN_POINT('Ctrl Pts',(6.55312827136227,-9.91046069106223,5.59266746506844));
#4704=CARTESIAN_POINT('Ctrl Pts',(6.97984496672152,-10.2767476181718,4.66719299511329));
#4705=CARTESIAN_POINT('Ctrl Pts',(6.97996936627196,-10.2768742806095,3.33304164794107));
#4706=CARTESIAN_POINT('Ctrl Pts',(6.41071888046142,-9.78822674352947,2.09825865525837));
#4707=CARTESIAN_POINT('Ctrl Pts',(5.60857185388382,-9.10806485408614,1.43049841561399));
#4708=CARTESIAN_POINT('Ctrl Pts',(4.76404473354516,-8.39599522123738,1.06246073830608));
#4709=CARTESIAN_POINT('Ctrl Pts',(4.29830588197482,-8.00463012600717,0.976041227128448));
#4710=CARTESIAN_POINT('Ctrl Pts',(3.94532861931152,-7.70863556397435,0.973416580679782));
#4711=CARTESIAN_POINT('Ctrl Pts',(3.89876914051189,-7.76626249089036,7.0001306627418));
#4712=CARTESIAN_POINT('Ctrl Pts',(4.3591382424999,-8.16157560087793,7.0003601252981));
#4713=CARTESIAN_POINT('Ctrl Pts',(5.15618155815263,-8.84750395767716,6.8133751194888));
#4714=CARTESIAN_POINT('Ctrl Pts',(5.89902305903828,-9.49052345155849,6.27306889530582));
#4715=CARTESIAN_POINT('Ctrl Pts',(6.48861583363124,-10.0025238194264,5.60112994371686));
#4716=CARTESIAN_POINT('Ctrl Pts',(6.92405225606265,-10.3830877746509,4.67636774076899));
#4717=CARTESIAN_POINT('Ctrl Pts',(6.92403473077328,-10.3831759705328,3.32381381921107));
#4718=CARTESIAN_POINT('Ctrl Pts',(6.34351716282399,-9.87565090376248,2.09015646791022));
#4719=CARTESIAN_POINT('Ctrl Pts',(5.54315489903054,-9.18220271483034,1.43702841030754));
#4720=CARTESIAN_POINT('Ctrl Pts',(4.70629457463353,-8.46032087306038,1.08071664047372));
#4721=CARTESIAN_POINT('Ctrl Pts',(4.24650886436786,-8.06486280650424,0.99971254629634));
#4722=CARTESIAN_POINT('Ctrl Pts',(3.89876904377436,-7.766262380585,0.999868612375809));
#4723=CARTESIAN_POINT('Ctrl Pts',(3.87057776440827,-7.80096000164186,6.99985311474726));
#4724=CARTESIAN_POINT('Ctrl Pts',(4.32916844559946,-8.19840620144965,7.00443377182987));
#4725=CARTESIAN_POINT('Ctrl Pts',(5.12574367930612,-8.88877264685475,6.82646946305793));
#4726=CARTESIAN_POINT('Ctrl Pts',(5.87600738334095,-9.5390013897888,6.29331982105274));
#4727=CARTESIAN_POINT('Ctrl Pts',(6.47537051179076,-10.0584491728491,5.62327533621826));
#4728=CARTESIAN_POINT('Ctrl Pts',(6.92472955035731,-10.4478928555333,4.69044026012094));
#4729=CARTESIAN_POINT('Ctrl Pts',(6.92488283106969,-10.4480256722889,3.30959011815505));
#4730=CARTESIAN_POINT('Ctrl Pts',(6.32559758133612,-9.92864625401882,2.06555362138198));
#4731=CARTESIAN_POINT('Ctrl Pts',(5.51603573618884,-9.22702593693606,1.42008959218406));
#4732=CARTESIAN_POINT('Ctrl Pts',(4.67610020172707,-8.49908093511356,1.07278950868875));
#4733=CARTESIAN_POINT('Ctrl Pts',(4.21697504540225,-8.10117169046834,0.996700100551216));
#4734=CARTESIAN_POINT('Ctrl Pts',(3.87057762955659,-7.80095988477719,1.00014630691015));
#4735=CARTESIAN_POINT('',(6.86948757507565,-10.4,4.42678278019543));
#4736=CARTESIAN_POINT('',(6.86948757507565,-10.4,3.57321721980457));
#4737=CARTESIAN_POINT('Ctrl Pts',(6.86950888042989,-10.4,4.42678581782292));
#4738=CARTESIAN_POINT('Ctrl Pts',(6.87607653671786,-10.4,4.3808417971397));
#4739=CARTESIAN_POINT('Ctrl Pts',(6.88179778027034,-10.4,4.33507071411386));
#4740=CARTESIAN_POINT('Ctrl Pts',(6.89055849204166,-10.4,4.24968835665343));
#4741=CARTESIAN_POINT('Ctrl Pts',(6.89383648240982,-10.3999999999997,4.21050512591947));
#4742=CARTESIAN_POINT('Ctrl Pts',(6.89840789852136,-10.3999999999997,4.1375362495892));
#4743=CARTESIAN_POINT('Ctrl Pts',(6.89991033324333,-10.4,4.10398164169731));
#4744=CARTESIAN_POINT('Ctrl Pts',(6.90139815244821,-10.4,4.04700004061183));
#4745=CARTESIAN_POINT('Ctrl Pts',(6.90170577731796,-10.4000000000008,4.02368993626925));
#4746=CARTESIAN_POINT('Ctrl Pts',(6.90171383601995,-10.4000000000008,3.97707564336426));
#4747=CARTESIAN_POINT('Ctrl Pts',(6.90141582101461,-10.4,3.95382528616488));
#4748=CARTESIAN_POINT('Ctrl Pts',(6.8999607183037,-10.4,3.89719969846816));
#4749=CARTESIAN_POINT('Ctrl Pts',(6.89849073809809,-10.3999999999997,3.86393871956695));
#4750=CARTESIAN_POINT('Ctrl Pts',(6.89402087879872,-10.3999999999997,3.79174663302656));
#4751=CARTESIAN_POINT('Ctrl Pts',(6.89082083700092,-10.4,3.75303875727128));
#4752=CARTESIAN_POINT('Ctrl Pts',(6.88209973557464,-10.4,3.66705403529997));
#4753=CARTESIAN_POINT('Ctrl Pts',(6.87627436442577,-10.4,3.62022422372137));
#4754=CARTESIAN_POINT('Ctrl Pts',(6.86956389970526,-10.4,3.57320644466949));
#4755=CARTESIAN_POINT('Origin',(3.9,-7.82644410160111,4.));
#4756=CARTESIAN_POINT('',(4.02611852501889,-7.67122130157785,0.799999999999999));
#4757=CARTESIAN_POINT('Origin',(4.02611852501889,-7.67122130157785,4.));
#4758=CARTESIAN_POINT('',(3.9,-7.82644410160111,1.));
#4759=CARTESIAN_POINT('Origin',(3.9,-7.82644410160111,0.799999999999999));
#4760=CARTESIAN_POINT('Origin',(3.9,-7.82644410160111,4.));
#4761=CARTESIAN_POINT('Origin',(1.34211676909875,-5.74816397649384,0.8));
#4762=CARTESIAN_POINT('',(1.34211676909875,-5.74816397649384,1.));
#4763=CARTESIAN_POINT('',(1.46823529411765,-5.59294117647059,0.8));
#4764=CARTESIAN_POINT('Origin',(-1.27363267111325E-15,-10.4,1.));
#4765=CARTESIAN_POINT('',(3.9,-10.4,1.));
#4766=CARTESIAN_POINT('',(1.9375,-10.4,1.));
#4767=CARTESIAN_POINT('',(3.9,-10.4,1.));
#4768=CARTESIAN_POINT('Origin',(3.9,-10.4,4.));
#4769=CARTESIAN_POINT('',(3.9,-10.4,7.));
#4770=CARTESIAN_POINT('Origin',(3.9,-10.4,4.));
#4771=CARTESIAN_POINT('',(3.9,-10.4,7.));
#4772=CARTESIAN_POINT('Origin',(-5.38844591624835E-16,-4.4,0.));
#4773=CARTESIAN_POINT('',(3.87611852501889,-7.54934630157785,7.8));
#4774=CARTESIAN_POINT('',(1.95764705882353,-5.99058823529412,7.8));
#4775=CARTESIAN_POINT('',(3.8761185250189,-7.54934630157786,0.2));
#4776=CARTESIAN_POINT('Origin',(3.87611852501889,-7.54934630157785,4.));
#4777=CARTESIAN_POINT('',(-3.02305882352941,-1.94376470588235,0.2));
#4778=CARTESIAN_POINT('Origin',(-3.1491773485483,-2.09898750590561,0.2));
#4779=CARTESIAN_POINT('',(3.75,-7.70456910160111,0.));
#4780=CARTESIAN_POINT('Origin',(3.75,-7.70456910160111,0.2));
#4781=CARTESIAN_POINT('',(-3.1491773485483,-2.09898750590561,0.));
#4782=CARTESIAN_POINT('Ctrl Pts',(3.8326733340437,-7.5140922188485,0.203853608401385));
#4783=CARTESIAN_POINT('Ctrl Pts',(4.41514120336602,-7.98733133861102,0.197074638883285));
#4784=CARTESIAN_POINT('Ctrl Pts',(6.14616568086204,-9.39378050401628,0.566430122771495));
#4785=CARTESIAN_POINT('Ctrl Pts',(8.11581318224856,-10.9941011301475,3.03010752361265));
#4786=CARTESIAN_POINT('Ctrl Pts',(7.2697730058106,-10.3067099801538,6.72675148928296));
#4787=CARTESIAN_POINT('Ctrl Pts',(4.983547738111,-8.44914644779413,7.81061939871734));
#4788=CARTESIAN_POINT('Ctrl Pts',(3.83266551232538,-7.51408585558378,7.79612573423702));
#4789=CARTESIAN_POINT('Ctrl Pts',(3.83295614484979,-7.51298539168388,0.150046806337601));
#4790=CARTESIAN_POINT('Ctrl Pts',(4.42026753958662,-7.9904904400441,0.146546696458101));
#4791=CARTESIAN_POINT('Ctrl Pts',(6.16309812479813,-9.40687626265066,0.528811841192054));
#4792=CARTESIAN_POINT('Ctrl Pts',(8.14127528289166,-11.0145890039142,3.02118158479818));
#4793=CARTESIAN_POINT('Ctrl Pts',(7.29200512902365,-10.3242455113644,6.75346067837685));
#4794=CARTESIAN_POINT('Ctrl Pts',(4.99339855885115,-8.45646004068133,7.85794046267782));
#4795=CARTESIAN_POINT('Ctrl Pts',(3.83294829823088,-7.51297913223034,7.84993271722066));
#4796=CARTESIAN_POINT('Ctrl Pts',(3.8044403540258,-7.5465697326229,0.0423736355393518));
#4797=CARTESIAN_POINT('Ctrl Pts',(4.40542772224281,-8.02762016114508,0.0452357583723916));
#4798=CARTESIAN_POINT('Ctrl Pts',(6.18168099960934,-9.45198695216294,0.453392302564853));
#4799=CARTESIAN_POINT('Ctrl Pts',(8.1853473378099,-11.063988668774,3.00337093263121));
#4800=CARTESIAN_POINT('Ctrl Pts',(7.32610466136131,-10.3722302919902,6.80683731961753));
#4801=CARTESIAN_POINT('Ctrl Pts',(4.99189342795797,-8.49704712024547,7.95302260300976));
#4802=CARTESIAN_POINT('Ctrl Pts',(3.80443253569059,-7.54656347180326,7.95760635801671));
#4803=CARTESIAN_POINT('Ctrl Pts',(3.73609239668313,-7.63007189209504,-0.000986034614088705));
#4804=CARTESIAN_POINT('Ctrl Pts',(4.34788731011363,-8.1060502818118,-0.00275344434811514));
#4805=CARTESIAN_POINT('Ctrl Pts',(6.15992900845701,-9.5186535665197,0.399465783662531));
#4806=CARTESIAN_POINT('Ctrl Pts',(8.20899498018852,-11.1230300505645,2.98614108591564));
#4807=CARTESIAN_POINT('Ctrl Pts',(7.33003205925819,-10.4340830156058,6.85348821555125));
#4808=CARTESIAN_POINT('Ctrl Pts',(4.94491402522844,-8.5705328818186,8.00557330389688));
#4809=CARTESIAN_POINT('Ctrl Pts',(3.73608415930178,-7.63006559971959,8.00096513199529));
#4810=CARTESIAN_POINT('Ctrl Pts',(3.70227491347956,-7.67171832897536,0.000306950708674865));
#4811=CARTESIAN_POINT('Ctrl Pts',(4.31585320233671,-8.14508635602749,-0.00691482227675348));
#4812=CARTESIAN_POINT('Ctrl Pts',(6.13951662594502,-9.55184946619885,0.382022205569973));
#4813=CARTESIAN_POINT('Ctrl Pts',(8.21498831141492,-11.1524350110178,2.97794769960855));
#4814=CARTESIAN_POINT('Ctrl Pts',(7.32345209533865,-10.4649342297893,6.87332172492644));
#4815=CARTESIAN_POINT('Ctrl Pts',(4.91461889726134,-8.60702701941543,8.01509970500219));
#4816=CARTESIAN_POINT('Ctrl Pts',(3.70226667828038,-7.67171196857531,7.99967126624407));
#4817=CARTESIAN_POINT('',(3.75,-7.70456910160111,8.));
#4818=CARTESIAN_POINT('Origin',(3.75,-7.70456910160111,7.8));
#4819=CARTESIAN_POINT('Origin',(3.75,-7.70456910160111,4.));
#4820=CARTESIAN_POINT('Origin',(1.83152853380463,-6.14581103531737,7.8));
#4821=CARTESIAN_POINT('',(1.83152853380463,-6.14581103531737,8.));
#4822=CARTESIAN_POINT('Origin',(3.9,-10.4,4.));
#4823=CARTESIAN_POINT('Origin',(3.9,-10.4,4.));
#4824=CARTESIAN_POINT('Origin',(3.75,-12.4,4.));
#4825=CARTESIAN_POINT('',(3.75,-12.4,8.));
#4826=CARTESIAN_POINT('',(3.75,-12.4,8.));
#4827=CARTESIAN_POINT('',(3.75,-12.4,0.));
#4828=CARTESIAN_POINT('Origin',(3.75,-12.4,4.));
#4829=CARTESIAN_POINT('',(3.75,-12.4,0.));
#4830=CARTESIAN_POINT('Origin',(3.9,-10.4,7.));
#4831=CARTESIAN_POINT('',(3.8875,-10.4,7.));
#4832=CARTESIAN_POINT('Origin',(3.75,-12.4,4.));
#4833=CARTESIAN_POINT('',(5.45,-12.4,4.));
#4834=CARTESIAN_POINT('Origin',(3.75,-12.4,4.));
#4835=CARTESIAN_POINT('',(5.45,-10.4,4.));
#4836=CARTESIAN_POINT('',(5.45,-12.4,4.));
#4837=CARTESIAN_POINT('Origin',(3.75,-10.4,4.));
#4838=CARTESIAN_POINT('Origin',(-5.40434261713077E-15,-12.4,8.));
#4839=CARTESIAN_POINT('',(3.75,-12.4,8.));
#4840=CARTESIAN_POINT('Origin',(3.875,-10.4,4.));
#4841=CARTESIAN_POINT('Origin',(-14.0144432628023,1.7162743083623E-15,6.10750916125552));
#4842=CARTESIAN_POINT('',(-14.0144432628023,1.7162743083623E-15,6.10750916125552));
#4843=CARTESIAN_POINT('',(-17.0772987542448,2.0913659257469E-15,1.31676359583466));
#4844=CARTESIAN_POINT('',(-13.3672121281316,1.637011354624E-15,7.1198715456021));
#4845=CARTESIAN_POINT('',(-14.0144432628023,-0.299999999999998,6.10750916125552));
#4846=CARTESIAN_POINT('',(-14.0144432628023,1.7162743083623E-15,6.10750916125552));
#4847=CARTESIAN_POINT('',(-17.0772987542448,-0.299999999999998,1.31676359583466));
#4848=CARTESIAN_POINT('',(-17.0772987542448,-0.299999999999998,1.31676359583466));
#4849=CARTESIAN_POINT('',(-17.0772987542448,2.0913659257469E-15,1.31676359583466));
#4850=CARTESIAN_POINT('Origin',(-13.9907933637499,1.71337803104483E-15,
6.13220966110439));
#4851=CARTESIAN_POINT('',(-13.9907933637499,1.71337803104483E-15,6.13220966110439));
#4852=CARTESIAN_POINT('',(-12.1766309902167,1.49120721665673E-15,8.02696267184604));
#4853=CARTESIAN_POINT('',(-13.9907933637499,-0.0999999999999983,6.13220966110439));
#4854=CARTESIAN_POINT('',(-13.9907933637499,1.71337803104483E-15,6.13220966110439));
#4855=CARTESIAN_POINT('',(-13.9907933637499,-0.299999999999998,6.13220966110439));
#4856=CARTESIAN_POINT('',(-13.9907933637499,1.71337803104483E-15,6.13220966110439));
#4857=CARTESIAN_POINT('',(-14.0144432628023,-0.299999999999998,6.10750916125552));
#4858=CARTESIAN_POINT('Origin',(-13.189587826602,1.6152586513921E-15,5.3650822673386));
#4859=CARTESIAN_POINT('',(-13.189587826602,-0.0999999999999984,5.3650822673386));
#4860=CARTESIAN_POINT('',(-16.0086555868772,-0.0999999999999981,8.06424497094054));
#4861=CARTESIAN_POINT('',(-13.189587826602,-0.199999999999998,5.3650822673386));
#4862=CARTESIAN_POINT('',(-13.189587826602,-0.199999999999998,5.3650822673386));
#4863=CARTESIAN_POINT('',(-13.189587826602,-0.299999999999998,5.3650822673386));
#4864=CARTESIAN_POINT('',(-13.189587826602,1.6152586513921E-15,5.3650822673386));
#4865=CARTESIAN_POINT('',(-16.0086555868772,-0.299999999999998,8.06424497094054));
#4866=CARTESIAN_POINT('Ctrl Pts',(-13.1433808886022,1.60959993352012E-15,
3.8323068272235));
#4867=CARTESIAN_POINT('Ctrl Pts',(-13.1433808886022,-0.359999999999998,
3.8323068272235));
#4868=CARTESIAN_POINT('Ctrl Pts',(-13.3517092157258,1.63511279541848E-15,
4.68559797589218));
#4869=CARTESIAN_POINT('Ctrl Pts',(-13.3517092157258,-0.359999999999998,
4.68559797589218));
#4870=CARTESIAN_POINT('Ctrl Pts',(-13.189587826602,1.6152586513921E-15,
5.3650822673386));
#4871=CARTESIAN_POINT('Ctrl Pts',(-13.189587826602,-0.359999999999998,5.3650822673386));
#4872=CARTESIAN_POINT('',(-13.1433808886022,-0.199999999999998,3.8323068272235));
#4873=CARTESIAN_POINT('Ctrl Pts',(-13.189587826602,-0.199999999999998,5.3650822673386));
#4874=CARTESIAN_POINT('Ctrl Pts',(-13.3517092157258,-0.199999999999998,
4.68559797589218));
#4875=CARTESIAN_POINT('Ctrl Pts',(-13.1433808886022,-0.199999999999998,
3.8323068272235));
#4876=CARTESIAN_POINT('',(-13.1433808886022,-0.299999999999998,3.8323068272235));
#4877=CARTESIAN_POINT('',(-13.1433808886022,1.60959993352012E-15,3.8323068272235));
#4878=CARTESIAN_POINT('Ctrl Pts',(-13.1433808886022,-0.299999999999998,
3.8323068272235));
#4879=CARTESIAN_POINT('Ctrl Pts',(-13.3517092157258,-0.299999999999998,
4.68559797589218));
#4880=CARTESIAN_POINT('Ctrl Pts',(-13.189587826602,-0.299999999999998,5.3650822673386));
#4881=CARTESIAN_POINT('Ctrl Pts',(-9.07912775922555,1.11187247493855E-15,
1.31132300262915));
#4882=CARTESIAN_POINT('Ctrl Pts',(-9.07912775922555,-0.359999999999999,
1.31132300262915));
#4883=CARTESIAN_POINT('Ctrl Pts',(-12.5560021046726,1.53766677875747E-15,
1.42646445253136));
#4884=CARTESIAN_POINT('Ctrl Pts',(-12.5560021046726,-0.359999999999998,
1.42646445253136));
#4885=CARTESIAN_POINT('Ctrl Pts',(-13.1433808886022,1.60959993352012E-15,
3.8323068272235));
#4886=CARTESIAN_POINT('Ctrl Pts',(-13.1433808886022,-0.359999999999998,
3.8323068272235));
#4887=CARTESIAN_POINT('',(-9.07912775922523,-0.199999999999999,1.31132300262914));
#4888=CARTESIAN_POINT('Ctrl Pts',(-13.1433808886022,-0.199999999999998,
3.8323068272235));
#4889=CARTESIAN_POINT('Ctrl Pts',(-12.5560021046726,-0.199999999999999,
1.42646445253136));
#4890=CARTESIAN_POINT('Ctrl Pts',(-9.07912775922555,-0.199999999999999,
1.31132300262915));
#4891=CARTESIAN_POINT('',(-9.07912775922523,-0.299999999999999,1.31132300262914));
#4892=CARTESIAN_POINT('',(-9.07912775922523,1.11187247493851E-15,1.31132300262914));
#4893=CARTESIAN_POINT('Ctrl Pts',(-9.07912775922555,-0.299999999999999,
1.31132300262915));
#4894=CARTESIAN_POINT('Ctrl Pts',(-12.5560021046726,-0.299999999999998,
1.42646445253136));
#4895=CARTESIAN_POINT('Ctrl Pts',(-13.1433808886022,-0.299999999999998,
3.8323068272235));
#4896=CARTESIAN_POINT('Origin',(-13.078213256735,-0.299999999999998,3.72176633186676));
#4897=CARTESIAN_POINT('',(-4.68427474084482,-0.299999999999999,1.3083334932168));
#4898=CARTESIAN_POINT('Origin',(-16.0086555868772,1.96049488231216E-15,
8.06424497094054));
#4899=CARTESIAN_POINT('',(-16.0086555868772,1.96049488231216E-15,8.06424497094054));
#4900=CARTESIAN_POINT('',(-9.8184901669715,1.20241825554414E-15,2.13736947472875));
#4901=CARTESIAN_POINT('',(-16.0086555868772,-0.0999999999999981,8.06424497094054));
#4902=CARTESIAN_POINT('',(-16.0086555868772,1.96049488231216E-15,8.06424497094054));
#4903=CARTESIAN_POINT('',(-16.0086555868772,-0.0999999999999981,8.06424497094054));
#4904=CARTESIAN_POINT('Origin',(0.,0.,0.));
#4905=CARTESIAN_POINT('',(-2.45003965856464E-33,3.46944695195361E-17,14.));
#4906=CARTESIAN_POINT('',(0.,0.,0.));
#4907=CARTESIAN_POINT('',(-6.00073709683503,7.3487834781638E-16,1.30922898996897));
#4908=CARTESIAN_POINT('',(-4.53911997992475,5.55881875436064E-16,1.30823475464188));
#4909=CARTESIAN_POINT('',(-4.68567340102393,5.73829493241385E-16,1.30970062900556));
#4910=CARTESIAN_POINT('',(-3.00060370753879,3.67467972594706E-16,1.31030496828537));
#4911=CARTESIAN_POINT('',(-4.6842747408251,5.73658206767826E-16,1.30970113062594));
#4912=CARTESIAN_POINT('',(-2.34237252953383,2.86857902070429E-16,1.31054103861386));
#4913=CARTESIAN_POINT('',(-4.68427457515155,5.73658186478667E-16,12.7994936864092));
#4914=CARTESIAN_POINT('',(-4.68427466743074,5.73658197779609E-16,6.39974687697634));
#4915=CARTESIAN_POINT('',(-8.51466097320446,1.04274523066597E-15,12.7994936864092));
#4916=CARTESIAN_POINT('',(-4.25733048660223,5.21372615332987E-16,12.7994936864092));
#4917=CARTESIAN_POINT('',(-9.10334171234139,1.11483782895635E-15,12.8006159897046));
#4918=CARTESIAN_POINT('',(-4.53948543669107,5.55926630981974E-16,12.7919151258963));
#4919=CARTESIAN_POINT('',(-12.9359711026573,1.58419956047319E-15,12.8079227899934));
#4920=CARTESIAN_POINT('',(-4.53948543669107,5.55926630981974E-16,12.7919151258963));
#4921=CARTESIAN_POINT('',(-16.2399013535452,1.98881432110879E-15,11.1886082146206));
#4922=CARTESIAN_POINT('Ctrl Pts',(-12.9359711026573,1.58419956047319E-15,
12.8079227899934));
#4923=CARTESIAN_POINT('Ctrl Pts',(-15.0288352148436,1.84050149407712E-15,
12.9498393114949));
#4924=CARTESIAN_POINT('Ctrl Pts',(-16.2399013535452,1.98881432110879E-15,
11.1886082146206));
#4925=CARTESIAN_POINT('Ctrl Pts',(-16.2399013535452,1.98881432110879E-15,
11.1886082146206));
#4926=CARTESIAN_POINT('Ctrl Pts',(-17.4509690386585,2.13712733752127E-15,
9.42737673114328));
#4927=CARTESIAN_POINT('Ctrl Pts',(-16.0086555868772,1.96049488231216E-15,
8.06424497094054));
#4928=CARTESIAN_POINT('Origin',(-10.945485437962,1.34043537067141E-15,7.42842281363649));
#4929=CARTESIAN_POINT('',(-10.9496955276967,-0.0999999999999987,7.4269601124158));
#4930=CARTESIAN_POINT('',(-10.945485437962,-0.0999999999999987,7.42842281363649));
#4931=CARTESIAN_POINT('',(-10.9496955276967,-0.0999999999999987,7.4269601124158));
#4932=CARTESIAN_POINT('',(-10.945485437962,-0.199999999999999,7.42842281363649));
#4933=CARTESIAN_POINT('',(-10.945485437962,1.34043537067141E-15,7.42842281363649));
#4934=CARTESIAN_POINT('',(-10.9496955276967,-0.199999999999999,7.4269601124158));
#4935=CARTESIAN_POINT('',(-10.9496955276967,-0.199999999999999,7.4269601124158));
#4936=CARTESIAN_POINT('',(-10.9496955276967,1.34095095796319E-15,7.4269601124158));
#4937=CARTESIAN_POINT('Ctrl Pts',(-10.9496955276967,1.34095095796319E-15,
7.4269601124158));
#4938=CARTESIAN_POINT('Ctrl Pts',(-10.9496955276967,-0.239999999999999,
7.4269601124158));
#4939=CARTESIAN_POINT('Ctrl Pts',(-13.7808556354517,1.68766807434677E-15,
6.44333705290931));
#4940=CARTESIAN_POINT('Ctrl Pts',(-13.7808556354517,-0.239999999999998,
6.44333705290931));
#4941=CARTESIAN_POINT('Ctrl Pts',(-13.1433808886022,1.60959993352012E-15,
3.8323068272235));
#4942=CARTESIAN_POINT('Ctrl Pts',(-13.1433808886022,-0.239999999999998,
3.8323068272235));
#4943=CARTESIAN_POINT('Ctrl Pts',(-13.189587826602,-0.0999999999999984,
5.3650822673386));
#4944=CARTESIAN_POINT('Ctrl Pts',(-12.855625495775,-0.0999999999999984,
6.76478750646844));
#4945=CARTESIAN_POINT('Ctrl Pts',(-10.9496955276967,-0.0999999999999987,
7.4269601124158));
#4946=CARTESIAN_POINT('Ctrl Pts',(-10.9496955276967,-0.199999999999999,
7.4269601124158));
#4947=CARTESIAN_POINT('Ctrl Pts',(-12.855625495775,-0.199999999999998,6.76478750646844));
#4948=CARTESIAN_POINT('Ctrl Pts',(-13.189587826602,-0.199999999999998,5.3650822673386));
#4949=CARTESIAN_POINT('Origin',(-6.00073709683503,7.3487834781638E-16,1.30922898996897));
#4950=CARTESIAN_POINT('',(-6.00073709683503,-0.199999999999999,1.30922898996897));
#4951=CARTESIAN_POINT('',(-6.00073709683503,7.3487834781638E-16,1.30922898996897));
#4952=CARTESIAN_POINT('',(-4.68567340102393,-0.199999999999999,1.30970062900556));
#4953=CARTESIAN_POINT('',(-4.30123610686826,-0.2,1.30983850493935));
#4954=CARTESIAN_POINT('',(-4.68567340102393,5.73829493241385E-16,1.30970062900556));
#4955=CARTESIAN_POINT('Origin',(-9.07912775922523,1.11187247493851E-15,
1.31132300262913));
#4956=CARTESIAN_POINT('',(-4.68427474084482,-0.199999999999999,1.3083334932168));
#4957=CARTESIAN_POINT('Origin',(-9.23326451823781,-0.199999999999999,4.36882590180273));
#4958=CARTESIAN_POINT('',(-11.5873456157178,-0.199999999999999,8.05581611009499));
#4959=CARTESIAN_POINT('Ctrl Pts',(-16.2399013535452,1.98881432110879E-15,
11.1886082146206));
#4960=CARTESIAN_POINT('Ctrl Pts',(-16.2399013535452,-0.119999999999998,
11.1886082146206));
#4961=CARTESIAN_POINT('Ctrl Pts',(-17.4509690386585,2.13712733752127E-15,
9.42737673114328));
#4962=CARTESIAN_POINT('Ctrl Pts',(-17.4509690386585,-0.119999999999998,
9.42737673114328));
#4963=CARTESIAN_POINT('Ctrl Pts',(-16.0086555868772,1.96049488231216E-15,
8.06424497094054));
#4964=CARTESIAN_POINT('Ctrl Pts',(-16.0086555868772,-0.119999999999998,
8.06424497094054));
#4965=CARTESIAN_POINT('',(-16.2399013535452,-0.099999999999998,11.1886082146206));
#4966=CARTESIAN_POINT('',(-16.2399013535452,1.98881432110879E-15,11.1886082146206));
#4967=CARTESIAN_POINT('Ctrl Pts',(-16.2399013535452,-0.099999999999998,
11.1886082146206));
#4968=CARTESIAN_POINT('Ctrl Pts',(-17.4509690386585,-0.0999999999999979,
9.42737673114328));
#4969=CARTESIAN_POINT('Ctrl Pts',(-16.0086555868772,-0.0999999999999981,
8.06424497094054));
#4970=CARTESIAN_POINT('Ctrl Pts',(-12.9359711026573,1.58419956047319E-15,
12.8079227899934));
#4971=CARTESIAN_POINT('Ctrl Pts',(-12.9359711026573,-0.119999999999998,
12.8079227899934));
#4972=CARTESIAN_POINT('Ctrl Pts',(-15.0288352148436,1.84050149407712E-15,
12.9498393114949));
#4973=CARTESIAN_POINT('Ctrl Pts',(-15.0288352148436,-0.119999999999998,
12.9498393114949));
#4974=CARTESIAN_POINT('Ctrl Pts',(-16.2399013535452,1.98881432110879E-15,
11.1886082146206));
#4975=CARTESIAN_POINT('Ctrl Pts',(-16.2399013535452,-0.119999999999998,
11.1886082146206));
#4976=CARTESIAN_POINT('',(-12.9359711026573,-0.0999999999999984,12.8079227899934));
#4977=CARTESIAN_POINT('',(-12.9359711026573,1.58419956047319E-15,12.8079227899934));
#4978=CARTESIAN_POINT('Ctrl Pts',(-12.9359711026573,-0.0999999999999984,
12.8079227899934));
#4979=CARTESIAN_POINT('Ctrl Pts',(-15.0288352148436,-0.0999999999999982,
12.9498393114949));
#4980=CARTESIAN_POINT('Ctrl Pts',(-16.2399013535452,-0.099999999999998,
11.1886082146206));
#4981=CARTESIAN_POINT('Origin',(-9.10334171234139,1.11483782895635E-15,
12.8006159897046));
#4982=CARTESIAN_POINT('',(-9.10334171234139,-0.0999999999999989,12.8006159897046));
#4983=CARTESIAN_POINT('',(-9.10334171234139,1.11483782895635E-15,12.8006159897046));
#4984=CARTESIAN_POINT('',(-8.51466097320446,-0.099999999999999,12.7994936864092));
#4985=CARTESIAN_POINT('Origin',(-13.2771553754999,-0.0999999999999984,9.15746078941677));
#4986=CARTESIAN_POINT('',(-11.8185919972982,-0.0999999999999986,11.1801787244335));
#4987=CARTESIAN_POINT('Ctrl Pts',(-11.8185919972982,-0.0999999999999986,
11.1801787244335));
#4988=CARTESIAN_POINT('Ctrl Pts',(-10.783218532542,-0.0999999999999987,
12.6859016214283));
#4989=CARTESIAN_POINT('Ctrl Pts',(-9.10334171234139,-0.0999999999999989,
12.8006159897046));
#4990=CARTESIAN_POINT('',(-11.5873456157178,-0.0999999999999986,8.05581611009499));
#4991=CARTESIAN_POINT('Ctrl Pts',(-11.5873456157178,-0.0999999999999986,
8.05581611009499));
#4992=CARTESIAN_POINT('Ctrl Pts',(-13.0296589092057,-0.0999999999999984,
9.41894801416204));
#4993=CARTESIAN_POINT('Ctrl Pts',(-11.8185919972982,-0.0999999999999986,
11.1801787244335));
#4994=CARTESIAN_POINT('',(-11.5873456157178,-0.0999999999999986,8.05581611009499));
#4995=CARTESIAN_POINT('Origin',(-4.68427457515155,5.73658186478667E-16,
12.7994936864092));
#4996=CARTESIAN_POINT('',(-4.6842747408251,0.100000000000001,1.30970113062594));
#4997=CARTESIAN_POINT('',(-4.6842747408251,5.73658206767826E-16,1.30970113062594));
#4998=CARTESIAN_POINT('',(-4.68427457515155,0.100000000000001,12.7994936864092));
#4999=CARTESIAN_POINT('',(-4.68427474084482,0.100000000000001,1.3083334932168));
#5000=CARTESIAN_POINT('',(-4.68427457515155,5.73658186478667E-16,12.7994936864092));
#5001=CARTESIAN_POINT('Origin',(-8.51466097320446,1.04274523066597E-15,
12.7994936864092));
#5002=CARTESIAN_POINT('',(-8.51466097320446,0.100000000000001,12.7994936864092));
#5003=CARTESIAN_POINT('',(-4.68427457515155,0.100000000000001,12.7994936864092));
#5004=CARTESIAN_POINT('',(-8.51466097320446,1.04274523066597E-15,12.7994936864092));
#5005=CARTESIAN_POINT('Origin',(-9.10334171234139,1.11483782895635E-15,
12.8006159897046));
#5006=CARTESIAN_POINT('',(-9.10334171234139,0.100000000000001,12.8006159897046));
#5007=CARTESIAN_POINT('',(-8.51466097320446,0.100000000000001,12.7994936864092));
#5008=CARTESIAN_POINT('',(-9.10334171234139,1.11483782895635E-15,12.8006159897046));
#5009=CARTESIAN_POINT('Ctrl Pts',(-11.8185919972982,-0.0999999999999986,
11.1801787244335));
#5010=CARTESIAN_POINT('Ctrl Pts',(-11.8185919972982,0.140000000000001,11.1801787244335));
#5011=CARTESIAN_POINT('Ctrl Pts',(-10.783218532542,-0.0999999999999987,
12.6859016214283));
#5012=CARTESIAN_POINT('Ctrl Pts',(-10.783218532542,0.140000000000001,12.6859016214283));
#5013=CARTESIAN_POINT('Ctrl Pts',(-9.10334171234139,-0.0999999999999989,
12.8006159897046));
#5014=CARTESIAN_POINT('Ctrl Pts',(-9.10334171234139,0.140000000000001,12.8006159897046));
#5015=CARTESIAN_POINT('',(-11.8185919972982,0.100000000000001,11.1801787244335));
#5016=CARTESIAN_POINT('Ctrl Pts',(-11.8185919972982,0.100000000000001,11.1801787244335));
#5017=CARTESIAN_POINT('Ctrl Pts',(-10.783218532542,0.100000000000001,12.6859016214283));
#5018=CARTESIAN_POINT('Ctrl Pts',(-9.10334171234139,0.100000000000001,12.8006159897046));
#5019=CARTESIAN_POINT('',(-11.8185919972982,1.44736008599198E-15,11.1801787244335));
#5020=CARTESIAN_POINT('Ctrl Pts',(-11.5873456157178,-0.0999999999999986,
8.05581611009499));
#5021=CARTESIAN_POINT('Ctrl Pts',(-11.5873456157178,0.140000000000001,8.05581611009499));
#5022=CARTESIAN_POINT('Ctrl Pts',(-13.0296589092057,-0.0999999999999984,
9.41894801416204));
#5023=CARTESIAN_POINT('Ctrl Pts',(-13.0296589092057,0.140000000000002,9.41894801416204));
#5024=CARTESIAN_POINT('Ctrl Pts',(-11.8185919972982,-0.0999999999999986,
11.1801787244335));
#5025=CARTESIAN_POINT('Ctrl Pts',(-11.8185919972982,0.140000000000001,11.1801787244335));
#5026=CARTESIAN_POINT('',(-11.5873456157178,0.100000000000001,8.05581611009499));
#5027=CARTESIAN_POINT('Ctrl Pts',(-11.5873456157178,0.100000000000001,8.05581611009499));
#5028=CARTESIAN_POINT('Ctrl Pts',(-13.0296589092057,0.100000000000002,9.41894801416204));
#5029=CARTESIAN_POINT('Ctrl Pts',(-11.8185919972982,0.100000000000001,11.1801787244335));
#5030=CARTESIAN_POINT('',(-11.5873456157178,1.41904057189029E-15,8.05581611009499));
#5031=CARTESIAN_POINT('Origin',(-4.68567340102393,5.73829493241385E-16,
1.30970062900556));
#5032=CARTESIAN_POINT('',(-4.68567340102393,0.100000000000001,1.30970062900556));
#5033=CARTESIAN_POINT('',(-11.5873456157178,0.100000000000001,8.05581611009499));
#5034=CARTESIAN_POINT('',(-4.68567340102393,5.73829493241385E-16,1.30970062900556));
#5035=CARTESIAN_POINT('Origin',(-4.6842747408251,5.73658206767826E-16,1.30970113062594));
#5036=CARTESIAN_POINT('',(-4.30123610686826,0.100000000000001,1.30983850493935));
#5037=CARTESIAN_POINT('Origin',(-8.8569667421786,0.100000000000001,7.05515830935508));
#5038=CARTESIAN_POINT('Origin',(-1.3,-9.2,5.3));
#5039=CARTESIAN_POINT('',(-5.3,-9.4,1.3));
#5040=CARTESIAN_POINT('',(-5.3,-9.4,1.3));
#5041=CARTESIAN_POINT('',(-1.3,-9.4,1.3));
#5042=CARTESIAN_POINT('',(-6.4,-9.4,1.3));
#5043=CARTESIAN_POINT('',(-1.3,-9.33615960099751,2.57680798004987));
#5044=CARTESIAN_POINT('Origin',(-5.3,-8.7,3.3));
#5045=CARTESIAN_POINT('',(-5.3,-7.45,1.3));
#5046=CARTESIAN_POINT('Origin',(-11.5,-6.2,1.3));
#5047=CARTESIAN_POINT('',(-1.3,-1.3,1.3));
#5048=CARTESIAN_POINT('',(-1.3,-9.3,1.3));
#5049=CARTESIAN_POINT('',(-3.,-1.3,1.3));
#5050=CARTESIAN_POINT('',(-5.75,-1.3,1.3));
#5051=CARTESIAN_POINT('',(-3.,-6.3,1.3));
#5052=CARTESIAN_POINT('',(-3.,-6.25,1.3));
#5053=CARTESIAN_POINT('',(-20.,-6.3,1.3));
#5054=CARTESIAN_POINT('',(-15.75,-6.3,1.3));
#5055=CARTESIAN_POINT('',(-20.,-1.3,1.3));
#5056=CARTESIAN_POINT('',(-20.,-3.75,1.3));
#5057=CARTESIAN_POINT('',(-21.7,-1.3,1.3));
#5058=CARTESIAN_POINT('',(-5.75,-1.3,1.3));
#5059=CARTESIAN_POINT('',(-21.7,-8.00000000000001,1.3));
#5060=CARTESIAN_POINT('',(-21.7,-3.1,1.3));
#5061=CARTESIAN_POINT('',(-17.7,-8.00000000000001,1.3));
#5062=CARTESIAN_POINT('',(-16.6,-8.00000000000001,1.3));
#5063=CARTESIAN_POINT('',(-17.7,-7.45,1.3));
#5064=CARTESIAN_POINT('',(-21.7,-11.1,1.3));
#5065=CARTESIAN_POINT('',(-21.7,-3.1,1.3));
#5066=CARTESIAN_POINT('',(-1.3,-11.1,1.3));
#5067=CARTESIAN_POINT('',(-17.25,-11.1,1.3));
#5068=CARTESIAN_POINT('',(-1.3,-9.3,1.3));
#5069=CARTESIAN_POINT('Origin',(-21.7,-8.00000000000001,1.3));
#5070=CARTESIAN_POINT('',(-17.7,-8.2,5.3));
#5071=CARTESIAN_POINT('',(-21.7,-7.95760598503741,0.45211970074813));
#5072=CARTESIAN_POINT('Origin',(-17.7,-8.7,3.3));
#5073=CARTESIAN_POINT('Origin',(-22.45,-11.85,26.));
#5074=CARTESIAN_POINT('',(-22.2680148828669,-11.6680148828669,25.5));
#5075=CARTESIAN_POINT('',(-0.731985117133102,-11.6680148828669,25.5));
#5076=CARTESIAN_POINT('',(-0.550000000000001,-11.6680148828669,25.5));
#5077=CARTESIAN_POINT('',(-22.45,-11.85,26.));
#5078=CARTESIAN_POINT('',(-21.8472916172302,-11.2472916172302,24.3440723278238));
#5079=CARTESIAN_POINT('',(-0.550000000000001,-11.85,26.));
#5080=CARTESIAN_POINT('',(-16.975,-11.85,26.));
#5081=CARTESIAN_POINT('',(-1.69676110720122,-10.7032388927988,22.8492997524559));
#5082=CARTESIAN_POINT('Origin',(-0.550000000000001,-11.85,26.));
#5083=CARTESIAN_POINT('',(-0.731985117133101,-0.452391681647314,25.5));
#5084=CARTESIAN_POINT('',(-0.731985117133101,-0.339918693812426,25.5));
#5085=CARTESIAN_POINT('',(-0.55,-0.339918693812426,26.));
#5086=CARTESIAN_POINT('',(-0.55,-9.025,26.));
#5087=CARTESIAN_POINT('',(-0.948272395409349,-0.586064570956241,24.9057555868207));
#5088=CARTESIAN_POINT('Origin',(-0.55,-0.339918693812426,26.));
#5089=CARTESIAN_POINT('',(-6.09277958951008,2.22800555454116,25.5));
#5090=CARTESIAN_POINT('',(-6.13120494953398,2.24721823455311,25.5));
#5091=CARTESIAN_POINT('',(-6.04981873097341,2.40999067167426,26.));
#5092=CARTESIAN_POINT('',(-3.7579837387625,1.26407317556881,26.));
#5093=CARTESIAN_POINT('',(-6.06973137634268,2.32563935227817,25.768246654658));
#5094=CARTESIAN_POINT('Origin',(-6.04981873097341,2.40999067167426,26.));
#5095=CARTESIAN_POINT('',(-16.90722041049,2.22800555454116,25.5));
#5096=CARTESIAN_POINT('',(-16.9501812690267,2.22800555454116,25.5));
#5097=CARTESIAN_POINT('',(-16.9501812690267,2.40999067167426,26.));
#5098=CARTESIAN_POINT('',(-8.7749093654867,2.40999067167426,26.));
#5099=CARTESIAN_POINT('',(-16.9148819343767,2.26046029053649,25.5891686543015));
#5100=CARTESIAN_POINT('Origin',(-16.9501812690267,2.40999067167426,26.));
#5101=CARTESIAN_POINT('',(-22.2680148828669,-0.45239168164733,25.5));
#5102=CARTESIAN_POINT('',(-22.3686137814394,-0.502691130933593,25.5));
#5103=CARTESIAN_POINT('',(-22.45,-0.339918693812444,26.));
#5104=CARTESIAN_POINT('',(-16.4921068957509,2.63902785831216,26.));
#5105=CARTESIAN_POINT('',(-22.2372325459159,-0.47141621213619,25.4154262243091));
#5106=CARTESIAN_POINT('Origin',(-22.45,-0.339918693812444,26.));
#5107=CARTESIAN_POINT('',(-22.2680148828669,-11.85,25.5));
#5108=CARTESIAN_POINT('',(-22.45,-3.26995934690622,26.));
#5109=CARTESIAN_POINT('Origin',(-11.5,-4.72000466416287,25.5));
#5110=CARTESIAN_POINT('',(-21.7,-0.803444185374861,25.5));
#5111=CARTESIAN_POINT('',(-21.7,-2.36000233208144,25.5));
#5112=CARTESIAN_POINT('',(-17.0231302859018,1.53499067167426,25.5));
#5113=CARTESIAN_POINT('',(-15.7626232586826,2.16524418528382,25.5));
#5114=CARTESIAN_POINT('',(-5.97686971409825,1.53499067167426,25.5));
#5115=CARTESIAN_POINT('',(-5.75,1.53499067167426,25.5));
#5116=CARTESIAN_POINT('',(-1.3,-0.803444185374863,25.5));
#5117=CARTESIAN_POINT('',(-4.23737674131737,0.665244185283824,25.5));
#5118=CARTESIAN_POINT('',(-1.3,-8.56000233208144,25.5));
#5119=CARTESIAN_POINT('',(-1.3,-11.1,25.5));
#5120=CARTESIAN_POINT('',(-1.3,-8.56000233208144,25.5));
#5121=CARTESIAN_POINT('',(-21.7,-11.1,25.5));
#5122=CARTESIAN_POINT('',(-17.25,-11.1,25.5));
#5123=CARTESIAN_POINT('',(-21.7,-2.36000233208144,25.5));
#5124=CARTESIAN_POINT('Origin',(-0.581377674149945,-1.16275534829989,26.));
#5125=CARTESIAN_POINT('',(-1.3,-0.803444185374863,16.1462605718035));
#5126=CARTESIAN_POINT('',(-5.02556208553913,1.0593368573947,23.5973847428818));
#5127=CARTESIAN_POINT('',(-1.3,-0.803444185374864,22.));
#5128=CARTESIAN_POINT('',(-1.3,-0.803444185374863,13.));
#5129=CARTESIAN_POINT('',(-1.3,-0.803444185374864,23.5));
#5130=CARTESIAN_POINT('',(-1.3,-0.803444185374863,13.));
#5131=CARTESIAN_POINT('',(-1.3,-0.803444185374863,13.));
#5132=CARTESIAN_POINT('Origin',(2.12943391766633E-16,1.73881474981107,26.3152963125472));
#5133=CARTESIAN_POINT('',(-21.7,-0.803444185374861,16.1462605718035));
#5134=CARTESIAN_POINT('',(-15.069676009699,2.51171780977565,29.4069085524056));
#5135=CARTESIAN_POINT('',(-21.7,-1.3,14.160037313303));
#5136=CARTESIAN_POINT('',(-21.7,-1.40824407371835,13.7270610184296));
#5137=CARTESIAN_POINT('',(-1.3,-1.3,14.160037313303));
#5138=CARTESIAN_POINT('',(-1.59204083889156E-16,-1.3,14.160037313303));
#5139=CARTESIAN_POINT('',(-1.3,-1.77294995607129,12.2682374890178));
#5140=CARTESIAN_POINT('Origin',(-16.4186223258501,1.83724465170011,26.));
#5141=CARTESIAN_POINT('',(-21.7,-0.803444185374861,23.5));
#5142=CARTESIAN_POINT('',(-21.7,-0.803444185374861,13.));
#5143=CARTESIAN_POINT('',(-21.7,-0.803444185374861,22.));
#5144=CARTESIAN_POINT('',(-21.7,-0.803444185374861,13.));
#5145=CARTESIAN_POINT('',(-21.7,-0.803444185374861,13.));
#5146=CARTESIAN_POINT('Origin',(-1.3,-6.40344418537486,23.5));
#5147=CARTESIAN_POINT('',(-21.7,-6.40344418537486,22.));
#5148=CARTESIAN_POINT('',(-21.7,-6.40344418537486,23.5));
#5149=CARTESIAN_POINT('',(-21.7,-6.40344418537486,11.75));
#5150=CARTESIAN_POINT('',(-1.3,-6.40344418537486,22.));
#5151=CARTESIAN_POINT('',(-1.3,-6.40344418537486,23.5));
#5152=CARTESIAN_POINT('Origin',(-1.3,-6.40344418537486,23.5));
#5153=CARTESIAN_POINT('',(-1.3,-6.40344418537486,23.5));
#5154=CARTESIAN_POINT('',(-1.3,-6.40344418537486,22.));
#5155=CARTESIAN_POINT('',(-1.3,-6.40344418537486,11.75));
#5156=CARTESIAN_POINT('',(-1.3,-6.40344418537486,23.5));
#5157=CARTESIAN_POINT('',(-1.3,-6.40344418537486,22.));
#5158=CARTESIAN_POINT('Origin',(-1.3,-0.803444185374864,23.5));
#5159=CARTESIAN_POINT('',(-21.7,-0.401722092687429,23.5));
#5160=CARTESIAN_POINT('',(-1.3,-0.803444185374864,23.5));
#5161=CARTESIAN_POINT('Origin',(-1.3,-6.40344418537486,22.));
#5162=CARTESIAN_POINT('',(-21.7,-3.20172209268743,22.));
#5163=CARTESIAN_POINT('',(-1.3,-0.803444185374864,22.));
#5164=CARTESIAN_POINT('Origin',(-1.3,-6.40344418537486,22.));
#5165=CARTESIAN_POINT('',(-1.3,-9.40172209268743,22.));
#5166=CARTESIAN_POINT('',(-1.3,-0.803444185374864,22.));
#5167=CARTESIAN_POINT('Origin',(-1.3,-0.803444185374864,22.));
#5168=CARTESIAN_POINT('Origin',(-1.3,-0.803444185374864,22.));
#5169=CARTESIAN_POINT('',(-1.3,-0.803444185374864,23.5));
#5170=CARTESIAN_POINT('Origin',(-1.3,-0.803444185374864,23.5));
#5171=CARTESIAN_POINT('',(-1.3,-6.60172209268743,23.5));
#5172=CARTESIAN_POINT('Origin',(-1.3,-12.4,0.));
#5173=CARTESIAN_POINT('',(-1.3,-1.3,0.));
#5174=CARTESIAN_POINT('',(-1.3,-11.1,0.));
#5175=CARTESIAN_POINT('Origin',(-21.7,2.65748355414976E-15,0.));
#5176=CARTESIAN_POINT('',(-21.7,-11.1,0.));
#5177=CARTESIAN_POINT('',(-21.7,-1.3,0.));
#5178=CARTESIAN_POINT('Origin',(-20.,-1.3,1.3));
#5179=CARTESIAN_POINT('',(-20.4731613045461,-0.826838695453934,0.));
#5180=CARTESIAN_POINT('',(-20.4731613045461,-6.77316130454606,0.));
#5181=CARTESIAN_POINT('',(-20.4731613045461,-3.75,-2.77555756156289E-16));
#5182=CARTESIAN_POINT('',(-19.109820145095,-2.19017985490505,3.74574905060502));
#5183=CARTESIAN_POINT('',(-19.7381823956162,-6.03818239561616,2.0193379560603));
#5184=CARTESIAN_POINT('Origin',(-20.,-6.3,1.3));
#5185=CARTESIAN_POINT('',(-2.52683869545394,-6.77316130454606,0.));
#5186=CARTESIAN_POINT('',(-15.75,-6.77316130454606,-1.38777878078145E-16));
#5187=CARTESIAN_POINT('',(-3.89017985490506,-5.40982014509495,3.74574905060503));
#5188=CARTESIAN_POINT('Origin',(-3.,-6.3,1.3));
#5189=CARTESIAN_POINT('',(-2.52683869545394,-0.826838695453937,0.));
#5190=CARTESIAN_POINT('',(-2.52683869545394,-6.25,0.));
#5191=CARTESIAN_POINT('',(-3.26181760438384,-1.56181760438384,2.0193379560603));
#5192=CARTESIAN_POINT('Origin',(-3.,-1.3,1.3));
#5193=CARTESIAN_POINT('',(-7.25,-0.826838695453936,0.));
#5194=CARTESIAN_POINT('',(-5.75,-1.3,1.3));
#5195=CARTESIAN_POINT('Origin',(-23.,-11.1,0.));
#5196=CARTESIAN_POINT('Origin',(-1.59204083889156E-16,-1.3,0.));
#5197=CARTESIAN_POINT('Origin',(0.,0.,26.));
#5198=CARTESIAN_POINT('',(-6.,3.,26.));
#5199=CARTESIAN_POINT('',(-4.71428571428571,2.35714285714286,23.4285714285714));
#5200=CARTESIAN_POINT('',(-3.36,1.68,26.));
#5201=CARTESIAN_POINT('Origin',(-17.,3.,26.));
#5202=CARTESIAN_POINT('',(-17.,3.,26.));
#5203=CARTESIAN_POINT('',(-15.3809523809524,3.80952380952381,29.2380952380952));
#5204=CARTESIAN_POINT('',(-16.64,3.18,26.));
#5205=CARTESIAN_POINT('Origin',(-11.5,-6.2,26.));
#5206=CARTESIAN_POINT('',(-23.,-12.4,26.));
#5207=CARTESIAN_POINT('',(3.67394039744206E-16,3.,26.));
#5208=CARTESIAN_POINT('Origin',(3.67394039744206E-16,3.,26.));
#5209=CARTESIAN_POINT('Origin',(-23.,-12.4,0.));
#5210=CARTESIAN_POINT('',(-23.,-12.4,0.));
#5211=CARTESIAN_POINT('Origin',(-11.5,-6.2,0.));
#5212=UNCERTAINTY_MEASURE_WITH_UNIT(LENGTH_MEASURE(0.01),#5216,
'DISTANCE_ACCURACY_VALUE',
'Maximum model space distance between geometric entities at asserted c
onnectivities');
#5213=UNCERTAINTY_MEASURE_WITH_UNIT(LENGTH_MEASURE(0.01),#5216,
'DISTANCE_ACCURACY_VALUE',
'Maximum model space distance between geometric entities at asserted c
onnectivities');
#5214=(
GEOMETRIC_REPRESENTATION_CONTEXT(3)
GLOBAL_UNCERTAINTY_ASSIGNED_CONTEXT((#5212))
GLOBAL_UNIT_ASSIGNED_CONTEXT((#5216,#5218,#5219))
REPRESENTATION_CONTEXT('','3D')
);
#5215=(
GEOMETRIC_REPRESENTATION_CONTEXT(3)
GLOBAL_UNCERTAINTY_ASSIGNED_CONTEXT((#5213))
GLOBAL_UNIT_ASSIGNED_CONTEXT((#5216,#5218,#5219))
REPRESENTATION_CONTEXT('','3D')
);
#5216=(
LENGTH_UNIT()
NAMED_UNIT(*)
SI_UNIT(.MILLI.,.METRE.)
);
#5217=(
LENGTH_UNIT()
NAMED_UNIT(*)
SI_UNIT($,.METRE.)
);
#5218=(
NAMED_UNIT(*)
PLANE_ANGLE_UNIT()
SI_UNIT($,.RADIAN.)
);
#5219=(
NAMED_UNIT(*)
SI_UNIT($,.STERADIAN.)
SOLID_ANGLE_UNIT()
);
#5220=SHAPE_DEFINITION_REPRESENTATION(#5221,#5222);
#5221=PRODUCT_DEFINITION_SHAPE('',$,#5224);
#5222=SHAPE_REPRESENTATION('',(#2852),#5214);
#5223=PRODUCT_DEFINITION_CONTEXT('part definition',#5228,'design');
#5224=PRODUCT_DEFINITION('2025-04-27-14-32-50-254','(Unsaved)',#5225,#5223);
#5225=PRODUCT_DEFINITION_FORMATION('',$,#5230);
#5226=PRODUCT_RELATED_PRODUCT_CATEGORY('(Unsaved)','(Unsaved)',(#5230));
#5227=APPLICATION_PROTOCOL_DEFINITION('international standard',
'automotive_design',2009,#5228);
#5228=APPLICATION_CONTEXT(
'Core Data for Automotive Mechanical Design Process');
#5229=PRODUCT_CONTEXT('part definition',#5228,'mechanical');
#5230=PRODUCT('2025-04-27-14-32-50-254','(Unsaved)',$,(#5229));
#5231=PRESENTATION_STYLE_ASSIGNMENT((#5233));
#5232=PRESENTATION_STYLE_ASSIGNMENT((#5234));
#5233=SURFACE_STYLE_USAGE(.BOTH.,#5235);
#5234=SURFACE_STYLE_USAGE(.BOTH.,#5236);
#5235=SURFACE_SIDE_STYLE('',(#5237));
#5236=SURFACE_SIDE_STYLE('',(#5238));
#5237=SURFACE_STYLE_FILL_AREA(#5239);
#5238=SURFACE_STYLE_FILL_AREA(#5240);
#5239=FILL_AREA_STYLE('Steel - Satin',(#5241));
#5240=FILL_AREA_STYLE('Opaque(160,160,160)',(#5242));
#5241=FILL_AREA_STYLE_COLOUR('Steel - Satin',#5243);
#5242=FILL_AREA_STYLE_COLOUR('Opaque(160,160,160)',#5244);
#5243=COLOUR_RGB('Steel - Satin',0.627450980392157,0.627450980392157,0.627450980392157);
#5244=COLOUR_RGB('Opaque(160,160,160)',0.627450980392157,0.627450980392157,
0.627450980392157);
ENDSEC;
END-ISO-10303-21;
