:020000040800F2
:1000000000090020B1010008952300084D230008D5
:10001000752300084D2300086D230008B301000874
:10002000B3010008B3010008B3010008413400081F
:10003000B3010008B3010008B3010008B3010008D0
:10004000B3010008B3010008B3010008B3010008C0
:10005000B3010008B301000899410008C14100083C
:10006000E94100081142000839420008B3010008C4
:10007000B3010008B3010008B3010008B301000890
:10008000B3010008B3010008B30100080123000810
:100090002D2300083D230008B30100086142000839
:1000A000B3010008B3010008B3010008B301000860
:1000B00035430008B3010008B3010008B30100088C
:1000C000B3010008B3010008B3010008B301000840
:1000D000B3010008B3010008B3010008B301000830
:1000E000C5420008B3010008B3010008B3010008CD
:1000F000B3010008B3010008B3010008B301000810
:10010000B3010008B3010008B3010008B3010008FF
:10011000B3010008B3010008B3010008B3010008EF
:10012000B3010008B3010008B3010008B3010008DF
:10013000B3010008B3010008B3010008B3010008CF
:10014000B3010008B3010008B3010008B3010008BF
:10015000B3010008B3010008B3010008B3010008AF
:10016000B3010008B3010008B3010008B30100089F
:10017000B3010008B3010008B3010008B30100088F
:10018000B3010008B3010008B3010008B30100087F
:10019000B3010008B3010008B3010008B30100086F
:1001A000010F000800000000000000000000000037
:1001B00002E000F000F8FEE772B6374880F30888E6
:1001C000364880F3098836483649086040F2000016
:1001D000CCF200004EF63471CEF200010860BFF39D
:1001E0004F8FBFF36F8F40F20000C0F2F0004EF669
:1001F0008851CEF200010860BFF34F8FBFF36F8FBD
:100200004FF00000E1EE100A4EF63C71CEF2000114
:100210000860062080F31488BFF36F8F03F0D8FDC9
:1002200003F05AFE4FF055301F491B4A91423CBF24
:1002300041F8040BFAE71D49184A91423CBF41F8C6
:10024000040BFAE71A491B4A1B4B9A423EBF51F86E
:10025000040B42F8040BF8E700201849184A9142B1
:100260003CBF41F8040BFAE703F0B6FD03F086FE4D
:10027000144C154DAC4203DA54F8041B8847F9E7D7
:1002800000F042F8114C124DAC4203DA54F8041B52
:100290008847F9E703F09EBD000900200011002007
:1002A0000000000808ED00E0000100200009002027
:1002B00040450008001100207C1100208011002022
:1002C000043B0020A0010008A4010008A4010008CC
:1002D000A40100082DE9F04F2DED108AC1F80CD0D3
:1002E000C3689D46BDEC108ABDE8F08F002383F300
:1002F00011882846A047002003F012FAFEE703F019
:100300009BF900DFFEE70000F8B500F00BFE03F0FC
:1003100001FD074603F052FD0646C0BB274B9F4236
:1003200035D001339F4235D0254B27F0FF029A424A
:1003300033D1F8B200F03AFC354642F2107400F0C6
:100340003BFC08B10024254601F0E2F848B3032045
:1003500000F03AF80024254636B11A4B9F4203D0EC
:1003600003F024FD00242546002003F0DDFC0DB140
:1003700000F040F800F054FC02F014F80546ACB967
:1003800000F096FC4FF47A7003F0D0F9F7E73546A9
:100390000024D4E704460125D1E705464FF47A74DA
:1003A000CDE7B4F57A7F08BF0125D5E701F0FAFF64
:1003B000431BA342E4D900F01DF8DDE7010007B0BC
:1003C000000008B0263A09B0084B187003280CD872
:1003D000DFE800F008050208022000F001BE02205C
:1003E00000F0F4BD024B00225A60704780110020DB
:1003F0008411002010B501F08BF830B1234B03229B
:100400001A70234B00225A6010BD224B224A1C4610
:1004100019680131F8D004339342F9D16268A242DD
:10042000F2D31E4B9B6803F1006303F520439A420D
:10043000EAD203F08DFC03F09FFC002000F08CFD5D
:100440000220FFF7C1FF164B9A6D00229A65996F43
:100450009A67996FD96DDA65D96FDA67D96F196EB6
:100460001A66D3F88010C3F88020D3F8803072B6B3
:100470004FF0E0233021C3F8084DD4E9003281F376
:1004800011889D4683F308881047BDE7801100203E
:100490008411002000A0000820A000080011002006
:1004A00000100240094A136849F2690099B21B0C16
:1004B00000FB01331360064B186844F2506182B2AE
:1004C000000C01FB0200186080B27047141100207C
:1004D0001011002010B500211022044600F09AFDF2
:1004E000034B03CB206061601868A06010BD00BFA3
:1004F0009075FF1FF0B5ADF5517D6EAC4FF4C47231
:1005000007460D462046002100F084FD01F04AFF19
:10051000264B4FF47A72B0FBF2F0186093E80700B4
:10052000022384E807000DF5ED702382FFF7D2FF68
:100530004FF611031E49238406A803F097FF2323D7
:1005400084F832310DF2EB2206AB0DF1380C1E4669
:1005500003CE664510605160334602F10802F6D1C1
:100560003188B37893700FAE118020463146012256
:1005700000F09CFD00230393AB7E029305F1190369
:10058000019380B20123CDE904600093E97E05A3C5
:10059000D3E90023384602F023FB0DF5517DF0BD71
:1005A000AFF300809E6AC421818A46EE8C11002040
:1005B0007C4400082DE9F0412C4C237ADAB08046C7
:1005C0000D465BBB27A9284600F096FE074600288B
:1005D00042D19DF89D60C82E3ED801464FF4A662D8
:1005E000204600F017FD4FF48073C4F8F8314FF443
:1005F0000073C4F80C334FF44073C4F8203432460F
:100600000DF19E0104F1090000F0F2FC26449DF872
:100610009C30777223720BB9EB7E2372812200210A
:1006200006AC27A800F0F6FC0122214627A800F01E
:10063000A9FE00230393AB7E029305F1190380B258
:1006400001932823CDE904400093E97E05A3D3E973
:100650000023404602F0C4FA5AB0BDE8F08100BF62
:10066000AFF3008026417272DF25D7B7D421002076
:10067000F0B5254E4FF48A7505FB0065F1B096F88C
:10068000D83085F8DC300024D822214685F8E840AF
:100690003AA800F0BFFC06F1090000F0B3FCD5F861
:1006A000E4308DF8F000C2B206AF06F109010DF199
:1006B000F100CDE93A3400F09BFC394601223AA81A
:1006C00000F096FE80B2CDE9047008230127CDE941
:1006D000023706F1D803019330230093317A0B4897
:1006E00007A3D3E9002302F07BFAA04206DD01F064
:1006F00059FEC5F8E000384671B0F0BD2046FBE772
:1007000078F6339F93CACD8DD4210020A4210020F8
:100710002DE9F0411D4D1E4E1E4F86B0284602F0B9
:100720008BFA034658B30024CDE90344ADF81440D6
:10073000027B8DF8142099684068029403AA03C2D2
:100740001B68DFF8548043F00043029301F02CFE55
:10075000821941F10003009402A9384601F0C0F863
:10076000A04205DD284602F06BFA88F80040D5E784
:1007700098F80030072B05D8013388F8003006B010
:10078000BDE8F081014802F05BFAF8E7A4210020FF
:1007900040420F00102700200927002070B50D46A9
:1007A00014461E4602F078F950B9022E10D1012CE1
:1007B0000ED112A3D3E90023C5E90023012007E0ED
:1007C000282C10D005D8012C09D0052C0FD00020E2
:1007D00070BD302CFBD10BA3D3E90023ECE70BA3B6
:1007E000D3E90023E8E70BA3D3E90023E4E70BA355
:1007F000D3E90023E0E700BFAFF30080401DA12054
:1008000026812A0B78F6339F93CACD8D9E6AC42128
:10081000818A46EE26417272DF25D7B7F017304A3B
:1008200039059E5638B505460E4C0021013500F0BD
:10083000B5FBA4F82C55B4F82C0500F097FB78B163
:10084000B4F82C0500F0A2FB014648B9B4F82C0519
:1008500000F0A4FBB4F82C350133A4F82C35EAE7FA
:1008600038BD00BFD421002010B50A4B0A4A1A60D7
:1008700003F5805393F870203AB9DC6E2CB1204612
:1008800000F0C4FE204601F001F8BDE81040034826
:1008900000F0BCBE10270020DC44000868370020B0
:1008A0002DE9F04F8FB000AF05460C4602F0F4F88A
:1008B00000284BD1237E022B1BD1E38A012B18D1B8
:1008C00001F070FD0646FFF7EDFD03464FF4C870DA
:1008D000DFF8D482B3FBF0F206F5167602FB103394
:1008E00016FA83F3C8F80030E37E33B9A74B002231
:1008F0001A703C37BD46BDE8F08F07F12401204651
:1009000000F0AEFC0028F4D107F11400FFF7E2FD7F
:1009100097F8264007F11401224607F1270003F05B
:1009200073FD0028E2D10F2C08D8984B1C70D8F822
:100930000030A3F51673C8F80030DAE797F82410F2
:100940000029D6D0284602F09FF8D2E7E38A282B68
:1009500033D010D8012B2BD0052BCAD1BFF34F8F2A
:100960008B498C4BCA6802F4E0621343CB60BFF33F
:100970004F8F00BFFDE7302BBBD1874EE17E327A2F
:100980009142B6D1607E3146002291F8DC5085421A
:1009900000F0AD800132042A01F58A71F5D1326888
:1009A00040F6B831FA328A4294BF32603160A0E733
:1009B00021462846FFF79EFD9BE721462846FFF784
:1009C000F9FD96E7B2F8EC507B6005F103094FEAB8
:1009D00099094FEA8902D11DC908A8EBC1039D46B8
:1009E000EB460021584600F015FB04F1EE012A46C3
:1009F0003144584600F0FCFA7B6813B9012000F03E
:100A0000ABFA96F8D20000F0B1FA044630B9307271
:100A100000F0CCFA204600F09FFAB0E0D6F8D420DF
:100A20003AB996F8D200B6F82C25824201D8FFF7E1
:100A3000F9FED6F8D4202A44944208D296F8D2007F
:100A4000B6F82C250130824201D8FFF7EBFE706822
:100A50005FFA89F2594600F0E5FA08B9C54679E02F
:100A6000726896F8D2002A447260D6F8D42005EB5A
:100A70000209C6F8D49000F079FA814509D396F8B6
:100A8000D220D6F8D4000132001B86F8D220C6F856
:100A9000D400FF2D0FD80024347200F087FA2046CE
:100AA00000F05AFA00F034FD3C4B188108B9FFF70A
:100AB000A1FCC5461DE7BB6896F8D9000AFB036296
:100AC000FB68D2F8E41082F8E83001F58061C2F8E2
:100AD000E030C2F8E410FFF7CBFDFFF719FE96F8FF
:100AE000D920013202F0030286F8D920B6E74FF48C
:100AF0008A7A0AFB02F505F1EA013144204600F04A
:100B0000ABFCF86000287FF4F4AE3544012285F890
:100B1000E82001F047FCD5F8E020D6ED007ADFEDC3
:100B2000206A801A192838BF192040F6B83290423E
:100B300028BF1046B8EE677A07EE900AF8EEE77A1B
:100B400067EEA67ADFED176AE7EE267AFCEEE77A23
:100B5000C6ED007A96F8D9307168BB600AFB03F4E1
:100B6000321992F8E8505DB1D2F8E4308B42E84691
:100B70003FF428AF002182F8E810C2F8E010C54623
:100B80007368064A9B0A01331381B2E69D21002057
:100B900000ED00E00400FA05D42100208C110020B3
:100BA000CDCCCC3D6666663FA0210020014B18707D
:100BB000704700BF9811002038B54FF00054144B17
:100BC00022689A4221D1607DF0B1124B124918700F
:100BD0001248237D03724FF48073C0F8F8314FF44C
:100BE0000073C0F80C3300254FF44073C0F8203474
:100BF000C0F8E450C922093000F0FAF9E022294691
:100C0000204600F007FA012038BD0020FCE700BFB5
:100C10009AAD44C59811002016000020D421002070
:100C200037B500F075FC194D1949288102230122BE
:100C300018486B7101F050FA00230193164B1749C5
:100C400000931748174B4FF4805201F0F5FE164BF6
:100C5000197811B1124801F017FF01F0A3FB044607
:100C6000FFF720FC4FF4C873B0FBF3F202FB130351
:100C700004F5167010FA83F00C4B186003F09EF820
:100C800008B10F232B8103B030BD00BF8C110020B1
:100C900040420F00102700209D0700089C110020F3
:100CA000A4210020A108000898110020A021002004
:100CB0002DE9F04F2DED028B0FF23829D9E900898B
:100CC000834C93B00BAE9FED7E8BFFF721FD814FE0
:100CD000DFF828A200230A93ADF834300B93736039
:100CE0004FF0000B5B468DED008B01250DF11D02D1
:100CF00007A938468DF81C508DF81DB001F09AF9FF
:100D00009DF81C30002B40F0A580204601F0C4FE69
:100D10000646002845D1704F01F044FB3B689842DD
:100D20003FD301F03FFB8246FFF7BCFB4FF4C87393
:100D3000B0FBF3F202FB13030AF5167010FA83F00E
:100D40003860664F97F800B0CBF1100ABBF1000F86
:100D500014BF33462B465FFA8AFA0EA88DF8283066
:100D6000FFF7B8FBBAF1060F28BF4FF0060A0EAB2B
:100D700003EB0B0152460DF1290000F039F90AABE3
:100D80000393182302930AF10102554BD2B2CDE925
:100D90000053049220464CA3D3E9002301F0C2FE85
:100DA0003E7001F0FFFA4F4A4F4D1368C31AB3F576
:100DB0007A7F2ED3106001F0F7FA02460B462046E8
:100DC00001F048FF204601F067FE10B32B7A474E32
:100DD000002B14BF03230223737101F0E3FA0EAF5B
:100DE0004FF47A730122B0FBF3F03946306030469D
:100DF00000F00EFA182302933D4B019380B240F2AB
:100E00005513CDE90370009342464B46204601F04E
:100E100089FE2B7A93B101F0C5FA002607464FF4FC
:100E20008A7A95F8D900304400F003000AFB005399
:100E300093F8E82092B30136042EF2D1C82002F0D4
:100E400075FC2B7A002B7FF43DAF13B0BDEC028B09
:100E5000BDE8F08FDAF8143083F00803CAF81430D4
:100E6000594610220EA800F0D5F80DF11E0308AA6D
:100E70000AA9384600F03AFE96E803000FAB83E873
:100E800003009DF834308DF844300A9B0E930EA970
:100E9000DDE90823204602F0B1F821E7D3F8E0208D
:100EA00042B12B68FA2B38BFFA23BA1A0533B2EBDA
:100EB000430FC0D3FFF7DCFB0028BCD1BEE700BF67
:100EC0000000000000000000401DA12026812A0B28
:100ED000A421002010270020A02100209D21002017
:100EE0009C21002004270020D42100208C11002008
:100EF00008270020F1C6A7C1D068080F00040048E9
:100F000008B5054800F090FEBDE80840034A0449D2
:100F1000002003F055BA00BF102700203038002011
:100F20006908000870B502F09DFD094E094D30803A
:100F3000002428683388834208D902F08FFD2B688B
:100F400004440133B4F5204F2B60F2D370BD00BFD1
:100F500024380020F837002002F036BE00F100608F
:100F6000920000F5204002F0B9BD0000054B1A6860
:100F7000054B1B889B1A834202D9104402F06EBDB8
:100F800000207047F837002024380020024B1B68EF
:100F9000184402F069BD00BFF8370020024B1B68FF
:100FA000184402F073BD00BFF8370020064991F8DD
:100FB000243033B10023086A81F824300822FFF777
:100FC000CDBF0120704700BFFC370020022802BFC0
:100FD000024B4FF400229A61704700BF00040048A2
:100FE000022802BF014B08229A61704700040048A2
:100FF00010B50023934203D0CC5CC4540133F9E70D
:1010000010BD000003460246D01A12F9011B002948
:10101000FAD1704702440346934202D003F8011B01
:10102000FAE770472DE9F8431F4D144695F8242040
:101030000746884652BBDFF870909CB395F8243081
:101040002BB92022FF2148462F62FFF7E3FF95F8D6
:101050002400C0F10802A24228BF2246D6B241466F
:10106000920005EB8000FFF7C3FF95F82430A41B26
:101070001E44F6B2082E17449044E4B285F824606A
:10108000DBD1FFF793FF0028D7D108E02B6A03EBF1
:1010900082038342CFD0FFF789FF0028CBD1002005
:1010A000BDE8F8830120FBE7FC3700202DE9F3477A
:1010B0000D46044600219046284640F27912FFF77B
:1010C000A9FF234620220021284601F039FF231DD5
:1010D00002222021284601F033FF631D0322222132
:1010E000284601F02DFFA31D03222521284601F0EB
:1010F00027FF04F1080310222821284601F020FFD1
:1011000004F1100308223821284601F019FF04F1E8
:10111000110308224021284601F012FF04F11203B6
:1011200008224821284601F00BFF04F11403202275
:101130005021284601F004FF04F1180340227021D9
:10114000284601F0FDFE04F120030822B0212846C4
:1011500001F0F6FE04F121030822B821284601F02F
:10116000EFFE04F12207C0263B46314608222846FE
:10117000083601F0E5FEB6F5A07F07F10107F3D1CF
:1011800094F832308DF8073031460DF1070308220C
:10119000284601F0D5FE002604F1330A9DF80730F9
:1011A0004FEAC6099E4209F5A47720D394F832315C
:1011B000502B28BF50238DF80730B8F1000F08D10D
:1011C00039460DF107030722284601F0B9FE09F25E
:1011D0004F17002604F233149DF807309E4207EBA8
:1011E000C6010DD30731C80802B0BDE8F0870AEB8D
:1011F000060308223946284601F0A2FE0136CDE753
:10120000A3190822284601F09BFE0136E4E70000FE
:1012100013B504460846002101602346C0F80310B8
:101220002022019001F08CFE0198231D0222202132
:1012300001F086FE0198631D0322222101F080FE49
:101240000198A31D0322252101F07AFE019804F1E3
:1012500008031022282101F073FE072002B010BD00
:10126000F7B5047F05460E462CB1838A122B02D9AE
:10127000012003B0F0BD002319460722009628463E
:1012800001F022FD731C0093012200230721284650
:1012900001F01AFDD4B9B31C00930522234608219E
:1012A000284601F011FD0D24B378102BE0D8374605
:1012B000B278BB1B934210D32B7FA88A0734E40873
:1012C000B3B9844294BF00200120D2E7AB8ADB008F
:1012D000083BDB08B3700824E6E7FB1C00932146BB
:1012E00000230822284601F0EFFC08340137DFE72D
:1012F000201A18BF0120BCE7F7B5047F05460E464B
:101300002CB1838ACA2B02D9012003B0F0BD00237F
:10131000194600960822284601F0D6FC731CD4B961
:101320000822009311462346284601F0CDFC1024E4
:101330007378C82BE8D8012372785F1C013B934275
:1013400010D32B7FA88A0734E408B3B9844294BF32
:1013500000200120D9E7AB8ADB00083BDB08737073
:101360000824E5E7F31900932146002308222846C4
:1013700001F0AAFC08343B46DEE7201A18BF012022
:10138000C3E70000F7B50D4604460021164628467F
:101390008122FFF73FFE234608220021284601F064
:1013A000CFFD94F901206378002AB8BF7F238DF820
:1013B00007309EB90DF1070307220821284601F0E6
:1013C000BFFD0F27002602349DF807309E4207EB31
:1013D000C60105D30731C80803B0F0BD0827F1E7FF
:1013E000A3190822284601F0ABFD0136ECE7000006
:1013F000F7B50E460546002114463046CE22FFF7CB
:1014000009FE2B4628220021304601F099FD2B7A57
:10141000C82B28BFC8238DF807308CB90DF10703FE
:1014200008222821304601F08BFD30242F469DF8FC
:1014300007207B1B934205D3E01DC00803B0F0BD1D
:101440002824F3E707F1090321460822304601F07A
:1014500077FD08340137EAE7F7B5047F05460E4605
:1014600034B1838AB3F5827F02D9012003B0F0BD85
:101470000096012310220021284601F025FCDCB94A
:10148000B31C0093092223461021284601F01CFCBE
:1014900019247388B3F5807FE7D837467288BB1B61
:1014A000934210D32B7FA88A0734E408B3B984424F
:1014B00094BF00200120D9E7AB8ADB00103BDB089A
:1014C00073801024E5E73B1D00932146002308228A
:1014D000284601F0F9FB08340137DFE7201A18BF6E
:1014E0000120C3E730B5094D0A4491420DD011F8EF
:1014F000013B5840082340F30004013B2C4013F00B
:10150000FF0384EA5000F6D1EFE730BD2083B8ED49
:10151000F7B5384A106851686B4603C36A463649C6
:101520003648082302F080FF0446002833D10A25FC
:10153000334A106851686B4603C36A4631492F48E5
:10154000082302F071FF0446002849D00369B3F56F
:10155000583F45D8B0F8661041F2F81291423FD199
:10156000294A024402F15C018B4239D35C3B234996
:1015700000209E1AFFF7B6FF3246074604F16401C9
:101580000020FFF7AFFFA3689F4229D1E36898428C
:1015900008BF002524E00369B3F5583F27D8418BE5
:1015A00041F2F812914220D1174A024402F110018F
:1015B0008B4218D3103B114900209D1AFFF792FF70
:1015C0002A46064604F118010020FFF78BFFA368A6
:1015D0009E4202D1E368984201D00D25A8E700257C
:1015E000284603B0F0BD1025A2E70C25A0E70B2587
:1015F0009EE700BFA0440008DC5F030000A00008D5
:10160000A9440008905F03000860FFF710B5037C51
:10161000044613B9006802F0EFFE204610BD00003A
:101620000023BFF35B8FC360BFF35B8FBFF35B8FA0
:101630008360BFF35B8F7047BFF35B8F0068BFF3BE
:101640005B8F704770B505460C30FFF7F5FF05F16D
:10165000080604463046FFF7EFFFA04206D93046A1
:101660006D68FFF7E9FF2544281A70BD3046FFF783
:10167000E3FF201AF9E7000070B50546406898B10D
:1016800005F10800FFF7D8FF05F10C0604463046C7
:10169000FFF7D2FF8442304694BF6D680025FFF704
:1016A000CBFF013C2C44201A70BD000038B50C461D
:1016B0000546FFF7C7FFA04210D305F10800FFF76A
:1016C000BBFF04446868B4FBF0F100FB1144BFF3B6
:1016D0005B8F0120AC60BFF35B8F38BD0020FCE75F
:1016E0002DE9F041144607460D46FFF7C5FF844239
:1016F00028BF0446D4B1B84658F80C6B4046FFF7F3
:101700009BFF3044286040467E68FFF795FF331A00
:101710009C4203D86C600120BDE8F0816B60A41B83
:101720003B68AB602044E8600220F5E72046F3E721
:1017300038B50C460546FFF79FFFA04210D305F1D0
:101740000C00FFF779FF04446868B4FBF0F100FB7C
:101750001144BFF35B8F0120EC60BFF35B8F38BD9A
:101760000020FCE72DE9FF41884669460746FFF760
:10177000B7FF6C4606B204EBC6060025B44209D09A
:101780006268206808EB0501FFF732FC63680834E3
:101790001D44F3E729463846FFF7CAFF284604B040
:1017A000BDE8F081F8B505460C300F46FFF744FF61
:1017B00005F1080604463046FFF73EFFA0423046DA
:1017C00088BF6C68FFF738FF201A386020B13046B8
:1017D0002C68FFF731FF2044F8BD000073B51446B4
:1017E00006460D46FFF72EFF844228BF04460190AF
:1017F000DCB101A93046FFF7D5FF019B33B9326850
:10180000C5E90233C5E9002401200CE09C4238BF41
:1018100001942860019868608442F5D93368AB6010
:10182000241AEC60022002B070BD2046FBE70000E5
:101830002DE9FF410F466946FFF7D0FF6C4600B225
:1018400004EBC0050026AC4209D0D4F8048054F85B
:10185000081BB8194246FFF7CBFB4644F3E7304676
:1018600004B0BDE8F081000038B50546FFF7E0FFA1
:10187000044601462846FFF719FF204638BD000000
:101880000121884238BF084602F0A0BD08B102F02D
:10189000B3BD704710B4026854681A4623465DF819
:1018A000044B184700207047002070477047000025
:1018B000002070470E20704700F5805090F8D80047
:1018C000C0F340007047000000F5805090F9E00040
:1018D0007047000000F58050C0F8DC100120704710
:1018E000F7B50C68BDF8207014F0005473D10D7B6F
:1018F000082D70D8302585F31188456AAE687601C9
:101900000CD4AC68240108D4AC6814F0805460D1C5
:1019100084F31188204603B0F0BD01240E6804F161
:10192000180C002EB8BFF6004FEA0C1CB4BF46F0EE
:101930000406760545F80C600E680FFA84FC16F074
:10194000804F18BF05EB0C1E05EB0C1C1EBFDEF80C
:10195000806146F00206CEF880610E7BCCF884618F
:1019600005EB04158E68C5F88C614E68C5F8886172
:10197000DCF8805145F00105CCF8805141F2780542
:1019800000EB441C660105EB4414AC440444CCE970
:1019900000230D46083401F10C0C55F804EB44F813
:1019A00004EB6545F9D12D882580841904F5805410
:1019B00007F0030594F8946026F00B06354384F88D
:1019C0009450002484F31188009700F03BFD01201F
:1019D000A1E70224A2E74FF0FF309CE713B500F522
:1019E00080540191E06EFFF747FE1F280AD9019944
:1019F000E06E2022FFF7B6FEA0F1200358425841C6
:101A000002B010BD0020FBE708B5302383F3118836
:101A100000F58050C06EFFF703FE002383F31188AA
:101A200008BD00000022026082814260826070472F
:101A300010B500220023C0E90023002304460381DF
:101A40000C30FFF7EFFF204610BD0000F0B5054653
:101A500000F580500C4690F8D83013F0040FC3F313
:101A6000800108BF114661F3820380F8D83005EB8E
:101A7000441303F58453103389B01B79D8074FEA18
:101A800044162FD582B319072ED46846FFF7D0FF2E
:101A900005EB441303F5845303AA03F10807186800
:101AA0005968144603C40833BB422246F7D118686C
:101AB00020609B88A380DDE90E23CDE9002301236C
:101AC000ADF808302B6869461B6C284698473544AA
:101AD00005F5845510352B791A075CBF43F00803D0
:101AE0002B7101E0002AF2D109B0F0BD2DE9F047D9
:101AF0009A4688B0074688469146302383F311887A
:101B000007F580546846FFF793FFE06EFFF79AFDF4
:101B10001F282AD9E06E20226946FFF7A5FE20285B
:101B200023D103AD444605AB2E4603CE9E42206032
:101B30006160354604F10804F6D130682060B3884E
:101B4000A380DDE90023C9E90023BDF80830AAF825
:101B50000030002383F3118853464A4641463846F5
:101B600008B0BDE8F04700F02BBC002080F31188DE
:101B700008B0BDE8F08700002DE9F84F18220446B0
:101B80000F4604300021FFF745FA2046234B40F86A
:101B9000283BFFF747FF04F13800FFF749FF04F146
:101BA000580804F582554646183530462036FFF76A
:101BB0003FFFAE42F9D104F580554FF480534FF00A
:101BC0000009C5E91739C5F858800123EE6604F508
:101BD000875804F58456C5F8649085F8683085F810
:101BE0007030183608F118084FF0000A4FF0000B5B
:101BF00046E908ABA6F11800FFF714FF203646F8B7
:101C0000289C4645F4D185F8E07017B1044800F0EF
:101C1000C3FB044B63622046BDE8F88FDC44000838
:101C2000B44400080064004010B5044B1978044621
:101C30004A1C1A70FFF7A0FF204610BD2C38002068
:101C40002DE9F047002950D0294B2A4FB7FBF1F579
:101C500099428CBF0A231123581EB5FBF3FC03FBEA
:101C60001C53C4B22BB102280346F5D80020BDE8AE
:101C7000F0870CF1FF36B6F5806FF7D2C4EBC40ED7
:101C80000EF103034FEAE309C3F3C703A4EB030810
:101C900009F1010A4FF47A755FFA88F009FB0555DE
:101CA0005AFA88F8B5FBF8F5B5F5617FC1BF0EF1BA
:101CB000FF33C3F3C703E01AC0B25C1C50FA84F4CC
:101CC0000CFB04F4B7FBF4F4A142CFD1013BDBB22F
:101CD0000F2BCBD80138C0B20728C7D8002110710C
:101CE00016809170D3700120C1E70846BFE700BF9E
:101CF0003F420F0000B4C40470B505460E464FF4D1
:101D00007A746B6A5B6803F00103B34207D04FF447
:101D10007A7001F00BFD013CF3D1204670BD01202B
:101D2000FCE7000070B5426A936913F0700F17D09A
:101D300000230C4D936141F2900400EB43122244C6
:101D400011794E0709D5890707D5416A55F82360EF
:101D50008E60117941F0040111710133032BECD134
:101D600070BD00BFC844000873B51D46436A1646DF
:101D70009A68D207044609D59A6801219960C2F38E
:101D80004002CDE900650021FFF760FE636A9A68B2
:101D9000D1050BD59A684FF480719960C2F3402247
:101DA000CDE9006501212046FFF750FE636A9A687D
:101DB000D2030BD59A684FF480319960C2F3404248
:101DC000CDE9006502212046FFF740FE04F580536F
:101DD000D3F8DC0010B103681B699847204602B0B5
:101DE000BDE87040FFF79EBFF8B50446466A00297B
:101DF00077D106F10C073868800775D006EB01151E
:101E00003868D5F8B00110F0040FD5F8B0011ABF4A
:101E1000C00840F00040400DA062D5F8B0C11CF0F1
:101E2000020F1CBF40F08040A062D5F8B40106EB61
:101E3000011100F00F0084F83400D1F8B80184F8E3
:101E40002C00D1F8B801000A84F82D00D1F8B801AF
:101E5000000C84F82E00D1F8B801000E84F82F0091
:101E6000D1F8BC0184F83000D1F8BC01000A84F834
:101E70003100D1F8BC01000C84F83200D1F8BC115B
:101E8000090E84F833103821396004F1440004F15C
:101E9000280104F1340551F8046B40F8046BA942A1
:101EA000F9D109880180C4E90E2321460023A4F852
:101EB000403051F8383B20461B6C984704F580535E
:101EC00093F8D820D3F8DC0042F0040283F8D8203D
:101ED00010B103681B6998472046BDE8F840FFF73A
:101EE00021BF06F1100786E7F8BD000010B50446D3
:101EF00000F05AFA02460B4652EA030102D0013AB8
:101F000063F100030449086820B12146BDE8104090
:101F1000FFF76ABF10BD00BF28380020F0B53021A0
:101F200081F31188DFF848E000F58351183100246F
:101F300041F2900C00EB441565442E7977070ED4DE
:101F4000F6060CD5D1E9007697429E4107D2466A43
:101F50005EF82470B7602E7946F004062E710134C5
:101F6000032C01F12001E5D1002383F31188F0BD9A
:101F7000C844000808B5302383F31188FFF7D2FE68
:101F8000002383F3118808BD2DE9F041436A04461C
:101F9000986800F0E050B0F1E05F0E4622D0F8B152
:101FA000302383F31188002504F5845741F290080B
:101FB00004EB451343441B791A0706D50135032D5D
:101FC00007F12007F4D1012007E05B07F6D439467A
:101FD000304600F08BFA0028F0D1002383F31188FB
:101FE000BDE8F0810120FBE708B5302383F31188B9
:101FF00000F58050C06EFFF725FB002383F31188A6
:1020000043090CBF0120002008BD0000F8B51D46A3
:10201000002313700F4606461446FFF7E5FF80F0D5
:102020000100387025B129463046FFF7ADFF20701A
:10203000F8BD00002DE9B8410C4615461F46804604
:1020400000F0B2F90B462178024609B9287850B160
:102050004046FFF763FFFFF78DFF3B462A462146C8
:10206000FFF7D4FF0120BDE8B881000070B530262D
:1020700086F31188174B9A6D42F000729A659A6B3D
:1020800042F000729A639A6B22F000729A63002306
:1020900083F3118800F5805494F8D83013F00105CB
:1020A00016D1A9B186F311880321132001F03AFA61
:1020B0000321142001F036FA0321152001F032FA31
:1020C00094F8D83043F0010384F8D83085F31188B0
:1020D00070BD00BF001002402DE9F04700F58055AB
:1020E00088B095F8E030012B04468846164600F289
:1020F0008280824F57F823200AB947F82300D7F887
:1021000000A0C4F81C8084F82060BAF1000F64D0ED
:1021100095F8E030012B70D001212046FFF7A6FF93
:10212000302383F31188626A136823F0020313607B
:10213000626A136843F001031360636A00275F61FA
:1021400087F3118801212046FFF7D6FD002800F013
:102150009580E86EFFF764FA04F58359BA4609F1F1
:102160001809202200216846FEF754FF02A8FFF755
:1021700059FCCDF818A06A4609EB07030DF1180EBB
:102180009446BCE80300F44518605960624603F1C8
:102190000803F5D1DCF80000186020379CF8042013
:1021A0001A71602FDDD195F8D8306FF382030027C4
:1021B00085F8D8306A4641462046ADF80070ADF843
:1021C00002708DF80470FFF73BFD636A48BB4FF463
:1021D00000421A6008B0BDE8F08741F2E800FFF75E
:1021E0004FFB814610B15146FFF7C6FCC7F800907F
:1021F000B9F1000F8CD10020ECE7386803681B6B45
:1022000098470146002887D13868FFF72FFF3868C4
:10221000036832465B684146984700287FF47CAFEC
:10222000E9E761221A609DF802309DF803201B0641
:10223000120402F4702203F040731343BDF800202F
:10224000C2F3090213439DF804201205022E02F482
:10225000E0020CBF4FF0004100211343626A0B43C0
:10226000D361636A13225A61626A136823F001031F
:10227000136039462046FFF73FFD08B9636AA6E7B9
:1022800095F8E03093BB616AD1F8002242F0010278
:10229000C1F80022616AD1F8002222F47C5222F0B7
:1022A0000E02C1F80022616AD1F8002242F4606295
:1022B000C1F80022626AC2F81432626AC2F80432BB
:1022C000626A41F6FF71C2F80C12626AC2F84032CB
:1022D000626AC2F84432636A0122C3F81C22626A4D
:1022E000D2F8003223F00103C2F8003295F8D8305A
:1022F00043F0020385F8D8306CE700BF283800208F
:1023000008B500F051F850EA0103024602D0421E1F
:1023100061F10001044B186810B10B46FFF724FD72
:10232000BDE8084001F0C0B82838002008B50020FA
:10233000FFF7DCFDBDE8084001F0B6B808B50120A4
:10234000FFF7D4FDBDE8084001F0AEB800B59BB082
:10235000EFF3098168226846FEF74AFEEFF3058332
:10236000014B9B6BFEE700BF00ED00E008B5FFF7F7
:10237000EDFF000000B59BB0EFF3098168226846CD
:10238000FEF736FEEFF30583014B5B6BFEE700BF04
:1023900000ED00E0FEE700000FB408B5029801F080
:1023A00075F9FEE701F050BC01F032BC0139C9B249
:1023B00002299EBF00EBC1000023C0E90133704732
:1023C0002DE9F8431E461B885B070546884618D44E
:1023D000044600F118094C4513D063686BB12B68B3
:1023E0002846DB6B98473388A768C1B243F00403E3
:1023F00060684246B8470834EDE7A368002BEED189
:10240000F9E70120BDE8F88373B56C4684E806005F
:10241000014600224E68D5B26EB98E685EB900EBF7
:10242000C200021D94E80300013582E803001D701C
:10243000012002B070BD0132032A01F10801E9D187
:102440000020F6E72DE9F04F2DED028B89B09FEDCE
:10245000258BBDF8508004468B46054600F11809CF
:10246000002708F0040AA94536D06B680BB9AB68A1
:1024700063B1BAF1000F0BD123682046DB6B98479C
:102480004346C1B25A46D5E90106B0470835EAE7E6
:10249000002FFBD18DED008BADF808705B4603AAD1
:1024A0000BF1080C18685968174603C708336345D1
:1024B0003A46F7D1186838609B88BB80FFF774FFF5
:1024C0000423ADF808302368CDE900011B6C694690
:1024D000204698470127D9E7012009B0BDEC028BBF
:1024E000BDE8F08F000000000000000030B5036878
:1024F0000968DD0FB5EBD17F23F0604421F0604225
:102500004FEAD1700BD0002BB8BFA40C0029B8BF84
:10251000920C944202D034BF0120002030BD94427E
:1025200005D1C1F38070C3F380738342F6D1944226
:102530002CBF00200120F1E72DE9F041456A15B9D3
:102540004162BDE8F0814B6823F06047C3F38A46DF
:102550004FEAD37EC3F3807816EA230638BF3E469F
:10256000AC462B465A68BEEBD27F22F060440AD0BC
:10257000002A18DAA40CB44217D19D420FD10D6085
:10258000DEE71346EEE7A74207D102F08044C2F32C
:10259000807242450BD054B1EFE708D2EDE7CCF89A
:1025A00000100B60CDE7B44201D0B442E5D81A6800
:1025B0009C46002AE5D11960C3E700002DE9F047E9
:1025C000089D01F007044FEAD508224405F00705ED
:1025D00000EBD1004FF47F49944201D1BDE8F08770
:1025E00004F0070705F0070A57453E4638BF564630
:1025F000C6F10806111B8E4228BF0E46E10808EB03
:10260000D50E415C13F80EC0B94029FA06F721FA3D
:102610000AF1FFB28CEA010147FA0AF739408CEA65
:10262000010C03F80EC034443544D5E780EA01209C
:10263000082341F2210201B24000002980B203F1D7
:10264000FF33B8BF504013F0FF03F4D170470000D0
:1026500038B50C468D18A54200D138BD14F8011BC1
:10266000FFF7E4FFF7E7000042684AB113684360F0
:102670004389818901339BB29942438138BF838169
:102680001046704770B588B0202204460D46684653
:102690000021FEF7BFFC20460495FFF7E5FF024648
:1026A00058B16B46054608AE1C4603CCB4422860C0
:1026B0006960234605F10805F6D1104608B070BDE3
:1026C000082817D909280CD00A280CD00B280CD0C0
:1026D0000C280CD00D280CD00E2814BF4020302020
:1026E00070470C2070471020704714207047182046
:1026F0007047202070470000082817D90C280CD9F3
:1027000010280CD914280CD918280CD920280CD939
:1027100030288CBF0F200E207047092070470A20F8
:1027200070470B2070470C2070470D207047000049
:102730002DE9F843078C072F04461ED9D0E90298EB
:1027400000254FF6FF73C5F12006A5F1200029FAF8
:1027500005F108FA06F628FA00F031430143C9B240
:102760001846FFF763FF0835402D0346EBD1E169BA
:102770003A46BDE8F843FFF76BBF4FF6FF70BDE880
:10278000F883000010B54B6823B9CA8A63F30902C5
:10279000CA8210BD04691A681C600361C38A013BC8
:1027A000C3824A60EFE700002DE9F84F1D46CB8A4F
:1027B0000F46C3F309010529814692460B4630D0E6
:1027C0000020AAB207F11A049EB2042E1FFA80F864
:1027D0000FD8904503F1010306D3FB8A0A4462F344
:1027E0000903FB8201201AE01AF80060E654013068
:1027F000EAE79045F1D2A1F1050B1C237C68BBFBF5
:10280000F3F203FB12BB1FFA8BF6002C45D14846AE
:10281000FFF72AFF044638B978606FF00200BDE880
:10282000F88F4FF00008E6E7002606607860ADB24A
:102830004FF0000B454510D90AEB0803221D13F891
:10284000011B9155B1B208F101081B291FFA88F844
:102850002BD0454506F10106F1D8FB8AC3F30902E6
:10286000154465F30903BCE7013292B21C462368A4
:10287000002BF9D16B1F0B441C21B3FBF1F3013387
:102880009BB29A42D3D2BBF1000FD0D14846FFF79A
:10289000EBFE20B9C4F800B0BFE70122E7E7C0F8BB
:1028A00000B05E4620600446C1E74545D5D948469C
:1028B000FFF7DAFE08B92060AFE7C0F800B00026E5
:1028C00020600446B6E700002DE9F04F2DED028BA5
:1028D0001C4683B05B69019207468846002B00F0D6
:1028E000A780238C2BB1E269002A00F0A180072B7E
:1028F00035D807F10C00FFF7B7FE054638B96FF081
:102900000205284603B0BDEC028BBDE8F08F14220F
:102910000021FEF77FFB228CE16905F10800FEF73C
:1029200067FB208C013080B2FFF7E6FEFFF7C8FEA0
:10293000013880B22084013028746369228C1B78AE
:102940002A4403F01F0363F03F0348F00041137271
:10295000384669602946FFF7EFFD0125D1E70233CC
:102960009BB20722C18A0633B3FBF2F3828A521A62
:102970009BB292B29342C2D800F10C034FF000090F
:1029800008EE103A4FF0800A4E464D4618EE100AF7
:10299000FFF76AFE83460028B1D014220021FEF71B
:1029A00039FB002E3AD1019BABF8083002220BF123
:1029B000080E1FFA82FC0CF10100BCF1060F218CFD
:1029C00080B201D88E422BD3FFF796FEFFF778FE38
:1029D00062691278013802F01F028E4208BF4FF080
:1029E000400A42EA49121BFA80F14AEA020A01301F
:1029F00048F0004281F808A08BF81000CBF80420C2
:102A000059463846FFF798FD238C0135B3422DB265
:102A100089F001094FF0000AB8D172E70022C6E739
:102A2000E169895D0EF802100136B6B20132C0E7E5
:102A30006FF0010565E70000F8B515460E46302237
:102A4000002104461F46FEF7E5FA069B6360B5F5D4
:102A5000001F079BA76034BF6A094FF6FF72A3628D
:102A600097B2E66104F1100000239A4206D80023D1
:102A70000360A782E3822383E360F8BD066001332D
:102A800030462036F1E7000003781BB94BB2002B2B
:102A9000C8BF01707047000000787047F8B50C4659
:102AA000C969074611B9238C002B37D1257E1F2D0C
:102AB00034D8387828BB228C072A2CD8268A36F0BE
:102AC00003032BD14FF6FF70FFF7C2FD20F001008A
:102AD0003102400441EA0561400C41EA40254FF6CD
:102AE000FF72234629463846FFF7EEFE002807DD31
:102AF000626913780133DBB21F2B88BF0023137088
:102B0000F8BD218A2D0645EA012505432046FFF739
:102B10000FFE0246E5E76FF00300F1E76FF00100FA
:102B2000EEE7000070B58AB0044616460021282260
:102B300068461D46FEF76EFABDF83830ADF8103025
:102B40000F9B05939DF840308DF81830119B07932B
:102B50006946BDF84830ADF820302046CDE9026521
:102B6000FFF79CFF0AB070BD2DE9F041D36905461F
:102B70000C4616460BB9138C5BBB377E1F2F28D82B
:102B800095F80080B8F1000F26D03046FFF7D0FD51
:102B90003378210241EAC33141EA0801338A41EA2C
:102BA000076141EA03410246334641F0800128466D
:102BB000FFF78AFE00280ADD3378012B07D17269FE
:102BC00013780133DBB21F2B88BF00231370BDE8DD
:102BD000F0816FF00100FAE76FF00300F7E7000003
:102BE000F0B58BB004460D461746002128226846F2
:102BF0001E46FEF70FFA9DF84C305A1E53425341C1
:102C00008DF800309DF84030ADF81030119B0593E1
:102C10009DF848308DF81830149B07936A46BDF82C
:102C20005430ADF8203029462046CDE90276FFF732
:102C30009BFF0BB0F0BD0000406A00B1043070474C
:102C4000436A1A68426202691A600361C38A013BDF
:102C5000C38270472DE9F041D0F82080194E144608
:102C60001D464146002709B9BDE8F081D1E902239C
:102C7000A21A65EB0303964277EB03031ED2036AA5
:102C80008B420DD1FFF77EFD036A1B680362036967
:102C90000B60C38A0161016A013BC3828846E2E797
:102CA000FFF770FD0B68C8F8003003690B60C38A3A
:102CB0000161013BC382D8F80010D4E78846096857
:102CC000D1E700BF80841E002DE9F04F8BB00D4688
:102CD000DDF8509014469B468046002800F019818C
:102CE000B9F1000F00F01581531E3F2B00F2118146
:102CF000012A03D1BBF1000F40F00B810023CDE985
:102D00000833B8F81430B5EBC30F4FEAC30703D349
:102D100000200BB0BDE8F08F2B199F42D8F80C3083
:102D20003ABF7F1BFFB227461BB9D8F81030002BE3
:102D30007AD0272D4ED8C5F12806B7424FF00003B0
:102D40002CBFF6B23E4600932946D8F8080008ABDF
:102D50003246FFF733FCA7EB060A35445FFA8AFADE
:102D6000B8F8143003F10053053BDB000493D8F8A6
:102D70000C3003932821039B13B1BAF1000F2CD11F
:102D8000D8F8100040B1BAF1000F05D0009608AB9A
:102D90005246691AFFF712FC38B2002FB8D0660706
:102DA0000AD00AAB03EBD401624211F8083C02F0EE
:102DB0000702134101F8083C082C3CD9102C40F2C2
:102DC000B580202C40F2B780BBF1000F00F09C8052
:102DD000082334E0BA460026C2E7049BE02B28BF54
:102DE000E02306930B44AB42059314D95A1B039876
:102DF0000096924534BF5246D2B2691A08AB0430ED
:102E00000792FFF7DBFB079A1644AAEB020A154468
:102E1000F6B25FFA8AFA049B069A05999B1A049304
:102E2000039B1B680393A6E70093D8F8080008AB40
:102E30003A462946AEE7BBF1000F13D00123B4EBAD
:102E4000C30F6CD0082C12D89DF82030621E23FAD4
:102E500002F2D50706D54FF0FF3202FA04F42343FD
:102E60008DF820309DF8203089F8003051E7102C83
:102E700012D8BDF82030621E23FA02F2D10706D51F
:102E80004FF0FF3202FA04F42343ADF82030BDF8CE
:102E90002030A9F800303CE7202C0FD80899631E99
:102EA00021FA03F3DA0705D54FF0FF3202FA04F4F2
:102EB0000C430894089BC9F800302AE7402C2BD01B
:102EC000DDE90865611EC4F12102A4F1210326FA9F
:102ED00001F105FA02F225FA03F311431943CB0776
:102EE00012D50122A4F12003C4F1200102FA03F358
:102EF00022FA01F1A240524243EA010363EB430389
:102F000032432B43CDE90823DDE90823C9E9002337
:102F1000FFE66FF00100FCE66FF00800F9E6082C10
:102F2000A0D9102CB3D9202CEED8C3E7BBF1000FE9
:102F3000ADD0022383E7BBF1000FBBD004237EE7B3
:102F400030B5012A144638BF0124402C85B028BF73
:102F500040240025012ACDE9025518D81B788DF8A8
:102F6000083063070AD004AB03EBD405624215F8BE
:102F7000083C02F00702934005F8083C0091034624
:102F80002246002102A8FFF719FB05B030BD082A30
:102F9000E4D9102A03D81B88ADF80830E1E7202ACD
:102FA0008DBFD3E900231B680293CDE90223D8E744
:102FB00010B5CB681BB98B600B618B8210BD0469A7
:102FC0001A681C600361C38A013BC382CA60F0E7D0
:102FD00003064CBFC0F3C0300220704708B502465C
:102FE000FFF7F6FF022806D15306C2F30F2001D1E6
:102FF00000F0030008BDC2F30740FBE72DE9F04FE6
:1030000093B0CDE903230A6804461046FFF7E0FFBA
:10301000022814BFC2F306260026002A0D46824667
:1030200080F2F78112F0C04940F0F381097B00295A
:1030300000F0EF81022803D02378B34240F0EC8106
:10304000C2F304630693104602F07F030593FFF773
:10305000C5FF059B29444FEA834848EA0A4848EAE5
:103060004668CE7800230022CDE90823F309834681
:1030700048EA0008029367D0059B00930246676800
:10308000534608A92046B847002800F0C881276A9F
:103090004FB9414604F10C00FFF7F4FA074690B926
:1030A0006FF0020054E03B6998450DD03F68002F57
:1030B000F9D1414604F10C00FFF7E4FA0746002875
:1030C000EED0236A3B60276297F817C006F01F080E
:1030D000CCF3840CACEB08001FFA80FE0028B8BFCC
:1030E0000EF12000A8EB0C031FFA83FED7E90221A2
:1030F000B8BF00B2002B0793BEBF0EF120031BB276
:10310000079352EA010338D0039BDFF824E39A1AAD
:10311000049B4FF0000C63EB010196457CEB01032F
:103120002BD36B7B97F81AE0734519D1029B002BC8
:1031300078D0012821DC7868F8B9DFF8F0C294452E
:1031400070EB010316D337E0276A27B96FF00C0044
:1031500013B0BDE8F08F3B699845B5D03F68F4E700
:10316000B24890427CEB010301D30020F0E7029BC0
:10317000002BFAD0079B0F2B17DCFA7DB30002F06F
:10318000030203F07C031343FB7539462046FFF727
:10319000F9FA6B7BBB76029B3BB9FB7DC3F38402E0
:1031A000013262F38603FB75D0E76A7BBB7E9A42ED
:1031B000DBD1029B002B35D0B309022B32D0039B0D
:1031C000BB60049BFB60142200210DA8FDF722FFC9
:1031D000039B0A93049B0B932B1D0C932B7BADF845
:1031E0003EB0013BDBB2ADF83C30069B8DF842307F
:1031F000059B8DF8433094F82C308DF840A083F077
:1032000001038DF844308DF84180A3680AA9204657
:103210009847FB7DC3F38403013303F01F039B0234
:10322000FB82A2E7FB7DC6F34012B2EBD31F40F056
:10323000F980C3F38403434540F0FC80029A2B7B62
:10324000B609002A52D016F0010661D1032B40F2D4
:10325000F480039BBB60049BFB60FB8A66F309035D
:10326000FB822B7BAE1D033BDBB23246394604F1B9
:103270000C00FFF799FA00280CDA39462046FFF7D0
:1032800081FAFB7DC3F38403013303F01F039B0228
:10329000FB8205E7DDE90884AB883B834FF6FF73CB
:1032A000C9F12000A9F1200228FA09F104FA00F07E
:1032B000014324FA02F211431846C9B2FFF7B6F9E6
:1032C00009F10809B9F1400F0346E9D1B8822A7B18
:1032D000033AD2B23146FFF7BBF9FB7DB882DA433D
:1032E000C2F3C01262F3C713FB753EE786B92E1D09
:1032F000013BDBB23246394604F10C00FFF754FAC9
:103300000028BADB2A7BB88A013AD2B23146E2E71A
:10331000F98AC1F30901013B0429DAB25BD8281DFF
:10332000002307F11B069A4208D910F801CB06F8D2
:1033300001C0013101330529DBB2F4D103990A91AF
:1033400004990B91934207F11B010C9138BF043390
:1033500079680D9134BF55FA83F300230E93FB8AED
:10336000ADF83EB0C3F309031A44069B8DF8423012
:10337000059B8DF8433094F82C30ADF83C2083F059
:1033800001038DF8443000238DF840A08DF8418072
:103390007B602A7BB88A013A291DFFF759F93B8BDC
:1033A000B882834203D1A3680AA9204698472046E1
:1033B0000AA9FFF7FDFDFB7DBA8AC3F3840301333D
:1033C00003F01F039B02FB823B8B9A420CBF002041
:1033D0006FF01000BCE67B68002BAFD0052001E049
:1033E0001C3033461E68002EFAD1091A081D2E1D06
:1033F000184401EB090CBCF11B0F5FFA89F39DD84F
:103400009A429BD916F8013B00F8013B09F10109EA
:10341000EFE76FF009009BE66FF00A0098E66FF0A7
:103420000B0095E66FF00D0092E600BF40420F00E2
:1034300080841E006FF00E008AE66FF00F0087E6B2
:10344000EFF3098305494A6B22F001024A636833AE
:1034500083F30988002383F31188704700EF00E0AD
:10346000302080F3118862B60C4B0D4AD96821F4E4
:10347000E0610904090C0A43DA60D3F8FC20094929
:1034800042F08072C3F8FC200A6842F001020A6030
:103490002022DA7783F82200704700BF00ED00E0B9
:1034A0000003FA05001000E010B5302383F3118803
:1034B0000E4B5B6813F4006314D0F1EE103AEFF397
:1034C0000984683C4FF08073E361094BDB6B236632
:1034D00084F3098800F0A4F810B1064BA36110BD75
:1034E000054BFBE783F31188F9E700BF00ED00E02F
:1034F00000EF00E0FF020008020300084FF0E023A5
:10350000002258684FF0FF31930003F1604303F548
:10351000614301329042C3F88010C3F88011F3D2A6
:103520007047000000F1604303F561430901C9B22F
:1035300083F80013012200F01F039A4043099B0007
:1035400003F1604303F56143C3F880211A607047BB
:1035500000230375826803691B6899689142FBD256
:103560005A6803604260106058607047002303751A
:10357000826803691B6899689142FBD85A680360A6
:10358000426010605860704708B50846302383F3E6
:1035900011880B7D032B05D0042B0DD02BB983F3A1
:1035A000118808BD8B6900221A604FF0FF338361D8
:1035B000FFF7CEFF0023F2E7D1E9003213605A6033
:1035C000F3E70000FFF7C4BF054BD968087518681A
:1035D00002681A60536001220275D860FCF77ABE57
:1035E0003838002030B50C4BDD684B1C87B00446E2
:1035F0000FD02B46094A684600F02AF92046FFF70B
:10360000E3FF009B13B1684600F02CF9A86907B0EE
:1036100030BDFFF7D9FFF9E73838002089350008B9
:10362000044B1A68DB6890689B68984294BF00203E
:103630000120704738380020084B10B51C68D86846
:1036400022681A60536001222275DC60FFF78EFF4A
:1036500001462046BDE81040FCF73CBE383800204B
:1036600038B5074C074908480123002523706560D9
:1036700000F0EAFB0223237085F3118838BD00BFF8
:10368000603A0020244500083838002008B572B69A
:10369000044B186500F0ACFA00F058FB024B032213
:1036A0001A70FEE738380020603A002000F010B9A8
:1036B0008B60022308618B82084670478368A3F100
:1036C000840243F8142C026943F8442C426943F8FD
:1036D000402C094A43F8242CC26843F8182C0222D3
:1036E00003F80C2C002203F80B2C044A43F8102C8E
:1036F000A3F12000704700BFED0200083838002019
:1037000008B5FFF7DBFFBDE80840FFF75BBF00002F
:10371000024BDB6898610F20FFF756BF3838002056
:10372000302383F31188FFF7F3BF000008B501468B
:10373000302383F311880820FFF754FF002383F31D
:10374000118808BD10B503689C68A2420CD85C685B
:103750008A600B604C602160596099688A1A9A608F
:103760004FF0FF33836010BD1B68121BECE70000B5
:103770000A2938BF0A2170B504460D460A26601989
:1037800000F05CFB00F048FB041BA54203D8751C4D
:103790002E460446F3E70A2E04D9BDE87040012006
:1037A00000F092BB70BD0000F8B5144B0D46D96116
:1037B00003F1100141600A2A1969826038BF0A22A8
:1037C000016048601861A818144600F029FB0A2718
:1037D00000F022FB431BA342064606D37C1C28199B
:1037E00000F02CFB27463546F2E70A2F04D9BDE846
:1037F000F840012000F068BBF8BD00BF3838002059
:10380000F8B506460D4600F007FB0F4A134653F87D
:10381000107F9F4206D12A4601463046BDE8F84057
:10382000FFF7C2BFD169BB68441A2C1928BF2C46C8
:10383000A34202D92946FFF79BFF2246314603489F
:10384000BDE8F840FFF77EBF383800204838002038
:1038500010B4C0E9032300235DF8044B4361FFF774
:10386000CFBF000010B5194C236998420DD0D0E9A4
:103870000032816813605A609A680A449A60002393
:1038800003604FF0FF33A36110BD2346026843F885
:10389000102F53600022026022699A4203D1BDE8D2
:1038A000104000F0C5BA936881680B44936000F043
:1038B000B3FA2269E1699268441AA242E4D9114438
:1038C000BDE81040091AFFF753BF00BF3838002089
:1038D0002DE9F047DFF8BC8008F110072C4ED8F82E
:1038E000105000F099FAD8F81C40AA68031B9A42BD
:1038F0003ED81444D5E900324FF00009C8F81C4006
:1039000013605A60C5F80090D8F81030B34201D166
:1039100000F08EFA89F31188D5E9033128469847DB
:10392000302383F311886B69002BD8D000F074FA30
:103930006A69A0EB04094A4582460DD2022000F0D4
:10394000C3FA0022D8F81030B34208D151462846B5
:10395000BDE8F047FFF728BF121A2244F2E712EB46
:10396000090938BF4A4629463846FFF7EBFEB5E756
:10397000D8F81030B34208D01444211AC8F81C00FB
:10398000A960BDE8F047FFF7F3BEBDE8F08700BFD0
:10399000483800203838002038B500F03DFA054A94
:1039A000D2E90845031B181945F10001C2E90801D5
:1039B00038BD00BF3838002000207047FEE7000007
:1039C000704700004FF0FF3070470000BFF34F8F8B
:1039D000024A1369DB03FCD4704700BF0020024099
:1039E00008B5094B1B7873B9FFF7F0FF074B5A690D
:1039F000002ABFBF064A9A6002F188329A601A68AC
:103A000022F480621A6008BD783A0020002002404B
:103A10002301674508B50B4B1B7893B9FFF7D6FF19
:103A2000094B5A6942F000425A611A6842F48052C6
:103A30001A601A6822F480521A601A6842F480628E
:103A40001A6008BD783A0020002002407F289ABF03
:103A500000F58030C0020020704700004FF4006085
:103A600070470000802070477F2808B50BD8FFF70B
:103A7000EDFF00F500630268013204D10430834297
:103A8000F9D1012008BD0020FCE700007F2810B517
:103A900004461FD8FFF79AFFFFF7A2FF0E4BF32251
:103AA0001A6102225A615A6942EAC0025A615A698D
:103AB00042F480325A61FFF789FF4FF40061FFF74B
:103AC000C5FF00F03FF9FFF7A5FF2046BDE8104015
:103AD000FFF7CABF002010BD002002402DE9F843C7
:103AE00040EA020313F00703144606D0304B40F2BD
:103AF00082321A600020BDE8F88385182D4A95426D
:103B00000CD92B4A40F287311160F3E7031D1B6883
:103B10004A68934208D1083C08300831072C14D970
:103B200002680B689A42F1D0FFF75AFFFFF74EFF89
:103B3000214E08314FF001084FF00009012CA1F18E
:103B4000080706D8FFF766FF01E0002CECD1012042
:103B5000D1E7C6F81480054651F8083C45F8043B07
:103B600051F8043C4360FFF731FF336943F0010330
:103B70003361C6F81490026851F8083C9A420CD0A0
:103B80000B4B40F2AF321A600C4B18600C4B1C60B0
:103B90000C4B1F60FFF73EFFACE72D6851F8043C6B
:103BA0009D4201F10801EBD1083C0830C6E700BF97
:103BB000743A00200000040800200240683A002007
:103BC000703A00206C3A0020084908B50B7828B1FB
:103BD0001BB9FFF705FF01230B7008BD002BFCD0BC
:103BE000BDE808400870FFF715BF00BF783A002015
:103BF00002484FF47F4100F0A7B800BF0001002049
:103C00000846114600F0E2BB084600F0F5BB000094
:103C100038B5EFF311859DB9EFF30584C4F30804BB
:103C2000302334B183F31188FFF7B6FE85F3118892
:103C300038BD83F31188FFF7AFFE84F3118838BDD8
:103C4000BDE83840FFF7A8BE38B5FFF7E1FF114CDB
:103C5000114AC00840EA4170A0FB025EC908A0FBFF
:103C6000040C1CEB050CA1FB04404FF000035B416E
:103C7000A1FB02121CEB040C43EB000011EB0E0144
:103C800042F10002411842F10000090941EA0070C6
:103C900038BD00BFCFF753E3A59BC42010B5024445
:103CA000064BD2B2904200D110BD441C00B253F872
:103CB000200041F8040BE0B2F4E700BF50280040B8
:103CC000114B30B5D3F89040240409D4D3F8904078
:103CD000C3F89040D3F8904044F40044C3F89040B7
:103CE0000A4C236843F4807323600244084BD2B229
:103CF000904200D130BD441C00B251F8045B43F83F
:103D00002050E0B2F4E700BF001002400070004015
:103D10005028004007B5012201A90020FFF7BEFF8F
:103D2000019803B05DF804FB13B50446FFF7F2FFFA
:103D3000A04205D0012201A900200194FFF7C0FF95
:103D400002B010BD704700007047000070470000CF
:103D5000074B45F255521A6003225A6040F2FF7237
:103D60009A604CF6CC421A60024B01221A707047DE
:103D700000300040803A0020034B1B781BB1034BFE
:103D80004AF6AA221A607047803A002000300040AC
:103D9000054B1A6832B902F1804202F50432D2F8BA
:103DA00094201A60704700BF7C3A0020024B4FF409
:103DB0000002C3F8942070470010024008B5FFF7D6
:103DC000E7FF024B1868C0F3407008BD7C3A002042
:103DD00070470000FEE700000A4B0B480B4A904278
:103DE0000BD30B4BDA1C121AC11E22F003028B42BA
:103DF00038BF00220021FDF70DB953F8041B40F82D
:103E0000041BECE7BC450008043B0020043B0020F9
:103E1000043B002000F0BEB84FF08043586A704762
:103E20004FF08043002258631A610222DA60704723
:103E30004FF080430022DA60704700004FF080436B
:103E400058637047FEE7000070B51B4B0163002507
:103E5000044686B0586085620E46FFF701FB04F108
:103E60001003C4E904334FF0FF33C4E90635C4E955
:103E70000044A560E562FFF7CFFF2B460246C4E988
:103E8000082304F134010D4A256580232046FFF7FD
:103E90000FFC0123E0600A4A0375009272680192E8
:103EA000B268CDE90223074B6846CDE90435FFF738
:103EB00027FC06B070BD00BF603A00203045000806
:103EC00035450008453E0008024AD36A1843D062CF
:103ED000704700BF38380020244B2548DA6A42F08A
:103EE000070210B4DA62DA6A224C22F00702DA62C0
:103EF000DA6ADA6C42F00702DA64DA6E42F007023C
:103F0000DA664FF09042DB6E4FF0AA310023536027
:103F10009160D0604FF6FF7050611362536214607D
:103F20001024C2F80434C2F80814C2F80C444FF646
:103F3000F774C2F814449924C2F82034C2F8244417
:103F40000D4CC2F80044C2F80438C2F80818C2F890
:103F50000C38C2F81408C2F82038C2F82438C2F865
:103F600000385DF8044B00F055B800BF0010024067
:103F7000000100240001002850000A0008B500F0EC
:103F800005FAFFF76DFBBDE80840FFF701BF000031
:103F9000704700000F4B9A6D42F001029A659A6FCC
:103FA00042F001029A670C4A9B6F936843F0010349
:103FB00093604FF080434F229A624FF0FF32DA62F3
:103FC00000229A615A63DA605A6001225A611A60CB
:103FD000704700BF00100240002004E04FF0804214
:103FE00008B51169D3680B40D9B2C9439B07116169
:103FF00007D5302383F31188FFF758FB002383F3A1
:10400000118808BD08B5FFF779FABDE8084000F04F
:1040100099B900005A4B4FF0FF319A6A99629A6A37
:1040200000229A62986AD86A60F00700D862D86A5B
:1040300000F00700D862D86A186B1963186B1A630E
:10404000186B986B9963986B9A63986BD86BD9636C
:10405000D86BDA63D86B186C1964196C1A641A6C13
:10406000484A4FF4E06111601A6E474942F001027C
:104070001A66D3F8802022F00102C3F88020D3F81A
:1040800080209A6D42F080529A659A6F22F0805299
:104090009A679A6F4FF440720A604A6912F480621C
:1040A000FBD14A601A6822F0F00242F060021A6006
:1040B0001A6842F001021A601A689107FCD50022C2
:1040C0009A609A6812F00C02FBD1D3F8901011F4A8
:1040D000407F1EBF4FF48031C3F89010C3F890208A
:1040E00061221A601A689207FCD500229A609A68C9
:1040F00012F00C0FFBD169221A60D3F8942022F43D
:10410000706242F4C062C3F894201A6842F48032AC
:104110001A601A689003FCD5D3F8902022F003228D
:10412000C3F89020194ADA601A6842F080721A6067
:104130001A689101FCD5164A1A611A6842F0806229
:104140001A601A681201FCD500229A600D49114AC2
:10415000C3F888200A6822F0070242F004020A60CD
:104160000A6802F00702042AFAD19A6842F00302B0
:104170009A609A6802F00C020C2AFAD1704700BFCC
:1041800000100240002002400070004003140001B3
:10419000000C100055550134074A08B5536903F067
:1041A0000103536123B1054A13680BB15068984766
:1041B000BDE80840FFF778B900040140843A0020C8
:1041C000074A08B5536903F00203536123B1054A56
:1041D00093680BB1D0689847BDE80840FFF764B911
:1041E00000040140843A0020074A08B5536903F0EF
:1041F0000403536123B1054A13690BB15069984711
:10420000BDE80840FFF750B900040140843A00209F
:10421000074A08B5536903F00803536123B1054AFF
:1042200093690BB1D0699847BDE80840FFF73CB9E6
:1042300000040140843A0020074A08B5536903F09E
:104240001003536123B1054A136A0BB1506A9847B2
:10425000BDE80840FFF728B900040140843A002077
:10426000164B10B55C6904F478725A61A30604D544
:10427000134A936A0BB1D06A9847600604D5104A76
:10428000136B0BB1506B9847210604D50C4A936B06
:104290000BB1D06B9847E20504D5094A136C0BB1FA
:1042A000506C9847A30504D5054A936C0BB1D06CAC
:1042B0009847BDE81040FFF7F7B800BF0004014081
:1042C000843A0020194B10B55C6904F47C425A61B1
:1042D000620504D5164A136D0BB1506D984723053E
:1042E00004D5134A936D0BB1D06D9847E00404D503
:1042F0000F4A136E0BB1506E9847A10404D50C4AB7
:10430000936E0BB1D06E9847620404D5084A136FC0
:104310000BB1506F9847230404D5054A936F0BB136
:10432000D06F9847BDE81040FFF7BEB800040140C9
:10433000843A002008B5FFF751FEBDE80840FFF7BA
:10434000B3B80000062108B50846FFF7EBF80621D0
:104350000720FFF7E7F806210820FFF7E3F806211A
:104360000920FFF7DFF806210A20FFF7DBF8062116
:104370001720FFF7D7F806212820FFF7D3F8BDE86C
:10438000084007211C20FFF7CDB8000008B5FFF753
:1043900039FE00F007F8FFF7FBFDBDE80840FFF726
:1043A00039BD00000023054A19460133102BC2E92C
:1043B000001102F10802F8D1704700BF843A0020D2
:1043C0000B460146184600F009B80000024B0A46A9
:1043D00001461868FFF714BC1811002010B5054CF1
:1043E00013462CB10A4601460220AFF3008010BDEF
:1043F0002046FCE700000000024B01461868FFF76A
:1044000003BC00BF1811002010B5013902449042CE
:1044100001D1002005E0037811F8014FA34201D03B
:10442000181B10BD0130F2E72DE9F041A3B1C91A04
:1044300017780144044603F1FF3C8C42204601D921
:10444000002009E00578BD4204F10104F5D10CEB30
:104450000405D618A54201D1BDE8F08115F8018DFB
:1044600016F801EDF045F5D0E7E70000034611F836
:10447000012B03F8012B002AF9D170476F72672EC8
:104480006172647570696C6F742E4265796F6E64C9
:10449000526F626F7469784D2D5065726970680053
:1044A00040A2E4F1646891060041A3E5F2656992D7
:1044B000070000004261642043414E496661636524
:1044C00020696E6465782E00800000000080000086
:1044D00000008000000000000000000095180008A7
:1044E000D920000835200008D5180008E118000878
:1044F000ED1A0008A5180008B5180008A91800084A
:10450000B1180008AD180008091A0008B918000809
:1045100009240008AD230008C9180008DD190008A7
:10452000633000002045000890380020603A0020E9
:104530006D61696E0069646C650000000000000038
:10454000F8110000000000000060030000000000FF
:10455000FE2A0100D20400001C110020000000000F
:10456000000000000000000000000000000000004B
:10457000000000000000000000000000000000003B
:10458000000000000000000000000000000000002B
:10459000000000000000000000000000000000001B
:1045A000000000000000000000000000000000000B
:1045B000000000000000000000000000FFFFFFFFFF
:1045C000FFFFFFFFFFFFFFFFFFFFFFFFFFFFFFFFFB
:1045D000FFFFFFFFFFFFFFFFFFFFFFFFFFFFFFFFEB
:1045E000FFFFFFFFFFFFFFFFFFFFFFFFFFFFFFFFDB
:1045F000FFFFFFFFFFFFFFFFFFFFFFFFFFFFFFFFCB
:10460000FFFFFFFFFFFFFFFFFFFFFFFFFFFFFFFFBA
:10461000FFFFFFFFFFFFFFFFFFFFFFFFFFFFFFFFAA
:10462000FFFFFFFFFFFFFFFFFFFFFFFFFFFFFFFF9A
:10463000FFFFFFFFFFFFFFFFFFFFFFFFFFFFFFFF8A
:10464000FFFFFFFFFFFFFFFFFFFFFFFFFFFFFFFF7A
:10465000FFFFFFFFFFFFFFFFFFFFFFFFFFFFFFFF6A
:10466000FFFFFFFFFFFFFFFFFFFFFFFFFFFFFFFF5A
:10467000FFFFFFFFFFFFFFFFFFFFFFFFFFFFFFFF4A
:10468000FFFFFFFFFFFFFFFFFFFFFFFFFFFFFFFF3A
:10469000FFFFFFFFFFFFFFFFFFFFFFFFFFFFFFFF2A
:1046A000FFFFFFFFFFFFFFFFFFFFFFFFFFFFFFFF1A
:1046B000FFFFFFFFFFFFFFFFFFFFFFFFFFFFFFFF0A
:1046C000FFFFFFFFFFFFFFFFFFFFFFFFFFFFFFFFFA
:1046D000FFFFFFFFFFFFFFFFFFFFFFFFFFFFFFFFEA
:1046E000FFFFFFFFFFFFFFFFFFFFFFFFFFFFFFFFDA
:1046F000FFFFFFFFFFFFFFFFFFFFFFFFFFFFFFFFCA
:10470000FFFFFFFFFFFFFFFFFFFFFFFFFFFFFFFFB9
:10471000FFFFFFFFFFFFFFFFFFFFFFFFFFFFFFFFA9
:10472000FFFFFFFFFFFFFFFFFFFFFFFFFFFFFFFF99
:10473000FFFFFFFFFFFFFFFFFFFFFFFFFFFFFFFF89
:10474000FFFFFFFFFFFFFFFFFFFFFFFFFFFFFFFF79
:10475000FFFFFFFFFFFFFFFFFFFFFFFFFFFFFFFF69
:10476000FFFFFFFFFFFFFFFFFFFFFFFFFFFFFFFF59
:10477000FFFFFFFFFFFFFFFFFFFFFFFFFFFFFFFF49
:10478000FFFFFFFFFFFFFFFFFFFFFFFFFFFFFFFF39
:10479000FFFFFFFFFFFFFFFFFFFFFFFFFFFFFFFF29
:1047A000FFFFFFFFFFFFFFFFFFFFFFFFFFFFFFFF19
:1047B000FFFFFFFFFFFFFFFFFFFFFFFFFFFFFFFF09
:1047C000FFFFFFFFFFFFFFFFFFFFFFFFFFFFFFFFF9
:1047D000FFFFFFFFFFFFFFFFFFFFFFFFFFFFFFFFE9
:1047E000FFFFFFFFFFFFFFFFFFFFFFFFFFFFFFFFD9
:1047F000FFFFFFFFFFFFFFFFFFFFFFFFFFFFFFFFC9
:10480000FFFFFFFFFFFFFFFFFFFFFFFFFFFFFFFFB8
:10481000FFFFFFFFFFFFFFFFFFFFFFFFFFFFFFFFA8
:10482000FFFFFFFFFFFFFFFFFFFFFFFFFFFFFFFF98
:10483000FFFFFFFFFFFFFFFFFFFFFFFFFFFFFFFF88
:10484000FFFFFFFFFFFFFFFFFFFFFFFFFFFFFFFF78
:10485000FFFFFFFFFFFFFFFFFFFFFFFFFFFFFFFF68
:10486000FFFFFFFFFFFFFFFFFFFFFFFFFFFFFFFF58
:10487000FFFFFFFFFFFFFFFFFFFFFFFFFFFFFFFF48
:10488000FFFFFFFFFFFFFFFFFFFFFFFFFFFFFFFF38
:10489000FFFFFFFFFFFFFFFFFFFFFFFFFFFFFFFF28
:1048A000FFFFFFFFFFFFFFFFFFFFFFFFFFFFFFFF18
:1048B000FFFFFFFFFFFFFFFFFFFFFFFFFFFFFFFF08
:1048C000FFFFFFFFFFFFFFFFFFFFFFFFFFFFFFFFF8
:1048D000FFFFFFFFFFFFFFFFFFFFFFFFFFFFFFFFE8
:1048E000FFFFFFFFFFFFFFFFFFFFFFFFFFFFFFFFD8
:1048F000FFFFFFFFFFFFFFFFFFFFFFFFFFFFFFFFC8
:10490000FFFFFFFFFFFFFFFFFFFFFFFFFFFFFFFFB7
:10491000FFFFFFFFFFFFFFFFFFFFFFFFFFFFFFFFA7
:10492000FFFFFFFFFFFFFFFFFFFFFFFFFFFFFFFF97
:10493000FFFFFFFFFFFFFFFFFFFFFFFFFFFFFFFF87
:10494000FFFFFFFFFFFFFFFFFFFFFFFFFFFFFFFF77
:10495000FFFFFFFFFFFFFFFFFFFFFFFFFFFFFFFF67
:10496000FFFFFFFFFFFFFFFFFFFFFFFFFFFFFFFF57
:10497000FFFFFFFFFFFFFFFFFFFFFFFFFFFFFFFF47
:10498000FFFFFFFFFFFFFFFFFFFFFFFFFFFFFFFF37
:10499000FFFFFFFFFFFFFFFFFFFFFFFFFFFFFFFF27
:1049A000FFFFFFFFFFFFFFFFFFFFFFFFFFFFFFFF17
:1049B000FFFFFFFFFFFFFFFFFFFFFFFFFFFFFFFF07
:1049C000FFFFFFFFFFFFFFFFFFFFFFFFFFFFFFFFF7
:1049D000FFFFFFFFFFFFFFFFFFFFFFFFFFFFFFFFE7
:1049E000FFFFFFFFFFFFFFFFFFFFFFFFFFFFFFFFD7
:1049F000FFFFFFFFFFFFFFFFFFFFFFFFFFFFFFFFC7
:104A0000FFFFFFFFFFFFFFFFFFFFFFFFFFFFFFFFB6
:104A1000FFFFFFFFFFFFFFFFFFFFFFFFFFFFFFFFA6
:104A2000FFFFFFFFFFFFFFFFFFFFFFFFFFFFFFFF96
:104A3000FFFFFFFFFFFFFFFFFFFFFFFFFFFFFFFF86
:104A4000FFFFFFFFFFFFFFFFFFFFFFFFFFFFFFFF76
:104A5000FFFFFFFFFFFFFFFFFFFFFFFFFFFFFFFF66
:104A6000FFFFFFFFFFFFFFFFFFFFFFFFFFFFFFFF56
:104A7000FFFFFFFFFFFFFFFFFFFFFFFFFFFFFFFF46
:104A8000FFFFFFFFFFFFFFFFFFFFFFFFFFFFFFFF36
:104A9000FFFFFFFFFFFFFFFFFFFFFFFFFFFFFFFF26
:104AA000FFFFFFFFFFFFFFFFFFFFFFFFFFFFFFFF16
:104AB000FFFFFFFFFFFFFFFFFFFFFFFFFFFFFFFF06
:104AC000FFFFFFFFFFFFFFFFFFFFFFFFFFFFFFFFF6
:104AD000FFFFFFFFFFFFFFFFFFFFFFFFFFFFFFFFE6
:104AE000FFFFFFFFFFFFFFFFFFFFFFFFFFFFFFFFD6
:104AF000FFFFFFFFFFFFFFFFFFFFFFFFFFFFFFFFC6
:104B0000FFFFFFFFFFFFFFFFFFFFFFFFFFFFFFFFB5
:104B1000FFFFFFFFFFFFFFFFFFFFFFFFFFFFFFFFA5
:104B2000FFFFFFFFFFFFFFFFFFFFFFFFFFFFFFFF95
:104B3000FFFFFFFFFFFFFFFFFFFFFFFFFFFFFFFF85
:104B4000FFFFFFFFFFFFFFFFFFFFFFFFFFFFFFFF75
:104B5000FFFFFFFFFFFFFFFFFFFFFFFFFFFFFFFF65
:104B6000FFFFFFFFFFFFFFFFFFFFFFFFFFFFFFFF55
:104B7000FFFFFFFFFFFFFFFFFFFFFFFFFFFFFFFF45
:104B8000FFFFFFFFFFFFFFFFFFFFFFFFFFFFFFFF35
:104B9000FFFFFFFFFFFFFFFFFFFFFFFFFFFFFFFF25
:104BA000FFFFFFFFFFFFFFFFFFFFFFFFFFFFFFFF15
:104BB000FFFFFFFFFFFFFFFFFFFFFFFFFFFFFFFF05
:104BC000FFFFFFFFFFFFFFFFFFFFFFFFFFFFFFFFF5
:104BD000FFFFFFFFFFFFFFFFFFFFFFFFFFFFFFFFE5
:104BE000FFFFFFFFFFFFFFFFFFFFFFFFFFFFFFFFD5
:104BF000FFFFFFFFFFFFFFFFFFFFFFFFFFFFFFFFC5
:104C0000FFFFFFFFFFFFFFFFFFFFFFFFFFFFFFFFB4
:104C1000FFFFFFFFFFFFFFFFFFFFFFFFFFFFFFFFA4
:104C2000FFFFFFFFFFFFFFFFFFFFFFFFFFFFFFFF94
:104C3000FFFFFFFFFFFFFFFFFFFFFFFFFFFFFFFF84
:104C4000FFFFFFFFFFFFFFFFFFFFFFFFFFFFFFFF74
:104C5000FFFFFFFFFFFFFFFFFFFFFFFFFFFFFFFF64
:104C6000FFFFFFFFFFFFFFFFFFFFFFFFFFFFFFFF54
:104C7000FFFFFFFFFFFFFFFFFFFFFFFFFFFFFFFF44
:104C8000FFFFFFFFFFFFFFFFFFFFFFFFFFFFFFFF34
:104C9000FFFFFFFFFFFFFFFFFFFFFFFFFFFFFFFF24
:104CA000FFFFFFFFFFFFFFFFFFFFFFFFFFFFFFFF14
:104CB000FFFFFFFFFFFFFFFFFFFFFFFFFFFFFFFF04
:104CC000FFFFFFFFFFFFFFFFFFFFFFFFFFFFFFFFF4
:104CD000FFFFFFFFFFFFFFFFFFFFFFFFFFFFFFFFE4
:104CE000FFFFFFFFFFFFFFFFFFFFFFFFFFFFFFFFD4
:104CF000FFFFFFFFFFFFFFFFFFFFFFFFFFFFFFFFC4
:104D0000FFFFFFFFFFFFFFFFFFFFFFFFFFFFFFFFB3
:104D1000FFFFFFFFFFFFFFFFFFFFFFFFFFFFFFFFA3
:104D2000FFFFFFFFFFFFFFFFFFFFFFFFFFFFFFFF93
:104D3000FFFFFFFFFFFFFFFFFFFFFFFFFFFFFFFF83
:104D4000FFFFFFFFFFFFFFFFFFFFFFFFFFFFFFFF73
:104D5000FFFFFFFFFFFFFFFFFFFFFFFFFFFFFFFF63
:104D6000FFFFFFFFFFFFFFFFFFFFFFFFFFFFFFFF53
:104D7000FFFFFFFFFFFFFFFFFFFFFFFFFFFFFFFF43
:104D8000FFFFFFFFFFFFFFFFFFFFFFFFFFFFFFFF33
:104D9000FFFFFFFFFFFFFFFFFFFFFFFFFFFFFFFF23
:104DA000FFFFFFFFFFFFFFFFFFFFFFFFFFFFFFFF13
:104DB000FFFFFFFFFFFFFFFFFFFFFFFFFFFFFFFF03
:104DC000FFFFFFFFFFFFFFFFFFFFFFFFFFFFFFFFF3
:104DD000FFFFFFFFFFFFFFFFFFFFFFFFFFFFFFFFE3
:104DE000FFFFFFFFFFFFFFFFFFFFFFFFFFFFFFFFD3
:104DF000FFFFFFFFFFFFFFFFFFFFFFFFFFFFFFFFC3
:104E0000FFFFFFFFFFFFFFFFFFFFFFFFFFFFFFFFB2
:104E1000FFFFFFFFFFFFFFFFFFFFFFFFFFFFFFFFA2
:104E2000FFFFFFFFFFFFFFFFFFFFFFFFFFFFFFFF92
:104E3000FFFFFFFFFFFFFFFFFFFFFFFFFFFFFFFF82
:104E4000FFFFFFFFFFFFFFFFFFFFFFFFFFFFFFFF72
:104E5000FFFFFFFFFFFFFFFFFFFFFFFFFFFFFFFF62
:104E6000FFFFFFFFFFFFFFFFFFFFFFFFFFFFFFFF52
:104E7000FFFFFFFFFFFFFFFFFFFFFFFFFFFFFFFF42
:104E8000FFFFFFFFFFFFFFFFFFFFFFFFFFFFFFFF32
:104E9000FFFFFFFFFFFFFFFFFFFFFFFFFFFFFFFF22
:104EA000FFFFFFFFFFFFFFFFFFFFFFFFFFFFFFFF12
:104EB000FFFFFFFFFFFFFFFFFFFFFFFFFFFFFFFF02
:104EC000FFFFFFFFFFFFFFFFFFFFFFFFFFFFFFFFF2
:104ED000FFFFFFFFFFFFFFFFFFFFFFFFFFFFFFFFE2
:104EE000FFFFFFFFFFFFFFFFFFFFFFFFFFFFFFFFD2
:104EF000FFFFFFFFFFFFFFFFFFFFFFFFFFFFFFFFC2
:104F0000FFFFFFFFFFFFFFFFFFFFFFFFFFFFFFFFB1
:104F1000FFFFFFFFFFFFFFFFFFFFFFFFFFFFFFFFA1
:104F2000FFFFFFFFFFFFFFFFFFFFFFFFFFFFFFFF91
:104F3000FFFFFFFFFFFFFFFFFFFFFFFFFFFFFFFF81
:104F4000FFFFFFFFFFFFFFFFFFFFFFFFFFFFFFFF71
:104F5000FFFFFFFFFFFFFFFFFFFFFFFFFFFFFFFF61
:104F6000FFFFFFFFFFFFFFFFFFFFFFFFFFFFFFFF51
:104F7000FFFFFFFFFFFFFFFFFFFFFFFFFFFFFFFF41
:104F8000FFFFFFFFFFFFFFFFFFFFFFFFFFFFFFFF31
:104F9000FFFFFFFFFFFFFFFFFFFFFFFFFFFFFFFF21
:104FA000FFFFFFFFFFFFFFFFFFFFFFFFFFFFFFFF11
:104FB000FFFFFFFFFFFFFFFFFFFFFFFFFFFFFFFF01
:104FC000FFFFFFFFFFFFFFFFFFFFFFFFFFFFFFFFF1
:104FD000FFFFFFFFFFFFFFFFFFFFFFFFFFFFFFFFE1
:104FE000FFFFFFFFFFFFFFFFFFFFFFFFFFFFFFFFD1
:104FF000FFFFFFFFFFFFFFFFFFFFFFFFFFFFFFFFC1
:10500000FFFFFFFFFFFFFFFFFFFFFFFFFFFFFFFFB0
:10501000FFFFFFFFFFFFFFFFFFFFFFFFFFFFFFFFA0
:10502000FFFFFFFFFFFFFFFFFFFFFFFFFFFFFFFF90
:10503000FFFFFFFFFFFFFFFFFFFFFFFFFFFFFFFF80
:10504000FFFFFFFFFFFFFFFFFFFFFFFFFFFFFFFF70
:10505000FFFFFFFFFFFFFFFFFFFFFFFFFFFFFFFF60
:10506000FFFFFFFFFFFFFFFFFFFFFFFFFFFFFFFF50
:10507000FFFFFFFFFFFFFFFFFFFFFFFFFFFFFFFF40
:10508000FFFFFFFFFFFFFFFFFFFFFFFFFFFFFFFF30
:10509000FFFFFFFFFFFFFFFFFFFFFFFFFFFFFFFF20
:1050A000FFFFFFFFFFFFFFFFFFFFFFFFFFFFFFFF10
:1050B000FFFFFFFFFFFFFFFFFFFFFFFFFFFFFFFF00
:1050C000FFFFFFFFFFFFFFFFFFFFFFFFFFFFFFFFF0
:1050D000FFFFFFFFFFFFFFFFFFFFFFFFFFFFFFFFE0
:1050E000FFFFFFFFFFFFFFFFFFFFFFFFFFFFFFFFD0
:1050F000FFFFFFFFFFFFFFFFFFFFFFFFFFFFFFFFC0
:10510000FFFFFFFFFFFFFFFFFFFFFFFFFFFFFFFFAF
:10511000FFFFFFFFFFFFFFFFFFFFFFFFFFFFFFFF9F
:10512000FFFFFFFFFFFFFFFFFFFFFFFFFFFFFFFF8F
:10513000FFFFFFFFFFFFFFFFFFFFFFFFFFFFFFFF7F
:10514000FFFFFFFFFFFFFFFFFFFFFFFFFFFFFFFF6F
:10515000FFFFFFFFFFFFFFFFFFFFFFFFFFFFFFFF5F
:10516000FFFFFFFFFFFFFFFFFFFFFFFFFFFFFFFF4F
:10517000FFFFFFFFFFFFFFFFFFFFFFFFFFFFFFFF3F
:10518000FFFFFFFFFFFFFFFFFFFFFFFFFFFFFFFF2F
:10519000FFFFFFFFFFFFFFFFFFFFFFFFFFFFFFFF1F
:1051A000FFFFFFFFFFFFFFFFFFFFFFFFFFFFFFFF0F
:1051B000FFFFFFFFFFFFFFFFFFFFFFFFFFFFFFFFFF
:1051C000FFFFFFFFFFFFFFFFFFFFFFFFFFFFFFFFEF
:1051D000FFFFFFFFFFFFFFFFFFFFFFFFFFFFFFFFDF
:1051E000FFFFFFFFFFFFFFFFFFFFFFFFFFFFFFFFCF
:1051F000FFFFFFFFFFFFFFFFFFFFFFFFFFFFFFFFBF
:10520000FFFFFFFFFFFFFFFFFFFFFFFFFFFFFFFFAE
:10521000FFFFFFFFFFFFFFFFFFFFFFFFFFFFFFFF9E
:10522000FFFFFFFFFFFFFFFFFFFFFFFFFFFFFFFF8E
:10523000FFFFFFFFFFFFFFFFFFFFFFFFFFFFFFFF7E
:10524000FFFFFFFFFFFFFFFFFFFFFFFFFFFFFFFF6E
:10525000FFFFFFFFFFFFFFFFFFFFFFFFFFFFFFFF5E
:10526000FFFFFFFFFFFFFFFFFFFFFFFFFFFFFFFF4E
:10527000FFFFFFFFFFFFFFFFFFFFFFFFFFFFFFFF3E
:10528000FFFFFFFFFFFFFFFFFFFFFFFFFFFFFFFF2E
:10529000FFFFFFFFFFFFFFFFFFFFFFFFFFFFFFFF1E
:1052A000FFFFFFFFFFFFFFFFFFFFFFFFFFFFFFFF0E
:1052B000FFFFFFFFFFFFFFFFFFFFFFFFFFFFFFFFFE
:1052C000FFFFFFFFFFFFFFFFFFFFFFFFFFFFFFFFEE
:1052D000FFFFFFFFFFFFFFFFFFFFFFFFFFFFFFFFDE
:1052E000FFFFFFFFFFFFFFFFFFFFFFFFFFFFFFFFCE
:1052F000FFFFFFFFFFFFFFFFFFFFFFFFFFFFFFFFBE
:10530000FFFFFFFFFFFFFFFFFFFFFFFFFFFFFFFFAD
:10531000FFFFFFFFFFFFFFFFFFFFFFFFFFFFFFFF9D
:10532000FFFFFFFFFFFFFFFFFFFFFFFFFFFFFFFF8D
:10533000FFFFFFFFFFFFFFFFFFFFFFFFFFFFFFFF7D
:10534000FFFFFFFFFFFFFFFFFFFFFFFFFFFFFFFF6D
:10535000FFFFFFFFFFFFFFFFFFFFFFFFFFFFFFFF5D
:10536000FFFFFFFFFFFFFFFFFFFFFFFFFFFFFFFF4D
:10537000FFFFFFFFFFFFFFFFFFFFFFFFFFFFFFFF3D
:10538000FFFFFFFFFFFFFFFFFFFFFFFFFFFFFFFF2D
:10539000FFFFFFFFFFFFFFFFFFFFFFFFFFFFFFFF1D
:1053A000FFFFFFFFFFFFFFFFFFFFFFFFFFFFFFFF0D
:1053B000FFFFFFFFFFFFFFFFFFFFFFFFFFFFFFFFFD
:1053C000FFFFFFFFFFFFFFFFFFFFFFFFFFFFFFFFED
:1053D000FFFFFFFFFFFFFFFFFFFFFFFFFFFFFFFFDD
:1053E000FFFFFFFFFFFFFFFFFFFFFFFFFFFFFFFFCD
:1053F000FFFFFFFFFFFFFFFFFFFFFFFFFFFFFFFFBD
:10540000FFFFFFFFFFFFFFFFFFFFFFFFFFFFFFFFAC
:10541000FFFFFFFFFFFFFFFFFFFFFFFFFFFFFFFF9C
:10542000FFFFFFFFFFFFFFFFFFFFFFFFFFFFFFFF8C
:10543000FFFFFFFFFFFFFFFFFFFFFFFFFFFFFFFF7C
:10544000FFFFFFFFFFFFFFFFFFFFFFFFFFFFFFFF6C
:10545000FFFFFFFFFFFFFFFFFFFFFFFFFFFFFFFF5C
:10546000FFFFFFFFFFFFFFFFFFFFFFFFFFFFFFFF4C
:10547000FFFFFFFFFFFFFFFFFFFFFFFFFFFFFFFF3C
:10548000FFFFFFFFFFFFFFFFFFFFFFFFFFFFFFFF2C
:10549000FFFFFFFFFFFFFFFFFFFFFFFFFFFFFFFF1C
:1054A000FFFFFFFFFFFFFFFFFFFFFFFFFFFFFFFF0C
:1054B000FFFFFFFFFFFFFFFFFFFFFFFFFFFFFFFFFC
:1054C000FFFFFFFFFFFFFFFFFFFFFFFFFFFFFFFFEC
:1054D000FFFFFFFFFFFFFFFFFFFFFFFFFFFFFFFFDC
:1054E000FFFFFFFFFFFFFFFFFFFFFFFFFFFFFFFFCC
:1054F000FFFFFFFFFFFFFFFFFFFFFFFFFFFFFFFFBC
:10550000FFFFFFFFFFFFFFFFFFFFFFFFFFFFFFFFAB
:10551000FFFFFFFFFFFFFFFFFFFFFFFFFFFFFFFF9B
:10552000FFFFFFFFFFFFFFFFFFFFFFFFFFFFFFFF8B
:10553000FFFFFFFFFFFFFFFFFFFFFFFFFFFFFFFF7B
:10554000FFFFFFFFFFFFFFFFFFFFFFFFFFFFFFFF6B
:10555000FFFFFFFFFFFFFFFFFFFFFFFFFFFFFFFF5B
:10556000FFFFFFFFFFFFFFFFFFFFFFFFFFFFFFFF4B
:10557000FFFFFFFFFFFFFFFFFFFFFFFFFFFFFFFF3B
:10558000FFFFFFFFFFFFFFFFFFFFFFFFFFFFFFFF2B
:10559000FFFFFFFFFFFFFFFFFFFFFFFFFFFFFFFF1B
:1055A000FFFFFFFFFFFFFFFFFFFFFFFFFFFFFFFF0B
:1055B000FFFFFFFFFFFFFFFFFFFFFFFFFFFFFFFFFB
:1055C000FFFFFFFFFFFFFFFFFFFFFFFFFFFFFFFFEB
:1055D000FFFFFFFFFFFFFFFFFFFFFFFFFFFFFFFFDB
:1055E000FFFFFFFFFFFFFFFFFFFFFFFFFFFFFFFFCB
:1055F000FFFFFFFFFFFFFFFFFFFFFFFFFFFFFFFFBB
:10560000FFFFFFFFFFFFFFFFFFFFFFFFFFFFFFFFAA
:10561000FFFFFFFFFFFFFFFFFFFFFFFFFFFFFFFF9A
:10562000FFFFFFFFFFFFFFFFFFFFFFFFFFFFFFFF8A
:10563000FFFFFFFFFFFFFFFFFFFFFFFFFFFFFFFF7A
:10564000FFFFFFFFFFFFFFFFFFFFFFFFFFFFFFFF6A
:10565000FFFFFFFFFFFFFFFFFFFFFFFFFFFFFFFF5A
:10566000FFFFFFFFFFFFFFFFFFFFFFFFFFFFFFFF4A
:10567000FFFFFFFFFFFFFFFFFFFFFFFFFFFFFFFF3A
:10568000FFFFFFFFFFFFFFFFFFFFFFFFFFFFFFFF2A
:10569000FFFFFFFFFFFFFFFFFFFFFFFFFFFFFFFF1A
:1056A000FFFFFFFFFFFFFFFFFFFFFFFFFFFFFFFF0A
:1056B000FFFFFFFFFFFFFFFFFFFFFFFFFFFFFFFFFA
:1056C000FFFFFFFFFFFFFFFFFFFFFFFFFFFFFFFFEA
:1056D000FFFFFFFFFFFFFFFFFFFFFFFFFFFFFFFFDA
:1056E000FFFFFFFFFFFFFFFFFFFFFFFFFFFFFFFFCA
:1056F000FFFFFFFFFFFFFFFFFFFFFFFFFFFFFFFFBA
:10570000FFFFFFFFFFFFFFFFFFFFFFFFFFFFFFFFA9
:10571000FFFFFFFFFFFFFFFFFFFFFFFFFFFFFFFF99
:10572000FFFFFFFFFFFFFFFFFFFFFFFFFFFFFFFF89
:10573000FFFFFFFFFFFFFFFFFFFFFFFFFFFFFFFF79
:10574000FFFFFFFFFFFFFFFFFFFFFFFFFFFFFFFF69
:10575000FFFFFFFFFFFFFFFFFFFFFFFFFFFFFFFF59
:10576000FFFFFFFFFFFFFFFFFFFFFFFFFFFFFFFF49
:10577000FFFFFFFFFFFFFFFFFFFFFFFFFFFFFFFF39
:10578000FFFFFFFFFFFFFFFFFFFFFFFFFFFFFFFF29
:10579000FFFFFFFFFFFFFFFFFFFFFFFFFFFFFFFF19
:1057A000FFFFFFFFFFFFFFFFFFFFFFFFFFFFFFFF09
:1057B000FFFFFFFFFFFFFFFFFFFFFFFFFFFFFFFFF9
:1057C000FFFFFFFFFFFFFFFFFFFFFFFFFFFFFFFFE9
:1057D000FFFFFFFFFFFFFFFFFFFFFFFFFFFFFFFFD9
:1057E000FFFFFFFFFFFFFFFFFFFFFFFFFFFFFFFFC9
:1057F000FFFFFFFFFFFFFFFFFFFFFFFFFFFFFFFFB9
:10580000FFFFFFFFFFFFFFFFFFFFFFFFFFFFFFFFA8
:10581000FFFFFFFFFFFFFFFFFFFFFFFFFFFFFFFF98
:10582000FFFFFFFFFFFFFFFFFFFFFFFFFFFFFFFF88
:10583000FFFFFFFFFFFFFFFFFFFFFFFFFFFFFFFF78
:10584000FFFFFFFFFFFFFFFFFFFFFFFFFFFFFFFF68
:10585000FFFFFFFFFFFFFFFFFFFFFFFFFFFFFFFF58
:10586000FFFFFFFFFFFFFFFFFFFFFFFFFFFFFFFF48
:10587000FFFFFFFFFFFFFFFFFFFFFFFFFFFFFFFF38
:10588000FFFFFFFFFFFFFFFFFFFFFFFFFFFFFFFF28
:10589000FFFFFFFFFFFFFFFFFFFFFFFFFFFFFFFF18
:1058A000FFFFFFFFFFFFFFFFFFFFFFFFFFFFFFFF08
:1058B000FFFFFFFFFFFFFFFFFFFFFFFFFFFFFFFFF8
:1058C000FFFFFFFFFFFFFFFFFFFFFFFFFFFFFFFFE8
:1058D000FFFFFFFFFFFFFFFFFFFFFFFFFFFFFFFFD8
:1058E000FFFFFFFFFFFFFFFFFFFFFFFFFFFFFFFFC8
:1058F000FFFFFFFFFFFFFFFFFFFFFFFFFFFFFFFFB8
:10590000FFFFFFFFFFFFFFFFFFFFFFFFFFFFFFFFA7
:10591000FFFFFFFFFFFFFFFFFFFFFFFFFFFFFFFF97
:10592000FFFFFFFFFFFFFFFFFFFFFFFFFFFFFFFF87
:10593000FFFFFFFFFFFFFFFFFFFFFFFFFFFFFFFF77
:10594000FFFFFFFFFFFFFFFFFFFFFFFFFFFFFFFF67
:10595000FFFFFFFFFFFFFFFFFFFFFFFFFFFFFFFF57
:10596000FFFFFFFFFFFFFFFFFFFFFFFFFFFFFFFF47
:10597000FFFFFFFFFFFFFFFFFFFFFFFFFFFFFFFF37
:10598000FFFFFFFFFFFFFFFFFFFFFFFFFFFFFFFF27
:10599000FFFFFFFFFFFFFFFFFFFFFFFFFFFFFFFF17
:1059A000FFFFFFFFFFFFFFFFFFFFFFFFFFFFFFFF07
:1059B000FFFFFFFFFFFFFFFFFFFFFFFFFFFFFFFFF7
:1059C000FFFFFFFFFFFFFFFFFFFFFFFFFFFFFFFFE7
:1059D000FFFFFFFFFFFFFFFFFFFFFFFFFFFFFFFFD7
:1059E000FFFFFFFFFFFFFFFFFFFFFFFFFFFFFFFFC7
:1059F000FFFFFFFFFFFFFFFFFFFFFFFFFFFFFFFFB7
:105A0000FFFFFFFFFFFFFFFFFFFFFFFFFFFFFFFFA6
:105A1000FFFFFFFFFFFFFFFFFFFFFFFFFFFFFFFF96
:105A2000FFFFFFFFFFFFFFFFFFFFFFFFFFFFFFFF86
:105A3000FFFFFFFFFFFFFFFFFFFFFFFFFFFFFFFF76
:105A4000FFFFFFFFFFFFFFFFFFFFFFFFFFFFFFFF66
:105A5000FFFFFFFFFFFFFFFFFFFFFFFFFFFFFFFF56
:105A6000FFFFFFFFFFFFFFFFFFFFFFFFFFFFFFFF46
:105A7000FFFFFFFFFFFFFFFFFFFFFFFFFFFFFFFF36
:105A8000FFFFFFFFFFFFFFFFFFFFFFFFFFFFFFFF26
:105A9000FFFFFFFFFFFFFFFFFFFFFFFFFFFFFFFF16
:105AA000FFFFFFFFFFFFFFFFFFFFFFFFFFFFFFFF06
:105AB000FFFFFFFFFFFFFFFFFFFFFFFFFFFFFFFFF6
:105AC000FFFFFFFFFFFFFFFFFFFFFFFFFFFFFFFFE6
:105AD000FFFFFFFFFFFFFFFFFFFFFFFFFFFFFFFFD6
:105AE000FFFFFFFFFFFFFFFFFFFFFFFFFFFFFFFFC6
:105AF000FFFFFFFFFFFFFFFFFFFFFFFFFFFFFFFFB6
:105B0000FFFFFFFFFFFFFFFFFFFFFFFFFFFFFFFFA5
:105B1000FFFFFFFFFFFFFFFFFFFFFFFFFFFFFFFF95
:105B2000FFFFFFFFFFFFFFFFFFFFFFFFFFFFFFFF85
:105B3000FFFFFFFFFFFFFFFFFFFFFFFFFFFFFFFF75
:105B4000FFFFFFFFFFFFFFFFFFFFFFFFFFFFFFFF65
:105B5000FFFFFFFFFFFFFFFFFFFFFFFFFFFFFFFF55
:105B6000FFFFFFFFFFFFFFFFFFFFFFFFFFFFFFFF45
:105B7000FFFFFFFFFFFFFFFFFFFFFFFFFFFFFFFF35
:105B8000FFFFFFFFFFFFFFFFFFFFFFFFFFFFFFFF25
:105B9000FFFFFFFFFFFFFFFFFFFFFFFFFFFFFFFF15
:105BA000FFFFFFFFFFFFFFFFFFFFFFFFFFFFFFFF05
:105BB000FFFFFFFFFFFFFFFFFFFFFFFFFFFFFFFFF5
:105BC000FFFFFFFFFFFFFFFFFFFFFFFFFFFFFFFFE5
:105BD000FFFFFFFFFFFFFFFFFFFFFFFFFFFFFFFFD5
:105BE000FFFFFFFFFFFFFFFFFFFFFFFFFFFFFFFFC5
:105BF000FFFFFFFFFFFFFFFFFFFFFFFFFFFFFFFFB5
:105C0000FFFFFFFFFFFFFFFFFFFFFFFFFFFFFFFFA4
:105C1000FFFFFFFFFFFFFFFFFFFFFFFFFFFFFFFF94
:105C2000FFFFFFFFFFFFFFFFFFFFFFFFFFFFFFFF84
:105C3000FFFFFFFFFFFFFFFFFFFFFFFFFFFFFFFF74
:105C4000FFFFFFFFFFFFFFFFFFFFFFFFFFFFFFFF64
:105C5000FFFFFFFFFFFFFFFFFFFFFFFFFFFFFFFF54
:105C6000FFFFFFFFFFFFFFFFFFFFFFFFFFFFFFFF44
:105C7000FFFFFFFFFFFFFFFFFFFFFFFFFFFFFFFF34
:105C8000FFFFFFFFFFFFFFFFFFFFFFFFFFFFFFFF24
:105C9000FFFFFFFFFFFFFFFFFFFFFFFFFFFFFFFF14
:105CA000FFFFFFFFFFFFFFFFFFFFFFFFFFFFFFFF04
:105CB000FFFFFFFFFFFFFFFFFFFFFFFFFFFFFFFFF4
:105CC000FFFFFFFFFFFFFFFFFFFFFFFFFFFFFFFFE4
:105CD000FFFFFFFFFFFFFFFFFFFFFFFFFFFFFFFFD4
:105CE000FFFFFFFFFFFFFFFFFFFFFFFFFFFFFFFFC4
:105CF000FFFFFFFFFFFFFFFFFFFFFFFFFFFFFFFFB4
:105D0000FFFFFFFFFFFFFFFFFFFFFFFFFFFFFFFFA3
:105D1000FFFFFFFFFFFFFFFFFFFFFFFFFFFFFFFF93
:105D2000FFFFFFFFFFFFFFFFFFFFFFFFFFFFFFFF83
:105D3000FFFFFFFFFFFFFFFFFFFFFFFFFFFFFFFF73
:105D4000FFFFFFFFFFFFFFFFFFFFFFFFFFFFFFFF63
:105D5000FFFFFFFFFFFFFFFFFFFFFFFFFFFFFFFF53
:105D6000FFFFFFFFFFFFFFFFFFFFFFFFFFFFFFFF43
:105D7000FFFFFFFFFFFFFFFFFFFFFFFFFFFFFFFF33
:105D8000FFFFFFFFFFFFFFFFFFFFFFFFFFFFFFFF23
:105D9000FFFFFFFFFFFFFFFFFFFFFFFFFFFFFFFF13
:105DA000FFFFFFFFFFFFFFFFFFFFFFFFFFFFFFFF03
:105DB000FFFFFFFFFFFFFFFFFFFFFFFFFFFFFFFFF3
:105DC000FFFFFFFFFFFFFFFFFFFFFFFFFFFFFFFFE3
:105DD000FFFFFFFFFFFFFFFFFFFFFFFFFFFFFFFFD3
:105DE000FFFFFFFFFFFFFFFFFFFFFFFFFFFFFFFFC3
:105DF000FFFFFFFFFFFFFFFFFFFFFFFFFFFFFFFFB3
:105E0000FFFFFFFFFFFFFFFFFFFFFFFFFFFFFFFFA2
:105E1000FFFFFFFFFFFFFFFFFFFFFFFFFFFFFFFF92
:105E2000FFFFFFFFFFFFFFFFFFFFFFFFFFFFFFFF82
:105E3000FFFFFFFFFFFFFFFFFFFFFFFFFFFFFFFF72
:105E4000FFFFFFFFFFFFFFFFFFFFFFFFFFFFFFFF62
:105E5000FFFFFFFFFFFFFFFFFFFFFFFFFFFFFFFF52
:105E6000FFFFFFFFFFFFFFFFFFFFFFFFFFFFFFFF42
:105E7000FFFFFFFFFFFFFFFFFFFFFFFFFFFFFFFF32
:105E8000FFFFFFFFFFFFFFFFFFFFFFFFFFFFFFFF22
:105E9000FFFFFFFFFFFFFFFFFFFFFFFFFFFFFFFF12
:105EA000FFFFFFFFFFFFFFFFFFFFFFFFFFFFFFFF02
:105EB000FFFFFFFFFFFFFFFFFFFFFFFFFFFFFFFFF2
:105EC000FFFFFFFFFFFFFFFFFFFFFFFFFFFFFFFFE2
:105ED000FFFFFFFFFFFFFFFFFFFFFFFFFFFFFFFFD2
:105EE000FFFFFFFFFFFFFFFFFFFFFFFFFFFFFFFFC2
:105EF000FFFFFFFFFFFFFFFFFFFFFFFFFFFFFFFFB2
:105F0000FFFFFFFFFFFFFFFFFFFFFFFFFFFFFFFFA1
:105F1000FFFFFFFFFFFFFFFFFFFFFFFFFFFFFFFF91
:105F2000FFFFFFFFFFFFFFFFFFFFFFFFFFFFFFFF81
:105F3000FFFFFFFFFFFFFFFFFFFFFFFFFFFFFFFF71
:105F4000FFFFFFFFFFFFFFFFFFFFFFFFFFFFFFFF61
:105F5000FFFFFFFFFFFFFFFFFFFFFFFFFFFFFFFF51
:105F6000FFFFFFFFFFFFFFFFFFFFFFFFFFFFFFFF41
:105F7000FFFFFFFFFFFFFFFFFFFFFFFFFFFFFFFF31
:105F8000FFFFFFFFFFFFFFFFFFFFFFFFFFFFFFFF21
:105F9000FFFFFFFFFFFFFFFFFFFFFFFFFFFFFFFF11
:105FA000FFFFFFFFFFFFFFFFFFFFFFFFFFFFFFFF01
:105FB000FFFFFFFFFFFFFFFFFFFFFFFFFFFFFFFFF1
:105FC000FFFFFFFFFFFFFFFFFFFFFFFFFFFFFFFFE1
:105FD000FFFFFFFFFFFFFFFFFFFFFFFFFFFFFFFFD1
:105FE000FFFFFFFFFFFFFFFFFFFFFFFFFFFFFFFFC1
:105FF000FFFFFFFFFFFFFFFFFFFFFFFFFFFFFFFFB1
:10600000FFFFFFFFFFFFFFFFFFFFFFFFFFFFFFFFA0
:10601000FFFFFFFFFFFFFFFFFFFFFFFFFFFFFFFF90
:10602000FFFFFFFFFFFFFFFFFFFFFFFFFFFFFFFF80
:10603000FFFFFFFFFFFFFFFFFFFFFFFFFFFFFFFF70
:10604000FFFFFFFFFFFFFFFFFFFFFFFFFFFFFFFF60
:10605000FFFFFFFFFFFFFFFFFFFFFFFFFFFFFFFF50
:10606000FFFFFFFFFFFFFFFFFFFFFFFFFFFFFFFF40
:10607000FFFFFFFFFFFFFFFFFFFFFFFFFFFFFFFF30
:10608000FFFFFFFFFFFFFFFFFFFFFFFFFFFFFFFF20
:10609000FFFFFFFFFFFFFFFFFFFFFFFFFFFFFFFF10
:1060A000FFFFFFFFFFFFFFFFFFFFFFFFFFFFFFFF00
:1060B000FFFFFFFFFFFFFFFFFFFFFFFFFFFFFFFFF0
:1060C000FFFFFFFFFFFFFFFFFFFFFFFFFFFFFFFFE0
:1060D000FFFFFFFFFFFFFFFFFFFFFFFFFFFFFFFFD0
:1060E000FFFFFFFFFFFFFFFFFFFFFFFFFFFFFFFFC0
:1060F000FFFFFFFFFFFFFFFFFFFFFFFFFFFFFFFFB0
:10610000FFFFFFFFFFFFFFFFFFFFFFFFFFFFFFFF9F
:10611000FFFFFFFFFFFFFFFFFFFFFFFFFFFFFFFF8F
:10612000FFFFFFFFFFFFFFFFFFFFFFFFFFFFFFFF7F
:10613000FFFFFFFFFFFFFFFFFFFFFFFFFFFFFFFF6F
:10614000FFFFFFFFFFFFFFFFFFFFFFFFFFFFFFFF5F
:10615000FFFFFFFFFFFFFFFFFFFFFFFFFFFFFFFF4F
:10616000FFFFFFFFFFFFFFFFFFFFFFFFFFFFFFFF3F
:10617000FFFFFFFFFFFFFFFFFFFFFFFFFFFFFFFF2F
:10618000FFFFFFFFFFFFFFFFFFFFFFFFFFFFFFFF1F
:10619000FFFFFFFFFFFFFFFFFFFFFFFFFFFFFFFF0F
:1061A000FFFFFFFFFFFFFFFFFFFFFFFFFFFFFFFFFF
:1061B000FFFFFFFFFFFFFFFFFFFFFFFFFFFFFFFFEF
:1061C000FFFFFFFFFFFFFFFFFFFFFFFFFFFFFFFFDF
:1061D000FFFFFFFFFFFFFFFFFFFFFFFFFFFFFFFFCF
:1061E000FFFFFFFFFFFFFFFFFFFFFFFFFFFFFFFFBF
:1061F000FFFFFFFFFFFFFFFFFFFFFFFFFFFFFFFFAF
:10620000FFFFFFFFFFFFFFFFFFFFFFFFFFFFFFFF9E
:10621000FFFFFFFFFFFFFFFFFFFFFFFFFFFFFFFF8E
:10622000FFFFFFFFFFFFFFFFFFFFFFFFFFFFFFFF7E
:10623000FFFFFFFFFFFFFFFFFFFFFFFFFFFFFFFF6E
:10624000FFFFFFFFFFFFFFFFFFFFFFFFFFFFFFFF5E
:10625000FFFFFFFFFFFFFFFFFFFFFFFFFFFFFFFF4E
:10626000FFFFFFFFFFFFFFFFFFFFFFFFFFFFFFFF3E
:10627000FFFFFFFFFFFFFFFFFFFFFFFFFFFFFFFF2E
:10628000FFFFFFFFFFFFFFFFFFFFFFFFFFFFFFFF1E
:10629000FFFFFFFFFFFFFFFFFFFFFFFFFFFFFFFF0E
:1062A000FFFFFFFFFFFFFFFFFFFFFFFFFFFFFFFFFE
:1062B000FFFFFFFFFFFFFFFFFFFFFFFFFFFFFFFFEE
:1062C000FFFFFFFFFFFFFFFFFFFFFFFFFFFFFFFFDE
:1062D000FFFFFFFFFFFFFFFFFFFFFFFFFFFFFFFFCE
:1062E000FFFFFFFFFFFFFFFFFFFFFFFFFFFFFFFFBE
:1062F000FFFFFFFFFFFFFFFFFFFFFFFFFFFFFFFFAE
:10630000FFFFFFFFFFFFFFFFFFFFFFFFFFFFFFFF9D
:10631000FFFFFFFFFFFFFFFFFFFFFFFFFFFFFFFF8D
:10632000FFFFFFFFFFFFFFFFFFFFFFFFFFFFFFFF7D
:10633000FFFFFFFFFFFFFFFFFFFFFFFFFFFFFFFF6D
:10634000FFFFFFFFFFFFFFFFFFFFFFFFFFFFFFFF5D
:10635000FFFFFFFFFFFFFFFFFFFFFFFFFFFFFFFF4D
:10636000FFFFFFFFFFFFFFFFFFFFFFFFFFFFFFFF3D
:10637000FFFFFFFFFFFFFFFFFFFFFFFFFFFFFFFF2D
:10638000FFFFFFFFFFFFFFFFFFFFFFFFFFFFFFFF1D
:10639000FFFFFFFFFFFFFFFFFFFFFFFFFFFFFFFF0D
:1063A000FFFFFFFFFFFFFFFFFFFFFFFFFFFFFFFFFD
:1063B000FFFFFFFFFFFFFFFFFFFFFFFFFFFFFFFFED
:1063C000FFFFFFFFFFFFFFFFFFFFFFFFFFFFFFFFDD
:1063D000FFFFFFFFFFFFFFFFFFFFFFFFFFFFFFFFCD
:1063E000FFFFFFFFFFFFFFFFFFFFFFFFFFFFFFFFBD
:1063F000FFFFFFFFFFFFFFFFFFFFFFFFFFFFFFFFAD
:10640000FFFFFFFFFFFFFFFFFFFFFFFFFFFFFFFF9C
:10641000FFFFFFFFFFFFFFFFFFFFFFFFFFFFFFFF8C
:10642000FFFFFFFFFFFFFFFFFFFFFFFFFFFFFFFF7C
:10643000FFFFFFFFFFFFFFFFFFFFFFFFFFFFFFFF6C
:10644000FFFFFFFFFFFFFFFFFFFFFFFFFFFFFFFF5C
:10645000FFFFFFFFFFFFFFFFFFFFFFFFFFFFFFFF4C
:10646000FFFFFFFFFFFFFFFFFFFFFFFFFFFFFFFF3C
:10647000FFFFFFFFFFFFFFFFFFFFFFFFFFFFFFFF2C
:10648000FFFFFFFFFFFFFFFFFFFFFFFFFFFFFFFF1C
:10649000FFFFFFFFFFFFFFFFFFFFFFFFFFFFFFFF0C
:1064A000FFFFFFFFFFFFFFFFFFFFFFFFFFFFFFFFFC
:1064B000FFFFFFFFFFFFFFFFFFFFFFFFFFFFFFFFEC
:1064C000FFFFFFFFFFFFFFFFFFFFFFFFFFFFFFFFDC
:1064D000FFFFFFFFFFFFFFFFFFFFFFFFFFFFFFFFCC
:1064E000FFFFFFFFFFFFFFFFFFFFFFFFFFFFFFFFBC
:1064F000FFFFFFFFFFFFFFFFFFFFFFFFFFFFFFFFAC
:10650000FFFFFFFFFFFFFFFFFFFFFFFFFFFFFFFF9B
:10651000FFFFFFFFFFFFFFFFFFFFFFFFFFFFFFFF8B
:10652000FFFFFFFFFFFFFFFFFFFFFFFFFFFFFFFF7B
:10653000FFFFFFFFFFFFFFFFFFFFFFFFFFFFFFFF6B
:10654000FFFFFFFFFFFFFFFFFFFFFFFFFFFFFFFF5B
:10655000FFFFFFFFFFFFFFFFFFFFFFFFFFFFFFFF4B
:10656000FFFFFFFFFFFFFFFFFFFFFFFFFFFFFFFF3B
:10657000FFFFFFFFFFFFFFFFFFFFFFFFFFFFFFFF2B
:10658000FFFFFFFFFFFFFFFFFFFFFFFFFFFFFFFF1B
:10659000FFFFFFFFFFFFFFFFFFFFFFFFFFFFFFFF0B
:1065A000FFFFFFFFFFFFFFFFFFFFFFFFFFFFFFFFFB
:1065B000FFFFFFFFFFFFFFFFFFFFFFFFFFFFFFFFEB
:1065C000FFFFFFFFFFFFFFFFFFFFFFFFFFFFFFFFDB
:1065D000FFFFFFFFFFFFFFFFFFFFFFFFFFFFFFFFCB
:1065E000FFFFFFFFFFFFFFFFFFFFFFFFFFFFFFFFBB
:1065F000FFFFFFFFFFFFFFFFFFFFFFFFFFFFFFFFAB
:10660000FFFFFFFFFFFFFFFFFFFFFFFFFFFFFFFF9A
:10661000FFFFFFFFFFFFFFFFFFFFFFFFFFFFFFFF8A
:10662000FFFFFFFFFFFFFFFFFFFFFFFFFFFFFFFF7A
:10663000FFFFFFFFFFFFFFFFFFFFFFFFFFFFFFFF6A
:10664000FFFFFFFFFFFFFFFFFFFFFFFFFFFFFFFF5A
:10665000FFFFFFFFFFFFFFFFFFFFFFFFFFFFFFFF4A
:10666000FFFFFFFFFFFFFFFFFFFFFFFFFFFFFFFF3A
:10667000FFFFFFFFFFFFFFFFFFFFFFFFFFFFFFFF2A
:10668000FFFFFFFFFFFFFFFFFFFFFFFFFFFFFFFF1A
:10669000FFFFFFFFFFFFFFFFFFFFFFFFFFFFFFFF0A
:1066A000FFFFFFFFFFFFFFFFFFFFFFFFFFFFFFFFFA
:1066B000FFFFFFFFFFFFFFFFFFFFFFFFFFFFFFFFEA
:1066C000FFFFFFFFFFFFFFFFFFFFFFFFFFFFFFFFDA
:1066D000FFFFFFFFFFFFFFFFFFFFFFFFFFFFFFFFCA
:1066E000FFFFFFFFFFFFFFFFFFFFFFFFFFFFFFFFBA
:1066F000FFFFFFFFFFFFFFFFFFFFFFFFFFFFFFFFAA
:10670000FFFFFFFFFFFFFFFFFFFFFFFFFFFFFFFF99
:10671000FFFFFFFFFFFFFFFFFFFFFFFFFFFFFFFF89
:10672000FFFFFFFFFFFFFFFFFFFFFFFFFFFFFFFF79
:10673000FFFFFFFFFFFFFFFFFFFFFFFFFFFFFFFF69
:10674000FFFFFFFFFFFFFFFFFFFFFFFFFFFFFFFF59
:10675000FFFFFFFFFFFFFFFFFFFFFFFFFFFFFFFF49
:10676000FFFFFFFFFFFFFFFFFFFFFFFFFFFFFFFF39
:10677000FFFFFFFFFFFFFFFFFFFFFFFFFFFFFFFF29
:10678000FFFFFFFFFFFFFFFFFFFFFFFFFFFFFFFF19
:10679000FFFFFFFFFFFFFFFFFFFFFFFFFFFFFFFF09
:1067A000FFFFFFFFFFFFFFFFFFFFFFFFFFFFFFFFF9
:1067B000FFFFFFFFFFFFFFFFFFFFFFFFFFFFFFFFE9
:1067C000FFFFFFFFFFFFFFFFFFFFFFFFFFFFFFFFD9
:1067D000FFFFFFFFFFFFFFFFFFFFFFFFFFFFFFFFC9
:1067E000FFFFFFFFFFFFFFFFFFFFFFFFFFFFFFFFB9
:1067F000FFFFFFFFFFFFFFFFFFFFFFFFFFFFFFFFA9
:10680000FFFFFFFFFFFFFFFFFFFFFFFFFFFFFFFF98
:10681000FFFFFFFFFFFFFFFFFFFFFFFFFFFFFFFF88
:10682000FFFFFFFFFFFFFFFFFFFFFFFFFFFFFFFF78
:10683000FFFFFFFFFFFFFFFFFFFFFFFFFFFFFFFF68
:10684000FFFFFFFFFFFFFFFFFFFFFFFFFFFFFFFF58
:10685000FFFFFFFFFFFFFFFFFFFFFFFFFFFFFFFF48
:10686000FFFFFFFFFFFFFFFFFFFFFFFFFFFFFFFF38
:10687000FFFFFFFFFFFFFFFFFFFFFFFFFFFFFFFF28
:10688000FFFFFFFFFFFFFFFFFFFFFFFFFFFFFFFF18
:10689000FFFFFFFFFFFFFFFFFFFFFFFFFFFFFFFF08
:1068A000FFFFFFFFFFFFFFFFFFFFFFFFFFFFFFFFF8
:1068B000FFFFFFFFFFFFFFFFFFFFFFFFFFFFFFFFE8
:1068C000FFFFFFFFFFFFFFFFFFFFFFFFFFFFFFFFD8
:1068D000FFFFFFFFFFFFFFFFFFFFFFFFFFFFFFFFC8
:1068E000FFFFFFFFFFFFFFFFFFFFFFFFFFFFFFFFB8
:1068F000FFFFFFFFFFFFFFFFFFFFFFFFFFFFFFFFA8
:10690000FFFFFFFFFFFFFFFFFFFFFFFFFFFFFFFF97
:10691000FFFFFFFFFFFFFFFFFFFFFFFFFFFFFFFF87
:10692000FFFFFFFFFFFFFFFFFFFFFFFFFFFFFFFF77
:10693000FFFFFFFFFFFFFFFFFFFFFFFFFFFFFFFF67
:10694000FFFFFFFFFFFFFFFFFFFFFFFFFFFFFFFF57
:10695000FFFFFFFFFFFFFFFFFFFFFFFFFFFFFFFF47
:10696000FFFFFFFFFFFFFFFFFFFFFFFFFFFFFFFF37
:10697000FFFFFFFFFFFFFFFFFFFFFFFFFFFFFFFF27
:10698000FFFFFFFFFFFFFFFFFFFFFFFFFFFFFFFF17
:10699000FFFFFFFFFFFFFFFFFFFFFFFFFFFFFFFF07
:1069A000FFFFFFFFFFFFFFFFFFFFFFFFFFFFFFFFF7
:1069B000FFFFFFFFFFFFFFFFFFFFFFFFFFFFFFFFE7
:1069C000FFFFFFFFFFFFFFFFFFFFFFFFFFFFFFFFD7
:1069D000FFFFFFFFFFFFFFFFFFFFFFFFFFFFFFFFC7
:1069E000FFFFFFFFFFFFFFFFFFFFFFFFFFFFFFFFB7
:1069F000FFFFFFFFFFFFFFFFFFFFFFFFFFFFFFFFA7
:106A0000FFFFFFFFFFFFFFFFFFFFFFFFFFFFFFFF96
:106A1000FFFFFFFFFFFFFFFFFFFFFFFFFFFFFFFF86
:106A2000FFFFFFFFFFFFFFFFFFFFFFFFFFFFFFFF76
:106A3000FFFFFFFFFFFFFFFFFFFFFFFFFFFFFFFF66
:106A4000FFFFFFFFFFFFFFFFFFFFFFFFFFFFFFFF56
:106A5000FFFFFFFFFFFFFFFFFFFFFFFFFFFFFFFF46
:106A6000FFFFFFFFFFFFFFFFFFFFFFFFFFFFFFFF36
:106A7000FFFFFFFFFFFFFFFFFFFFFFFFFFFFFFFF26
:106A8000FFFFFFFFFFFFFFFFFFFFFFFFFFFFFFFF16
:106A9000FFFFFFFFFFFFFFFFFFFFFFFFFFFFFFFF06
:106AA000FFFFFFFFFFFFFFFFFFFFFFFFFFFFFFFFF6
:106AB000FFFFFFFFFFFFFFFFFFFFFFFFFFFFFFFFE6
:106AC000FFFFFFFFFFFFFFFFFFFFFFFFFFFFFFFFD6
:106AD000FFFFFFFFFFFFFFFFFFFFFFFFFFFFFFFFC6
:106AE000FFFFFFFFFFFFFFFFFFFFFFFFFFFFFFFFB6
:106AF000FFFFFFFFFFFFFFFFFFFFFFFFFFFFFFFFA6
:106B0000FFFFFFFFFFFFFFFFFFFFFFFFFFFFFFFF95
:106B1000FFFFFFFFFFFFFFFFFFFFFFFFFFFFFFFF85
:106B2000FFFFFFFFFFFFFFFFFFFFFFFFFFFFFFFF75
:106B3000FFFFFFFFFFFFFFFFFFFFFFFFFFFFFFFF65
:106B4000FFFFFFFFFFFFFFFFFFFFFFFFFFFFFFFF55
:106B5000FFFFFFFFFFFFFFFFFFFFFFFFFFFFFFFF45
:106B6000FFFFFFFFFFFFFFFFFFFFFFFFFFFFFFFF35
:106B7000FFFFFFFFFFFFFFFFFFFFFFFFFFFFFFFF25
:106B8000FFFFFFFFFFFFFFFFFFFFFFFFFFFFFFFF15
:106B9000FFFFFFFFFFFFFFFFFFFFFFFFFFFFFFFF05
:106BA000FFFFFFFFFFFFFFFFFFFFFFFFFFFFFFFFF5
:106BB000FFFFFFFFFFFFFFFFFFFFFFFFFFFFFFFFE5
:106BC000FFFFFFFFFFFFFFFFFFFFFFFFFFFFFFFFD5
:106BD000FFFFFFFFFFFFFFFFFFFFFFFFFFFFFFFFC5
:106BE000FFFFFFFFFFFFFFFFFFFFFFFFFFFFFFFFB5
:106BF000FFFFFFFFFFFFFFFFFFFFFFFFFFFFFFFFA5
:106C0000FFFFFFFFFFFFFFFFFFFFFFFFFFFFFFFF94
:106C1000FFFFFFFFFFFFFFFFFFFFFFFFFFFFFFFF84
:106C2000FFFFFFFFFFFFFFFFFFFFFFFFFFFFFFFF74
:106C3000FFFFFFFFFFFFFFFFFFFFFFFFFFFFFFFF64
:106C4000FFFFFFFFFFFFFFFFFFFFFFFFFFFFFFFF54
:106C5000FFFFFFFFFFFFFFFFFFFFFFFFFFFFFFFF44
:106C6000FFFFFFFFFFFFFFFFFFFFFFFFFFFFFFFF34
:106C7000FFFFFFFFFFFFFFFFFFFFFFFFFFFFFFFF24
:106C8000FFFFFFFFFFFFFFFFFFFFFFFFFFFFFFFF14
:106C9000FFFFFFFFFFFFFFFFFFFFFFFFFFFFFFFF04
:106CA000FFFFFFFFFFFFFFFFFFFFFFFFFFFFFFFFF4
:106CB000FFFFFFFFFFFFFFFFFFFFFFFFFFFFFFFFE4
:106CC000FFFFFFFFFFFFFFFFFFFFFFFFFFFFFFFFD4
:106CD000FFFFFFFFFFFFFFFFFFFFFFFFFFFFFFFFC4
:106CE000FFFFFFFFFFFFFFFFFFFFFFFFFFFFFFFFB4
:106CF000FFFFFFFFFFFFFFFFFFFFFFFFFFFFFFFFA4
:106D0000FFFFFFFFFFFFFFFFFFFFFFFFFFFFFFFF93
:106D1000FFFFFFFFFFFFFFFFFFFFFFFFFFFFFFFF83
:106D2000FFFFFFFFFFFFFFFFFFFFFFFFFFFFFFFF73
:106D3000FFFFFFFFFFFFFFFFFFFFFFFFFFFFFFFF63
:106D4000FFFFFFFFFFFFFFFFFFFFFFFFFFFFFFFF53
:106D5000FFFFFFFFFFFFFFFFFFFFFFFFFFFFFFFF43
:106D6000FFFFFFFFFFFFFFFFFFFFFFFFFFFFFFFF33
:106D7000FFFFFFFFFFFFFFFFFFFFFFFFFFFFFFFF23
:106D8000FFFFFFFFFFFFFFFFFFFFFFFFFFFFFFFF13
:106D9000FFFFFFFFFFFFFFFFFFFFFFFFFFFFFFFF03
:106DA000FFFFFFFFFFFFFFFFFFFFFFFFFFFFFFFFF3
:106DB000FFFFFFFFFFFFFFFFFFFFFFFFFFFFFFFFE3
:106DC000FFFFFFFFFFFFFFFFFFFFFFFFFFFFFFFFD3
:106DD000FFFFFFFFFFFFFFFFFFFFFFFFFFFFFFFFC3
:106DE000FFFFFFFFFFFFFFFFFFFFFFFFFFFFFFFFB3
:106DF000FFFFFFFFFFFFFFFFFFFFFFFFFFFFFFFFA3
:106E0000FFFFFFFFFFFFFFFFFFFFFFFFFFFFFFFF92
:106E1000FFFFFFFFFFFFFFFFFFFFFFFFFFFFFFFF82
:106E2000FFFFFFFFFFFFFFFFFFFFFFFFFFFFFFFF72
:106E3000FFFFFFFFFFFFFFFFFFFFFFFFFFFFFFFF62
:106E4000FFFFFFFFFFFFFFFFFFFFFFFFFFFFFFFF52
:106E5000FFFFFFFFFFFFFFFFFFFFFFFFFFFFFFFF42
:106E6000FFFFFFFFFFFFFFFFFFFFFFFFFFFFFFFF32
:106E7000FFFFFFFFFFFFFFFFFFFFFFFFFFFFFFFF22
:106E8000FFFFFFFFFFFFFFFFFFFFFFFFFFFFFFFF12
:106E9000FFFFFFFFFFFFFFFFFFFFFFFFFFFFFFFF02
:106EA000FFFFFFFFFFFFFFFFFFFFFFFFFFFFFFFFF2
:106EB000FFFFFFFFFFFFFFFFFFFFFFFFFFFFFFFFE2
:106EC000FFFFFFFFFFFFFFFFFFFFFFFFFFFFFFFFD2
:106ED000FFFFFFFFFFFFFFFFFFFFFFFFFFFFFFFFC2
:106EE000FFFFFFFFFFFFFFFFFFFFFFFFFFFFFFFFB2
:106EF000FFFFFFFFFFFFFFFFFFFFFFFFFFFFFFFFA2
:106F0000FFFFFFFFFFFFFFFFFFFFFFFFFFFFFFFF91
:106F1000FFFFFFFFFFFFFFFFFFFFFFFFFFFFFFFF81
:106F2000FFFFFFFFFFFFFFFFFFFFFFFFFFFFFFFF71
:106F3000FFFFFFFFFFFFFFFFFFFFFFFFFFFFFFFF61
:106F4000FFFFFFFFFFFFFFFFFFFFFFFFFFFFFFFF51
:106F5000FFFFFFFFFFFFFFFFFFFFFFFFFFFFFFFF41
:106F6000FFFFFFFFFFFFFFFFFFFFFFFFFFFFFFFF31
:106F7000FFFFFFFFFFFFFFFFFFFFFFFFFFFFFFFF21
:106F8000FFFFFFFFFFFFFFFFFFFFFFFFFFFFFFFF11
:106F9000FFFFFFFFFFFFFFFFFFFFFFFFFFFFFFFF01
:106FA000FFFFFFFFFFFFFFFFFFFFFFFFFFFFFFFFF1
:106FB000FFFFFFFFFFFFFFFFFFFFFFFFFFFFFFFFE1
:106FC000FFFFFFFFFFFFFFFFFFFFFFFFFFFFFFFFD1
:106FD000FFFFFFFFFFFFFFFFFFFFFFFFFFFFFFFFC1
:106FE000FFFFFFFFFFFFFFFFFFFFFFFFFFFFFFFFB1
:106FF000FFFFFFFFFFFFFFFFFFFFFFFFFFFFFFFFA1
:10700000FFFFFFFFFFFFFFFFFFFFFFFFFFFFFFFF90
:10701000FFFFFFFFFFFFFFFFFFFFFFFFFFFFFFFF80
:10702000FFFFFFFFFFFFFFFFFFFFFFFFFFFFFFFF70
:10703000FFFFFFFFFFFFFFFFFFFFFFFFFFFFFFFF60
:10704000FFFFFFFFFFFFFFFFFFFFFFFFFFFFFFFF50
:10705000FFFFFFFFFFFFFFFFFFFFFFFFFFFFFFFF40
:10706000FFFFFFFFFFFFFFFFFFFFFFFFFFFFFFFF30
:10707000FFFFFFFFFFFFFFFFFFFFFFFFFFFFFFFF20
:10708000FFFFFFFFFFFFFFFFFFFFFFFFFFFFFFFF10
:10709000FFFFFFFFFFFFFFFFFFFFFFFFFFFFFFFF00
:1070A000FFFFFFFFFFFFFFFFFFFFFFFFFFFFFFFFF0
:1070B000FFFFFFFFFFFFFFFFFFFFFFFFFFFFFFFFE0
:1070C000FFFFFFFFFFFFFFFFFFFFFFFFFFFFFFFFD0
:1070D000FFFFFFFFFFFFFFFFFFFFFFFFFFFFFFFFC0
:1070E000FFFFFFFFFFFFFFFFFFFFFFFFFFFFFFFFB0
:1070F000FFFFFFFFFFFFFFFFFFFFFFFFFFFFFFFFA0
:10710000FFFFFFFFFFFFFFFFFFFFFFFFFFFFFFFF8F
:10711000FFFFFFFFFFFFFFFFFFFFFFFFFFFFFFFF7F
:10712000FFFFFFFFFFFFFFFFFFFFFFFFFFFFFFFF6F
:10713000FFFFFFFFFFFFFFFFFFFFFFFFFFFFFFFF5F
:10714000FFFFFFFFFFFFFFFFFFFFFFFFFFFFFFFF4F
:10715000FFFFFFFFFFFFFFFFFFFFFFFFFFFFFFFF3F
:10716000FFFFFFFFFFFFFFFFFFFFFFFFFFFFFFFF2F
:10717000FFFFFFFFFFFFFFFFFFFFFFFFFFFFFFFF1F
:10718000FFFFFFFFFFFFFFFFFFFFFFFFFFFFFFFF0F
:10719000FFFFFFFFFFFFFFFFFFFFFFFFFFFFFFFFFF
:1071A000FFFFFFFFFFFFFFFFFFFFFFFFFFFFFFFFEF
:1071B000FFFFFFFFFFFFFFFFFFFFFFFFFFFFFFFFDF
:1071C000FFFFFFFFFFFFFFFFFFFFFFFFFFFFFFFFCF
:1071D000FFFFFFFFFFFFFFFFFFFFFFFFFFFFFFFFBF
:1071E000FFFFFFFFFFFFFFFFFFFFFFFFFFFFFFFFAF
:1071F000FFFFFFFFFFFFFFFFFFFFFFFFFFFFFFFF9F
:10720000FFFFFFFFFFFFFFFFFFFFFFFFFFFFFFFF8E
:10721000FFFFFFFFFFFFFFFFFFFFFFFFFFFFFFFF7E
:10722000FFFFFFFFFFFFFFFFFFFFFFFFFFFFFFFF6E
:10723000FFFFFFFFFFFFFFFFFFFFFFFFFFFFFFFF5E
:10724000FFFFFFFFFFFFFFFFFFFFFFFFFFFFFFFF4E
:10725000FFFFFFFFFFFFFFFFFFFFFFFFFFFFFFFF3E
:10726000FFFFFFFFFFFFFFFFFFFFFFFFFFFFFFFF2E
:10727000FFFFFFFFFFFFFFFFFFFFFFFFFFFFFFFF1E
:10728000FFFFFFFFFFFFFFFFFFFFFFFFFFFFFFFF0E
:10729000FFFFFFFFFFFFFFFFFFFFFFFFFFFFFFFFFE
:1072A000FFFFFFFFFFFFFFFFFFFFFFFFFFFFFFFFEE
:1072B000FFFFFFFFFFFFFFFFFFFFFFFFFFFFFFFFDE
:1072C000FFFFFFFFFFFFFFFFFFFFFFFFFFFFFFFFCE
:1072D000FFFFFFFFFFFFFFFFFFFFFFFFFFFFFFFFBE
:1072E000FFFFFFFFFFFFFFFFFFFFFFFFFFFFFFFFAE
:1072F000FFFFFFFFFFFFFFFFFFFFFFFFFFFFFFFF9E
:10730000FFFFFFFFFFFFFFFFFFFFFFFFFFFFFFFF8D
:10731000FFFFFFFFFFFFFFFFFFFFFFFFFFFFFFFF7D
:10732000FFFFFFFFFFFFFFFFFFFFFFFFFFFFFFFF6D
:10733000FFFFFFFFFFFFFFFFFFFFFFFFFFFFFFFF5D
:10734000FFFFFFFFFFFFFFFFFFFFFFFFFFFFFFFF4D
:10735000FFFFFFFFFFFFFFFFFFFFFFFFFFFFFFFF3D
:10736000FFFFFFFFFFFFFFFFFFFFFFFFFFFFFFFF2D
:10737000FFFFFFFFFFFFFFFFFFFFFFFFFFFFFFFF1D
:10738000FFFFFFFFFFFFFFFFFFFFFFFFFFFFFFFF0D
:10739000FFFFFFFFFFFFFFFFFFFFFFFFFFFFFFFFFD
:1073A000FFFFFFFFFFFFFFFFFFFFFFFFFFFFFFFFED
:1073B000FFFFFFFFFFFFFFFFFFFFFFFFFFFFFFFFDD
:1073C000FFFFFFFFFFFFFFFFFFFFFFFFFFFFFFFFCD
:1073D000FFFFFFFFFFFFFFFFFFFFFFFFFFFFFFFFBD
:1073E000FFFFFFFFFFFFFFFFFFFFFFFFFFFFFFFFAD
:1073F000FFFFFFFFFFFFFFFFFFFFFFFFFFFFFFFF9D
:10740000FFFFFFFFFFFFFFFFFFFFFFFFFFFFFFFF8C
:10741000FFFFFFFFFFFFFFFFFFFFFFFFFFFFFFFF7C
:10742000FFFFFFFFFFFFFFFFFFFFFFFFFFFFFFFF6C
:10743000FFFFFFFFFFFFFFFFFFFFFFFFFFFFFFFF5C
:10744000FFFFFFFFFFFFFFFFFFFFFFFFFFFFFFFF4C
:10745000FFFFFFFFFFFFFFFFFFFFFFFFFFFFFFFF3C
:10746000FFFFFFFFFFFFFFFFFFFFFFFFFFFFFFFF2C
:10747000FFFFFFFFFFFFFFFFFFFFFFFFFFFFFFFF1C
:10748000FFFFFFFFFFFFFFFFFFFFFFFFFFFFFFFF0C
:10749000FFFFFFFFFFFFFFFFFFFFFFFFFFFFFFFFFC
:1074A000FFFFFFFFFFFFFFFFFFFFFFFFFFFFFFFFEC
:1074B000FFFFFFFFFFFFFFFFFFFFFFFFFFFFFFFFDC
:1074C000FFFFFFFFFFFFFFFFFFFFFFFFFFFFFFFFCC
:1074D000FFFFFFFFFFFFFFFFFFFFFFFFFFFFFFFFBC
:1074E000FFFFFFFFFFFFFFFFFFFFFFFFFFFFFFFFAC
:1074F000FFFFFFFFFFFFFFFFFFFFFFFFFFFFFFFF9C
:10750000FFFFFFFFFFFFFFFFFFFFFFFFFFFFFFFF8B
:10751000FFFFFFFFFFFFFFFFFFFFFFFFFFFFFFFF7B
:10752000FFFFFFFFFFFFFFFFFFFFFFFFFFFFFFFF6B
:10753000FFFFFFFFFFFFFFFFFFFFFFFFFFFFFFFF5B
:10754000FFFFFFFFFFFFFFFFFFFFFFFFFFFFFFFF4B
:10755000FFFFFFFFFFFFFFFFFFFFFFFFFFFFFFFF3B
:10756000FFFFFFFFFFFFFFFFFFFFFFFFFFFFFFFF2B
:10757000FFFFFFFFFFFFFFFFFFFFFFFFFFFFFFFF1B
:10758000FFFFFFFFFFFFFFFFFFFFFFFFFFFFFFFF0B
:10759000FFFFFFFFFFFFFFFFFFFFFFFFFFFFFFFFFB
:1075A000FFFFFFFFFFFFFFFFFFFFFFFFFFFFFFFFEB
:1075B000FFFFFFFFFFFFFFFFFFFFFFFFFFFFFFFFDB
:1075C000FFFFFFFFFFFFFFFFFFFFFFFFFFFFFFFFCB
:1075D000FFFFFFFFFFFFFFFFFFFFFFFFFFFFFFFFBB
:1075E000FFFFFFFFFFFFFFFFFFFFFFFFFFFFFFFFAB
:1075F000FFFFFFFFFFFFFFFFFFFFFFFFFFFFFFFF9B
:10760000FFFFFFFFFFFFFFFFFFFFFFFFFFFFFFFF8A
:10761000FFFFFFFFFFFFFFFFFFFFFFFFFFFFFFFF7A
:10762000FFFFFFFFFFFFFFFFFFFFFFFFFFFFFFFF6A
:10763000FFFFFFFFFFFFFFFFFFFFFFFFFFFFFFFF5A
:10764000FFFFFFFFFFFFFFFFFFFFFFFFFFFFFFFF4A
:10765000FFFFFFFFFFFFFFFFFFFFFFFFFFFFFFFF3A
:10766000FFFFFFFFFFFFFFFFFFFFFFFFFFFFFFFF2A
:10767000FFFFFFFFFFFFFFFFFFFFFFFFFFFFFFFF1A
:10768000FFFFFFFFFFFFFFFFFFFFFFFFFFFFFFFF0A
:10769000FFFFFFFFFFFFFFFFFFFFFFFFFFFFFFFFFA
:1076A000FFFFFFFFFFFFFFFFFFFFFFFFFFFFFFFFEA
:1076B000FFFFFFFFFFFFFFFFFFFFFFFFFFFFFFFFDA
:1076C000FFFFFFFFFFFFFFFFFFFFFFFFFFFFFFFFCA
:1076D000FFFFFFFFFFFFFFFFFFFFFFFFFFFFFFFFBA
:1076E000FFFFFFFFFFFFFFFFFFFFFFFFFFFFFFFFAA
:1076F000FFFFFFFFFFFFFFFFFFFFFFFFFFFFFFFF9A
:10770000FFFFFFFFFFFFFFFFFFFFFFFFFFFFFFFF89
:10771000FFFFFFFFFFFFFFFFFFFFFFFFFFFFFFFF79
:10772000FFFFFFFFFFFFFFFFFFFFFFFFFFFFFFFF69
:10773000FFFFFFFFFFFFFFFFFFFFFFFFFFFFFFFF59
:10774000FFFFFFFFFFFFFFFFFFFFFFFFFFFFFFFF49
:10775000FFFFFFFFFFFFFFFFFFFFFFFFFFFFFFFF39
:10776000FFFFFFFFFFFFFFFFFFFFFFFFFFFFFFFF29
:10777000FFFFFFFFFFFFFFFFFFFFFFFFFFFFFFFF19
:10778000FFFFFFFFFFFFFFFFFFFFFFFFFFFFFFFF09
:10779000FFFFFFFFFFFFFFFFFFFFFFFFFFFFFFFFF9
:1077A000FFFFFFFFFFFFFFFFFFFFFFFFFFFFFFFFE9
:1077B000FFFFFFFFFFFFFFFFFFFFFFFFFFFFFFFFD9
:1077C000FFFFFFFFFFFFFFFFFFFFFFFFFFFFFFFFC9
:1077D000FFFFFFFFFFFFFFFFFFFFFFFFFFFFFFFFB9
:1077E000FFFFFFFFFFFFFFFFFFFFFFFFFFFFFFFFA9
:1077F000FFFFFFFFFFFFFFFFFFFFFFFFFFFFFFFF99
:10780000FFFFFFFFFFFFFFFFFFFFFFFFFFFFFFFF88
:10781000FFFFFFFFFFFFFFFFFFFFFFFFFFFFFFFF78
:10782000FFFFFFFFFFFFFFFFFFFFFFFFFFFFFFFF68
:10783000FFFFFFFFFFFFFFFFFFFFFFFFFFFFFFFF58
:10784000FFFFFFFFFFFFFFFFFFFFFFFFFFFFFFFF48
:10785000FFFFFFFFFFFFFFFFFFFFFFFFFFFFFFFF38
:10786000FFFFFFFFFFFFFFFFFFFFFFFFFFFFFFFF28
:10787000FFFFFFFFFFFFFFFFFFFFFFFFFFFFFFFF18
:10788000FFFFFFFFFFFFFFFFFFFFFFFFFFFFFFFF08
:10789000FFFFFFFFFFFFFFFFFFFFFFFFFFFFFFFFF8
:1078A000FFFFFFFFFFFFFFFFFFFFFFFFFFFFFFFFE8
:1078B000FFFFFFFFFFFFFFFFFFFFFFFFFFFFFFFFD8
:1078C000FFFFFFFFFFFFFFFFFFFFFFFFFFFFFFFFC8
:1078D000FFFFFFFFFFFFFFFFFFFFFFFFFFFFFFFFB8
:1078E000FFFFFFFFFFFFFFFFFFFFFFFFFFFFFFFFA8
:1078F000FFFFFFFFFFFFFFFFFFFFFFFFFFFFFFFF98
:10790000FFFFFFFFFFFFFFFFFFFFFFFFFFFFFFFF87
:10791000FFFFFFFFFFFFFFFFFFFFFFFFFFFFFFFF77
:10792000FFFFFFFFFFFFFFFFFFFFFFFFFFFFFFFF67
:10793000FFFFFFFFFFFFFFFFFFFFFFFFFFFFFFFF57
:10794000FFFFFFFFFFFFFFFFFFFFFFFFFFFFFFFF47
:10795000FFFFFFFFFFFFFFFFFFFFFFFFFFFFFFFF37
:10796000FFFFFFFFFFFFFFFFFFFFFFFFFFFFFFFF27
:10797000FFFFFFFFFFFFFFFFFFFFFFFFFFFFFFFF17
:10798000FFFFFFFFFFFFFFFFFFFFFFFFFFFFFFFF07
:10799000FFFFFFFFFFFFFFFFFFFFFFFFFFFFFFFFF7
:1079A000FFFFFFFFFFFFFFFFFFFFFFFFFFFFFFFFE7
:1079B000FFFFFFFFFFFFFFFFFFFFFFFFFFFFFFFFD7
:1079C000FFFFFFFFFFFFFFFFFFFFFFFFFFFFFFFFC7
:1079D000FFFFFFFFFFFFFFFFFFFFFFFFFFFFFFFFB7
:1079E000FFFFFFFFFFFFFFFFFFFFFFFFFFFFFFFFA7
:1079F000FFFFFFFFFFFFFFFFFFFFFFFFFFFFFFFF97
:107A0000FFFFFFFFFFFFFFFFFFFFFFFFFFFFFFFF86
:107A1000FFFFFFFFFFFFFFFFFFFFFFFFFFFFFFFF76
:107A2000FFFFFFFFFFFFFFFFFFFFFFFFFFFFFFFF66
:107A3000FFFFFFFFFFFFFFFFFFFFFFFFFFFFFFFF56
:107A4000FFFFFFFFFFFFFFFFFFFFFFFFFFFFFFFF46
:107A5000FFFFFFFFFFFFFFFFFFFFFFFFFFFFFFFF36
:107A6000FFFFFFFFFFFFFFFFFFFFFFFFFFFFFFFF26
:107A7000FFFFFFFFFFFFFFFFFFFFFFFFFFFFFFFF16
:107A8000FFFFFFFFFFFFFFFFFFFFFFFFFFFFFFFF06
:107A9000FFFFFFFFFFFFFFFFFFFFFFFFFFFFFFFFF6
:107AA000FFFFFFFFFFFFFFFFFFFFFFFFFFFFFFFFE6
:107AB000FFFFFFFFFFFFFFFFFFFFFFFFFFFFFFFFD6
:107AC000FFFFFFFFFFFFFFFFFFFFFFFFFFFFFFFFC6
:107AD000FFFFFFFFFFFFFFFFFFFFFFFFFFFFFFFFB6
:107AE000FFFFFFFFFFFFFFFFFFFFFFFFFFFFFFFFA6
:107AF000FFFFFFFFFFFFFFFFFFFFFFFFFFFFFFFF96
:107B0000FFFFFFFFFFFFFFFFFFFFFFFFFFFFFFFF85
:107B1000FFFFFFFFFFFFFFFFFFFFFFFFFFFFFFFF75
:107B2000FFFFFFFFFFFFFFFFFFFFFFFFFFFFFFFF65
:107B3000FFFFFFFFFFFFFFFFFFFFFFFFFFFFFFFF55
:107B4000FFFFFFFFFFFFFFFFFFFFFFFFFFFFFFFF45
:107B5000FFFFFFFFFFFFFFFFFFFFFFFFFFFFFFFF35
:107B6000FFFFFFFFFFFFFFFFFFFFFFFFFFFFFFFF25
:107B7000FFFFFFFFFFFFFFFFFFFFFFFFFFFFFFFF15
:107B8000FFFFFFFFFFFFFFFFFFFFFFFFFFFFFFFF05
:107B9000FFFFFFFFFFFFFFFFFFFFFFFFFFFFFFFFF5
:107BA000FFFFFFFFFFFFFFFFFFFFFFFFFFFFFFFFE5
:107BB000FFFFFFFFFFFFFFFFFFFFFFFFFFFFFFFFD5
:107BC000FFFFFFFFFFFFFFFFFFFFFFFFFFFFFFFFC5
:107BD000FFFFFFFFFFFFFFFFFFFFFFFFFFFFFFFFB5
:107BE000FFFFFFFFFFFFFFFFFFFFFFFFFFFFFFFFA5
:107BF000FFFFFFFFFFFFFFFFFFFFFFFFFFFFFFFF95
:107C0000FFFFFFFFFFFFFFFFFFFFFFFFFFFFFFFF84
:107C1000FFFFFFFFFFFFFFFFFFFFFFFFFFFFFFFF74
:107C2000FFFFFFFFFFFFFFFFFFFFFFFFFFFFFFFF64
:107C3000FFFFFFFFFFFFFFFFFFFFFFFFFFFFFFFF54
:107C4000FFFFFFFFFFFFFFFFFFFFFFFFFFFFFFFF44
:107C5000FFFFFFFFFFFFFFFFFFFFFFFFFFFFFFFF34
:107C6000FFFFFFFFFFFFFFFFFFFFFFFFFFFFFFFF24
:107C7000FFFFFFFFFFFFFFFFFFFFFFFFFFFFFFFF14
:107C8000FFFFFFFFFFFFFFFFFFFFFFFFFFFFFFFF04
:107C9000FFFFFFFFFFFFFFFFFFFFFFFFFFFFFFFFF4
:107CA000FFFFFFFFFFFFFFFFFFFFFFFFFFFFFFFFE4
:107CB000FFFFFFFFFFFFFFFFFFFFFFFFFFFFFFFFD4
:107CC000FFFFFFFFFFFFFFFFFFFFFFFFFFFFFFFFC4
:107CD000FFFFFFFFFFFFFFFFFFFFFFFFFFFFFFFFB4
:107CE000FFFFFFFFFFFFFFFFFFFFFFFFFFFFFFFFA4
:107CF000FFFFFFFFFFFFFFFFFFFFFFFFFFFFFFFF94
:107D0000FFFFFFFFFFFFFFFFFFFFFFFFFFFFFFFF83
:107D1000FFFFFFFFFFFFFFFFFFFFFFFFFFFFFFFF73
:107D2000FFFFFFFFFFFFFFFFFFFFFFFFFFFFFFFF63
:107D3000FFFFFFFFFFFFFFFFFFFFFFFFFFFFFFFF53
:107D4000FFFFFFFFFFFFFFFFFFFFFFFFFFFFFFFF43
:107D5000FFFFFFFFFFFFFFFFFFFFFFFFFFFFFFFF33
:107D6000FFFFFFFFFFFFFFFFFFFFFFFFFFFFFFFF23
:107D7000FFFFFFFFFFFFFFFFFFFFFFFFFFFFFFFF13
:107D8000FFFFFFFFFFFFFFFFFFFFFFFFFFFFFFFF03
:107D9000FFFFFFFFFFFFFFFFFFFFFFFFFFFFFFFFF3
:107DA000FFFFFFFFFFFFFFFFFFFFFFFFFFFFFFFFE3
:107DB000FFFFFFFFFFFFFFFFFFFFFFFFFFFFFFFFD3
:107DC000FFFFFFFFFFFFFFFFFFFFFFFFFFFFFFFFC3
:107DD000FFFFFFFFFFFFFFFFFFFFFFFFFFFFFFFFB3
:107DE000FFFFFFFFFFFFFFFFFFFFFFFFFFFFFFFFA3
:107DF000FFFFFFFFFFFFFFFFFFFFFFFFFFFFFFFF93
:107E0000FFFFFFFFFFFFFFFFFFFFFFFFFFFFFFFF82
:107E1000FFFFFFFFFFFFFFFFFFFFFFFFFFFFFFFF72
:107E2000FFFFFFFFFFFFFFFFFFFFFFFFFFFFFFFF62
:107E3000FFFFFFFFFFFFFFFFFFFFFFFFFFFFFFFF52
:107E4000FFFFFFFFFFFFFFFFFFFFFFFFFFFFFFFF42
:107E5000FFFFFFFFFFFFFFFFFFFFFFFFFFFFFFFF32
:107E6000FFFFFFFFFFFFFFFFFFFFFFFFFFFFFFFF22
:107E7000FFFFFFFFFFFFFFFFFFFFFFFFFFFFFFFF12
:107E8000FFFFFFFFFFFFFFFFFFFFFFFFFFFFFFFF02
:107E9000FFFFFFFFFFFFFFFFFFFFFFFFFFFFFFFFF2
:107EA000FFFFFFFFFFFFFFFFFFFFFFFFFFFFFFFFE2
:107EB000FFFFFFFFFFFFFFFFFFFFFFFFFFFFFFFFD2
:107EC000FFFFFFFFFFFFFFFFFFFFFFFFFFFFFFFFC2
:107ED000FFFFFFFFFFFFFFFFFFFFFFFFFFFFFFFFB2
:107EE000FFFFFFFFFFFFFFFFFFFFFFFFFFFFFFFFA2
:107EF000FFFFFFFFFFFFFFFFFFFFFFFFFFFFFFFF92
:107F0000FFFFFFFFFFFFFFFFFFFFFFFFFFFFFFFF81
:107F1000FFFFFFFFFFFFFFFFFFFFFFFFFFFFFFFF71
:107F2000FFFFFFFFFFFFFFFFFFFFFFFFFFFFFFFF61
:107F3000FFFFFFFFFFFFFFFFFFFFFFFFFFFFFFFF51
:107F4000FFFFFFFFFFFFFFFFFFFFFFFFFFFFFFFF41
:107F5000FFFFFFFFFFFFFFFFFFFFFFFFFFFFFFFF31
:107F6000FFFFFFFFFFFFFFFFFFFFFFFFFFFFFFFF21
:107F7000FFFFFFFFFFFFFFFFFFFFFFFFFFFFFFFF11
:107F8000FFFFFFFFFFFFFFFFFFFFFFFFFFFFFFFF01
:107F9000FFFFFFFFFFFFFFFFFFFFFFFFFFFFFFFFF1
:107FA000FFFFFFFFFFFFFFFFFFFFFFFFFFFFFFFFE1
:107FB000FFFFFFFFFFFFFFFFFFFFFFFFFFFFFFFFD1
:107FC000FFFFFFFFFFFFFFFFFFFFFFFFFFFFFFFFC1
:107FD000FFFFFFFFFFFFFFFFFFFFFFFFFFFFFFFFB1
:107FE000FFFFFFFFFFFFFFFFFFFFFFFFFFFFFFFFA1
:107FF000FFFFFFFFFFFFFFFFFFFFFFFFFFFFFFFF91
:10800000FFFFFFFFFFFFFFFFFFFFFFFFFFFFFFFF80
:10801000FFFFFFFFFFFFFFFFFFFFFFFFFFFFFFFF70
:10802000FFFFFFFFFFFFFFFFFFFFFFFFFFFFFFFF60
:10803000FFFFFFFFFFFFFFFFFFFFFFFFFFFFFFFF50
:10804000FFFFFFFFFFFFFFFFFFFFFFFFFFFFFFFF40
:10805000FFFFFFFFFFFFFFFFFFFFFFFFFFFFFFFF30
:10806000FFFFFFFFFFFFFFFFFFFFFFFFFFFFFFFF20
:10807000FFFFFFFFFFFFFFFFFFFFFFFFFFFFFFFF10
:10808000FFFFFFFFFFFFFFFFFFFFFFFFFFFFFFFF00
:10809000FFFFFFFFFFFFFFFFFFFFFFFFFFFFFFFFF0
:1080A000FFFFFFFFFFFFFFFFFFFFFFFFFFFFFFFFE0
:1080B000FFFFFFFFFFFFFFFFFFFFFFFFFFFFFFFFD0
:1080C000FFFFFFFFFFFFFFFFFFFFFFFFFFFFFFFFC0
:1080D000FFFFFFFFFFFFFFFFFFFFFFFFFFFFFFFFB0
:1080E000FFFFFFFFFFFFFFFFFFFFFFFFFFFFFFFFA0
:1080F000FFFFFFFFFFFFFFFFFFFFFFFFFFFFFFFF90
:10810000FFFFFFFFFFFFFFFFFFFFFFFFFFFFFFFF7F
:10811000FFFFFFFFFFFFFFFFFFFFFFFFFFFFFFFF6F
:10812000FFFFFFFFFFFFFFFFFFFFFFFFFFFFFFFF5F
:10813000FFFFFFFFFFFFFFFFFFFFFFFFFFFFFFFF4F
:10814000FFFFFFFFFFFFFFFFFFFFFFFFFFFFFFFF3F
:10815000FFFFFFFFFFFFFFFFFFFFFFFFFFFFFFFF2F
:10816000FFFFFFFFFFFFFFFFFFFFFFFFFFFFFFFF1F
:10817000FFFFFFFFFFFFFFFFFFFFFFFFFFFFFFFF0F
:10818000FFFFFFFFFFFFFFFFFFFFFFFFFFFFFFFFFF
:10819000FFFFFFFFFFFFFFFFFFFFFFFFFFFFFFFFEF
:1081A000FFFFFFFFFFFFFFFFFFFFFFFFFFFFFFFFDF
:1081B000FFFFFFFFFFFFFFFFFFFFFFFFFFFFFFFFCF
:1081C000FFFFFFFFFFFFFFFFFFFFFFFFFFFFFFFFBF
:1081D000FFFFFFFFFFFFFFFFFFFFFFFFFFFFFFFFAF
:1081E000FFFFFFFFFFFFFFFFFFFFFFFFFFFFFFFF9F
:1081F000FFFFFFFFFFFFFFFFFFFFFFFFFFFFFFFF8F
:10820000FFFFFFFFFFFFFFFFFFFFFFFFFFFFFFFF7E
:10821000FFFFFFFFFFFFFFFFFFFFFFFFFFFFFFFF6E
:10822000FFFFFFFFFFFFFFFFFFFFFFFFFFFFFFFF5E
:10823000FFFFFFFFFFFFFFFFFFFFFFFFFFFFFFFF4E
:10824000FFFFFFFFFFFFFFFFFFFFFFFFFFFFFFFF3E
:10825000FFFFFFFFFFFFFFFFFFFFFFFFFFFFFFFF2E
:10826000FFFFFFFFFFFFFFFFFFFFFFFFFFFFFFFF1E
:10827000FFFFFFFFFFFFFFFFFFFFFFFFFFFFFFFF0E
:10828000FFFFFFFFFFFFFFFFFFFFFFFFFFFFFFFFFE
:10829000FFFFFFFFFFFFFFFFFFFFFFFFFFFFFFFFEE
:1082A000FFFFFFFFFFFFFFFFFFFFFFFFFFFFFFFFDE
:1082B000FFFFFFFFFFFFFFFFFFFFFFFFFFFFFFFFCE
:1082C000FFFFFFFFFFFFFFFFFFFFFFFFFFFFFFFFBE
:1082D000FFFFFFFFFFFFFFFFFFFFFFFFFFFFFFFFAE
:1082E000FFFFFFFFFFFFFFFFFFFFFFFFFFFFFFFF9E
:1082F000FFFFFFFFFFFFFFFFFFFFFFFFFFFFFFFF8E
:10830000FFFFFFFFFFFFFFFFFFFFFFFFFFFFFFFF7D
:10831000FFFFFFFFFFFFFFFFFFFFFFFFFFFFFFFF6D
:10832000FFFFFFFFFFFFFFFFFFFFFFFFFFFFFFFF5D
:10833000FFFFFFFFFFFFFFFFFFFFFFFFFFFFFFFF4D
:10834000FFFFFFFFFFFFFFFFFFFFFFFFFFFFFFFF3D
:10835000FFFFFFFFFFFFFFFFFFFFFFFFFFFFFFFF2D
:10836000FFFFFFFFFFFFFFFFFFFFFFFFFFFFFFFF1D
:10837000FFFFFFFFFFFFFFFFFFFFFFFFFFFFFFFF0D
:10838000FFFFFFFFFFFFFFFFFFFFFFFFFFFFFFFFFD
:10839000FFFFFFFFFFFFFFFFFFFFFFFFFFFFFFFFED
:1083A000FFFFFFFFFFFFFFFFFFFFFFFFFFFFFFFFDD
:1083B000FFFFFFFFFFFFFFFFFFFFFFFFFFFFFFFFCD
:1083C000FFFFFFFFFFFFFFFFFFFFFFFFFFFFFFFFBD
:1083D000FFFFFFFFFFFFFFFFFFFFFFFFFFFFFFFFAD
:1083E000FFFFFFFFFFFFFFFFFFFFFFFFFFFFFFFF9D
:1083F000FFFFFFFFFFFFFFFFFFFFFFFFFFFFFFFF8D
:10840000FFFFFFFFFFFFFFFFFFFFFFFFFFFFFFFF7C
:10841000FFFFFFFFFFFFFFFFFFFFFFFFFFFFFFFF6C
:10842000FFFFFFFFFFFFFFFFFFFFFFFFFFFFFFFF5C
:10843000FFFFFFFFFFFFFFFFFFFFFFFFFFFFFFFF4C
:10844000FFFFFFFFFFFFFFFFFFFFFFFFFFFFFFFF3C
:10845000FFFFFFFFFFFFFFFFFFFFFFFFFFFFFFFF2C
:10846000FFFFFFFFFFFFFFFFFFFFFFFFFFFFFFFF1C
:10847000FFFFFFFFFFFFFFFFFFFFFFFFFFFFFFFF0C
:10848000FFFFFFFFFFFFFFFFFFFFFFFFFFFFFFFFFC
:10849000FFFFFFFFFFFFFFFFFFFFFFFFFFFFFFFFEC
:1084A000FFFFFFFFFFFFFFFFFFFFFFFFFFFFFFFFDC
:1084B000FFFFFFFFFFFFFFFFFFFFFFFFFFFFFFFFCC
:1084C000FFFFFFFFFFFFFFFFFFFFFFFFFFFFFFFFBC
:1084D000FFFFFFFFFFFFFFFFFFFFFFFFFFFFFFFFAC
:1084E000FFFFFFFFFFFFFFFFFFFFFFFFFFFFFFFF9C
:1084F000FFFFFFFFFFFFFFFFFFFFFFFFFFFFFFFF8C
:10850000FFFFFFFFFFFFFFFFFFFFFFFFFFFFFFFF7B
:10851000FFFFFFFFFFFFFFFFFFFFFFFFFFFFFFFF6B
:10852000FFFFFFFFFFFFFFFFFFFFFFFFFFFFFFFF5B
:10853000FFFFFFFFFFFFFFFFFFFFFFFFFFFFFFFF4B
:10854000FFFFFFFFFFFFFFFFFFFFFFFFFFFFFFFF3B
:10855000FFFFFFFFFFFFFFFFFFFFFFFFFFFFFFFF2B
:10856000FFFFFFFFFFFFFFFFFFFFFFFFFFFFFFFF1B
:10857000FFFFFFFFFFFFFFFFFFFFFFFFFFFFFFFF0B
:10858000FFFFFFFFFFFFFFFFFFFFFFFFFFFFFFFFFB
:10859000FFFFFFFFFFFFFFFFFFFFFFFFFFFFFFFFEB
:1085A000FFFFFFFFFFFFFFFFFFFFFFFFFFFFFFFFDB
:1085B000FFFFFFFFFFFFFFFFFFFFFFFFFFFFFFFFCB
:1085C000FFFFFFFFFFFFFFFFFFFFFFFFFFFFFFFFBB
:1085D000FFFFFFFFFFFFFFFFFFFFFFFFFFFFFFFFAB
:1085E000FFFFFFFFFFFFFFFFFFFFFFFFFFFFFFFF9B
:1085F000FFFFFFFFFFFFFFFFFFFFFFFFFFFFFFFF8B
:10860000FFFFFFFFFFFFFFFFFFFFFFFFFFFFFFFF7A
:10861000FFFFFFFFFFFFFFFFFFFFFFFFFFFFFFFF6A
:10862000FFFFFFFFFFFFFFFFFFFFFFFFFFFFFFFF5A
:10863000FFFFFFFFFFFFFFFFFFFFFFFFFFFFFFFF4A
:10864000FFFFFFFFFFFFFFFFFFFFFFFFFFFFFFFF3A
:10865000FFFFFFFFFFFFFFFFFFFFFFFFFFFFFFFF2A
:10866000FFFFFFFFFFFFFFFFFFFFFFFFFFFFFFFF1A
:10867000FFFFFFFFFFFFFFFFFFFFFFFFFFFFFFFF0A
:10868000FFFFFFFFFFFFFFFFFFFFFFFFFFFFFFFFFA
:10869000FFFFFFFFFFFFFFFFFFFFFFFFFFFFFFFFEA
:1086A000FFFFFFFFFFFFFFFFFFFFFFFFFFFFFFFFDA
:1086B000FFFFFFFFFFFFFFFFFFFFFFFFFFFFFFFFCA
:1086C000FFFFFFFFFFFFFFFFFFFFFFFFFFFFFFFFBA
:1086D000FFFFFFFFFFFFFFFFFFFFFFFFFFFFFFFFAA
:1086E000FFFFFFFFFFFFFFFFFFFFFFFFFFFFFFFF9A
:1086F000FFFFFFFFFFFFFFFFFFFFFFFFFFFFFFFF8A
:10870000FFFFFFFFFFFFFFFFFFFFFFFFFFFFFFFF79
:10871000FFFFFFFFFFFFFFFFFFFFFFFFFFFFFFFF69
:10872000FFFFFFFFFFFFFFFFFFFFFFFFFFFFFFFF59
:10873000FFFFFFFFFFFFFFFFFFFFFFFFFFFFFFFF49
:10874000FFFFFFFFFFFFFFFFFFFFFFFFFFFFFFFF39
:10875000FFFFFFFFFFFFFFFFFFFFFFFFFFFFFFFF29
:10876000FFFFFFFFFFFFFFFFFFFFFFFFFFFFFFFF19
:10877000FFFFFFFFFFFFFFFFFFFFFFFFFFFFFFFF09
:10878000FFFFFFFFFFFFFFFFFFFFFFFFFFFFFFFFF9
:10879000FFFFFFFFFFFFFFFFFFFFFFFFFFFFFFFFE9
:1087A000FFFFFFFFFFFFFFFFFFFFFFFFFFFFFFFFD9
:1087B000FFFFFFFFFFFFFFFFFFFFFFFFFFFFFFFFC9
:1087C000FFFFFFFFFFFFFFFFFFFFFFFFFFFFFFFFB9
:1087D000FFFFFFFFFFFFFFFFFFFFFFFFFFFFFFFFA9
:1087E000FFFFFFFFFFFFFFFFFFFFFFFFFFFFFFFF99
:1087F000FFFFFFFFFFFFFFFFFFFFFFFFFFFFFFFF89
:10880000FFFFFFFFFFFFFFFFFFFFFFFFFFFFFFFF78
:10881000FFFFFFFFFFFFFFFFFFFFFFFFFFFFFFFF68
:10882000FFFFFFFFFFFFFFFFFFFFFFFFFFFFFFFF58
:10883000FFFFFFFFFFFFFFFFFFFFFFFFFFFFFFFF48
:10884000FFFFFFFFFFFFFFFFFFFFFFFFFFFFFFFF38
:10885000FFFFFFFFFFFFFFFFFFFFFFFFFFFFFFFF28
:10886000FFFFFFFFFFFFFFFFFFFFFFFFFFFFFFFF18
:10887000FFFFFFFFFFFFFFFFFFFFFFFFFFFFFFFF08
:10888000FFFFFFFFFFFFFFFFFFFFFFFFFFFFFFFFF8
:10889000FFFFFFFFFFFFFFFFFFFFFFFFFFFFFFFFE8
:1088A000FFFFFFFFFFFFFFFFFFFFFFFFFFFFFFFFD8
:1088B000FFFFFFFFFFFFFFFFFFFFFFFFFFFFFFFFC8
:1088C000FFFFFFFFFFFFFFFFFFFFFFFFFFFFFFFFB8
:1088D000FFFFFFFFFFFFFFFFFFFFFFFFFFFFFFFFA8
:1088E000FFFFFFFFFFFFFFFFFFFFFFFFFFFFFFFF98
:1088F000FFFFFFFFFFFFFFFFFFFFFFFFFFFFFFFF88
:10890000FFFFFFFFFFFFFFFFFFFFFFFFFFFFFFFF77
:10891000FFFFFFFFFFFFFFFFFFFFFFFFFFFFFFFF67
:10892000FFFFFFFFFFFFFFFFFFFFFFFFFFFFFFFF57
:10893000FFFFFFFFFFFFFFFFFFFFFFFFFFFFFFFF47
:10894000FFFFFFFFFFFFFFFFFFFFFFFFFFFFFFFF37
:10895000FFFFFFFFFFFFFFFFFFFFFFFFFFFFFFFF27
:10896000FFFFFFFFFFFFFFFFFFFFFFFFFFFFFFFF17
:10897000FFFFFFFFFFFFFFFFFFFFFFFFFFFFFFFF07
:10898000FFFFFFFFFFFFFFFFFFFFFFFFFFFFFFFFF7
:10899000FFFFFFFFFFFFFFFFFFFFFFFFFFFFFFFFE7
:1089A000FFFFFFFFFFFFFFFFFFFFFFFFFFFFFFFFD7
:1089B000FFFFFFFFFFFFFFFFFFFFFFFFFFFFFFFFC7
:1089C000FFFFFFFFFFFFFFFFFFFFFFFFFFFFFFFFB7
:1089D000FFFFFFFFFFFFFFFFFFFFFFFFFFFFFFFFA7
:1089E000FFFFFFFFFFFFFFFFFFFFFFFFFFFFFFFF97
:1089F000FFFFFFFFFFFFFFFFFFFFFFFFFFFFFFFF87
:108A0000FFFFFFFFFFFFFFFFFFFFFFFFFFFFFFFF76
:108A1000FFFFFFFFFFFFFFFFFFFFFFFFFFFFFFFF66
:108A2000FFFFFFFFFFFFFFFFFFFFFFFFFFFFFFFF56
:108A3000FFFFFFFFFFFFFFFFFFFFFFFFFFFFFFFF46
:108A4000FFFFFFFFFFFFFFFFFFFFFFFFFFFFFFFF36
:108A5000FFFFFFFFFFFFFFFFFFFFFFFFFFFFFFFF26
:108A6000FFFFFFFFFFFFFFFFFFFFFFFFFFFFFFFF16
:108A7000FFFFFFFFFFFFFFFFFFFFFFFFFFFFFFFF06
:108A8000FFFFFFFFFFFFFFFFFFFFFFFFFFFFFFFFF6
:108A9000FFFFFFFFFFFFFFFFFFFFFFFFFFFFFFFFE6
:108AA000FFFFFFFFFFFFFFFFFFFFFFFFFFFFFFFFD6
:108AB000FFFFFFFFFFFFFFFFFFFFFFFFFFFFFFFFC6
:108AC000FFFFFFFFFFFFFFFFFFFFFFFFFFFFFFFFB6
:108AD000FFFFFFFFFFFFFFFFFFFFFFFFFFFFFFFFA6
:108AE000FFFFFFFFFFFFFFFFFFFFFFFFFFFFFFFF96
:108AF000FFFFFFFFFFFFFFFFFFFFFFFFFFFFFFFF86
:108B0000FFFFFFFFFFFFFFFFFFFFFFFFFFFFFFFF75
:108B1000FFFFFFFFFFFFFFFFFFFFFFFFFFFFFFFF65
:108B2000FFFFFFFFFFFFFFFFFFFFFFFFFFFFFFFF55
:108B3000FFFFFFFFFFFFFFFFFFFFFFFFFFFFFFFF45
:108B4000FFFFFFFFFFFFFFFFFFFFFFFFFFFFFFFF35
:108B5000FFFFFFFFFFFFFFFFFFFFFFFFFFFFFFFF25
:108B6000FFFFFFFFFFFFFFFFFFFFFFFFFFFFFFFF15
:108B7000FFFFFFFFFFFFFFFFFFFFFFFFFFFFFFFF05
:108B8000FFFFFFFFFFFFFFFFFFFFFFFFFFFFFFFFF5
:108B9000FFFFFFFFFFFFFFFFFFFFFFFFFFFFFFFFE5
:108BA000FFFFFFFFFFFFFFFFFFFFFFFFFFFFFFFFD5
:108BB000FFFFFFFFFFFFFFFFFFFFFFFFFFFFFFFFC5
:108BC000FFFFFFFFFFFFFFFFFFFFFFFFFFFFFFFFB5
:108BD000FFFFFFFFFFFFFFFFFFFFFFFFFFFFFFFFA5
:108BE000FFFFFFFFFFFFFFFFFFFFFFFFFFFFFFFF95
:108BF000FFFFFFFFFFFFFFFFFFFFFFFFFFFFFFFF85
:108C0000FFFFFFFFFFFFFFFFFFFFFFFFFFFFFFFF74
:108C1000FFFFFFFFFFFFFFFFFFFFFFFFFFFFFFFF64
:108C2000FFFFFFFFFFFFFFFFFFFFFFFFFFFFFFFF54
:108C3000FFFFFFFFFFFFFFFFFFFFFFFFFFFFFFFF44
:108C4000FFFFFFFFFFFFFFFFFFFFFFFFFFFFFFFF34
:108C5000FFFFFFFFFFFFFFFFFFFFFFFFFFFFFFFF24
:108C6000FFFFFFFFFFFFFFFFFFFFFFFFFFFFFFFF14
:108C7000FFFFFFFFFFFFFFFFFFFFFFFFFFFFFFFF04
:108C8000FFFFFFFFFFFFFFFFFFFFFFFFFFFFFFFFF4
:108C9000FFFFFFFFFFFFFFFFFFFFFFFFFFFFFFFFE4
:108CA000FFFFFFFFFFFFFFFFFFFFFFFFFFFFFFFFD4
:108CB000FFFFFFFFFFFFFFFFFFFFFFFFFFFFFFFFC4
:108CC000FFFFFFFFFFFFFFFFFFFFFFFFFFFFFFFFB4
:108CD000FFFFFFFFFFFFFFFFFFFFFFFFFFFFFFFFA4
:108CE000FFFFFFFFFFFFFFFFFFFFFFFFFFFFFFFF94
:108CF000FFFFFFFFFFFFFFFFFFFFFFFFFFFFFFFF84
:108D0000FFFFFFFFFFFFFFFFFFFFFFFFFFFFFFFF73
:108D1000FFFFFFFFFFFFFFFFFFFFFFFFFFFFFFFF63
:108D2000FFFFFFFFFFFFFFFFFFFFFFFFFFFFFFFF53
:108D3000FFFFFFFFFFFFFFFFFFFFFFFFFFFFFFFF43
:108D4000FFFFFFFFFFFFFFFFFFFFFFFFFFFFFFFF33
:108D5000FFFFFFFFFFFFFFFFFFFFFFFFFFFFFFFF23
:108D6000FFFFFFFFFFFFFFFFFFFFFFFFFFFFFFFF13
:108D7000FFFFFFFFFFFFFFFFFFFFFFFFFFFFFFFF03
:108D8000FFFFFFFFFFFFFFFFFFFFFFFFFFFFFFFFF3
:108D9000FFFFFFFFFFFFFFFFFFFFFFFFFFFFFFFFE3
:108DA000FFFFFFFFFFFFFFFFFFFFFFFFFFFFFFFFD3
:108DB000FFFFFFFFFFFFFFFFFFFFFFFFFFFFFFFFC3
:108DC000FFFFFFFFFFFFFFFFFFFFFFFFFFFFFFFFB3
:108DD000FFFFFFFFFFFFFFFFFFFFFFFFFFFFFFFFA3
:108DE000FFFFFFFFFFFFFFFFFFFFFFFFFFFFFFFF93
:108DF000FFFFFFFFFFFFFFFFFFFFFFFFFFFFFFFF83
:108E0000FFFFFFFFFFFFFFFFFFFFFFFFFFFFFFFF72
:108E1000FFFFFFFFFFFFFFFFFFFFFFFFFFFFFFFF62
:108E2000FFFFFFFFFFFFFFFFFFFFFFFFFFFFFFFF52
:108E3000FFFFFFFFFFFFFFFFFFFFFFFFFFFFFFFF42
:108E4000FFFFFFFFFFFFFFFFFFFFFFFFFFFFFFFF32
:108E5000FFFFFFFFFFFFFFFFFFFFFFFFFFFFFFFF22
:108E6000FFFFFFFFFFFFFFFFFFFFFFFFFFFFFFFF12
:108E7000FFFFFFFFFFFFFFFFFFFFFFFFFFFFFFFF02
:108E8000FFFFFFFFFFFFFFFFFFFFFFFFFFFFFFFFF2
:108E9000FFFFFFFFFFFFFFFFFFFFFFFFFFFFFFFFE2
:108EA000FFFFFFFFFFFFFFFFFFFFFFFFFFFFFFFFD2
:108EB000FFFFFFFFFFFFFFFFFFFFFFFFFFFFFFFFC2
:108EC000FFFFFFFFFFFFFFFFFFFFFFFFFFFFFFFFB2
:108ED000FFFFFFFFFFFFFFFFFFFFFFFFFFFFFFFFA2
:108EE000FFFFFFFFFFFFFFFFFFFFFFFFFFFFFFFF92
:108EF000FFFFFFFFFFFFFFFFFFFFFFFFFFFFFFFF82
:108F0000FFFFFFFFFFFFFFFFFFFFFFFFFFFFFFFF71
:108F1000FFFFFFFFFFFFFFFFFFFFFFFFFFFFFFFF61
:108F2000FFFFFFFFFFFFFFFFFFFFFFFFFFFFFFFF51
:108F3000FFFFFFFFFFFFFFFFFFFFFFFFFFFFFFFF41
:108F4000FFFFFFFFFFFFFFFFFFFFFFFFFFFFFFFF31
:108F5000FFFFFFFFFFFFFFFFFFFFFFFFFFFFFFFF21
:108F6000FFFFFFFFFFFFFFFFFFFFFFFFFFFFFFFF11
:108F7000FFFFFFFFFFFFFFFFFFFFFFFFFFFFFFFF01
:108F8000FFFFFFFFFFFFFFFFFFFFFFFFFFFFFFFFF1
:108F9000FFFFFFFFFFFFFFFFFFFFFFFFFFFFFFFFE1
:108FA000FFFFFFFFFFFFFFFFFFFFFFFFFFFFFFFFD1
:108FB000FFFFFFFFFFFFFFFFFFFFFFFFFFFFFFFFC1
:108FC000FFFFFFFFFFFFFFFFFFFFFFFFFFFFFFFFB1
:108FD000FFFFFFFFFFFFFFFFFFFFFFFFFFFFFFFFA1
:108FE000FFFFFFFFFFFFFFFFFFFFFFFFFFFFFFFF91
:108FF000FFFFFFFFFFFFFFFFFFFFFFFFFFFFFFFF81
:10900000FFFFFFFFFFFFFFFFFFFFFFFFFFFFFFFF70
:10901000FFFFFFFFFFFFFFFFFFFFFFFFFFFFFFFF60
:10902000FFFFFFFFFFFFFFFFFFFFFFFFFFFFFFFF50
:10903000FFFFFFFFFFFFFFFFFFFFFFFFFFFFFFFF40
:10904000FFFFFFFFFFFFFFFFFFFFFFFFFFFFFFFF30
:10905000FFFFFFFFFFFFFFFFFFFFFFFFFFFFFFFF20
:10906000FFFFFFFFFFFFFFFFFFFFFFFFFFFFFFFF10
:10907000FFFFFFFFFFFFFFFFFFFFFFFFFFFFFFFF00
:10908000FFFFFFFFFFFFFFFFFFFFFFFFFFFFFFFFF0
:10909000FFFFFFFFFFFFFFFFFFFFFFFFFFFFFFFFE0
:1090A000FFFFFFFFFFFFFFFFFFFFFFFFFFFFFFFFD0
:1090B000FFFFFFFFFFFFFFFFFFFFFFFFFFFFFFFFC0
:1090C000FFFFFFFFFFFFFFFFFFFFFFFFFFFFFFFFB0
:1090D000FFFFFFFFFFFFFFFFFFFFFFFFFFFFFFFFA0
:1090E000FFFFFFFFFFFFFFFFFFFFFFFFFFFFFFFF90
:1090F000FFFFFFFFFFFFFFFFFFFFFFFFFFFFFFFF80
:10910000FFFFFFFFFFFFFFFFFFFFFFFFFFFFFFFF6F
:10911000FFFFFFFFFFFFFFFFFFFFFFFFFFFFFFFF5F
:10912000FFFFFFFFFFFFFFFFFFFFFFFFFFFFFFFF4F
:10913000FFFFFFFFFFFFFFFFFFFFFFFFFFFFFFFF3F
:10914000FFFFFFFFFFFFFFFFFFFFFFFFFFFFFFFF2F
:10915000FFFFFFFFFFFFFFFFFFFFFFFFFFFFFFFF1F
:10916000FFFFFFFFFFFFFFFFFFFFFFFFFFFFFFFF0F
:10917000FFFFFFFFFFFFFFFFFFFFFFFFFFFFFFFFFF
:10918000FFFFFFFFFFFFFFFFFFFFFFFFFFFFFFFFEF
:10919000FFFFFFFFFFFFFFFFFFFFFFFFFFFFFFFFDF
:1091A000FFFFFFFFFFFFFFFFFFFFFFFFFFFFFFFFCF
:1091B000FFFFFFFFFFFFFFFFFFFFFFFFFFFFFFFFBF
:1091C000FFFFFFFFFFFFFFFFFFFFFFFFFFFFFFFFAF
:1091D000FFFFFFFFFFFFFFFFFFFFFFFFFFFFFFFF9F
:1091E000FFFFFFFFFFFFFFFFFFFFFFFFFFFFFFFF8F
:1091F000FFFFFFFFFFFFFFFFFFFFFFFFFFFFFFFF7F
:10920000FFFFFFFFFFFFFFFFFFFFFFFFFFFFFFFF6E
:10921000FFFFFFFFFFFFFFFFFFFFFFFFFFFFFFFF5E
:10922000FFFFFFFFFFFFFFFFFFFFFFFFFFFFFFFF4E
:10923000FFFFFFFFFFFFFFFFFFFFFFFFFFFFFFFF3E
:10924000FFFFFFFFFFFFFFFFFFFFFFFFFFFFFFFF2E
:10925000FFFFFFFFFFFFFFFFFFFFFFFFFFFFFFFF1E
:10926000FFFFFFFFFFFFFFFFFFFFFFFFFFFFFFFF0E
:10927000FFFFFFFFFFFFFFFFFFFFFFFFFFFFFFFFFE
:10928000FFFFFFFFFFFFFFFFFFFFFFFFFFFFFFFFEE
:10929000FFFFFFFFFFFFFFFFFFFFFFFFFFFFFFFFDE
:1092A000FFFFFFFFFFFFFFFFFFFFFFFFFFFFFFFFCE
:1092B000FFFFFFFFFFFFFFFFFFFFFFFFFFFFFFFFBE
:1092C000FFFFFFFFFFFFFFFFFFFFFFFFFFFFFFFFAE
:1092D000FFFFFFFFFFFFFFFFFFFFFFFFFFFFFFFF9E
:1092E000FFFFFFFFFFFFFFFFFFFFFFFFFFFFFFFF8E
:1092F000FFFFFFFFFFFFFFFFFFFFFFFFFFFFFFFF7E
:10930000FFFFFFFFFFFFFFFFFFFFFFFFFFFFFFFF6D
:10931000FFFFFFFFFFFFFFFFFFFFFFFFFFFFFFFF5D
:10932000FFFFFFFFFFFFFFFFFFFFFFFFFFFFFFFF4D
:10933000FFFFFFFFFFFFFFFFFFFFFFFFFFFFFFFF3D
:10934000FFFFFFFFFFFFFFFFFFFFFFFFFFFFFFFF2D
:10935000FFFFFFFFFFFFFFFFFFFFFFFFFFFFFFFF1D
:10936000FFFFFFFFFFFFFFFFFFFFFFFFFFFFFFFF0D
:10937000FFFFFFFFFFFFFFFFFFFFFFFFFFFFFFFFFD
:10938000FFFFFFFFFFFFFFFFFFFFFFFFFFFFFFFFED
:10939000FFFFFFFFFFFFFFFFFFFFFFFFFFFFFFFFDD
:1093A000FFFFFFFFFFFFFFFFFFFFFFFFFFFFFFFFCD
:1093B000FFFFFFFFFFFFFFFFFFFFFFFFFFFFFFFFBD
:1093C000FFFFFFFFFFFFFFFFFFFFFFFFFFFFFFFFAD
:1093D000FFFFFFFFFFFFFFFFFFFFFFFFFFFFFFFF9D
:1093E000FFFFFFFFFFFFFFFFFFFFFFFFFFFFFFFF8D
:1093F000FFFFFFFFFFFFFFFFFFFFFFFFFFFFFFFF7D
:10940000FFFFFFFFFFFFFFFFFFFFFFFFFFFFFFFF6C
:10941000FFFFFFFFFFFFFFFFFFFFFFFFFFFFFFFF5C
:10942000FFFFFFFFFFFFFFFFFFFFFFFFFFFFFFFF4C
:10943000FFFFFFFFFFFFFFFFFFFFFFFFFFFFFFFF3C
:10944000FFFFFFFFFFFFFFFFFFFFFFFFFFFFFFFF2C
:10945000FFFFFFFFFFFFFFFFFFFFFFFFFFFFFFFF1C
:10946000FFFFFFFFFFFFFFFFFFFFFFFFFFFFFFFF0C
:10947000FFFFFFFFFFFFFFFFFFFFFFFFFFFFFFFFFC
:10948000FFFFFFFFFFFFFFFFFFFFFFFFFFFFFFFFEC
:10949000FFFFFFFFFFFFFFFFFFFFFFFFFFFFFFFFDC
:1094A000FFFFFFFFFFFFFFFFFFFFFFFFFFFFFFFFCC
:1094B000FFFFFFFFFFFFFFFFFFFFFFFFFFFFFFFFBC
:1094C000FFFFFFFFFFFFFFFFFFFFFFFFFFFFFFFFAC
:1094D000FFFFFFFFFFFFFFFFFFFFFFFFFFFFFFFF9C
:1094E000FFFFFFFFFFFFFFFFFFFFFFFFFFFFFFFF8C
:1094F000FFFFFFFFFFFFFFFFFFFFFFFFFFFFFFFF7C
:10950000FFFFFFFFFFFFFFFFFFFFFFFFFFFFFFFF6B
:10951000FFFFFFFFFFFFFFFFFFFFFFFFFFFFFFFF5B
:10952000FFFFFFFFFFFFFFFFFFFFFFFFFFFFFFFF4B
:10953000FFFFFFFFFFFFFFFFFFFFFFFFFFFFFFFF3B
:10954000FFFFFFFFFFFFFFFFFFFFFFFFFFFFFFFF2B
:10955000FFFFFFFFFFFFFFFFFFFFFFFFFFFFFFFF1B
:10956000FFFFFFFFFFFFFFFFFFFFFFFFFFFFFFFF0B
:10957000FFFFFFFFFFFFFFFFFFFFFFFFFFFFFFFFFB
:10958000FFFFFFFFFFFFFFFFFFFFFFFFFFFFFFFFEB
:10959000FFFFFFFFFFFFFFFFFFFFFFFFFFFFFFFFDB
:1095A000FFFFFFFFFFFFFFFFFFFFFFFFFFFFFFFFCB
:1095B000FFFFFFFFFFFFFFFFFFFFFFFFFFFFFFFFBB
:1095C000FFFFFFFFFFFFFFFFFFFFFFFFFFFFFFFFAB
:1095D000FFFFFFFFFFFFFFFFFFFFFFFFFFFFFFFF9B
:1095E000FFFFFFFFFFFFFFFFFFFFFFFFFFFFFFFF8B
:1095F000FFFFFFFFFFFFFFFFFFFFFFFFFFFFFFFF7B
:10960000FFFFFFFFFFFFFFFFFFFFFFFFFFFFFFFF6A
:10961000FFFFFFFFFFFFFFFFFFFFFFFFFFFFFFFF5A
:10962000FFFFFFFFFFFFFFFFFFFFFFFFFFFFFFFF4A
:10963000FFFFFFFFFFFFFFFFFFFFFFFFFFFFFFFF3A
:10964000FFFFFFFFFFFFFFFFFFFFFFFFFFFFFFFF2A
:10965000FFFFFFFFFFFFFFFFFFFFFFFFFFFFFFFF1A
:10966000FFFFFFFFFFFFFFFFFFFFFFFFFFFFFFFF0A
:10967000FFFFFFFFFFFFFFFFFFFFFFFFFFFFFFFFFA
:10968000FFFFFFFFFFFFFFFFFFFFFFFFFFFFFFFFEA
:10969000FFFFFFFFFFFFFFFFFFFFFFFFFFFFFFFFDA
:1096A000FFFFFFFFFFFFFFFFFFFFFFFFFFFFFFFFCA
:1096B000FFFFFFFFFFFFFFFFFFFFFFFFFFFFFFFFBA
:1096C000FFFFFFFFFFFFFFFFFFFFFFFFFFFFFFFFAA
:1096D000FFFFFFFFFFFFFFFFFFFFFFFFFFFFFFFF9A
:1096E000FFFFFFFFFFFFFFFFFFFFFFFFFFFFFFFF8A
:1096F000FFFFFFFFFFFFFFFFFFFFFFFFFFFFFFFF7A
:10970000FFFFFFFFFFFFFFFFFFFFFFFFFFFFFFFF69
:10971000FFFFFFFFFFFFFFFFFFFFFFFFFFFFFFFF59
:10972000FFFFFFFFFFFFFFFFFFFFFFFFFFFFFFFF49
:10973000FFFFFFFFFFFFFFFFFFFFFFFFFFFFFFFF39
:10974000FFFFFFFFFFFFFFFFFFFFFFFFFFFFFFFF29
:10975000FFFFFFFFFFFFFFFFFFFFFFFFFFFFFFFF19
:10976000FFFFFFFFFFFFFFFFFFFFFFFFFFFFFFFF09
:10977000FFFFFFFFFFFFFFFFFFFFFFFFFFFFFFFFF9
:10978000FFFFFFFFFFFFFFFFFFFFFFFFFFFFFFFFE9
:10979000FFFFFFFFFFFFFFFFFFFFFFFFFFFFFFFFD9
:1097A000FFFFFFFFFFFFFFFFFFFFFFFFFFFFFFFFC9
:1097B000FFFFFFFFFFFFFFFFFFFFFFFFFFFFFFFFB9
:1097C000FFFFFFFFFFFFFFFFFFFFFFFFFFFFFFFFA9
:1097D000FFFFFFFFFFFFFFFFFFFFFFFFFFFFFFFF99
:1097E000FFFFFFFFFFFFFFFFFFFFFFFFFFFFFFFF89
:1097F000FFFFFFFFFFFFFFFFFFFFFFFFFFFFFFFF79
:10980000FFFFFFFFFFFFFFFFFFFFFFFFFFFFFFFF68
:10981000FFFFFFFFFFFFFFFFFFFFFFFFFFFFFFFF58
:10982000FFFFFFFFFFFFFFFFFFFFFFFFFFFFFFFF48
:10983000FFFFFFFFFFFFFFFFFFFFFFFFFFFFFFFF38
:10984000FFFFFFFFFFFFFFFFFFFFFFFFFFFFFFFF28
:10985000FFFFFFFFFFFFFFFFFFFFFFFFFFFFFFFF18
:10986000FFFFFFFFFFFFFFFFFFFFFFFFFFFFFFFF08
:10987000FFFFFFFFFFFFFFFFFFFFFFFFFFFFFFFFF8
:10988000FFFFFFFFFFFFFFFFFFFFFFFFFFFFFFFFE8
:10989000FFFFFFFFFFFFFFFFFFFFFFFFFFFFFFFFD8
:1098A000FFFFFFFFFFFFFFFFFFFFFFFFFFFFFFFFC8
:1098B000FFFFFFFFFFFFFFFFFFFFFFFFFFFFFFFFB8
:1098C000FFFFFFFFFFFFFFFFFFFFFFFFFFFFFFFFA8
:1098D000FFFFFFFFFFFFFFFFFFFFFFFFFFFFFFFF98
:1098E000FFFFFFFFFFFFFFFFFFFFFFFFFFFFFFFF88
:1098F000FFFFFFFFFFFFFFFFFFFFFFFFFFFFFFFF78
:10990000FFFFFFFFFFFFFFFFFFFFFFFFFFFFFFFF67
:10991000FFFFFFFFFFFFFFFFFFFFFFFFFFFFFFFF57
:10992000FFFFFFFFFFFFFFFFFFFFFFFFFFFFFFFF47
:10993000FFFFFFFFFFFFFFFFFFFFFFFFFFFFFFFF37
:10994000FFFFFFFFFFFFFFFFFFFFFFFFFFFFFFFF27
:10995000FFFFFFFFFFFFFFFFFFFFFFFFFFFFFFFF17
:10996000FFFFFFFFFFFFFFFFFFFFFFFFFFFFFFFF07
:10997000FFFFFFFFFFFFFFFFFFFFFFFFFFFFFFFFF7
:10998000FFFFFFFFFFFFFFFFFFFFFFFFFFFFFFFFE7
:10999000FFFFFFFFFFFFFFFFFFFFFFFFFFFFFFFFD7
:1099A000FFFFFFFFFFFFFFFFFFFFFFFFFFFFFFFFC7
:1099B000FFFFFFFFFFFFFFFFFFFFFFFFFFFFFFFFB7
:1099C000FFFFFFFFFFFFFFFFFFFFFFFFFFFFFFFFA7
:1099D000FFFFFFFFFFFFFFFFFFFFFFFFFFFFFFFF97
:1099E000FFFFFFFFFFFFFFFFFFFFFFFFFFFFFFFF87
:1099F000FFFFFFFFFFFFFFFFFFFFFFFFFFFFFFFF77
:109A0000FFFFFFFFFFFFFFFFFFFFFFFFFFFFFFFF66
:109A1000FFFFFFFFFFFFFFFFFFFFFFFFFFFFFFFF56
:109A2000FFFFFFFFFFFFFFFFFFFFFFFFFFFFFFFF46
:109A3000FFFFFFFFFFFFFFFFFFFFFFFFFFFFFFFF36
:109A4000FFFFFFFFFFFFFFFFFFFFFFFFFFFFFFFF26
:109A5000FFFFFFFFFFFFFFFFFFFFFFFFFFFFFFFF16
:109A6000FFFFFFFFFFFFFFFFFFFFFFFFFFFFFFFF06
:109A7000FFFFFFFFFFFFFFFFFFFFFFFFFFFFFFFFF6
:109A8000FFFFFFFFFFFFFFFFFFFFFFFFFFFFFFFFE6
:109A9000FFFFFFFFFFFFFFFFFFFFFFFFFFFFFFFFD6
:109AA000FFFFFFFFFFFFFFFFFFFFFFFFFFFFFFFFC6
:109AB000FFFFFFFFFFFFFFFFFFFFFFFFFFFFFFFFB6
:109AC000FFFFFFFFFFFFFFFFFFFFFFFFFFFFFFFFA6
:109AD000FFFFFFFFFFFFFFFFFFFFFFFFFFFFFFFF96
:109AE000FFFFFFFFFFFFFFFFFFFFFFFFFFFFFFFF86
:109AF000FFFFFFFFFFFFFFFFFFFFFFFFFFFFFFFF76
:109B0000FFFFFFFFFFFFFFFFFFFFFFFFFFFFFFFF65
:109B1000FFFFFFFFFFFFFFFFFFFFFFFFFFFFFFFF55
:109B2000FFFFFFFFFFFFFFFFFFFFFFFFFFFFFFFF45
:109B3000FFFFFFFFFFFFFFFFFFFFFFFFFFFFFFFF35
:109B4000FFFFFFFFFFFFFFFFFFFFFFFFFFFFFFFF25
:109B5000FFFFFFFFFFFFFFFFFFFFFFFFFFFFFFFF15
:109B6000FFFFFFFFFFFFFFFFFFFFFFFFFFFFFFFF05
:109B7000FFFFFFFFFFFFFFFFFFFFFFFFFFFFFFFFF5
:109B8000FFFFFFFFFFFFFFFFFFFFFFFFFFFFFFFFE5
:109B9000FFFFFFFFFFFFFFFFFFFFFFFFFFFFFFFFD5
:109BA000FFFFFFFFFFFFFFFFFFFFFFFFFFFFFFFFC5
:109BB000FFFFFFFFFFFFFFFFFFFFFFFFFFFFFFFFB5
:109BC000FFFFFFFFFFFFFFFFFFFFFFFFFFFFFFFFA5
:109BD000FFFFFFFFFFFFFFFFFFFFFFFFFFFFFFFF95
:109BE000FFFFFFFFFFFFFFFFFFFFFFFFFFFFFFFF85
:109BF000FFFFFFFFFFFFFFFFFFFFFFFFFFFFFFFF75
:109C0000FFFFFFFFFFFFFFFFFFFFFFFFFFFFFFFF64
:109C1000FFFFFFFFFFFFFFFFFFFFFFFFFFFFFFFF54
:109C2000FFFFFFFFFFFFFFFFFFFFFFFFFFFFFFFF44
:109C3000FFFFFFFFFFFFFFFFFFFFFFFFFFFFFFFF34
:109C4000FFFFFFFFFFFFFFFFFFFFFFFFFFFFFFFF24
:109C5000FFFFFFFFFFFFFFFFFFFFFFFFFFFFFFFF14
:109C6000FFFFFFFFFFFFFFFFFFFFFFFFFFFFFFFF04
:109C7000FFFFFFFFFFFFFFFFFFFFFFFFFFFFFFFFF4
:109C8000FFFFFFFFFFFFFFFFFFFFFFFFFFFFFFFFE4
:109C9000FFFFFFFFFFFFFFFFFFFFFFFFFFFFFFFFD4
:109CA000FFFFFFFFFFFFFFFFFFFFFFFFFFFFFFFFC4
:109CB000FFFFFFFFFFFFFFFFFFFFFFFFFFFFFFFFB4
:109CC000FFFFFFFFFFFFFFFFFFFFFFFFFFFFFFFFA4
:109CD000FFFFFFFFFFFFFFFFFFFFFFFFFFFFFFFF94
:109CE000FFFFFFFFFFFFFFFFFFFFFFFFFFFFFFFF84
:109CF000FFFFFFFFFFFFFFFFFFFFFFFFFFFFFFFF74
:109D0000FFFFFFFFFFFFFFFFFFFFFFFFFFFFFFFF63
:109D1000FFFFFFFFFFFFFFFFFFFFFFFFFFFFFFFF53
:109D2000FFFFFFFFFFFFFFFFFFFFFFFFFFFFFFFF43
:109D3000FFFFFFFFFFFFFFFFFFFFFFFFFFFFFFFF33
:109D4000FFFFFFFFFFFFFFFFFFFFFFFFFFFFFFFF23
:109D5000FFFFFFFFFFFFFFFFFFFFFFFFFFFFFFFF13
:109D6000FFFFFFFFFFFFFFFFFFFFFFFFFFFFFFFF03
:109D7000FFFFFFFFFFFFFFFFFFFFFFFFFFFFFFFFF3
:109D8000FFFFFFFFFFFFFFFFFFFFFFFFFFFFFFFFE3
:109D9000FFFFFFFFFFFFFFFFFFFFFFFFFFFFFFFFD3
:109DA000FFFFFFFFFFFFFFFFFFFFFFFFFFFFFFFFC3
:109DB000FFFFFFFFFFFFFFFFFFFFFFFFFFFFFFFFB3
:109DC000FFFFFFFFFFFFFFFFFFFFFFFFFFFFFFFFA3
:109DD000FFFFFFFFFFFFFFFFFFFFFFFFFFFFFFFF93
:109DE000FFFFFFFFFFFFFFFFFFFFFFFFFFFFFFFF83
:109DF000FFFFFFFFFFFFFFFFFFFFFFFFFFFFFFFF73
:109E0000FFFFFFFFFFFFFFFFFFFFFFFFFFFFFFFF62
:109E1000FFFFFFFFFFFFFFFFFFFFFFFFFFFFFFFF52
:109E2000FFFFFFFFFFFFFFFFFFFFFFFFFFFFFFFF42
:109E3000FFFFFFFFFFFFFFFFFFFFFFFFFFFFFFFF32
:109E4000FFFFFFFFFFFFFFFFFFFFFFFFFFFFFFFF22
:109E5000FFFFFFFFFFFFFFFFFFFFFFFFFFFFFFFF12
:109E6000FFFFFFFFFFFFFFFFFFFFFFFFFFFFFFFF02
:109E7000FFFFFFFFFFFFFFFFFFFFFFFFFFFFFFFFF2
:109E8000FFFFFFFFFFFFFFFFFFFFFFFFFFFFFFFFE2
:109E9000FFFFFFFFFFFFFFFFFFFFFFFFFFFFFFFFD2
:109EA000FFFFFFFFFFFFFFFFFFFFFFFFFFFFFFFFC2
:109EB000FFFFFFFFFFFFFFFFFFFFFFFFFFFFFFFFB2
:109EC000FFFFFFFFFFFFFFFFFFFFFFFFFFFFFFFFA2
:109ED000FFFFFFFFFFFFFFFFFFFFFFFFFFFFFFFF92
:109EE000FFFFFFFFFFFFFFFFFFFFFFFFFFFFFFFF82
:109EF000FFFFFFFFFFFFFFFFFFFFFFFFFFFFFFFF72
:109F0000FFFFFFFFFFFFFFFFFFFFFFFFFFFFFFFF61
:109F1000FFFFFFFFFFFFFFFFFFFFFFFFFFFFFFFF51
:109F2000FFFFFFFFFFFFFFFFFFFFFFFFFFFFFFFF41
:109F3000FFFFFFFFFFFFFFFFFFFFFFFFFFFFFFFF31
:109F4000FFFFFFFFFFFFFFFFFFFFFFFFFFFFFFFF21
:109F5000FFFFFFFFFFFFFFFFFFFFFFFFFFFFFFFF11
:109F6000FFFFFFFFFFFFFFFFFFFFFFFFFFFFFFFF01
:109F7000FFFFFFFFFFFFFFFFFFFFFFFFFFFFFFFFF1
:109F8000FFFFFFFFFFFFFFFFFFFFFFFFFFFFFFFFE1
:109F9000FFFFFFFFFFFFFFFFFFFFFFFFFFFFFFFFD1
:109FA000FFFFFFFFFFFFFFFFFFFFFFFFFFFFFFFFC1
:109FB000FFFFFFFFFFFFFFFFFFFFFFFFFFFFFFFFB1
:109FC000FFFFFFFFFFFFFFFFFFFFFFFFFFFFFFFFA1
:109FD000FFFFFFFFFFFFFFFFFFFFFFFFFFFFFFFF91
:109FE000FFFFFFFFFFFFFFFFFFFFFFFFFFFFFFFF81
:109FF000FFFFFFFFFFFFFFFFFFFFFFFFFFFFFFFF71
:10A0000000040020E5B100081DC0010879BF010867
:10A01000E5BF010879BF0108B1BF0108E7B1000839
:10A02000E7B10008E7B10008E7B100080D5A0208DF
:10A03000E7B10008E7B10008E7B10008E7B10008A0
:10A04000E7B10008E7B10008E7B10008E7B1000890
:10A05000E7B10008E7B10008F59402081D95020871
:10A06000459502086D95020895950208A1640208BD
:10A07000B5640208C9640208DD640208F1640208DC
:10A0800005650208196502086162020871A40108E9
:10A090009DA40108ADA40108E7B10008BD95020820
:10A0A000CD960208DD960208F1960208F5960208A0
:10A0B000F9960208E7B10008E7B10008E7B1000827
:10A0C000E7B100088D680208C1690208E7B100081D
:10A0D000E7B1000891960208A5960208B996020811
:10A0E00021960208E7B10008E7B10008E7B10008CF
:10A0F000E7B10008E7B10008E7B10008E7B10008E0
:10A10000E7B10008E7B10008E7B10008E7B10008CF
:10A11000E7B10008E7B10008E7B10008E7B10008BF
:10A120002D65020841650208556502086965020847
:10A130007D650208E7B10008E7B10008E7B1000853
:10A14000E7B10008E7B10008E7B10008E7B100088F
:10A1500091650208A5650208E7B10008E7B10008AB
:10A16000E7B10008E7B10008E7B10008E7B100086F
:10A17000E7B10008E7B10008E7B10008E7B100085F
:10A18000E7B10008E7B10008E7B10008E7B100084F
:10A19000E7B10008E7B10008E7B10008E7B100083F
:10A1A00005B80008D527010805960108C1A90108CE
:10A1B000A1AD010841B4010861B9010875C10108E8
:10A1C0004925020800000000000000000000000017
:10A1D00040A2E4F1646891065CF01CF487E4A3C833
:10A1E00078E4020008BFC8FF0000F811FFFFFFFF7E
:10A1F000FFFFFFFF81F0004102E000BF83F000435A
:10A2000030B54FEA41044FEA430594EA050F08BF11
:10A2100090EA020F1FBF54EA000C55EA020C7FEAD5
:10A22000645C7FEA655C00F0E2804FEA5454D4EB52
:10A230005555B8BF6D420CDD2C4480EA020281EA1C
:10A24000030382EA000083EA010180EA020281EA54
:10A250000303362D88BF30BD11F0004F4FEA0131A6
:10A260004FF4801C4CEA113102D0404261EB4101B5
:10A2700013F0004F4FEA03334CEA133302D052423B
:10A2800063EB430394EA050F00F0A780A4F10104F7
:10A29000D5F1200E0DDB02FA0EFC22FA05F2801831
:10A2A00041F1000103FA0EF2801843FA05F3594117
:10A2B0000EE0A5F120050EF1200E012A03FA0EFC96
:10A2C00028BF4CF0020C43FA05F3C01851EBE371C0
:10A2D00001F0004507D54FF0000EDCF1000C7EEBDD
:10A2E00000006EEB0101B1F5801F1BD3B1F5001F1B
:10A2F0000CD349085FEA30004FEA3C0C04F101043A
:10A300004FEA445212F5800F80F09A80BCF1004F62
:10A3100008BF5FEA500C50F1000041EB045141EAE4
:10A32000050130BD5FEA4C0C404141EB0101013CAD
:10A3300028BFB1F5801FE9D291F0000F04BF01469C
:10A340000020B1FA81F308BF2033A3F10B03B3F16E
:10A3500020020CDA0C3208DD02F1140CC2F10C02FE
:10A3600001FA0CF021FA02F10CE002F11402D8BF5C
:10A37000C2F1200C01FA02F120FA0CFCDCBF41EA28
:10A380000C019040E41AA2BF01EB0451294330BDF7
:10A390006FEA04041F3C1CDA0C340EDC04F11404D4
:10A3A000C4F1200220FA04F001FA02F340EA0300AB
:10A3B00021FA04F345EA030130BDC4F10C04C4F1F1
:10A3C000200220FA02F001FA04F340EA03002946D1
:10A3D00030BD21FA04F0294630BD94F0000F83F41B
:10A3E000801306BF81F480110134013D4EE77FEAFE
:10A3F000645C18BF7FEA655C29D094EA050F08BF4A
:10A4000090EA020F05D054EA000C04BF194610462A
:10A4100030BD91EA030F1EBF0021002030BD5FEA6E
:10A42000545C05D14000494128BF41F0004130BD96
:10A4300014F580043CBF01F5801130BD01F00045EA
:10A4400045F0FE4141F470014FF0000030BD7FEA5D
:10A45000645C1ABF194610467FEA655C1CBF0B4658
:10A46000024650EA013406BF52EA033591EA030F6F
:10A4700041F4002130BD00BF90F0000F04BF002167
:10A48000704730B54FF4806404F132044FF000059A
:10A490004FF0000150E700BF90F0000F04BF002113
:10A4A000704730B54FF4806404F1320410F0004579
:10A4B00048BF40424FF000013EE700BF42004FEA74
:10A4C000E2014FEA31014FEA02701FBF12F07F43F1
:10A4D00093F07F4F81F06051704732F07F4208BFA8
:10A4E000704793F07F4F04BF41F40021704730B5AF
:10A4F0004FF4607401F0004521F000411CE700BFFB
:10A5000050EA010208BF704730B54FF000050AE07D
:10A5100050EA010208BF704730B511F0004502D57E
:10A52000404261EB41014FF4806404F132045FEA80
:10A53000915C3FF4D8AE4FF003025FEADC0C18BF29
:10A5400003325FEADC0C18BF033202EBDC02C2F11B
:10A55000200300FA03FC20FA02F001FA03FE40EAAD
:10A560000E0021FA02F11444BDE600BF70B54FF0B1
:10A57000FF0C4CF4E06C1CEA11541DBF1CEA13558F
:10A5800094EA0C0F95EA0C0F00F0DEF82C4481EAF7
:10A59000030621EA4C5123EA4C5350EA013518BF17
:10A5A00052EA033541F4801143F4801338D0A0FB04
:10A5B00002CE4FF00005E1FB02E506F00042E0FBB1
:10A5C00003E54FF00006E1FB03569CF0000F18BFB7
:10A5D0004EF0010EA4F1FF04B6F5007F64F540745F
:10A5E00004D25FEA4E0E6D4146EB060642EAC621F2
:10A5F00041EA55514FEAC52040EA5E504FEACE2E5F
:10A60000B4F1FD0C88BFBCF5E06F1ED8BEF1004F61
:10A6100008BF5FEA500E50F1000041EB045170BDDD
:10A6200006F0004646EA010140EA020081EA030121
:10A63000B4EB5C04C2BFD4EB0C0541EA045170BD1D
:10A6400041F480114FF0000E013C00F3AB8014F197
:10A65000360FDEBF002001F0004170BDC4F10004E0
:10A66000203C35DA0C341BDC04F11404C4F1200561
:10A6700000FA05F320FA04F001FA05F240EA0200BC
:10A6800001F0004221F0004110EBD37021FA04F6F2
:10A6900042EB06015EEA430E08BF20EAD37070BDAC
:10A6A000C4F10C04C4F1200500FA04F320FA05F00B
:10A6B00001FA04F240EA020001F0004110EBD3700D
:10A6C00041F100015EEA430E08BF20EAD37070BD7D
:10A6D000C4F1200500FA05F24EEA020E20FA04F356
:10A6E00001FA05F243EA020321FA04F001F0004105
:10A6F00021FA04F220EA020000EBD3705EEA430E76
:10A7000008BF20EAD37070BD94F0000F0FD101F0A4
:10A710000046400041EB010111F4801F08BF013CDD
:10A72000F7D041EA060195F0000F18BF704703F01B
:10A730000046520043EB030313F4801F08BF013DA2
:10A74000F7D043EA0603704794EA0C0F0CEA13555E
:10A7500018BF95EA0C0F0CD050EA410618BF52EA18
:10A760004306D1D181EA030101F000414FF000001E
:10A7700070BD50EA410606BF1046194652EA43062C
:10A7800019D094EA0C0F02D150EA013613D195EAA0
:10A790000C0F05D152EA03361CBF104619460AD1E8
:10A7A00081EA030101F0004141F0FE4141F47001F2
:10A7B0004FF0000070BD41F0FE4141F4780170BDE2
:10A7C00070B54FF0FF0C4CF4E06C1CEA11541DBF47
:10A7D0001CEA135594EA0C0F95EA0C0F00F0A7F849
:10A7E000A4EB050481EA030E52EA03354FEA013176
:10A7F00000F088804FEA03334FF0805545EA131389
:10A8000043EA12634FEA022245EA111545EA106550
:10A810004FEA00260EF000419D4208BF964244F1E7
:10A82000FD0404F5407402D25B084FEA3202B61A06
:10A8300065EB03055B084FEA32024FF480104FF4DA
:10A84000002CB6EB020E75EB030E22BFB61A75464E
:10A8500040EA0C005B084FEA3202B6EB020E75EBE1
:10A86000030E22BFB61A754640EA5C005B084FEA49
:10A870003202B6EB020E75EB030E22BFB61A754616
:10A8800040EA9C005B084FEA3202B6EB020E75EB21
:10A89000030E22BFB61A754640EADC0055EA060EE2
:10A8A00018D04FEA051545EA16754FEA06164FEA25
:10A8B000C30343EA52734FEAC2025FEA1C1CC0D1D1
:10A8C00011F4801F0BD141EA00014FF000004FF05E
:10A8D000004CB6E711F4801F04BF01430020B4F11F
:10A8E000FD0C88BFBCF5E06F3FF6AFAEB5EB030CD7
:10A8F00004BFB6EB020C5FEA500C50F1000041EBD4
:10A90000045170BD0EF0004E4EEA113114EB5C04A0
:10A91000C2BFD4EB0C0541EA045170BD41F4801173
:10A920004FF0000E013C90E645EA060E8DE60CEA7B
:10A93000135594EA0C0F08BF95EA0C0F3FF43BAF98
:10A9400094EA0C0F0AD150EA01347FF434AF95EA4F
:10A950000C0F7FF425AF104619462CE795EA0C0F33
:10A9600006D152EA03353FF4FDAE1046194622E700
:10A9700050EA410618BF52EA43067FF4C5AE50EADA
:10A9800041047FF40DAF52EA43057FF4EBAE12E7CA
:10A990004FF0FF3C06E000BF4FF0010C02E000BFAB
:10A9A0004FF0010C4DF804CD4FEA410C7FEA6C5C8E
:10A9B0004FEA430C18BF7FEA6C5C1BD001B050EA31
:10A9C000410C0CBF52EA430C91EA030F02BF90EA1C
:10A9D000020F0020704710F1000F91EA030F58BFDB
:10A9E000994208BF90422CBFD8176FEAE37040F03D
:10A9F000010070474FEA410C7FEA6C5C02D150EADB
:10AA0000013C07D14FEA430C7FEA6C5CD6D152EA95
:10AA1000033CD3D05DF8040B704700BF844610465A
:10AA200062468C461946634600E000BF01B5FFF759
:10AA3000B7FF002848BF10F1000F01BD4DF808ED29
:10AA4000FFF7F4FF0CBF012000205DF808FB00BFFA
:10AA50004DF808EDFFF7EAFF34BF012000205DF854
:10AA600008FB00BF4DF808EDFFF7E0FF94BF0120A1
:10AA700000205DF808FB00BF4DF808EDFFF7CEFFA2
:10AA800094BF012000205DF808FB00BF4DF808EDE1
:10AA9000FFF7C4FF34BF012000205DF808FB00BFB2
:10AAA0004FEA410C7FEA6C5C02D150EA013C0AD1CA
:10AAB0004FEA430C7FEA6C5C02D152EA033C02D1BC
:10AAC0004FF0000070474FF0010070474FEA41021D
:10AAD00012F5001215D211D56FF47873B3EB6252F0
:10AAE00012D94FEAC12343F0004343EA505311F017
:10AAF000004F23FA02F018BF404270474FF00000A9
:10AB0000704750EA013005D111F0004008BF6FF0E6
:10AB1000004070474FF00000704700BF4A0011D25C
:10AB200012F5001211D20DD56FF47873B3EB6252A7
:10AB30000ED44FEAC12343F0004343EA505323FAB3
:10AB400002F070474FF00000704750EA013002D128
:10AB50004FF0FF3070474FF0000070474FEA41025E
:10AB6000B2F1E04324BFB3F5001CDCF1FE5C0DD96B
:10AB700001F0004C4FEAC0024CEA5070B2F1004FB5
:10AB800040EB830008BF20F00100704711F0804FB8
:10AB900021D113F13872BCBF01F00040704741F47D
:10ABA00080114FEA5252C2F11802C2F1200C10FA81
:10ABB0000CF320FA02F018BF40F001004FEAC12365
:10ABC0004FEAD32303FA0CFC40EA0C0023FA02F309
:10ABD0004FEA4303CCE77FEA625307D150EA0133DF
:10ABE0001EBF4FF0FE4040F44000704701F00040AF
:10ABF00040F0FE4040F40000704700BF80F000408D
:10AC000002E000BF81F0004142001FBF5FEA410344
:10AC100092EA030F7FEA226C7FEA236C6AD04FEA44
:10AC20001262D2EB1363C1BFD21841404840414089
:10AC3000B8BF5B42192B88BF704710F0004F40F43B
:10AC4000000020F07F4018BF404211F0004F41F457
:10AC5000000121F07F4118BF494292EA030F3FD023
:10AC6000A2F1010241FA03FC10EB0C00C3F1200336
:10AC700001FA03F100F0004302D5494260EB4000C5
:10AC8000B0F5000F13D3B0F1807F06D340084FEA30
:10AC9000310102F10102FE2A51D2B1F1004F40EB25
:10ACA000C25008BF20F0010040EA0300704749008D
:10ACB00040EB0000013A28BFB0F5000FEDD2B0FA2A
:10ACC00080FCACF1080CB2EB0C0200FA0CF0AABF4D
:10ACD00000EBC25052421843BCBFD04018437047EB
:10ACE00092F0000F81F4000106BF80F400000132F1
:10ACF000013BB5E74FEA41037FEA226C18BF7FEAC8
:10AD0000236C21D092EA030F04D092F0000F08BF09
:10AD10000846704790EA010F1CBF0020704712F0F0
:10AD20007F4F04D1400028BF40F00040704712F12F
:10AD300000723CBF00F50000704700F0004343F094
:10AD4000FE4040F4000070477FEA226216BF0846CA
:10AD50007FEA23630146420206BF5FEA412390EA8D
:10AD6000010F40F4800070474FF0000304E000BF83
:10AD700010F0004348BF40425FEA000C08BF704734
:10AD800043F0964301464FF000001CE050EA0102F8
:10AD900008BF70474FF000030AE000BF50EA01020D
:10ADA00008BF704711F0004302D5404261EB4101FA
:10ADB0005FEA010C02BF84460146002043F0B6431F
:10ADC00008BFA3F18053A3F50003BCFA8CF2083A44
:10ADD000A3EBC25310DB01FA02FC634400FA02FC4D
:10ADE000C2F12002BCF1004F20FA02F243EB020054
:10ADF00008BF20F00100704702F1200201FA02FCB6
:10AE0000C2F1200250EA4C0021FA02F243EB0200A8
:10AE100008BF20EADC7070477BB972B90029BEBF59
:10AE200000204FF0004106E008BF00281CBF6FF073
:10AE300000414FF0FF3000F0D3B9ADF1080C6DE9DF
:10AE400004CE002909DB002B1ADB00F061F8DDF8E5
:10AE500004E0DDE9022304B07047404261EB4101A8
:10AE6000002B1BDB00F054F8DDF804E0DDE90223E1
:10AE700004B0404261EB4101524263EB430370472F
:10AE8000524263EB430300F043F8DDF804E0DDE9F0
:10AE9000022304B0404261EB41017047524263EB30
:10AEA000430300F035F8DDF804E0DDE9022304B0E7
:10AEB000524263EB4303704753B94AB9002908BFB4
:10AEC00000281CBF4FF0FF314FF0FF3000F088B971
:10AED000ADF1080C6DE904CE00F01AF8DDF804E0DD
:10AEE000DDE9022304B07047430803F05533C01A6C
:10AEF000830803F0333300F03330184400EB1010B4
:10AF000000F00F3000EB002000EB0040000E704717
:10AF10002DE9F047089D04468E46002B4DD18A420C
:10AF2000944669D9B2FA82F252B101FA02F3C2F13F
:10AF3000200120FA01F10CFA02FC41EA030E9440D0
:10AF40004FEA1C48210CBEFBF8F61FFA8CF708FBF1
:10AF500016E341EA034306FB07F199420AD91CEBC9
:10AF6000030306F1FF3080F01F81994240F21C81FB
:10AF7000023E63445B1AA4B2B3FBF8F008FB103343
:10AF800044EA034400FB07F7A7420AD91CEB040478
:10AF900000F1FF3380F00A81A74240F20781644448
:10AFA000023840EA0640E41B00261DB1D4400023CD
:10AFB000C5E900433146BDE8F0878B4209D9002D31
:10AFC00000F0EF800026C5E9000130463146BDE8BB
:10AFD000F087B3FA83F6002E4AD18B4202D3824225
:10AFE00000F2F980841A61EB030301209E46002DD4
:10AFF000E0D0C5E9004EDDE702B9FFDEB2FA82F229
:10B00000002A40F09280A1EB0C014FEA1C471FFA86
:10B010008CFE0126200CB1FBF7F307FB131140EA6D
:10B0200001410EFB03F0884208D91CEB010103F13A
:10B03000FF3802D2884200F2CB804346091AA4B2FC
:10B04000B1FBF7F007FB101144EA01440EFB00FED0
:10B05000A64508D91CEB040400F1FF3102D2A64535
:10B0600000F2BB800846A4EB0E0440EA03409CE7D4
:10B07000C6F12007B34022FA07FC4CEA030C20FA81
:10B0800007F401FA06F31C43F9404FEA1C4900FAA1
:10B0900006F3B1FBF9F8200C1FFA8CFE09FB18111E
:10B0A00040EA014108FB0EF0884202FA06F20BD991
:10B0B0001CEB010108F1FF3A80F08880884240F2E1
:10B0C0008580A8F102086144091AA4B2B1FBF9F025
:10B0D00009FB101144EA014100FB0EFE8E4508D920
:10B0E0001CEB010100F1FF346CD28E456AD90238A5
:10B0F000614440EA0840A0FB0294A1EB0E01A1428A
:10B10000C846A64656D353D05DB1B3EB080261EBF7
:10B110000E0101FA07F722FA06F3F1401F43C5E9D1
:10B12000007100263146BDE8F087C2F12003D84007
:10B130000CFA02FC21FA03F3914001434FEA1C4749
:10B140001FFA8CFEB3FBF7F007FB10360B0C43EA3B
:10B15000064300FB0EF69E4204FA02F408D91CEBEB
:10B16000030300F1FF382FD29E422DD902386344E9
:10B170009B1B89B2B3FBF7F607FB163341EA034189
:10B1800006FB0EF38B4208D91CEB010106F1FF38D8
:10B1900016D28B4214D9023E6144C91A46EA0046CF
:10B1A00038E72E46284605E70646E3E61846F8E661
:10B1B0004B45A9D2B9EB020864EB0C0E0138A3E7AA
:10B1C0004646EAE7204694E74046D1E7D0467BE78B
:10B1D000023B614432E7304609E76444023842E703
:10B1E000704700BF02E000F000F8FEE772B6374893
:10B1F00080F30888364880F3098836483649086065
:10B2000040F20000CCF200004EF63471CEF20001A4
:10B210000860BFF34F8FBFF36F8F40F20000C0F2A2
:10B22000F0004EF68851CEF200010860BFF34F8F58
:10B23000BFF36F8F4FF00000E1EE100A4EF63C7145
:10B24000CEF200010860062080F31488BFF36F8FF0
:10B250001DF00AFF1EF012F84FF055301F491B4A2F
:10B2600091423CBF41F8040BFAE71D49184A91424C
:10B270003CBF41F8040BFAE71A491B4A1B4B9A42A0
:10B280003EBF51F8040B42F8040BF8E700201849C0
:10B29000184A91423CBF41F8040BFAE71DF0E8FE62
:10B2A0001EF04CF8144C154DAC4203DA54F8041B54
:10B2B0008847F9E700F096FA114C124DAC4203DAD8
:10B2C00054F8041B8847F9E71DF0D0BE00040020A5
:10B2D000000E002000A0000808ED00E000010020A2
:10B2E00000040020B0810308000E0020C8100020D8
:10B2F000C8100020F0740020A0A10008C4A100081C
:10B30000C4A10008C4A100082DE9F04F2DED108A5A
:10B31000C1F80CD0C3689D46BDEC108ABDE8F08F23
:10B32000002383F311882846A04700201DF0A8F8C9
:10B33000FEE71CF03DFF00DFFEE7000001F0FF012B
:10B34000102A2BDB10F0070F08D010F8013B013A50
:10B350008B422DD010F0070F42B3F6D1F0B441EA82
:10B36000012141EA014122F007047FF00007002398
:10B37000F0E80256083C85EA010586EA010685FAEE
:10B3800047F5A3FA87F586FA47F6A5FA87F68EB948
:10B39000EED1F0BC01F0FF0102F0070232B110F86B
:10B3A000013B013A83EA010313B1F8D10020704751
:10B3B00001387047002D06BF35460338073815F0B1
:10B3C000010F07D1013015F4807F02BF013015F461
:10B3D000C03F0130F0BC0138704700BF10F8012BAE
:10B3E00011F8013B012A28BF9A42F7D0D01A7047C2
:10B3F000034613F8012B002AFBD1181A01387047B5
:10B4000038B50022002304460D46FFF721FB28B97A
:10B4100020462946BDE8384000F00AB8204605F12C
:10B42000004100F005F8404261EB410138BD00BF2A
:10B43000D0B50C4B002206460F46FFF797F8FFF7F2
:10B440006DFB0446FFF718F8074B0022FFF78EF854
:10B4500002460B4630463946FEF7D0FEFFF75EFB4C
:10B460002146D0BD0000F03D0000F04170470000D3
:10B47000704700007FB5044624300DF095F904F1C3
:10B48000480007F0F3FA0025214B0393029400953E
:10B4900004AB13E90C00294604F5627004F022FFA6
:10B4A00004F23C400DF0C2FB04F2AC400DF0EAFFA8
:10B4B00004F25A500EF0C2F8164B174A1A6004F202
:10B4C0007E50294614268DB206FB052301311B7CD4
:10B4D000002BF8D1114B1D80114B1A6812B1114885
:10B4E00010F0A0FD186004F58053012104F5EA5026
:10B4F000C3F8582D83F8561D1C300FF0B5FA0A4BCF
:10B500001A680AB10948EBE720461C6004B070BD18
:10B510006DB40008102F0020BCF802080E2F002088
:10B52000D02E002084F70208C81000209FF70208E0
:10B53000F7B5364D04461DF04BFD1DF05DFD286846
:10B5400020231A46006C4FF4E13103F0E5FE286831
:10B550004FF4807380224FF4E131C06C03F0DCFEC5
:10B56000204600F073F904F124071DF045FD204644
:10B5700001F0BEFA38460DF025FA1DF03DFD0EF043
:10B5800049F82B68D86A03685B68984710B120486F
:10B590000FF072FC04F1480601230DF1070130465B
:10B5A0008DF8073007F05AF994F948306BB194F9E7
:10B5B0000910002909DB38464FF461330522C9B26E
:10B5C0000DF0BCFA304607F0E9FA04F5627004F0B9
:10B5D0002BFF2B68586A03681B689847204601F0C8
:10B5E00061FF01200FF052F858B100200FF024F84D
:10B5F00004F25A500EF0C6F803B0BDE8F04010F067
:10B600003FBD04F23C400DF047FCF1E7E81000209C
:10B61000C0F702080148FFF78BBF00BFF010002001
:10B620002DE9F341144C154EDFF86080144F20468D
:10B630001DF036FC134A0146121B134801F000FBB3
:10B640001CF0D8FC0446A4B1206AE1690191B04223
:10B6500014BF251AA8EB06051DF022FC019902462D
:10B660002B46384601F0ECFA20461CF0D3FC044689
:10B67000E9E702B0BDE8F0810001002000040020ED
:10B68000EAF7020800040020E0F70208000E00209C
:10B6900010B5114C2368586A0368DB6C984705F0B5
:10B6A00093FF2368986A03680522DB6900219847A5
:10B6B0002368986A036864211B6998472368986A1D
:10B6C000036828215B6898472368986A0368BDE887
:10B6D00010401B6900211847E810002038B50546C6
:10B6E00010F0CEFC314A1368C31AB3F57A7F0446D2
:10B6F0000BD92F4B10601B7823B92E4A536983F066
:10B7000008035361284601F0B9FE0DF08BFA2A4A6E
:10B71000136841F28831E31A8B4206D9016821B1DE
:10B7200014600289254801F08BFAAB7CDA070AD550
:10B73000234A136841F28831E31A8B4203D9284621
:10B740001460FFF76DFFAB7C9B0715D4D5F834343C
:10B75000E31A632B05D9C5F8344405F5627005F08A
:10B7600013F8184A1368E31A132B88BF146028468D
:10B77000BDE8384001F0E8BA10F082FC43F69823A7
:10B780009842E3D91048FFF783FF10481DF034FBBF
:10B79000BFF34F8F0E490F4BCA6802F4E0621343A8
:10B7A000CB60BFF34F8F00BFFDE700BFCC10002080
:10B7B000000E002000040048D4100020FCF702080E
:10B7C000D0100020D8100020F0100020010007B099
:10B7D00000ED00E00400FA050148FFF77FBF00BF5D
:10B7E000F010002038B5054B1C6823680A461D6818
:10B7F000034B01462046A847002038BDE810002032
:10B80000DC10002010B50A4C2046FFF733FE094A31
:10B81000094920461DF0CEFF10F09AF8074B084A60
:10B820001860BDE810400749074803F08FBC00BF0F
:10B83000F01000205045002071B40008E8100020EE
:10B84000D9B7000815B60008DC10002013B504466F
:10B8500006F092FD05F02EFB204606F00DFD18B116
:10B86000B4F90030022B0BD007F0A6F804F0F4FF77
:10B8700002230DF106012046ADF8063007F030F83E
:10B8800002230DF106012046ADF8063007F01EF840
:10B8900002B0BDE8104006F02DBC000030B52DED23
:10B8A000048B00F23C4590F89E14ADB00446284647
:10B8B0000DF036FB002851D010F0E2FBD4F88C35A7
:10B8C000C31A312B4AD9C4F88C0528460DF042FB27
:10B8D00094F89E1428460DF02DFB00283ED094F8D5
:10B8E0009E14DFED248A28460DF050FB94F89E1438
:10B8F00006AA2846B0EE409A0DF0DCFA90B39DED12
:10B90000068ADFED1D7A38EE278A6022002107AD16
:10B9100014A88DED068A1FF0FBFD0122294614A80C
:10B92000CDED158ACDED178ACDED188ACDED1A8AA9
:10B930008DED169A8DED198A02F0BEFA002380B2C1
:10B940001822049340F20343CDE90250CDE90032BE
:10B95000204606A3D3E9002300F00AFB2DB0BDEC7E
:10B96000048B30BDB0EE688ACFE700BFDAF522A1C4
:10B970008BF37DC70000C07F33938843F0B589B057
:10B9800006464FF48360079103F08AFA04464FF4A9
:10B99000047003F08BFA05463CB1079960B9204664
:10B9A00009B0BDE8F04003F083BA002841D009B0E7
:10B9B000BDE8F04003F080BA06F5627004F0C0FE06
:10B9C0009FED207A023804F10C0101224FF6FF7737
:10B9D00030F8023FBB420BD007EE903AF8EEE77A20
:10B9E00067EE877AE1EC017A227201320D2AEFD1FB
:10B9F00004F20C42144B136004F582622946136072
:10BA00002046012201F09CFF0023049380B244F6FB
:10BA100024631822CDE90250CDE90032304607A355
:10BA2000D3E9002300F0A4FA204603F041FA2846A7
:10BA3000BDE709B0F0BD00BFAFF300808248487594
:10BA4000FC497F7D6F12833A0000C07F2DE9F04FE3
:10BA50000446ADB010F014FBD4F83834C31A632B8D
:10BA600040F2978094F82034DFF844A1C4F83804F9
:10BA700007934FF0000B079B5FFA8BF5AB4240F248
:10BA80008880A269012707FA0BF705F10108174022
:10BA90005FFA88F80BF1010979D104F5627629463D
:10BAA000304604F06FFD002871D0394648221AA8AC
:10BAB0001FF02EFD2C2202FB0BF304F564713046BF
:10BAC000CF58002FA8BF5FFA87F829468DF88980E4
:10BAD00004F064FD2A460AA930468DED1B0A04F0E5
:10BAE0006BFD08B10A9B1C932A460BA9304604F053
:10BAF00029FE38B1DDED0B7A9FED2A7A77EE877A51
:10BB0000CDED1A7A7F238DF886302A4600230DF179
:10BB1000270130468DF8273004F0D6FB18B19DF888
:10BB200027308DF88730DAF800001F4B019700931B
:10BB30001F221E4BC06ACDF88C900DF1910103F0CD
:10BB4000BFFC1F210DF1910020F0B8F90CAF394670
:10BB50008DF8900001221AA802F068FC00230493DB
:10BB600080B240F244431822CDE90270CDE90032A0
:10BB700020460AA3D3E9002300F0FAF9294630460B
:10BB800004F0D2FD18B129462046FFF7F7FECB4658
:10BB900071E72DB0BDE8F08FAFF300806619718AB0
:10BBA00054269C24339388433FFA020838FA02084B
:10BBB000E8100020BFF34F8F0549064BCA6802F416
:10BBC000E0621343CB60BFF34F8F00BFFDE700BFC0
:10BBD00000ED00E00400FA0513B510220021044630
:10BBE0008DF807201FF094FC054B1B68D86A03688A
:10BBF0000DF107021B6B2146984702B010BD00BF34
:10BC0000E8100020F0B58BB0174604460E4610F041
:10BC100037FA054604F0EEFA03464FF4C87005F50E
:10BC2000167504F58054B3FBF0F202FB103315FADD
:10BC300083F3C4F8503DFD7E35B91F480FF01CF961
:10BC400084F8545D0BB0F0BD384605A902F0F4FD50
:10BC500007460028F6D101A8FFF7BEFF9DF8165051
:10BC600001A92A460DF117001FF0F8FB28B113486F
:10BC70000FF002F984F8547DE4E70F2D0CD8D4F8C6
:10BC8000503D84F8545DA3F51673C4F8503D294621
:10BC90000B480FF0F1F8D5E79DF814100029D1D02A
:10BCA000304619F09BF99DF8142094F8561D05486C
:10BCB0000FF0E2F8C6E700BF64FA02088FFA020844
:10BCC000B0FA0208D2FA020813B5044601A91046D8
:10BCD00001F0A2FF20B99DF80410204601F082FC7B
:10BCE00002B010BD07B5104601A902F053FC58B9C7
:10BCF000074B9DF804101B68D86AA1F1FF02036886
:10BD000051421B685141984703B05DF804FB00BFE6
:10BD1000E810002010B58CB0044601A9104602F0CE
:10BD20004BF970B99DF804200DF10601204601F091
:10BD30001DFC9DF8043084F8583510F0A1F9C4F8C2
:10BD400054050CB010BD000030B5A1B0054601A9E6
:10BD5000104602F059F80446F0B99DF80420E3B209
:10BD60009A4219D920AA02EBC30313F8772C1AB10F
:10BD7000042A09D00134F0E713ED1D0A13F8781CEA
:10BD8000284601F011FCF5E713ED1D0A13F8781CA5
:10BD9000284601F013FCEDE721B030BD38B5084668
:10BDA00015461C4619F022F960B99DF81030022B97
:10BDB00007D1012C05D137A3D3E90023C5E900231E
:10BDC000012038BD40F206439C4257D015D80B2CB9
:10BDD0000BD884B1601E0A280DD8DFE800F02F0CC4
:10BDE0000C0C370C0C0C0C3F3B00282C2AD040F2DA
:10BDF000F2339C4246D00020E3E740F6B9339C4240
:10BE000038D00FD840F22E439C423FD040F24C43F2
:10BE10009C422BD040F226439C42ECD11FA3D3E995
:10BE20000023CBE744F620639C421BD044F62563F5
:10BE30009C42E0D11BA3D3E90023BFE71BA3D3E9B6
:10BE40000023BBE71BA3D3E90023B7E71BA3D3E978
:10BE50000023B3E71BA3D3E90023AFE71BA3D3E978
:10BE60000023ABE71BA3D3E90023A7E71BA3D3E978
:10BE70000023A3E71BA3D3E900239FE71BA3D3E978
:10BE800000239BE71BA3D3E9002397E71BA3D3E978
:10BE9000002393E7401DA12026812A0B011517CB13
:10BEA0000E03561F3A13328C7423F3099E6AC42181
:10BEB000818A46EE26417272DF25D7B7F017304AE5
:10BEC00039059E56D5A4D139F922B6A7CDD269EB52
:10BED000C51A133BA1A6A1951A7065E903806A559E
:10BEE00075F30087E9A2A272EAE738B11D95ECD795
:10BEF000875C7F21F33AEC386248A7D855340C8B25
:10BF00002636A0A113B59DF81040CDE900341346A4
:10BF10000A460146806AFFF741FF02B010BD0000EB
:10BF200070B500F580560D46D6F84C4D7CB90C2105
:10BF300001201CF02FFEC6F84C0D08B9002070BD82
:10BF4000056084600430FAE72646A46824B12368BB
:10BF5000AB42F9D1201DF2E70C2101201CF01AFEA2
:10BF6000B0600028EAD00560B3689C60B068E9E77B
:10BF70002DE9F04190B000F5EA51BDF85870044643
:10BF800016461C3140F22A4201A8984603F01CF9DB
:10BF9000012F0ED146EA07412046FFF7C1FF0546B3
:10BFA00070B9002401A803F031F9204610B0BDE8B3
:10BFB000F08104F2AC5019F019F80028EAD1F0E74A
:10BFC0003822002102A81FF0A3FA02238DF80830BE
:10BFD0009DF85C308DF82030189B0993BDF86430D3
:10BFE000ADF82830CDE90468ADF81870079510F069
:10BFF00049F80D4BC01841F10001CDE90C0104F2E4
:10C00000AC5002A918F0F4FF084B0028D5BF9A885D
:10C010001A6801321218D4BF9A801A600028D4BF5F
:10C0200000240124BEE700BF40420F00742E002010
:10C0300030B58FB014460D463822002168461FF0F7
:10C0400067FADDE91223CDE90223BDF85030ADF8DF
:10C05000103004F119030593A37E8DF81830159B59
:10C060000793BDF85830ADF8203010F00BF80D4BA9
:10C07000C31841F100016A46CDE90A312846E17E44
:10C0800018F0FAFF084B0028D5BF9A881A680132C9
:10C090001218D4BF9A801A600028D4BF0020012053
:10C0A0000FB030BD40420F00742E0020F0B591B0AB
:10C0B00004460E46104608A9154602F085FCB0BBA2
:10C0C0009DF82030012B16D106F076FC04F0C4FB5D
:10C0D00006F010F806F050F9184904F1480006F08F
:10C0E0007FF8174904F2344006F07AF8154904F253
:10C0F0003C4006F075F81022002106AF0CA81FF096
:10C1000007FA012239460CA88DF8382002F080FC8D
:10C110000A23029307A3D3E9002380B2CDE9037079
:10C12000CDE9002331462A462046FFF781FF11B0B2
:10C13000F0BD00BFCDD269EBC51A133B90030308D5
:10C1400034FE0208581403082DE9F041ADF5487D8E
:10C1500066AC05460E46174600214FF4C4722046D1
:10C160001FF0D6F90FF08CFF2F4B4FF47A72B0FB13
:10C17000F2F0186093E8070084E8070002F08CFEF4
:10C18000037C237402F088FE437C63740323A3744E
:10C19000264B5A6962610DF5DD709A68DB68A26111
:10C1A000E361FFF719FD4FF611036A692384204B01
:10C1B000002A18681F4B29DDCDE900320DF2CB2192
:10C1C0001D4BC06A502203F07BF950210DF2CB20A9
:10C1D0001FF074FE0DF11C0884F832014146012263
:10C1E000204602F0F1F9012302930DA3D3E90023C5
:10C1F00080B2CDE90380CDE9002331463A46284696
:10C20000FFF716FF0DF5487DBDE8F0810093502241
:10C210000A4BC06A0DF2CB2103F052F9D5E700BFFB
:10C220009E6AC421818A46EE682E0020D0A10008B3
:10C23000E81000203FFA0208F0FA0208BE0C0308DA
:10C240002DE9F0411546ADF5866D06460F461CF00A
:10C25000D3FE08A9284602F0F1FB0446002840F06E
:10C260009F8001464FF4D072A4A81FF051F99DF8A9
:10C27000B880B8F1100F7ED808F1FF330F2B2BD800
:10C2800042460DF1B9010DF2D1301FF0F7F84246E8
:10C2900051490DF1B9001FF0E9FD0246B0B94F4810
:10C2A0000DF11F0104F0F4FF0446002C63D09DF84B
:10C2B000B83073B39DF828305BB39DF81F20013A66
:10C2C000032A6DD8DFE802F01C2E384122460DF11A
:10C2D0001F010DF2D130E5E7BDF82000479447AAD1
:10C2E0000DF11F0105F0C0FB0446002843D00123D7
:10C2F00000930DF2D132112347A904F005FFD4E7D2
:10C30000012B4DD10C9B8DF81C3147A9204606F01E
:10C31000C9FA9DF81F30013B032B41D8DFE803F039
:10C320001C444A4F012B3BD10C9BADF81C3147A953
:10C33000204606F0EFFAECE7012B31D10C9B479336
:10C3400047A9204606F028FBE3E7022B28D10CA9D9
:10C35000204606F06FFADCE701238DF8903294F95D
:10C360000030DA17CDE9A6325C210DF2D1301FF092
:10C37000A5FD8DF8D00347AC01222146A4A802F008
:10C3800085FC0B23029312A3D3E9002380B2CDE9ED
:10C390000340CDE9002339462A463046FFF748FEE0
:10C3A0000DF5866DBDE8F08101238DF89032B4F96A
:10C3B0000030D6E701238DF890322368D1E70223BD
:10C3C0008DF890322368A693CEE700BFAFF30080CC
:10C3D000D5A4D139F922B6A7F8FA020801FB020860
:10C3E0002DE9F04FDFF8D8A08BB0804608F2AC59A9
:10C3F000484618F07DFE0546002858D00024007EEF
:10C400000694CDE90744ADF8244002F063FE2A7E8D
:10C410008DF8240005F1100107A81FF02FF82B68F4
:10C4200043F0004306930FF02DFE224B0390C218F9
:10C43000DAF804000E4641F1000308F5805760B3B6
:10C440000168009409690D4606A9A847A04224DCAA
:10C45000DAF8040003689B6A9847D0E90A23CDE91B
:10C4600004230FF00FFEDDE90423801A61EB0301C2
:10C47000114B834274EB01030FD397F8553D072B03
:10C4800012D90E4A87F8554D938801339380484658
:10C49000039A334618F03AFE09E0484618F02CFE9D
:10C4A000002387F8553DA1E7013387F8553D0BB0D0
:10C4B000BDE8F08F40420F007F841E00742E0020E4
:10C4C000942E00202DE9F0414FF00053DFF8E0807A
:10C4D0001B684345FCB005460C46164604D031485F
:10C4E000DC2200211FF014F84FF0005749A9C7F8CB
:10C4F0000080304602F0ECF9002849D19DF8243143
:10C500003B750BB9F37E3B759DF8252126480DF54B
:10C5100093711EF0B3FF204618F068FD4FF00053F2
:10C5200007AF58758122002128A81EF0F1FF394677
:10C53000012228A802F012FA2823029317A3D3E9B4
:10C54000002380B2CDE90370CDE9002321463246B5
:10C550002846FFF76DFD154F3326013E16F0FF0606
:10C56000284608D0FFF73CFF3B68986A0368012122
:10C570005B689847F1E7FFF78BF8204618F036FD27
:10C5800040F0304040F400201CF036FCFFF712FB76
:10C590007CB0BDE8F08100BFAFF30080264172722D
:10C5A000DF25D7B70400002016000020E810002087
:10C5B0009AAD44C5F0B5044689B008460E46154606
:10C5C00018F014FD68B92B7E022B26D1EB8A012BC3
:10C5D00023D12A463146204609B0BDE8F040FFF796
:10C5E00011BBEB8A40F20642934200F09B8016D8C2
:10C5F0000B2B0BD88BB1013B0A2B0ED8DFE803F0D5
:10C60000390D0D0D490D0D0D0D726A00282B38D016
:10C6100040F2F232934200F08D8009B0F0BD40F656
:10C62000B932934276D014D840F22E42934200F0B1
:10C63000898040F24C42934264D040F226429342B9
:10C64000EBD12A463146204609B0BDE8F04000F063
:10C650000FBC44F6206293424CD044F625629342CC
:10C66000DBD12A463146204609B0BDE8F04000F053
:10C6700013BC2A463146204609B0BDE8F040FFF71A
:10C6800063BD2A463146204609B0BDE8F040FFF7B9
:10C6900019BF07AF31480EF0EFFB0122394606A85B
:10C6A0008DF8182002F06AF80523029329A3D3E934
:10C6B000002380B2CDE90023CDE903702A4631463C
:10C6C0002046FFF7B5FC0FF0DBFC04F58054C4F8FE
:10C6D000580DA2E72A463146204609B0BDE8F04091
:10C6E000FFF7AEBD2A463146204609B0BDE8F0400E
:10C6F000FFF7DCBC2A463146204609B0BDE8F040D1
:10C70000FFF7E2BA2A463146204609B0BDE8F040BC
:10C71000FFF7E8BA2A463146204609B0BDE8F040A6
:10C7200000F0D2BF2A463146204609B0BDE8F040AD
:10C73000FFF7F0BA2A463146204609B0BDE8F0407E
:10C74000FFF702BB2A463146204609B0BDE8F0405B
:10C7500000F09EBFF017304A39059E560CFB0208C8
:10C760000A460146806AFFF725BF000011311B4BC6
:10C77000112912D8DFE801F02D2925211D151915E1
:10C780001111111111110D1111099A6801329A60DC
:10C7900070479A8901329A817047DA890132DA81C9
:10C7A00070475A8B01325A8370471A8B01321A83B1
:10C7B00070471A8A01321A8270475A8A01325A82A5
:10C7C00070479A8B01329A8370479A8A01329A8213
:10C7D0007047DA8A0132DA82704700BF742E002077
:10C7E0002DE9F04F374E97B00023CDE90B330A9374
:10C7F000ADF8343073680446002B5FD0324D01270A
:10C800004FF0000A4FF0000B70688DF814704FF075
:10C8100000088DF815800368CDE900AB0DF1150215
:10C82000D3F8089005A94346C8479DF81430002B5B
:10C8300044D0414620220EA81EF06AFE70680368AC
:10C8400006AAD3F814800AA90DF11603C0470028E0
:10C8500034DD9DF8340002F059FC0BA902468DF836
:10C86000500012A81EF00AFE04F2AC580A9B0E9368
:10C870000EA9DDE90623404618F098FE10F10D0FD1
:10C88000014603D02046FFF771FFBDE70E9818F070
:10C890007DFE03900E9818F073FE039BCDE9000710
:10C8A00008AA41462046FFF779FA18B96B8B013385
:10C8B0006B83A9E72B8A01332B82A5E717B0BDE86C
:10C8C000F08F00BF942E0020742E002007B500F2D8
:10C8D000AC51684618F0FCFDBDF8040064235843D1
:10C8E000BDF80030B0FBF3F080B203B05DF804FB9C
:10C8F000F0B597B004460FF0C3FB4FF47A73B0FB6A
:10C90000F3F0434B434D1B682860D86A03685B6DA6
:10C9100098474FF6FF73984228BF184628810EA902
:10C920000122284601F002FF0EAB80B202931822CA
:10C9300040F255130025CDE9003203902EA3D3E930
:10C94000002304952046FFF713FBA37C59074ED51F
:10C9500001220EA93048314F01F0CEF90EAB80B262
:10C9600002931F264FF4AB73CDE90036039024A346
:10C97000D3E9002304952046FFF7FAFA78680368A4
:10C980009B6A9847002832D03A788DF838200268A0
:10C990000F924268ADF840208268ADF84220C2682C
:10C9A000ADF844200269ADF846204269ADF8482050
:10C9B00082691392C269ADF85020026AADF8522024
:10C9C00007AF436AADF85430012239460EA801F092
:10C9D0003DF940F2571380B2CDE9027000930495FF
:10C9E00009A3D3E9002301962046FFF7C1FA17B047
:10C9F000F0BD00BFAFF30080F1C6A7C1D068080F3B
:10CA0000D1F886A9B8E33A76753CA33CAE0C08CEC3
:10CA1000E8100020682E0020742E0020942E0020A4
:10CA2000F0B506468DB000F2AC5018F0DFFA2E4D8E
:10CA300020B100232B7001200DB0F0BD0FF020FBC2
:10CA40002B7804463BB13046FFF740FF01210246F8
:10CA500026480EF011FA03F0CDFB4FF4C87306F52B
:10CA60008057B0FBF3F202FB130304F5167010FAC3
:10CA700083F000238DF8183097F8543DC7F8500D17
:10CA800023B901228DF8182087F8563D08A8FFF732
:10CA9000A3F897F8541DC1F11004E4B2062C28BF86
:10CAA000062408AB224619440DF119001EF0E6FCDD
:10CAB000013406AB0025029318220123E4B2CDE92C
:10CAC0000032049506A3D3E9002303943046FFF710
:10CAD0004FFA87F8545D2846AEE700BFAFF30080F9
:10CAE000401DA12026812A0B000E00201CFB0208FD
:10CAF00070B5244D244E4FF4807386B0AB8004464D
:10CB00000FF0BEFA4FF47A73B0FBF3F0286062883E
:10CB1000B4F902307F2A98BF33700DF1170100235A
:10CB200004F108008DF8173005F0BCFE41F2381012
:10CB300002F0B6F9054608B10DF0F2F8134B1D608E
:10CB4000134B00225D601A702DB12B6861685B6821
:10CB50000122284698470F4B009304F2AC5004F290
:10CB6000DC510D4B019441F27072039018F00AFAF7
:10CB70003178039821B106B0BDE8704018F02EBAA4
:10CB800006B070BD682E0020A92E00209C2E00202B
:10CB9000942E002005BF000861C7000830B50628A4
:10CBA000134698BF1D4AC7B098BF155C07930C4643
:10CBB0004FF07C024FF0000127A888BF00251EF02F
:10CBC000A7FC079B22465A210DF1BE000EF00AF980
:10CBD0005A2828BF5A2008AC8DF8BD0021460122F2
:10CBE00027A88DF89C5001F0D3FD0023049380B258
:10CBF00043F6FF731822CDE90240CDE90032084820
:10CC000004A3D3E90023FFF7B3F947B030BD00BF59
:10CC1000AFF30080759D040C8EA454D6D8FB020897
:10CC2000F01000200EB403B503AA52F8041B0192C1
:10CC3000FFF7B4FF02B05DF804EB03B070470000EB
:10CC40000FB407B504AA072052F8041B0192FFF79E
:10CC5000A5FF03B05DF804EB04B0704737B5044698
:10CC600000F2AC5018F052FA2046FFF72FFE46288B
:10CC700002D92B480EF000F92046FFF739FE94F94F
:10CC80000850002D38D0002304F10800EDB201A9AE
:10CC90008DF8043005F006FE2A2D224C0AD1224DD3
:10CCA0002846FFF7CDFF2368986A036864215B6814
:10CCB0009847F5E72B2D04D11C48FFF7C1FF1C4B0B
:10CCC00098474FF4FA6101A802F064FA2468A06A58
:10CCD00003684FF47A715B689847E06A03689B6A5F
:10CCE000984718B1012816D0124800E01248FFF703
:10CCF000A7FF01A802F05AFA104B00225A710FF058
:10CD0000BFF947F23053984207D90D4803B0BDE848
:10CD100030401CF071B80B48E9E703B030BD00BFEC
:10CD200054FB0208E810002072FB020883FB020893
:10CD300038ED00E0BEFB020893FB0208682E0020DD
:10CD4000263A09B0A8FB02082DE9F34104460FF08A
:10CD500097F941490B68C31A322B05461AD93F4B44
:10CD60001B78BBB13E4802780123934023F4AA43C9
:10CD700023F055031B041B0C002B0EBF01260026BD
:10CD8000082343EAC6430132364E02F01F02B36164
:10CD900002700D6004F580560FF072F9D6F8503D20
:10CDA000984202D92046FFF73BFE2F4A1368EB1A40
:10CDB000B3F57A7F07D315600FF064F902460B468E
:10CDC0002046FFF74BFF204600F032F9204600F0E6
:10CDD00025FD2046FEF73AFE2046FEF75FFD204681
:10CDE00000F014FC0FF044F904F5EA55DFF87C80FC
:10CDF00007461C350FF03CF9C01BB0F57A7F17D2FF
:10CE0000D8F80030986A03684FF480619B689847AF
:10CE100040F2BE72294601A802F0D6F92046FFF77B
:10CE2000DFFA2046FFF7DCFC01A802F0EFF9E1E7AA
:10CE3000D6F8583D63B10FF023F9D6F8583DC01A23
:10CE4000B0F57A7F04D92046FEF722FCFEF7B2FE49
:10CE500002B0BDE8F08100BFA42E0020000E00202B
:10CE6000A82E002000040048A02E0020E81000207A
:10CE700010B5A2B001A90446104601F06DFA0146B2
:10CE800038B99DF805300DF1060204F1480006F0AE
:10CE90007BFC22B010BD000010B5CCB00446694642
:10CEA000104600F023FE38B9BDF800200DF1020154
:10CEB00004F1480006F034FA4CB010BD2DE9F043FF
:10CEC00000F14808ADF5217D002305460DF11A0259
:10CED00007A940460793ADF81A3006F0DBF90028A1
:10CEE00041D0BDF81A30002B3DD0079B002B3AD023
:10CEF00020A7D7E90067BDF81A408CB34FF49772AA
:10CF0000002108A81EF004FBB4F5967F28BF4FF45B
:10CF100096740799ADF8204022460DF5A8790DF1D9
:10CF200022001EF0ABFA0122494608A800F0AEFD2F
:10CF30000023049380B244F625631822CDE9003221
:10CF4000CDE902903B4632462846FFF711F8BDF87E
:10CF50001A301B1BADF81A30079B23440793CAE70E
:10CF6000404606F0B1F90DF5217DBDE8F08300BF24
:10CF7000AFF300803A13328C7423F309F0B599B003
:10CF800009AB019308AB04460026009306AA07AB41
:10CF90000AA948300A9606F041F900283DD00A9DBA
:10CFA000D4F88835AB4238D01827C4F888553A46AB
:10CFB000314612A81EF0ACFADDED097A9FED1B7A1E
:10CFC000CDED147A4FF47A73A5FB0353CDE91053DA
:10CFD000F0EEE77A069B1393F4EEC77A079B15935E
:10CFE000F1EE10FA089B16930BAD54BF01233346A4
:10CFF0000122294610A88DF8483000F0AFFD44F614
:10D00000266380B2CDE902500093049605A3D3E9CC
:10D01000002301972046FEF7ABFF19B0F0BD00BF1B
:10D02000AFF300807844F995F27A72A100000034E1
:10D030002DE9F04390F94830ADF52D7D0446002BE5
:10D0400000F0F58100F14805284606F0BBFC2046BB
:10D05000FFF734FF2046FFF791FF94F83C63D4F8C4
:10D06000802504EB0613D3F8EC309A4200F0DF8100
:10D07000C4F880354FF4D072002144A81EF048FA5D
:10D0800094F8803333B9B02303FB064393F8193186
:10D09000012B0CD894F890754FB90EF0F3FF0022D5
:10D0A0000023CDE94401CDE94623002313E0012309
:10D0B00084F890353146284605F0EAFDCDE9440173
:10D0C00094F83C13284605F041FE50EA0103CDE9EF
:10D0D0004601EAD00223B02202FB06428DF820313D
:10D0E000D2F830110A2381FB0310CDE94A10D2F89F
:10D0F0002C11D2F8282181FB0310CDE94C105343A9
:10D1000094F83C1308AA2846CDE94E3306F0EAFA13
:10D1100078B14E9BDDED086A9FED4F7A079307EEDD
:10D12000903AF8EEE77AE6EEC77AFDEEE77ACDEDD3
:10D130004E7AB02303FB065203FB064602F58272C9
:10D14000D6F84C1150915168519194F83C13926863
:10D15000529203FB014393F84A218DF84C2193F836
:10D16000192194F880333BB9062A0AD8DFE802F087
:10D1700004045D6163696E0000238DF84D31ADF8E4
:10D180004E31062309AA28468DF8503105F06CFD72
:10D1900038B1DDED097A67EEA77ACDED567ACDED9F
:10D1A000557A94F83C130AAA284605F067FD28B181
:10D1B000DDED0A7A67EEA77ACDED577A0BAF94F8DA
:10D1C0003C133A46284605F045FD48B1D7ED007AB4
:10D1D00067EEA77ACDED5A7ACDED597ACDED587A32
:10D1E0009DF850119FED1D7A1D48DFED1E6A9FEDE1
:10D1F0001E6A55AB0022D6B2B14237D9D3ED007AC0
:10D20000F0EEE75AF4EE475AF1EE10FA09DCF4EECC
:10D21000E67AF1EE10FA04D9F4EEC67AF1EE10FADD
:10D2200000DB186001320433E5E702228DF84D215E
:10D23000A5E70322FAE703238DF84D3140F20113ED
:10D240009DE703238DF84D31022398E703238DF8E2
:10D250004D314FF4817392E700007A44FFFF7F7FE6
:10D260000000C07F00EF7FC700EF7F470CAE314664
:10D27000012244A800F054FF4FF0000880B240F2B1
:10D2800027434FF01809CDE90260CDE90039CDF808
:10D29000108072A3D3E900232046FEF769FE202206
:10D2A000414644A81EF034F994F83C33DFED686A37
:10D2B000B02202FB03433146B3F84621B3F84831AC
:10D2C00007EE102A07EE903AB8EEC77AF8EEE77A42
:10D2D00027EE267A67EEA67A012244A88DED467ADB
:10D2E000CDED477A00F0A6FE40F2254380B2CDE9AD
:10D2F00002600093CDF810804FA3D3E90023CDF84E
:10D3000004902046FEF734FE94F83C13CDF81881C3
:10D310002846CDE9448806F0ABF994F9C2308DF87F
:10D3200014013BB1284606F0B7F918B9469B43F003
:10D33000010346939DF8143143B10AA9284606F02B
:10D3400027F918B9469B43F00203469394F83C131F
:10D350003A46284606F0B8F908B13B6844930122E2
:10D36000314644A800F03CFC0023049380B244F60C
:10D3700023634FF01809CDE90260CDE9003920465A
:10D380002FA3D3E90023FEF7F3FD94F88133002B9C
:10D390004DD194F83C13B02303FB014393F86C3157
:10D3A000002B44D0D4F88885B8F1000F3FD1009706
:10D3B0000AAB09AA284606F02BFBC0B33B68D4F899
:10D3C00084259A4233D0DDED0A7A9FED227ADFED93
:10D3D000226AC4F88435F4EEC77A9DED097AADF877
:10D3E00012810122F1EE10FA27EE267A67EEA67A74
:10D3F000ACBF13460023314644A88DF810218DF8A8
:10D4000011318DED457ACDED467A00F011FB44F6F1
:10D41000226380B2CDE902600093CDF810800AA3A8
:10D42000D3E90023CDF804902046FEF7A1FD0DF5C9
:10D430002D7DBDE8F08300BFD2BFDBC3C4BDE89B38
:10D44000697F00BBABB43CBA1234EDEC39AE5C3151
:10D450000AD7233C0000003435FA8E3C5F43370F77
:10D4600000E741CA072802D82130C0B270470B2814
:10D4700001D84A30F9E794307047000038B50446C7
:10D480000CF0BAF80BF0E8FE002504F2AC44E8B268
:10D49000FFF7E8FF0135014620460BF051FF202D34
:10D4A000F5D138BD2DE9F7432E4B1E680546706A4D
:10D4B0000368DB6C9847002404F13301E0B209B241
:10D4C00001340BF0B9FF062CF6D1332420B201341D
:10D4D0004FF47A71A4B20BF035FE532CF6D1002430
:10D4E00027464FF001095FFA84F84046FFF7BAFF7C
:10D4F00041F6FF710BF03AFE4046FFF7B3FF0DF126
:10D5000007010BF0FBFE20B19DF8073009FA03F389
:10D510001F430134202CE6D12846FFF7AFFF124C01
:10D52000706A2268036892F88110D3F8A83098478F
:10D53000706AAA89036839465B6898470CF05CF802
:10D54000AA7B39460BF0C8FF706A2168036891F81E
:10D550008010D3F89C304FF4C87203B0BDE8F0439C
:10D56000184700BFE8100020302F0020F8B507460C
:10D570000E46C1B1202AA8BF202214460025E8B2D9
:10D5800084420DD9FFF76EFF36F9153023EAE373B5
:10D5900007EE903AB8EEE70A0BF0C0FD0135EEE772
:10D5A000012387F85035F8BD10B5044601F132006B
:10D5B0000BF024FF012384F8503510BDF6EE007AFD
:10D5C00030EE270A10B5BCEEC00A044610EE103A41
:10D5D0000846323099B20BF0F5FE012384F850353D
:10D5E00010BD000010B5084B1B680446586AFF299F
:10D5F000036805D11B6D9847012384F8503510BD91
:10D60000DB6C9847F8E700BFE8100020F0B504464F
:10D6100083B000AF0EF034FDB4F91030002B35DDCF
:10D62000D4F85425801A984234BF0020012094F881
:10D630005855ADB1A0B16A00D31D03F47E736E4698
:10D64000ADEB030D6B46184600211DF061FF2A4625
:10D6500001462046FFF78AFF012384F85035B5467E
:10D6600094F850357BB1002384F850350BF0C4FF9B
:10D6700078600BF033FF78680BF096FF0BF0D0FC6E
:10D6800078680BF099FF0C37BD46F0BD0020CEE75F
:10D6900013B50023044601A91046019300F0A2FE31
:10D6A00078B9BDF80620012A0BD89DF804100F297F
:10D6B00007D80A3102F00102C9B204F25A500CF044
:10D6C00047F802B010BD0000F0B5A5B004460E4604
:10D6D000104603A9154601F079FB002840F0908020
:10D6E00030469DF80D7017F081FC874240F088802D
:10D6F000D4F89435002B75D09DF90E305A1C01D109
:10D7000094F90930002B7BDB424A092B106877DC47
:10D7100003F1100250F82260002E71D094F9A01588
:10D7200099420BD0D4F89C2542B1C9B209294FF0D7
:10D7300000026DD8103150F821100A6184F8A0352C
:10D74000D4F89C35B34208D0D4F8940501F086FF94
:10D750000023C4F89C65C4F8A435D4F89C050028BF
:10D760004ED09DF80F3094F8A86503F0010284F8BC
:10D77000A82502B1284A114601F0DCFDEB7E84F8B1
:10D78000A1359DF80C30049984F8A235D4F8A4355D
:10D79000994200D17EB994F8A8354BB141B11E4BE6
:10D7A00000934FF40063D4F89C051A4601F0D2FDB3
:10D7B000049BC4F8A435D4F89C35D4F894251A6198
:10D7C0000EF05EFC9DF81420C4F89805C2B194F8E0
:10D7D000A835D4F89C05ABB10F4B0DF1150101F044
:10D7E000C7FD0DE0142001F05BFB064618B14FF4B5
:10D7F000806101F0E3FEC4F89465002E7FF47CAFF5
:10D8000025B0F0BD03680DF11501DB689847F7E717
:10D810001261FFDEE8100020E460E4F22DE9F0433D
:10D82000D0F89C35C9B00446D3B190F8A135BBB14E
:10D83000D0F89435A3B1D0F898550EF021FC40F6FD
:10D84000B733401B984294F8A8350CD92BB100226D
:10D85000D4F89C05114601F06DFD0023C4F89C35F9
:10D8600049B0BDE8F08373B1344E0825D4F89C0567
:10D870003346782227A901F08BFD002803DD013D06
:10D8800015F0FF05F2D12BA7D7E900674FF0090883
:10D89000D4F8940501F0F4FE0028E1D008F1FF3837
:10D8A00018F0FF08DCD0D4F8940506A901F098FF21
:10D8B000069D8146002DD3D08422002127A81DF08B
:10D8C00027FE94F8A1358DF89D3094F8A2358DF897
:10D8D0009C30782DD4F8A43528932A4694F8A035A6
:10D8E0008DF89E3028BF7822494607AD0DF1A5007E
:10D8F00006928DF8A4201DF0C1FD0122294627A81B
:10D9000001F018FA002380B21022049340F6B933D4
:10D91000CDE90032CDE9025032463B462046FEF7C3
:10D9200027FB00289CD00699D4F8940501F0DCFE72
:10D93000AEE700BFE9A2A272EAE738B1E460E4F220
:10D940002DE9F7430C4606464FF4047200212046A9
:10D950001DF0DEFD334638220021204617F070FD11
:10D96000337A8DF8053008220DF105033821204661
:10D9700017F066FD06F10C09402500279DF80530DB
:10D980009F4205F1100843D306F5816329462046DE
:10D99000102217F055FD414606F20A431022204698
:10D9A00017F04EFD06F20C4393ED000A17F098FDB8
:10D9B00005F12001ADF806000DF106031022204606
:10D9C00017F03EFD06F5826393ED000A17F088FD1F
:10D9D0000DF10603ADF8060005F1300120461022D6
:10D9E00017F02EFD06F2144305F1400120460122F6
:10D9F00017F026FD204606F21543082205F14101E5
:10DA000017F01EFD05F15000C00803B0BDE8F0831B
:10DA1000B9EC010A17F064FD2946ADF806000DF1D6
:10DA200006031022204617F00BFD01374546A5E7F7
:10DA300037B50C46002105462160217103460122BD
:10DA4000204617F0FDFC01226B1C1146204617F002
:10DA5000F7FC95ED010A17F043FD0DF10603ADF853
:10DA6000060010220221204617F0EAFC95ED020A7A
:10DA700017F036FD0DF10603ADF806001022204622
:10DA8000122117F0DDFC052003B030BDF7B50446C8
:10DA90000E46154600214FF4977230461DF038FDB2
:10DAA0002388B3F5967F28BF4FF49673ADF8063000
:10DAB0009DB90DF1060309222946304617F0C0FC36
:10DAC000092700250234BDF806309D4207EBC50149
:10DAD00005D30731C80803B0F0BD0027F1E763198B
:10DAE0000822304617F0ACFC0135ECE7F7B5037FB0
:10DAF00005460E4633B1838AB3F5977F1CD90120C2
:10DB000003B0F0BD00910922194617F05BFB092410
:10DB10003388B3F5967FF2D8012332885F1C013B2E
:10DB200093420CD32B7FA88A0734E40893B984422C
:10DB300094BF00200120E3E70B800024E8E7F319FD
:10DB40000093214600230822284617F03BFB0834A7
:10DB50003B46E2E7201A18BF0120D1E773B50C4617
:10DB6000142605463246002120461DF0D1FC2B46E6
:10DB700020463822002117F063FC05F108032046F7
:10DB80000122382117F05CFC05F10C03204620220D
:10DB9000392117F055FC05F11003202259212046A8
:10DBA00017F04EFC95ED050A17F09AFC0DF10603EF
:10DBB000ADF8060010227921204617F041FC95EDC2
:10DBC000060A17F08DFC0DF10603ADF806001022D1
:10DBD0002046892117F034FC304602B070BD0000A9
:10DBE00013B504460846002101602346C0F803101F
:10DBF0002022019017F024FC0198231D01222021EE
:10DC000017F01EFC019804F108031722212117F0D8
:10DC100017FC072002B010BD13B50446007F10B1F9
:10DC2000A38A012B0CD80023009108221946204614
:10DC300017F0C8FA237FA08A23B9B0FA80F0400910
:10DC400002B010BD013818BF0120F9E770B50C46CD
:10DC5000192605463246002120461DF059FC2B4668
:10DC600020460822002117F0EBFB2B1D2046202226
:10DC7000082117F0E5FB05F10803204610222821B2
:10DC800017F0DEFB05F10A0320461022382117F0B9
:10DC9000D7FB05F10C0320461022482117F0D0FBDA
:10DCA00005F10E0320461022582117F0C9FB05F19B
:10DCB000100320461022682117F0C2FB05F114035F
:10DCC00020462022782117F0BBFB05F118032046DF
:10DCD0001022982117F0B4FB05F11A0320461022F8
:10DCE000A82117F0ADFB204605F11C031022B82136
:10DCF00017F0A6FB304670BD70B50C461C260546D5
:10DD00003246002120461DF003FC2B4620462022EF
:10DD1000002117F095FB2B1D20461022202117F023
:10DD20008FFB05F1080320462022302117F088FBE5
:10DD300005F10C0320461022502117F081FB05F15C
:10DD40000E0320461022602117F07AFB05F1100324
:10DD500020461022702117F073FB05F112032046B4
:10DD60001022802117F06CFB05F1140320461022CD
:10DD7000902117F065FB05F1160320461022A02123
:10DD800017F05EFB05F1180320461022B02117F0B2
:10DD900057FB05F11A0320461022C02117F050FB53
:10DDA0002046AB191022D02117F04AFB304670BD37
:10DDB0007FB50C46009215460968002308220646E6
:10DDC00017F000FA21686B1C0831216000930822CB
:10DDD0000023304617F0F6F921680DF10E030831E3
:10DDE0002160009310220123304617F0EBF9BDF8B3
:10DDF0000E0017F0A3FB85ED010A23680020103305
:10DE0000236004B070BD00002DE9F043067F85B0AB
:10DE100005460C4636B1838A3D2B03D9012005B057
:10DE2000BDE8F08300230393002E3BD133460094DA
:10DE300004223146284617F0C5F9039B04330393A7
:10DE400023780F2BEAD8271D23789E421BD23A460F
:10DE500003A92846FFF7ACFF08370028DED10136BA
:10DE6000F2E7013FDAD0227819FB0282224403A9AB
:10DE70002846FFF79DFF0028D0D123780133237077
:10DE8000039B9E42EDD8039B2A7FA88A0733DB08B9
:10DE900022B9834294BF00200120C0E7181A18BF9E
:10DEA0000120BCE72370AE8AF600073E10274FF032
:10DEB00008094FF00408E3E72DE9F3410D46044655
:10DEC00000211646284632221DF022FB2346082256
:10DED0000021284617F0B4FA231D202208212846E5
:10DEE00017F0AEFA04F1080320222821284617F083
:10DEF000A7FA94ED030A17F0F3FA0DF106031022C6
:10DF00004821ADF80600284617F09AFA94ED040A65
:10DF100017F0E6FA0DF1060310225821ADF80600BD
:10DF2000284617F08DFA94ED050A17F0D9FA0DF18D
:10DF3000060310226821ADF80600284617F080FA83
:10DF400094ED060A17F0CCFA0DF10603ADF80600C1
:10DF500010227821284617F073FA237F102B28BF50
:10DF600010238DF80530AEB90DF105030522882187
:10DF7000284617F065FA4FF08D08203400279DF8E9
:10DF800005309F4208EB071607D3F01DC00802B00A
:10DF9000BDE8F0814FF08808EFE7B4EC010A17F014
:10DFA0009FFA0DF10603ADF806001022314628460F
:10DFB00017F046FA0137E2E72DE9F341037F044603
:10DFC0000D4633B1838A242B10D9012002B0BDE85D
:10DFD000F08100910522194617F0F4F82B78142BE4
:10DFE000F3D8052700264FF00E080FE0DB000E22C5
:10DFF0000027B3FBF2F30B70F4E7013605EB4603A1
:10E0000000930E220123204617F0DCF82B789E4265
:10E0100008FB0671F1D3237FA08A0731C90823B911
:10E02000814294BF00200120D0E7081A18BF0120C8
:10E03000CCE7000073B50C46102605463246002199
:10E0400020461DF065FA95ED000A17F049FA0DF12A
:10E0500006033246ADF806000021204617F0F0F91D
:10E0600095ED010A17F03CFA0DF1060332463146F0
:10E07000ADF80600204617F0E3F995ED020A17F017
:10E080002FFA0DF106033246ADF806002021204696
:10E0900017F0D6F995ED030A17F022FA0DF10603F1
:10E0A0003246ADF806003021204617F0C9F995ED4B
:10E0B000040A17F015FA0DF106033246ADF8060012
:10E0C0004021204617F0BCF995ED050A17F008FA33
:10E0D0000DF106033246ADF806005021204617F038
:10E0E000AFF995ED060A17F0FBF90DF10603ADF84F
:10E0F000060032462046602117F0A2F905F11C0304
:10E1000020460722702117F09BF9204605F11D03D8
:10E110000622772117F094F9304602B070BD000056
:10E120002DE9F3470D460446002190462846DE229D
:10E130001DF0EEF9234638220021284617F080F919
:10E140003822114604F10803284617F079F904F142
:10E15000100303227021284617F072F904F111030D
:10E1600008228021284617F06BF904F118032522B4
:10E170008821284617F064F904F120032522AD21F7
:10E18000284617F05DF904F128031B22D221284606
:10E1900017F056F904F12C031B22ED21284617F045
:10E1A0004FF904F1300320224FF48471284617F010
:10E1B00047F904F1340320224FF49471284617F0F4
:10E1C0003FF904F1380320224FF4A471284617F0D8
:10E1D00037F904F13C0306224FF4B471284617F0D6
:10E1E0002FF904F13D0302224FF4B771284617F0CE
:10E1F00027F904F13E0304224FF4B871284617F0C2
:10E200001FF904F13F0306224FF4BA71284617F0B4
:10E2100017F994F84030242B28BF24238DF80330BD
:10E2200006220DF103034FF4BD71284617F008F9DB
:10E2300004F1440A4FF4C0774FF000099DF8033011
:10E24000994507F110062BD394ED350A17F048F9DC
:10E250000DF10603ADF8060010223946284617F0E6
:10E26000EFF894F8D830012B28BF01238DF8043043
:10E27000B8F1000F07D1314601AB0122284617F053
:10E28000DFF807F1110604F586744FF000099DF8D8
:10E290000430994515D3F01DC00802B0BDE8F087E1
:10E2A000BAEC010A17F01CF93946ADF806000DF179
:10E2B00006031022284617F0C3F809F10109374672
:10E2C000BCE7A4F12C0A06F16007B046534641466C
:10E2D0002022284608F1200817F0B2F847450AF135
:10E2E000040AF3D1A4F11C0806F1CC0A43463946CE
:10E2F00024222846243717F0A3F8BA4508F1080865
:10E30000F4D114F8043C242B28BF24238DF80530C5
:10E3100006F1D2010DF105030622284617F090F808
:10E32000D836A04600279DF805309F4203D309F157
:10E330000109C034ABE7B8EC010A17F0D1F8314657
:10E34000ADF806000DF106031022284617F078F804
:10E3500010360137E7E70000F7B5047F05460E46A3
:10E360002CB1838A822B02D9012003B0F0BD002397
:10E37000009608221946284616F024FFDCB9731CC3
:10E380000822009311462346284616F01BFF10244E
:10E390007378802BE8D8012372785F1C013B93428D
:10E3A00010D32B7FA88A0734E408B3B9844294BF02
:10E3B00000200120D9E7AB8ADB00083BDB08737043
:10E3C0000824E5E7F3190093214600230822284694
:10E3D00016F0F8FE08343B46DEE7201A18BF01208D
:10E3E000C3E7000037B50446007F0D4610B1A38A8D
:10E3F000032B15D800231946009508222046023524
:10E4000016F0E0FE0023009510220821204616F0A9
:10E41000D9FE237FA08A2BB902288CBF00200120BF
:10E4200003B030BD033818BF0120F9E7F7B50D463A
:10E43000044600211646284637221DF069F894ED5F
:10E44000000A17F04DF80DF1060310220021ADF877
:10E450000600284616F0F4FF94ED010A17F040F884
:10E46000102211460DF10603ADF80600284616F0FD
:10E47000E7FF94ED020A17F033F80DF106031022BE
:10E480002021ADF80600284616F0DAFF94ED030AC5
:10E4900017F026F80DF1060310223021ADF8060022
:10E4A000284616F0CDFF94ED040A17F019F80DF187
:10E4B000060310224021ADF80600284616F0C0FFE2
:10E4C00094ED050A17F00CF80DF106031022502107
:10E4D000ADF80600284616F0B3FF94ED060A16F0D4
:10E4E000FFFF0DF10603ADF806001022602128465B
:10E4F00016F0A6FF04F11C030B227021284616F02B
:10E500009FFF04F11E0307227B21284616F098FF87
:10E5100004F11F0307228221284616F091FF04F11F
:10E52000200307228921284616F08AFF04F12103DF
:10E5300008229021284616F083FF04F124032022AC
:10E540009821284616F07CFF94F828301F2B28BF0E
:10E550001F238DF806309EB90DF106030522B82160
:10E56000284616F06DFFBD27002629349DF8063099
:10E570009E4207EBC60105D30731C80803B0F0BDC2
:10E58000B827F1E7A3190822284616F059FF0136EB
:10E59000ECE7000013B50446007F10B1A38A012BFD
:10E5A0000CD80023009108221946204616F00AFED6
:10E5B000237FA08A23B9B0FA80F0400902B010BDD1
:10E5C000013818BF0120F9E72DE9F3470D4604464D
:10E5D00000219046284640F279121CF099FF23460C
:10E5E00020220021284616F02BFF231D0222202185
:10E5F000284616F025FF631D03222221284616F027
:10E600001FFFA31D03222521284616F019FF04F140
:10E61000080310222821284616F012FF04F11003E7
:10E6200008223821284616F00BFF04F111030822B6
:10E630004021284616F004FF04F112030822482165
:10E64000284616F0FDFE04F114032022502128462E
:10E6500016F0F6FE04F1180340227021284616F049
:10E66000EFFE04F120030822B021284616F0E8FE50
:10E6700004F121030822B821284616F0E1FE04F136
:10E680002207C0263B46314608222846083616F0A7
:10E69000D7FEB6F5A07F07F10107F3D194F8323029
:10E6A0008DF8073031460DF107030822284616F091
:10E6B000C7FE002604F1330A9DF807304FEAC60969
:10E6C0009E4209F5A47720D394F83231502B28BF0D
:10E6D00050238DF80730B8F1000F08D139460DF1FD
:10E6E00007030722284616F0ABFE09F24F17002653
:10E6F00004F233149DF807309E4207EBC6010DD398
:10E700000731C80802B0BDE8F0870AEB060308220B
:10E710003946284616F094FE0136CDE7A3190822A3
:10E72000284616F08DFE0136E4E7000013B50446D6
:10E730000846002101602346C0F803102022019002
:10E7400016F07EFE0198231D0222202116F078FE8D
:10E750000198631D0322222116F072FE0198A31D69
:10E760000322252116F06CFE019804F10803102203
:10E77000282116F065FE072002B010BD08B503463B
:10E78000084600210170012216F05AFE012008BD42
:10E790002DE9F3410D4604460021164628467B220A
:10E7A0001CF0B6FE234603220021284616F048FE40
:10E7B00063781F2B28BF1F238DF8063005220DF12B
:10E7C00006030321284616F03BFE01239DF8062090
:10E7D000DF0003F10108013B9A421CD894F8213074
:10E7E0005A2B28BF5A238DF807303EB939460DF110
:10E7F00007030722284616F023FE07370026223497
:10E800009DF807309E4207EBC6010DD30731C808BB
:10E8100002B0BDE8F08104EB08030822394628461F
:10E8200016F00EFE4346D1E7A3190822284616F03B
:10E8300007FE0136E4E70000F7B5047F05460E4603
:10E840002CB1838A122B02D9012003B0F0BD002322
:10E85000194607220096284616F0B4FC731C009354
:10E86000012200230721284616F0ACFCD4B9B31CC2
:10E870000093052223460821284616F0A3FC0D2408
:10E88000B378102BE0D83746B278BB1B934210D335
:10E890002B7FA88A0734E408B3B9844294BF0020D0
:10E8A0000120D2E7AB8ADB00083BDB08B370082409
:10E8B000E6E7FB1C0093214600230822284616F0B9
:10E8C00081FC08340137DFE7201A18BF0120BCE7BC
:10E8D000F7B5047F05460E462CB1838ACA2B02D9B0
:10E8E000012003B0F0BD00231946009608222846F7
:10E8F00016F068FC731CD4B9082200931146234615
:10E90000284616F05FFC10247378C82BE8D8012342
:10E9100072785F1C013B934210D32B7FA88A073487
:10E92000E408B3B9844294BF00200120D9E7AB8A40
:10E93000DB00083BDB0873700824E5E7F31900935C
:10E94000214600230822284616F03CFC08343B46AA
:10E95000DEE7201A18BF0120C3E70000F7B50D4617
:10E96000044600211646284681221CF0D1FD23468C
:10E9700008220021284616F063FD94F901206378EF
:10E98000002AB8BF7F238DF807309EB90DF1070329
:10E9900007220821284616F053FD0F2700260234CF
:10E9A0009DF807309E4207EBC60105D30731C80822
:10E9B00003B0F0BD0827F1E7A3190822284616F096
:10E9C0003FFD0136ECE7000037B50446007F0D46F9
:10E9D00010B1A38A072B15D80023194600950822E9
:10E9E0002046083516F0EEFB012300953022082161
:10E9F000204616F0E7FB237FA08A2BB906288CBFA0
:10EA00000020012003B030BD073818BF0120F9E70E
:10EA100038B50C46002121600546C4F803100346B2
:10EA20003022204616F00CFD204605F10803012295
:10EA3000302116F005FD072038BD00002DE9F04318
:10EA400090F81C8085B006460D46B8F1000F06D040
:10EA5000838AE02B03D9012005B0BDE8F0830023B1
:10EA600019460D220095304616F0ACFB0DF10F0350
:10EA70000093032200230D21304616F0A3FB9DF8DE
:10EA80000F30042BE7D82B72013B032B03D8DFE8B0
:10EA900003F025303B461024B8F1000F5FD105F19B
:10EAA00098030093214643460722304616F08AFB1E
:10EAB000073495F898305C2BCDD82F4695F89820E0
:10EAC0007B1B934252D3337FB08A0734E408002B78
:10EAD00058D1844294BF00200120BDE705F1100306
:10EAE0000093402201231021304616F06BFB502486
:10EAF000D2E705F1100300932022012310213046B4
:10EB000016F060FB3024C7E705F1100300930822DC
:10EB100000231021304616F055FB1824BCE705F100
:10EB200010030093082200231021304616F04AFB00
:10EB30002B7C802B8FD8002705F111092B7CFC0042
:10EB40009F4204F11804A7D209EB0703009308229F
:10EB500000232146304616F035FB0137EEE7B38A35
:10EB6000C4EBC303DB0885F89830A2E707F19903EB
:10EB70000093214600230822304616F023FB083478
:10EB800001379BE7201A18BF012065E7F7B50C464F
:10EB9000137809688DF8063015460DF10603032237
:10EBA000064616F04DFC2168033121602B78013BAD
:10EBB000032B0CD8DFE803F0020D161F05F1080344
:10EBC0004022304616F03CFC23684033236003B0FB
:10EBD000F0BD05F108032022304616F031FC236811
:10EBE0002033F3E705F108030822304616F028FC2D
:10EBF00023680833EAE72B7A802B28BF80238DF81F
:10EC0000073008220DF10703304616F019FC23687F
:10EC100008332360002709359DF807309F42D6D27C
:10EC2000EB1921680822304616F00AFC23680833E5
:10EC300023600137F0E7000073B50C4613780968CC
:10EC40008DF8073015460DF107030222064616F02F
:10EC5000F7FB2168023121602B78012B03D0022BB6
:10EC60000BD002B070BD05F108034022304616F00B
:10EC7000E7FB236840332360F3E705F10803202214
:10EC8000304616F0DDFB23682033F4E773B50D46FC
:10EC9000044600211646284640F273121CF038FC48
:10ECA0000523224601A928460193FFF76FFF019B28
:10ECB00004F19002053301A928460193FFF766FF8E
:10ECC000019B04F59072063301A928460193FFF7D2
:10ECD000B3FF019B04F59872063301A928460193FE
:10ECE000FFF7AAFF94F840315C2B28BF5C238DF816
:10ECF00003304EB90DF1030301990722284616F09F
:10ED00009FFB019B07330193002604F241149DF8F9
:10ED1000033001999E4203D30731C80802B070BD89
:10ED2000A3190822284616F08BFB019B0833019398
:10ED30000136ECE7F7B50D46044600211646284695
:10ED40007F221CF0E5FB234608220021284616F00E
:10ED500077FB631C07220821284616F071FBA31CD1
:10ED600005220F21284616F06BFBE31C0422142118
:10ED7000284616F065FB1822231D1146284616F07A
:10ED80005FFB237A782B28BF78238DF807309EB954
:10ED90000DF1070307223021284616F051FB3727D3
:10EDA000002609349DF807309E4207EBC60105D3C3
:10EDB0000731C80803B0F0BD3027F1E7A3190822D6
:10EDC000284616F03DFB0136ECE70000F7B5047F5E
:10EDD00005460E462CB1838A7F2B02D9012003B051
:10EDE000F0BD0023194608220096284616F0EAF9DD
:10EDF000731C0093072200230821284616F0E2F92D
:10EE0000B31C0093052201230F21284616F0DAF9DE
:10EE1000F31C0093042200231421284616F0D2F993
:10EE2000331D1822009311460023284616F0CAF914
:10EE3000DCB906F108030093072223463021284657
:10EE400016F0C0F93724337A782BC7D83746327A90
:10EE5000BB1B934210D32B7FA88A0734E408BBB9AD
:10EE6000844294BF00200120B9E7AB8ADB00303B2D
:10EE7000DB0833723024E6E707F1090300932146EB
:10EE800000230822284616F09DF908340137DEE7F2
:10EE9000201A18BF0120A2E70048704730FC020882
:10EEA0000121884238BF084619F074BEFFF7F8BF49
:10EEB00008B119F073BE7047FFF7FABF10B40268CB
:10EEC00054681A4623465DF8044B184700207047E3
:10EED00001207047002070470020704700207047D5
:10EEE0007047000000207047002070477047000006
:10EEF0007047000037B505460C468322011D01A866
:10EF000000F062F9611EC9B202299EBF05EBC10182
:10EF10000023C1E9073301A800F078F903B030BD40
:10EF20002DE9F7431E461B885B070546884620D41B
:10EF3000011D422201A800F047F92C4605F11809ED
:10EF40004C4513D0E3696BB12B6828465B6C98473E
:10EF50003388276AC1B243F00403E0694246B847E8
:10EF60000834EDE7236A002BEED1F9E701A800F0A1
:10EF70004DF9012003B0BDE8F08300007FB56D4678
:10EF800085E806000446011D712203A81E4600F014
:10EF90001BF921460022C869D3B288B9086A78B93A
:10EFA00095E8030004EBC2021C32013382E803003F
:10EFB0000124337003A800F029F9204604B070BD85
:10EFC0000132032A01F10801E5D10024F2E7000033
:10EFD0002DE9F04F2DED028B8BB004468B4653226A
:10EFE000011D01A8BDF858809FED258B00F0ECF8BD
:10EFF000254604F11809002708F0040AA94536D06F
:10F00000EB690BB92B6A63B1BAF1000F0BD123681E
:10F0100020465B6C98474346C1B25A46D5E907067D
:10F02000B0470835EAE7002FFBD18DED028BADF834
:10F0300010705B4605AA0BF1080C18685968174652
:10F0400003C7083363453A46F7D1186838609B8890
:10F05000BB800DF017F80423ADF810302368CDE91C
:10F0600002019B6C02A9204698470127D9E701A815
:10F0700000F0CCF801200BB0BDEC028BBDE8F08FA6
:10F08000000000000000000030B503680968DD0FD3
:10F09000B5EBD17F23F0604421F060424FEAD1709C
:10F0A0000BD0002BB8BFA40C0029B8BF920C94421F
:10F0B00002D034BF0120002030BD944205D1C1F3FD
:10F0C0008070C3F380738342F6D194422CBF00203A
:10F0D0000120F1E7082817D90C280CD910280CD9E1
:10F0E00014280CD918280CD920280CD930288CBF0A
:10F0F0000F200E207047092070470A2070470B2010
:10F1000070470C2070470D2070470000082817D961
:10F1100009280CD00A280CD00B280CD00C280CD0B5
:10F120000D280CD00E2814BF4020302070470C2032
:10F130007047102070471420704718207047202017
:10F1400070470000436818478368184710B5024CA1
:10F150008260C0E9004110BDC8FC0208007B00F0DD
:10F160000100704770470000816082807047000096
:10F17000826838B504465AB1037B13F0010507D104
:10F1800043F0010303739047237B65F3000323736C
:10F1900038BD000010B5044B1B680446986A03682C
:10F1A0001B699847204610BDE810002010B5054B9C
:10F1B0001B680446986A036800211B69984720462B
:10F1C00010BD00BFE8100020F8B50C4B01601E68B0
:10F1D0000446B06A03681B6C17469847054610B191
:10F1E000F36AA3F84270206803689B6898471DB1D2
:10F1F000F36A0022A3F842202046F8BDE810002060
:10F2000010B50446FFF7E0FF204610BD10B50446D8
:10F2100000680368DB689847204610BDC181B1FAD9
:10F2200081F0400970470000C089704770470000B6
:10F2300000207047704700007047000000207047B2
:10F2400000207047704700004FF4B4507047000032
:10F250000020704700207047002070470020704752
:10F2600000207047007B70477047000007B50368B7
:10F270008DF80710DB6801220DF10701984703B0F4
:10F280005DF804FB08B5036801225B6A9847002813
:10F29000D4BF0020012008BD07B503680DF10701A8
:10F2A000DB69984720B19DF8070003B05DF804FBC7
:10F2B0004FF0FF30F9E7000013B50446084601910E
:10F2C000FCF796F823680199DB680246204602B0F5
:10F2D000BDE81040184700000CF0D4BE10B44468DC
:10F2E0002CB903685DF8044BD3F880301847002030
:10F2F0005DF8044B7047000082681AB90368D3F8C0
:10F30000903018470020704782681AB90368D3F814
:10F31000943018470020704730B4456825B9046818
:10F32000E46FA44630BC604730BC704700231A46E7
:10F33000FFF7F2BF436813B18B4200D041B9836835
:10F3400013B1934200D01AB9C0E9011201207047ED
:10F350000020704730B44468029D0CB1AC4204D127
:10F360000468E46FA44630BC604730BC70470000BE
:10F3700010B444680CB19C4205D103685DF8044B9D
:10F38000D3F88030184700205DF8044B7047000028
:10F3900037B50546806808B1984212D12B680191B3
:10F3A000D3F8843092B2284698470446286928B199
:10F3B000002C03DD0199224600F0F2F9204603B04B
:10F3C00030BD0024FAE700000023FFF7E1BF000092
:10F3D000013901298CBF00200120704700207047AF
:10F3E00000207047002070477047000000230B701A
:10F3F0007047000070470000704700000020704711
:10F4000000207047002070474368C26893423CBFA9
:10F410008268D15443680133436001207047000083
:10F42000F8B505460C468F180026BC4207D02B685D
:10F4300014F8011B9B68284698470644F5E73046B8
:10F44000F8BD000000207047002070470020704782
:10F450000020704738B590F89C308B4204460D462A
:10F460000CD080F89C100CF00BFE2368C4F8A000B0
:10F470005B682046984708B984F84D5038BD0000B5
:10F480007FB50D461446194600267AB1531E0B4A25
:10F490006846CDE90026089ACDE9025300F00EFA3D
:10F4A0000198844204D92E5404B070BD1346EEE78F
:10F4B000002CF9D02C4404F8016CF5E7ECFC0208B0
:10F4C00008B410B585B007AC54F8043B009403941D
:10F4D000FFF7D6FF05B0BDE8104001B0704700004F
:10F4E00070B5044609F09EFB5E224FF4000109F05E
:10F4F00085FB0D4E0D4B1D6833783BB9E86A04223D
:10F50000214648300CF0C0FD01233370EB6A2A22FB
:10F5100083F84620EB6A93F89C301BB904482146D7
:10F520000CF080FD70BD00BFAA2E0020E810002066
:10F53000D0FC020807B503680DF10701DB699847A5
:10F5400020B19DF8070003B05DF804FB4FF0FF30D9
:10F55000F9E70000F8B506460F4614460025AC4210
:10F560000AD0336830469B699847431C01D128462E
:10F57000F8BD78550135F2E72046F9E70EB403B53A
:10F5800003AA036852F8041B5B680192984702B013
:10F590005DF804EB03B0704700F090B913B5044672
:10F5A00008460191FBF724FF23680199DB680246B6
:10F5B000204602B0BDE810401847000070B5002694
:10F5C0000446C0E9026601200D4619F0E3FAB04294
:10F5D00008BF3546206065602674204670BD000077
:10F5E00010B5037C044613B9006819F0D7FA204619
:10F5F00010BD000070B5057C04460E46DDB9BFF3B2
:10F600005B8FC560BFF35B8FBFF35B8F8560BFF31C
:10F610005B8F43688B420CD0006819F0BFFA31460B
:10F62000012019F0B7FA206010B96560284670BD56
:10F6300066600125FAE70025F8E7000038B50546C1
:10F640000C4644B121462846FFF7D4FF20B904EB0D
:10F650004404A408F5E7204638BD00000023BFF3AA
:10F660005B8FC360BFF35B8FBFF35B8F8360BFF3C0
:10F670005B8F7047BFF35B8F0068BFF35B8F704792
:10F6800070B505460C30FFF7F5FF05F10806044696
:10F690003046FFF7EFFFA04206D930466D68FFF70E
:10F6A000E9FF2544281A70BD3046FFF7E3FF201A12
:10F6B000F9E7000070B50546406898B105F108000B
:10F6C000FFF7D8FF05F10C0604463046FFF7D2FFDE
:10F6D0008442304694BF6D680025FFF7CBFF013CA4
:10F6E0002C44201A70BD000038B50C460546FFF7C3
:10F6F000C7FFA04210D305F10800FFF7BBFF044489
:10F700006868B4FBF0F100FB1144BFF35B8F01208C
:10F71000AC60BFF35B8F38BD0020FCE72DE9F04102
:10F72000144607460D46FFF7C5FF844228BF04462E
:10F73000D4B1B84658F80C6B4046FFF79BFF3044F5
:10F74000286040467E68FFF795FF331A9C4203D835
:10F750006C600120BDE8F0816B60A41B3B68AB606E
:10F760002044E8600220F5E72046F3E738B50C4670
:10F770000546FFF79FFFA04210D305F10C00FFF7ED
:10F7800079FF04446868B4FBF0F100FB1144BFF357
:10F790005B8F0120EC60BFF35B8F38BD0020FCE77E
:10F7A0002DE9FF41884669460746FFF7B7FF6C46DB
:10F7B00006B204EBC6060025B44209D06268206890
:10F7C00008EB05011BF05AFE636808341D44F3E79B
:10F7D00029463846FFF7CAFF284604B0BDE8F08145
:10F7E000F8B505460C300F46FFF744FF05F1080653
:10F7F00004463046FFF73EFFA042304688BF6C68A3
:10F80000FFF738FF201A386020B130462C68FFF728
:10F8100031FF2044F8BD000073B5144606460D467E
:10F82000FFF72EFF844228BF04460190DCB101A9F6
:10F830003046FFF7D5FF019B33B93268C5E9023383
:10F84000C5E9002401200CE09C4238BF01942860E7
:10F85000019868608442F5D93368AB60241AEC6083
:10F86000022002B070BD2046FBE700002DE9FF41F9
:10F870000F466946FFF7D0FF6C4600B204EBC005A7
:10F880000026AC4209D0D4F8048054F8081BB819FB
:10F8900042461BF0F3FD4644F3E7304604B0BDE8B2
:10F8A000F081000038B50546FFF7E0FF0446014649
:10F8B0002846FFF719FF204638BD00002DE9F04F1C
:10F8C0002DED028B06468DB0904691F80090B9F16F
:10F8D000000F00F0DE82B9F1250F08D04B1C039316
:10F8E000336849469B68304698470399EDE791F89D
:10F8F00001908B1CB9F1250F0393F1D00025AA4686
:10F900002C461F2C3BD8B9F12B0F2DD01CD8B9F1A8
:10F91000200F2BD0B9F1230F2ED0A9F13003DBB289
:10F92000092B36D860064BBF05EB85050AEB8A0A22
:10F9300003EB450503EB4A0A4EBF05F0FF050AF04D
:10F94000FF0A44F0200407E0B9F12D0F11D0B9F1FE
:10F95000300FE2D144F00104039B13F8019B0393A1
:10F96000B9F1000FCDD126E044F0020444F00404C4
:10F97000F2E744F00804EFE744F01004ECE77F2CD2
:10F98000CBD9230617D5B9F16C0F14D144F4807488
:10F99000E2E7B9F12E0F05D1620600F17A8244F058
:10F9A0004004D9E7B9F16C0F02D144F08004D3E7E9
:10F9B000B9F1680FD0D0A9F14503022B61D809F144
:10F9C000200944F010045FFA89F908F1070828F0CB
:10F9D0000708F8E80201FBF7C1F814F0400F08BF70
:10F9E000062524F0C004B9F1650F08EE100AA4B290
:10F9F00050D144F0400427060DD59FED977AF0EEE4
:10FA0000C87AF4EEC77AF1EE10FAC2BF4FF63F7330
:10FA1000234043F0400414F0800346D03B2DA94618
:10FA200028BF4FF03B0909F101095FFA89F907275F
:10FA30001722002106A802931BF06AFD4A463946A8
:10FA400006A8B0EE480A0CF007FD9DF818300193A7
:10FA500003F00902012A029B83462FD0A0072FD46E
:10FA600014F0040F0CBF00222022019911F00C07A2
:10FA700058D0002A40F0AB82BAF1030F50D8174695
:10FA800037E0A9F16503022B00F25B8124F010043A
:10FA9000A4B29AE7B9F1660F02D144F08004AAE754
:10FAA000002DA8D0013DEDB2A5E70A2D83BF0A25A0
:10FAB00099462F462F4698BF9946B9E72D22D4E79D
:10FAC0002B22D2E70427AAEB07072107FFB20AD4AB
:10FAD000336802929B6820213046013F984717F017
:10FAE000FF07029AF4D122B1336811469B68304671
:10FAF0009847019B594D13F0080F594B08BF1D46FD
:10FB0000013D04F0100415F8011F002900F0B58034
:10FB10000CB12039C9B2336830469B689847F2E788
:10FB20000327D0E7CDF808B0002B36D0019BD9448D
:10FB3000DB065FFA89F907D59DF81930312B04BF30
:10FB400009F1FF395FFA89F94FFA89F3002B44DD97
:10FB5000B9F1080F28BF4FF0080914F0800304938F
:10FB60001ABF2BEAEB730133052302B101330DB148
:10FB7000691C0B449A45C4BFAAEB0303DFB214F01F
:10FB8000090F2FD177B3336805929B682021304647
:10FB9000013F9847FFB2059AF4E76006DDD45D4562
:10FBA00004DB1BF1040FA8BF44F080046B1C06A902
:10FBB0000B4435B113F80119302902D1013DEDB2E2
:10FBC000F7E72106C9D505F101095D455FFA89F915
:10FBD00006DDA5EB0B05EDB2BFE74FF00109BCE771
:10FBE0000025BAE722B1336811469B683046984732
:10FBF000220708D43FB1336830219B683046013F6B
:10FC00009847FFB2F6E7049B002B47D02BEAEB7432
:10FC1000ABEB040A06AB9A44ABEB09096D42A34572
:10FC200017DBA14515DA9AF80110013CA54219DC51
:10FC3000002900F0D281336830469B689847631CE6
:10FC400004D133682E219B68304698470AF1010A97
:10FC5000E5E73021E9E700BF7F96184B1CFD02085D
:10FC600018FD0208A34507D19DF81930352B0FD890
:10FC700002D1019BDD060BD559B9002F3FF435AEFB
:10FC8000336820219B683046013F9847FFB2F4E774
:10FC9000312133689B6830469847EEE79DF819108C
:10FCA00031291EBF019B03F0EF03019333683046F7
:10FCB0009B689847E5B9336814F0100F14BF4521CD
:10FCC00065219B6830469847BBF1000F29DACBF1DC
:10FCD000000302932D21336830469B6898473021FA
:10FCE000029B092B23DD01310A3BC9B20293F7E7DE
:10FCF00033682E219B68304698470235EDB24FF0AD
:10FD000002094B460CAA1A44336812F8181C9B6867
:10FD100009F101095FFA89F930469847A945F0D100
:10FD2000C9E702D1019BDC06D1D42B21D3E733688C
:10FD300030469B6898470299336830319B68C9B256
:10FD4000A9E7B9F1630F37D0B9F1730F4FD0B9F10B
:10FD5000640F63D124F0900714F4807FBFB20DF1DB
:10FD600018097BD008F1070222F00702904651687B
:10FD700058F8080B002904DA404261EB410147F0D2
:10FD800080070A234A4600F07BF9A0EB0900C4B2C1
:10FD90007B0640F19F8027F00109AC421FFA89F9E8
:10FDA00080F0D28007F01403102B03D127F0110745
:10FDB0001FFA87F9AB468FE058F8043B8DF81830EE
:10FDC00001250DF11809200701D4AA451CD84D447E
:10FDD0005746A9453FF451AF336819F8011B9B689A
:10FDE00030469847002FF4D0013FFFB2F1E758F8B2
:10FDF000049B14F0400F14BF29464FF0FF314846D2
:10FE00001CF05CF80546DEE7336820219B6830462D
:10FE10000AF1FF3A98475FFA8AFAD6E7B9F1690F13
:10FE200098D0B9F1750F27D124F01004A7B20A2396
:10FE300017F4807FDBB20DF1180944D008F10708F0
:10FE400028F00708F8E802014A4600F019F9A0EB8B
:10FE5000090027F08007C4B2BFB299E758F8040B35
:10FE60000028B8BF40424FF00A024946B8BF47F0E9
:10FE7000800700F0B7F888E724F00607B9F1700FA3
:10FE8000BFB214D00AD8B9F1580F13D0B9F16F0F1F
:10FE900017D00DB0BDEC028BBDE8F08FB9F1780F33
:10FEA000F7D1F90601D547F004071023C0E747F062
:10FEB0001007F6E7E20601D547F006074FF4047392
:10FEC000B6E70823B4E758F8040B1A46494600F091
:10FED00089F8BCE7A346B94619F0100F41D00CAB26
:10FEE000234413F8193C302B30D129F016091FFA9E
:10FEF00089F919F0080744D119F0010F35D0DA4516
:10FF000045D904EB0A05A5EB0B05EDB2336819F0F2
:10FF1000100F9B683FD030213046984719F0040FEE
:10FF200008D0336819F0020F9B6814BF582178215C
:10FF3000304698473368AC429B6839D2302130460E
:10FF4000013D9847EDB2F5E7A346C5E719F0040F68
:10FF500002D10BF1010B01E00BF1020B5FFA8BFBFD
:10FF6000C7E719F0860FC4D0F3E73368DA459B681A
:10FF70000FD9202130460BF1010B98475FFA8BFB1C
:10FF8000F3E7DA4505D9AAEB0B07FFB2BEE7254632
:10FF9000BCE70027BAE719F0860FCBD019F0020FA3
:10FFA00014BF2B21202119F0800F18BF2D21BFE78E
:10FFB000651E06AB53FA85F5336815F801199B6881
:10FFC000013CE4B230469847002CF5D155E6BAF131
:10FFD000040F3FF677AD002786E5A3457FF44DAECD
:10FFE00042E600BF082A30B505D10346C008FCD15F
:10FFF00030330B700DE0102A0DD100F00F0202F12A
:020000040801F1
:100000003003392B88BF02F13703000901F8013BA7
:10001000F3D1084630BD03460022DCB223F00103D1
:10002000023342F10002580840EAC270C31842EBA2
:100030005202180940EA0270C01842EB1212030A79
:1000400043EA0263181842EB1222030C43EA02430C
:100050001B1842EB1242D31842F100001B0943EA7D
:100060000073C3EB4315C3EB85053034020904EB81
:10007000450453EA101001F8014BCED1C9E7000046
:10008000082B30B50AD10346C00840EA4170C908C0
:1000900050EA0104F7D13033137013E0102B13D161
:1000A00000F00F0404F13003392B4FEA101088BF21
:1000B00004F1370340EA0170090902F8013B50EAF4
:1000C0000103EDD1104630BD20F00104023441F1AE
:1000D0000003610841EAC3710C1943EB5303210982
:1000E00041EA03710C1943EB1313210A41EA03613E
:1000F0000C1943EB1323210C41EA0341091943EB8B
:100100001343591843F10003C5B2080940EA0370CC
:10011000C0EB4014C0EB84043035190905EB4405ED
:1001200050EA131302F8015BCED1CBE770EE600A00
:10013000DFED057AF0EEE00AF4EEE70AF1EE10FAF0
:100140004CBF0120002070470000003408B52DEDA1
:10015000028B9FED088AF0EE480A19F08DFCB5EE8F
:10016000C00AF1EE10FA48BF30EE080ABDEC028B6F
:1001700008BD00BF0000B44310B5B4EE400AF1EE74
:1001800010FA2DED028B0446B0EE608AF0EE418A43
:100190000FD708F047FDA2B24FF4806108F02EFDA2
:1001A00038EE288AB6EE000A28EE000ABDEC028B73
:1001B00010BDB4EEE00AF1EE10FA07D4B4EE410A35
:1001C000F1EE10FAC8BFB0EE410AEFE7B0EE600AF8
:1001D000ECE70000884203D39042014628BF114655
:1001E00008467047884203DB90420146A8BF11468B
:1001F00008467047094A136849F2690099B21B0C16
:1002000000FB01331360064B186844F2506182B260
:10021000000C01FB0200186080B27047080E00203D
:10022000040E0020036800EE103A7047024682B0C8
:10023000006851686B4603C39DED000B02B0704728
:10024000D0ED010AD1ED016A90ED021A91ED027A2A
:1002500090ED000AD1ED007A70EEE60A31EE471A11
:1002600030EE670A88B008B0704700BF90ED020A10
:1002700090ED017AD0ED007A20EE000AA7EE070A91
:10028000A7EEA70AB1EEC00A704700BF0020704772
:1002900000207047002070477047000090F836003B
:1002A0007047000090F83B00704700000120704745
:1002B00000207047022070477047000010B50446C8
:1002C000FEF7F6FD204610BD90F89830934206D90F
:1002D000243250F8220010B103689B6A18470020AE
:1002E0007047000073B56D4685E80C000F4B04465F
:1002F00040F8043B0E4600F07DFA95E8030004F157
:100300009C03C4F8946083E80300069BC4F8A430FF
:100310000749204601F064FF064B1A6812B10648EF
:100320000BF080FE20461C6002B070BD6CFE02081F
:1003300034FE0208AC2E00205CFD02082DE9F041DD
:10034000A2B00C4607A901F099F8002855D0002169
:100350000D220CA80591ADF818100B911BF0D8F8E0
:100360002B4B611C1F68C9B20BAD0129F86A0A95B5
:1003700046D1284B062205A9FFF7A2F8264B019388
:1003800005AB0093002411222946244BF86A8DF80E
:100390001940FFF795F804AA0DF10F0128468DF8D2
:1003A0003C40049401F074FB38B31D49DFF86C80C5
:1003B000482210A81BF062F8062610AC2268531ED3
:1003C000049AC2F3513202EB831223798DF8243060
:1003D000A368019305AB0093089243461122294676
:1003E000F86AFFF76DF80021B7EE000A07A801F0E0
:1003F000CFFB013E04F10C04E0D122B0BDE8F08156
:100400000091084B062205A9FFF75AF8B6E700BF8E
:10041000E810002075F802088DFD020887FD02082B
:10042000D0F6020880FD0208F0B590F8986085B01B
:100430000446002E40F09D807F2380F8A8300DF107
:100440000F01283004F130058DF80F6002F006FA34
:100450001822FF2128461BF05BF884F8876094F986
:100460002860132E0FDC022E1BDDF31E102B18D874
:10047000DFE803F00B0B1717361717171717425043
:100480007358171766001F2E0BD14420FEF708FD86
:10049000074620B1231D2A4621460CF02BFAC4F84A
:1004A0009070D4F8900050B1D4F88C10C4F88860E3
:1004B00029B1314B196002F003F901F0D9FFD4F8EA
:1004C0009000002855D003689B68984701230021BD
:1004D000204684F8983005B0BDE8F040FFF72EBF05
:1004E0007C20FEF7DDFC07460028D8D0231D2A46D5
:1004F00021460CF067FED2E74820FEF7D1FC074604
:100500000028CCD0032300932A46231D21460DF05A
:100510007BF8C4E74820FEF7C3FC07460028BED09E
:100520000623F0E77C20FEF7BBFC07460028B6D088
:10053000231D2A4621460CF045FE104B3B60AEE7DA
:100540007C20FEF7ADFC07460028A8D0231D2A46D4
:1005500021460CF037FE0A4BF0E74420FEF7A0FCE2
:10056000074600289BD0231D2A4621460CF0D2FFC7
:1005700095E705B0F0BD00BFB02E0020E4FD0208F5
:10058000E46A030890F898308B4283BF602303FB32
:10059000010090F8750000207047000090F8983036
:1005A0008B4283BF602303FB010090ED120A9FED95
:1005B000010A70470000000070B590F8983093422F
:1005C00004460E46154601D8002070BD02F12403F2
:1005D00050F823000028F7D003689B69984700284B
:1005E000F2D0602202FB0544E36C3360EDE70000CB
:1005F0002DE9F04F464B2DED028B1B68DB6A93F81B
:100600009C3087B00446002B7DD0DFF818919FED19
:10061000418A4FF0000894F898305FFA88F5AB42B1
:1006200071D905F1240354F82300002855D003683C
:100630005B6B9847602303FB0543834693F8743054
:1006400083424AD2032859D8DFE800F047024A51D2
:10065000314E002794F89830AB4288BF60234FF0AA
:10066000600188BF03FB054305F1010201FB05455D
:1006700088BFD3F848A0286D059298BF18EE10AA3D
:10068000F9F71CFFCDE902015046F9F717FF334691
:10069000CDE90001059A49460420FCF7C3FA01237D
:1006A00084F8A93085F874B0D4F8A4304BB3002294
:1006B00055B25957481C03D0B94202F10102F7D193
:1006C00094F9A830AB4208DBD4F8A030D4F89C00F1
:1006D0003A463146984784F8A85008F101089AE74D
:1006E0002C2303FB05430D4E93F92B70B2E72C230B
:1006F00003FB05430A4E93F92C70ABE700263746FF
:10070000A8E71D46DCE707B0BDEC028BBDE8F08F23
:10071000E810002000000000A5FD0208A1FD02086D
:1007200098FD0208B4FD020890F898308B4205D974
:10073000D0F8900010B10368DB69184700207047BB
:100740003030704790F89830934206D9243250F8F0
:10075000220010B103685B6A184700207047000050
:1007600010B590F8982000230121DCB2A2420AD9EA
:1007700090F87C4024B190F87D400CB980F87D1051
:1007800001336030F1E710BD2DE9F04704460BF06E
:1007900077FC002607464FF02C084FF0600994F8CC
:1007A0009820F3B29A421DD904EB830ADAF890003C
:1007B000B0B108FB034209FB034592F92820D5F8A4
:1007C00088309A420CD15AB10368DB689847DAF84E
:1007D000900003681B6B984795F8753003B1AF67BD
:1007E0000136DCE72046FFF703FF2046BDE8F0476F
:1007F000FFF7B6BF10B50349044601F0F1FC2046EF
:1008000010BD00BF7CFE02087047000038B50568C7
:1008100004462DB12846FEF7E3FE2846FEF748FBC6
:10082000204638BD13460246014802F0FFB800BF1B
:100830000A2F002013B50422054B019304460146FC
:100840000DEB0200FFF7EEFF024B1C8002B010BD63
:10085000FFFF3F00FC2E002007B5502304228DF837
:100860000430412300210DEB02008DF805300623F2
:100870008DF806308DF80710FFF7D4FF0420FFF73E
:10088000D9FF03B05DF804FB00EB0212907B20B9A6
:100890001BB19289120758BF3F2098400844704707
:1008A000430608D4000A08D0054B1B88184214BF21
:1008B000012000207047002070470120704700BFD2
:1008C000002F002010B50B4B1A880B4B01301B6812
:1008D00080B2142404FB0033824207D9DC898C42A5
:1008E00003F1140304D0013080B2F5E7002010BDFD
:1008F0000120FCE70E2F0020102F00208289836842
:10090000D20648BF1B68184670470000828983687A
:10091000D20648BF1B6818467047000007B504237D
:1009200000220DEB03010B48019202F05FF89DF8E5
:100930000430502B07D19DF80530412B03D19DF891
:100940000630062B01D0FFF787FF012003B05DF8CA
:1009500004FB00BF0A2F002082894368920705D557
:100960001B68181E18BF01200B6070470120FBE7B1
:1009700037B58B891446DA070D4605D523684A68D2
:1009800013442360012012E09B07FBD50A4B1B6830
:10099000142201A902FB0030FFF7DEFF48B10199E4
:1009A00022686B680A44D3581BB15B1A236003B0FA
:1009B00030BD0020FBE700BF102F00202DE9F04FD5
:1009C0008BB01F469DF85480069114235343059322
:1009D00008F10603DBB2054616464FF0000B0793FD
:1009E0005FFA8BFA07EB0A1999F80F40002C4CD0EC
:1009F000062C28D1B8F10B0F21D84846FFF77EFF0F
:100A00000446C8B1169B099309AA49463046FFF728
:100A1000AFFF88B11499434652463846FFF734FF7A
:100A2000099B0293079B0699CDE9000332462346B2
:100A30002846FFF7C3FF18B90BF1010BD0E70020E0
:100A40000BB0BDE8F08F1499434652463846FFF785
:100A50001BFFB0EB953FEFD1C5F30423A342EBD1CD
:100A60000B4C059B206809A91844FFF775FF002867
:100A7000E2D0D9F80430099A1344169A1344069A1E
:100A800013602068059B1844DAE72046D8E700BFCA
:100A9000102F00202DE9F04F1F4B5FFA80F8B3F8BC
:100AA00000A0C0F3403348EA03281C4B1E680F46E1
:100AB00087B00546C0F3042B00211FFA81F9CA450F
:100AC00027D9F3894345344620D1337C062B0FD1F7
:100AD0003046FFF71BFFC8B10023CDE90133009377
:100AE0004A46034639462846FFF768FF044609E0B0
:100AF0009B450BD105A93046FFF72EFF0028F5D006
:100B0000059B3B60204607B0BDE8F08F01311436ED
:100B1000D3E70024F6E700BF0E2F0020102F00209F
:100B20002DE9F04F98468DB0142353430693484B5C
:100B30009DF85890DDF868B004461868069B0E468C
:100B400018440AA91746FFF707FF00287DD00023A5
:100B5000079309F10603DBB209939DF81CA006EB8D
:100B60000A15EB7B002B70D0062B3BD12846FFF7F4
:100B7000C5FE0890002831D0B9F10B0F65D8179B3E
:100B80000B930BAA29463846FFF7F2FE30B39BF8C9
:100B90000030012B59D85A1C0BEB83038BF8002033
:100BA00041465D6052464B463046FFF76DFE1B9A4C
:100BB0000899CDE904B2199A0392189A02920B9AF5
:100BC0000192099A009203463A462046FFF7A8FF91
:100BD00000BB9BF80030013B8BF80030079B0133D2
:100BE0000793BAE7179A686810440A9A1044A0421B
:100BF00013D14B46524641463046FFF745FE189BFF
:100C00001B9A1860199B1D6000231370104B186805
:100C1000069B18440DB0BDE8F08F052BDED1031DF7
:100C20009C4203D000F108039C42D7D11B9B201AA1
:100C30008008187052464B4641463046FFF724FE66
:100C4000189B1860199B1D60E0E70020E2E700BFD9
:100C5000102F00202DE9F04F8BB00025DFF8A4A065
:100C6000079306460F4690461560254B1B881FFAD2
:100C700085FB5B4541D9DAF80000142303FB0B0424
:100C800009A9204694F81090FFF766FE98B3B9F1D1
:100C9000060F17D12046FFF739FE014658B3149BC3
:100CA0000593079B0297CDE903830023CDE9003329
:100CB0005A463046FFF734FF0446E0B120460BB0F9
:100CC000BDE8F08F0998B04204D1149A00233B602C
:100CD0001370F3E7B9F1050F0DD1031D9E4203D048
:100CE00000F108039E4206D1149B301A8008187048
:100CF00000233B60E2E70135B7E70024DEE700BFF1
:100D00000E2F0020102F00202DE9F04798460D8867
:100D1000234B0446C5F30809186809EB890588B018
:100D200000EB850507A92846119E95F810A01746E7
:100D3000FFF712FE20B90025284608B0BDE8F0876D
:100D40000021BAF1060FC8F8001013D12846FFF7AA
:100D5000DDFD0028EFD0109B0091CDE90383CDE9A4
:100D600001170B46059601464A462046FFF7D8FE76
:100D70000546E1E70798A04202D139603170DBE710
:100D8000BAF1050FD7D1031D9C4203D000F108032F
:100D90009C42D0D1241AA408002334703B60CBE7D6
:100DA000102F00200138C0B204289ABF014B185CF4
:100DB0000020704778FF02082DE9F04F2DED028BDF
:100DC00083B000240093931DDBB208EE103A054671
:100DD0000E461746A246A0464FF0010BE0B20101B5
:100DE00005EB001090F80F90B9F1000F5AD0837BFB
:100DF0003F2B02D92E480BF015F917B1002B08BF75
:100E00003F23C3F1200EA3F1200C2AFA03F208FAC3
:100E10000EFE28FA0CFC42EA0E0242EA0C0212F024
:100E2000010FC3F1200CA3F12002E3D10BFA02F26F
:100E30002BFA0CFC42EA0C020BFA03F3B9F1060F91
:100E400043EA0A0A42EA080813D10B2FD2D8FFF767
:100E500055FD814658B16858FAF7CAFA009B184404
:100E6000C3B218EE102A31464846FFF7A5FF0134F9
:100E7000B4E74846FFF796FF01900028BAD06858BB
:100E8000FAF7B6FA009B1844C0B2B9F1050F04BFD7
:100E90000230C0B21028019BACD830880430034423
:100EA0003380E4E703B0BDEC028BBDE8F08F00BFF8
:100EB000BCFE02082DE9F04F85B00423DFF89890BE
:100EC000ADF80E3000244FF0140A214B1B881FFA96
:100ED00084F8434539D9D9F800300AFB08F15D1888
:100EE0002F7CB5F80EB0062F23D1B8F1000F02D138
:100EF00018480BF097F828460193FFF707FD0646C0
:100F0000A8B1019B5858FAF773FA0022C3B20DF149
:100F10000E013046FFF750FF59464046FFF7D2FC1E
:100F20000028E5D1062F02D0AB899B07E0D401341D
:100F3000CBE73846FFF736FF0028D9D0BDF80E3092
:100F400004331844ADF80E00E6E705B0BDE8F08FB5
:100F50000E2F0020BCFE0208102F0020437803F063
:100F60001F021F2A0FD00278C3F3401342EA032363
:100F700040F2FF12934206D000680138C31C94BFB0
:100F80000020012070470120704700002DE9F34147
:100F9000224FDFF8908006460D4604247B88A3424A
:100FA00037D904230DEB03012246384601F01EFD1C
:100FB0009DF80510737881EA0302D20618D196F8DD
:100FC00000C09DF80400C3F34013C1F340124CEA83
:100FD000032340EA022293420AD13268019B534024
:100FE00013EA080F04D12C80012002B0BDE8F08183
:100FF00001A8FFF7B3FF20B1094B2C801C80002013
:10100000F3E701F01F00FFF7CDFE031D1C44A4B25F
:10101000C4E74FF6FF732B80F1E700BF0A2F0020D3
:10102000FC2E002000C0FFFF70B50C462046114684
:1010300015461E461AF042FF831CAB420AD85F22B7
:10104000225422180330A84206F1580656709CBF5D
:101050000022E25470BD00002DE9F74FDDE90D5488
:1010600007468A46164609689DF830809B46224608
:101070009DF83C30009328461AF00CFF4FF0000911
:101080009BF800105FFA89F29142019212D9214631
:1010900028461AF013FFC0B28442019A07D90BEB1D
:1010A00082025168221A096828441AF0F3FE09F1F5
:1010B0000109E5E7E6B1214628461AF0FFFEC3B272
:1010C0009C4204D93168E21AE8181AF0E3FE009B4A
:1010D00013B9B8F1000F13D0F37B052B10D14346A1
:1010E00022462946384603B0BDE8F04FFFF79CBFC3
:1010F000009B13B9B8F1000F02D09AF81030ECE75A
:1011000003B0BDE8F08F0000F0B58BB007AC1F4610
:101110000023C4E9013307930DF11303CDE9004324
:10112000154606AB05AA0646FFF7EEFD014610B9C7
:1011300028700BB0F0BD9DF84030069A0195CDE9BE
:1011400002739DF81330009330462346FFF784FF67
:10115000EFE700002DE9F04F984689B014234B4388
:10116000DFF828A1039204460E4604934FF00009CD
:101170005FFA89F52B0108EB0515059395F80FB07B
:10118000BBF1000F7FD0BBF1060F58F803702AD1D6
:101190003846FAF72DF93946024620461AF044FE41
:1011A000002869D12846FFF7A9FB0746002863D02D
:1011B000039B079307AA29463046FFF7D9FB00286F
:1011C0005AD0059B58F80300FAF712F9129B0093C6
:1011D000079A3B4631462044FFF7BCFF00284BD01E
:1011E00009B0BDE8F08F394620461AF003FE88B9F1
:1011F000DAF80000049B07A91844FFF7ADFB0028AC
:101200003AD0129B83F800B06868079B1844039B90
:101210001844E5E7BBF1050F2ED1102138461AF02E
:101220004DFE5FFA80FB5A46394620461AF01EFEF4
:1012300010BB14F90B305F2B1ED10BF1010B14F80E
:101240000B30583B022B17D8DAF80000049B07A993
:101250001844FFF781FB78B16868079B129A18441D
:10126000039B18440423137014F90B30592B06D038
:101270005A2B06D0582BB3D009F1010978E7043076
:10128000AEE70830ACE75846AAE700BF102F0020B1
:101290002DE9F04F8BB0DFF8C8B002910446174635
:1012A00000252E4B1B881FFA85FA534552D914226C
:1012B00053465343DBF8002002EB0309D35899F857
:1012C0001080B8F1060F33D11021184603931AF09D
:1012D000F5FD039B5FFA80F84246194620461AF056
:1012E000C5FD0646002833D14846FFF70FFB0346ED
:1012F00070B3029A009204EB080032465146FFF7A1
:1013000029FF804620B37FB10DF11303009306AA95
:1013100007AB05A9CDE9076605960996FFF79AFC84
:10132000069B0BB19B893B8040460BB0BDE8F08F1C
:10133000194620461AF05EFD50B9029B07A983F8B2
:1013400000804846FFF708FB20B1DDF81C80EBE782
:101350000135A6E74FF00008E6E700BF0E2F00209A
:10136000102F00202DE9F04F87B01425DFF898B03A
:10137000039206460F4698464D434FF00009039AE4
:101380005FFA89F302EB031A9AF80F40ECB1062CCE
:1013900037D1DBF8000004A92844FFF7DDFA044642
:1013A00078B30499DAF80420BAF80C000A448307E9
:1013B00002EB08010DD552F80820B2420BD1DBF840
:1013C0000030109A1D44EB891380204607B0BDE819
:1013D000F08F8E42F2E705AA51463846CDF81480C8
:1013E000FFF7C6FA68B15046FFF788FA024640B1E7
:1013F000109B00933946059B3046FFF7B3FF00284A
:10140000E3D109F10109BAE7102F00202DE9F743D4
:10141000184FDFF8648004460D4600264FF014098B
:101420003B88B1B28B4222D9D8F8003009FB013099
:10143000037C062B01D00136F2E783899B0709D58F
:1014400043681B68A34205D1C3892B80012003B0E8
:10145000BDE8F083FFF75AFA02460028EBD000956A
:1014600000232046FFF77EFF0028E4D0EFE70020AE
:10147000EDE700BF0E2F0020102F002030B50B4BE2
:101480001C880B4B1B68002295B2AC420CD91D7C0A
:10149000062D06D15D68854203D1DB890B800120D2
:1014A00030BD01321433EFE70020F9E70E2F0020A2
:1014B000102F002010B590B00023CDE9083306931B
:1014C0000A930DF11703009306A908AB07AA044677
:1014D000FFF7C0FB014668B111230122CDE90232BA
:1014E0000BAB01939DF817300093079A08AB204689
:1014F000FFF7B2FD10B010BDF0B5304D87B040F22F
:10150000A51202908DF80C1006460C4601A8291D64
:10151000FDF75AFE052204A92868FEF7A7F9074639
:1015200001A8FDF773FE052F06D1049BB34203D13A
:101530009DF81430A3423ED0214E224F4FF4B0729A
:10154000314601A8FDF740FE2868FEF7B3F80428ED
:1015500021D92868052202A9FEF722F9431F5C421F
:101560005C4101A8FDF752FE2CBB3C68E36A93F88E
:101570009C3093B9A06A036801211B699847A06A4F
:1015800003684FF4FA719B689847A06A03680021CA
:101590001B699847D2E70024E3E7A06A03681B6C45
:1015A00098470028E6D007F03DFB40F2FA424FF49E
:1015B000801107F023FB07B0F0BD00BFD42E002040
:1015C000D82E0020E81000202DE9F341154E164FCB
:1015D000C92406F10408013CA4B2FCB140F24B124C
:1015E000414601A8FDF7F0FD3068FEF749F80546D1
:1015F00001A8FDF70BFE042D10D93D68A86A036809
:101600000A211B699847A86A03680A215B68984702
:10161000A86A036800211B699847DCE702B0BDE8AF
:10162000F08100BFD42E0020E810002000B58BB060
:101630000023CDE90733049309930DF10D030093C3
:1016400005AA07AB04A9FFF705FB10B3059B23B35D
:10165000DB7BC2898DF8182003F01F03C2F3002240
:101660001B0243EA4233049A43EA82339DF818206E
:101670000DF10E01134306A80693FFF787FC40B156
:101680009DF8193003F01F03052B03D09DF80D3092
:1016900003B100200BB05DF804FB037CD9E7000028
:1016A000F0B5144F3B8889B006460D46FBB10DF1ED
:1016B0000B030024009304AA05AB03A9CDE905445C
:1016C00003940794FFF7C6FA88B10B4B38881B6860
:1016D000A2B290420BD91A46013411688E4203F12E
:1016E0000C03F5D1137A2B70012009B0F0BD002056
:1016F000FBE700BF042F0020F82E002013B50DF1EA
:1017000007010446FFF7CCFF10B92046FFF78EFF14
:1017100002B010BD0138032816D8DFE800F0020837
:101720000E13FDEEC07A17EE903A0B707047BDEEC7
:10173000C00A10EE103A0B807047BDEEC00A81ED72
:10174000000A704781ED000A7047000037B5036852
:1017500003F0004303600A4B1B880C4613B90020BA
:1017600003B030BD074D01A92868FFF7F5F8002840
:10177000F5D014B12B681B7C23700198F0E700BFF3
:101780000E2F0020102F00202DE9F04F8FB09B4628
:101790009DF870300B93142343439DF860901A9D7D
:1017A0000A93074688460892002307939DF81CA0D9
:1017B00008EB0A16F47B002C00F0BC80B089FFF720
:1017C0006FF8002800F0B380062C2FD13046FFF7C9
:1017D00095F80446002800F0AA80199B0D930DAAE5
:1017E00031463846FFF7C4F8002800F0A0804B4689
:1017F000524659464046FFF747F81D9A05920B9A04
:1018000004921B9ACDE902520D9A019209F1060247
:10181000D2B2034600922146089A3846FFF7B4FF39
:10182000002800F084800FB0BDE8F08F089B1B7883
:101830000993002B3CD02B8867F308032B8052467A
:101840004B4659464046FFF71FF83B4B03EA4030F2
:101850002B6823F0FF4323F4FF0323F4FC431843D6
:101860001B9B286003B11C70344B18680A9B0DA9A0
:101870001844FFF771F8002859D00D9A7368134483
:10188000199A98180B9A002ACDD02D4A1278002A5E
:10189000C9D0F27B012AC6D1B2895207C3D5199AA1
:1018A0009B56002BBFD1EB7843F08003EB70BAE777
:1018B0004B46524659464046FEF7E6FF2B68C3F3B7
:1018C0005133984233D1089A0123137095F90330AC
:1018D000002B06DAEB78099A62F3C713EB70104617
:1018E000A1E7052C23D16B78C3F34302022A1ED84B
:1018F000013262F344036B701B9B13B11B9A0423E8
:1019000013700E4B18680A9B0DA91844FFF724F8B2
:1019100068B170680D9C95F801B0199B2044CBF319
:10192000430B18440BF1FF3B00EB8B007BE7079B5D
:1019300001333AE7204676E700E0FF7F102F0020D2
:101940000C0E00202DE9F04F8BB0DFF8EC900488EE
:10195000079200228DF82720B9F800201F46C4F313
:1019600008039A4205460E461C4662D9DFF8CC8031
:101970001BB2D8F8001003EB83039A0001EB83033A
:101980001B7C052B18D14378C3F34301022915D8DA
:10199000013161F3440343700EB104233370D8F86E
:1019A000001068780A44C0F34300431E506800EBFF
:1019B00083000BB0BDE8F08F062B04D00134012367
:1019C000A4B28DF827304FF0140B4FF0000AB9F88D
:1019D0000030A3422DD9D8F800200BFB04229089B7
:1019E000FEF75EFFB8B1117C062917D11046FEF74D
:1019F0008DFF014678B1079B0597CDE90363CDE9DB
:101A000001A5CDF800A000230DF127022046FFF725
:101A1000BBFE0028CDD10134A4B2D8E72B68C4F3B3
:101A2000080403F0004323432B6006B13170506873
:101A3000BFE70020BDE700BF0E2F0020102F0020C1
:101A400073B505460C461646334601220DF10701D3
:101A50002846FFF777FF28B19DF80730042BF3D80D
:101A600004B1237002B070BDF8B5144607460022D9
:101A700020460E46FFF76AFE002540B1BD4206D063
:101A8000002231462046FFF7DBFF0135F5E7F8BDC0
:101A90002DE9F041154686B00746002228460E463D
:101AA000FFF754FEDFF85C8004463CB33378062B26
:101AB00024D01BB32B88D8F80010C3F3080303EB22
:101AC0008303102251F8231038461AF0ADF900288C
:101AD0000DDB0023009302AA294620461023FFF7BE
:101AE00013FB102202A938461AF09EF930B10022E9
:101AF00031462846FFF7A4FF0446D6E7204606B045
:101B0000BDE8F081102F0020013903290BD8DFE850
:101B100001F00204060800F0D1BE00F007BF00F09B
:101B200045BF00F097BE9FED010A70470000C07FDF
:101B300037B5037A02888DF8042003F01F03C2F33F
:101B400000221B0243EA4233426843EA82339DF893
:101B500004200C4613430DF1020101A80193FFF785
:101B600015FA054670B19DF8050000F01F00FFF75B
:101B700019F9BDF802200432034692B20348214607
:101B800000F034FF284603B030BD00BF0A2F00200C
:101B90002DE9F0472DED028B82B0044600AF007AAC
:101BA000FFF700F9C31D23F00703E946ADEB030D72
:101BB0000E46804669462046F0EE408AEA46FFF728
:101BC000B7FF88B3E0680022F91DFFF761FB054607
:101BD00040B9344BE2681B683349986903681B6855
:101BE000984721E0B2071BD5227AFB799A4222D18D
:101BF000F7EE000AB0EE680AFEF798FAD8B1D6B947
:101C000042465146284619F029FC68B151464246E1
:101C1000284619F033FC31462846FFF76DFC03E0F7
:101C2000FFF704FD0028DFD00837CD46BD46BDECE8
:101C3000028BBDE8F087FB79042B07D9194BE268CA
:101C40001B681A49986903681B68C9E7217A042947
:101C5000F4D85046FFF758FFF307B0EE408A0BD593
:101C6000FFEE000AFEF762FA9FED110A0028B7EEB8
:101C7000008A08BFB0EE408AF9792846FFF744FF92
:101C8000F0EE400AB0EE480AFEF750FA024600288D
:101C9000CAD1294628EE280AF879FFF73BFD1146FC
:101CA000BAE700BFE8100020D0FE0208E9FE0208F3
:101CB0000000000070B515462DED028B0446B0EE15
:101CC000408A00EB0116B44207D020462946B0EE08
:101CD000480AFFF75DFF1034F5E7BDEC028BBDE865
:101CE0007040FFF771BC0000B7EE000AFFF7E2BFDB
:101CF0002DE9F04F89B000AF984697F84830C7E912
:101D00000221002B834614BF4FF000094FF0060953
:101D10000025BB68ECB203EB0414E07B98B300230E
:101D2000FB61EA46A37BA7F810B03876B9F1000F43
:101D300002D0002B08BF3F2303FA09F343447B6121
:101D4000FFF730F8C31D23F00703ADEB030D064684
:101D5000694607F11000FFF7EBFE88B16468FB6885
:101D60001C442046FFF762FC786048B96946324659
:101D7000204619F083FB7B6820461946FFF7BCFB21
:101D80000135D546C5E7FFF71FFC2437BD46BDE842
:101D9000F08F0000B4EE400AF1EE10FA10B50446E0
:101DA0000CD69FED327AF0EEC07AF4EE477AF1EE7F
:101DB00010FA03DC042902D180ED000A10BD0329CA
:101DC00019D1B5EEC00A9FED2A7ADFED2A7A9FED90
:101DD0002A1ADFED2A0AF1EE10FA58BFF0EE477A20
:101DE00030EE270A40F6AF00FEF7C6F9BDEEC00A96
:101DF00084ED000AE2E702291AD1B5EEC00A9FED90
:101E00001C7ADFED1C7A9FED1E1ADFED1E0AF1EE43
:101E100010FA58BFF0EE477A30EE270A40F6B400C9
:101E2000FEF7AAF9BDEEC00A10EE103A2380C5E70E
:101E30000129C3D1B5EEC00A9FED0D7ADFED0D7A11
:101E40009FED111ADFED110AF1EE10FA58BFF0EE16
:101E5000477A30EE270A40F6B900FEF78DF9FDEE1D
:101E6000C07A17EE903A2370A8E700BFFFFF7F7F8C
:101E70000AD7233C0AD723BC0000004F000000CF44
:101E800000FEFF46000000C70000FE42000000C345
:101E90002DE9F3411D4690F90030232B0F46904663
:101EA0004FF000042CD01749019401AA1AF0C4FE87
:101EB000064618B9002002B0BDE8F081F9F798FA9B
:101EC0001028F7D80F4901AA20461AF0B5FE0028BD
:101ED000F0D021461AF02CFE0A4988ED000A01AA2A
:101EE0003E6020461AF0A8FE30B10749F9F776FAAD
:101EF00010B901202870DEE700232B700120DAE7FB
:101F00002046D8E704FF02080BFF02082DE9F04342
:101F10004FF000089DB005460E461746A2F8008017
:101F2000002E35DDB2B200239CB2A24203F10109BA
:101F300002D9EB5C0A2B29D1632C28BF63242246EB
:101F4000294603A819F09AFA1CAB1C44A6EB090613
:101F500004F8648C9DF90C30232B4D44E0D0002B09
:101F6000DED00DF1020302AA01A903A8FFF790FF3A
:101F70000028D5D0019800220DF10301FFF788F960
:101F80000028CDD03B8801333B80C9E74B46CBE7E7
:101F900001201DB0BDE8F0832DE9F04FDFF8288166
:101FA0000546D8F800009FB00E4608B1FCF784FF44
:101FB000434FDFF818A1DFF8189100240DF10A0251
:101FC00031462846C8F800403C80AAF80040A9F8ED
:101FD0000040ADF80A40FFF799FF00286DD0BDF82A
:101FE0000A300C205843FCF761FFC8F8000010B914
:101FF00034480AF017F8BDF80A303B80A346BDF814
:102000000A30A34257D9002E55DDB1B2002297B253
:10201000B94202F1010302D9AA5C0A2A49D1632F0D
:1020200028BF63273A46294605A8019319F026FAE6
:102030001EAB1F44019B07F864BCF61A1D449DF9B2
:102040001430232BDBD0002BD9D002AB04AA03A978
:1020500005A8FFF71DFF0028D1D0039800220DF13D
:102060000901FFF715F907460028C8D00C2303FB28
:1020700004F2D8F800309850D8F800301344049A8D
:102080005A609DF808201A7222B1B9F80030013365
:10209000A9F8003001343846A4B2FFF7C7FA002887
:1020A000ADD19DF809109DED040A3846FFF772FE88
:1020B000A5E71A46ABE7AAF800301FB0BDE8F08FDD
:1020C000062F002018FF0208F82E0020042F002001
:1020D000F42E002002460248418A1430FFF75CBF0C
:1020E00080FF0208024B5B8A0BB1FFF7F3BF70471A
:1020F00080FF020830B5002085B0FFF7F3FF214BC9
:102100001A7872B901221A701F4B204A1B6802927A
:10211000986A1F4A0368039204AA12E906009B6AA0
:1021200098471C4D04246B88A34229D904232246D6
:102130006946284600F05AFC6846FEF70FFF18B1C2
:10214000154B1C8005B030BD009801A9FEF7A2FC1C
:1021500060B19DF8010000F01F00FEF723FE221D74
:102160000346019992B2284600F040FC9DF8010018
:1021700000F01F00FEF716FE04300444A4B2D2E7BC
:102180000020DFE7092F0020E8100020B42E0020F7
:10219000BD2601080A2F0020FC2E002070B50E4B32
:1021A0001E880E4B1B68002294B2A64209D91C4619
:1021B00001322568854203F10C03F5D194ED010A43
:1021C00070BD8B891B0649BF8B6891ED020AC01A4E
:1021D00090ED000AF4E700BF042F0020F82E002045
:1021E0002DE9F04105460F464FF000085FFA88F3ED
:1021F00007EB0311CC7BDCB1042C0BD84E682E44CA
:102200003046FFF7CBFF31462046FFF783FA08F14F
:102210000108EBE7052CFAD14C682C442046FFF767
:10222000BDFF84ED000A84ED010A84ED020AEEE7A9
:10223000BDE8F08170B50E4B1E880E4B1B68002266
:1022400094B2A64209D91C4601322568854203F1A1
:102250000C03F5D194ED010A70BD8B891B0649BFB3
:102260008B6891ED020AC01A90ED000AF4E700BFF6
:10227000042F0020F82E00202DE9F0418AB0002321
:10228000CDE90733039309930DF10903009304AAE1
:1022900007AB03A90446FEF7DDFC054620B900267E
:1022A00030460AB0BDE8F081049B002B3AD0DB7BBE
:1022B000EA898DF8142003F01F03C2F300221B02E9
:1022C00043EA4233039A43EA82339DF814200DF126
:1022D0000A01134305A80593FEF758FE064658BBAE
:1022E00006A92846FEF738FB0028D9D09DF81570BE
:1022F0000499DDF8188007F01F07B9B19DF81C306C
:1023000093B1089A012B556802D0099B5B681D4464
:102310002046FFF743FF4968414429443846FFF708
:10232000F9F9BDE7037CC3E73546F1E729462046C6
:10233000FFF780FF4146F1E79DF815009DF8093051
:1023400000F01F02052A0FD0002BA8D100F01F00BB
:10235000FEF728FDBDF80A200432034692B221465A
:10236000044800F043FB9BE7002BEFD0A4EB830471
:10237000ECE700BF0A2F00202DE9F04385B0FEF7FF
:10238000CDFA134E134F00254FF014083288ABB22C
:102390009A4219D91C463B6808FB043494F8109003
:1023A000B9F1040F0ED803A92046FEF7D5FA48B1BB
:1023B000039801902146FFF73DFF019801464846EA
:1023C000FFF7A8F90135E1E705B0BDE8F08300BFEC
:1023D0000E2F0020102F00202DE9F347DFF88C90FE
:1023E0001F4940F65E226846FCF7EEFEB9F8007021
:1023F0002FB11C4B1A881C4B1B889A4228D0194EAF
:10240000194D05244FF00008B9F800701FB132884B
:102410002B889A421CD0013C14F0FF0418D00022F3
:10242000114601A83788CDF80480FFF78FF94FF0E7
:10243000000A1FFA8AF30AF1010A28B100221146A4
:1024400001A8FFF7FDFAF4E7A9F800302F80DBE7D9
:102450006846FCF7DBFE384602B0BDE8F08700BFF7
:10246000B82E0020F22E0020022F0020FE2E002089
:10247000024A138801331380704700BFF22E0020F8
:102480002DE9F0412DED028B90B00023CDE908330A
:1024900005930A930DF1110300930E4608AB06AAAB
:1024A00005A90446FEF7D6FB0546D8B10699F1B159
:1024B000CA7BEB898DF81C3002F01F02C3F30020A9
:1024C0001302059A9DF8117043EA403343EA8233C0
:1024D0009DF81C201A43C3F30423052B079200F038
:1024E000868037B110B0BDEC028BBDE8F081027C74
:1024F000DFE7012B05D121B18B895B0701D5FFF700
:10250000B7FF274677E0BDF812204FF6FF739A42D7
:102510000AD14C4B83F800804B4B4C491B6898699F
:1025200003681B689847DDE79DF81D1001F01F0147
:10253000042925D99DF81D00BDF81220444900F05A
:102540001F00FEF72FFC4988131808338B424AD22C
:102550000432104480B2FEF76DF99DF81D0000F0C2
:102560001F00FEF71FFCBDF812100431024689B2AD
:102570003846FEF757F9BDF81210042207A85EE0AE
:102580002046FFF7C1FA0699F0EE408A71B1204665
:10259000FFF704FEB0EE408AF0EE400AB0EE680AA3
:1025A000FDF7C4FD38B1002EC4D19BE72946204673
:1025B000FFF740FEEEE7002EBCD19DF81D3003F082
:1025C0001F03032BB6D09FED230A38EEC88AF0EE26
:1025D000E88A68EE808AB0EEC88AB4EEE88AF1EE46
:1025E00010FAA7D57EE7174B01221A7094E7002F47
:1025F00087D0A4EB870711234FF00108CDE90238FB
:102600000BAB01939DF81130009329462046069AA2
:1026100008ABFEF721FD0DF1120107A8FEF7B6FC8D
:1026200000283FF470AF9DF81D0000F01F00FEF77A
:10263000B9FBBDF812100431024689B23846FEF7E4
:10264000F1F84FE7F02E0020E810002040FF0208CC
:102650000A2F002017B7D1387FB5164D2E1D40F236
:102660007F12314601A8FCF7AFFD2868FDF708F896
:10267000042812D92868052202A9FDF713F9431F7F
:102680005C425C4101A8FCF7C1FD44B19DF80C100F
:1026900002980122FFF7F4FEE1E70024F2E7064B7F
:1026A0001B68986A03685B6B984708B1FFF794FE54
:1026B00004B070BDD42E0020E8100020FFF7CCBF7E
:1026C0002DE9F04385B088460DF106010646FEF778
:1026D0009DFE48B9374B38491B68986903681B68E9
:1026E000984705B0BDE8F083DFF8D8900027FDB229
:1026F00008EB0515EB7B002B53D0062B11D10023E3
:10270000BDF80600039303AA2946FEF731F9C8B1C4
:102710002846FEF7F3F8014618B103983044FFF756
:10272000CFFF0424B9F80230A3420BD90423224678
:1027300002A9484600F05AF902A8FEF70FFC18B1AA
:102740001E4B1C800137D2E79DF80930BDF80610FA
:10275000C3F340129DF8083043EA0223994216D190
:10276000029803A9FEF796F988B16B680399334480
:1027700099420CD19DF8090000F01F00FEF712FBF2
:10278000221D034692B2484600F030F9DAE79DF880
:10279000090000F01F00FEF705FB021D224494B261
:1027A000C0E7074B187808B9FFF79CFCFFF760FEFD
:1027B00097E700BFE810002050FF0208FC2E002021
:1027C000082F00200A2F002010B50446FCF770FBEC
:1027D000204610BD38B51148114D08F045F9114A91
:1027E00011490E4816F0E6FF2846002340F8043B46
:1027F00008F03AF91420FCF753FB044610B19B2172
:10280000FCF7DCFE0949074A05482C6016F0D2FFA8
:10281000BDE838400648002100F0E0B8B82E00209E
:10282000D42E002050450020090801080D08010899
:102830000A2F0020D1ED007A90ED007AF4EE477A6D
:10284000F1EE10FA04D0C0ED007A0121FEF754BE7B
:102850007047000090ED000A7047000038B504464C
:102860000D46FEF74BFF10B995F90030237038BDC7
:1028700091F9001090F900309FED097A01705B1A10
:1028800007EE903AF8EEE77AF0EEE77AF4EEC77AE0
:10289000F1EE10FA4CBF01210021FEF72DBE00BF62
:1028A0000000003491F9002090F90010914203D00B
:1028B00002700121FEF720BE7047000090F9003041
:1028C00000EE103AB8EEC00A7047000038B5044672
:1028D0000D46FEF713FF10B9B5F90030238038BD5F
:1028E000B1F90010B0F900309FED097A01805B1A50
:1028F00007EE903AF8EEE77AF0EEE77AF4EEC77A70
:10290000F1EE10FA4CBF01210021FEF7F5BD00BF2A
:1029100000000034B1F90020B0F90010914203D05A
:1029200002800121FEF7E8BD70470000B0F90030D9
:1029300000EE103AB8EEC00A7047000038B5044601
:102940000D46FEF7DBFE08B92B68236038BD00009A
:102950000B680360704700000A6801688A4202D071
:102960000260FEF7A7BD7047096803689FED097A0A
:1029700001605B1A07EE903AF8EEE77AF0EEE77A3C
:10298000F4EEC77AF1EE10FA4CBF01210021FEF7F8
:10299000B3BD00BF000000340A6801688A4203D05A
:1029A00002600121FEF7A8BD7047000090ED000A0B
:1029B000B8EEC00A7047000008B5064B1B6858699E
:1029C00003685B68984720B9BDE80840024808F0F2
:1029D00053BA08BDE810002094010308017011B13A
:1029E0000023438070474FF44873FAE770B51C46E4
:1029F0000378A3B9B2F5487F11D212FA84F3B3F584
:102A0000487F094B1B685869C8BFC2F54875036801
:102A1000D4BFA5B2ADB29E682B46B047641BB4FAD2
:102A200084F0400970BD00BFE810002070B51C465E
:102A30000378A3B9B1F5487F11D211FA84F3B3F545
:102A4000487F094B1B685869C8BFC1F548750368C2
:102A5000D4BFA5B2ADB2DE682B46B047641BB4FA52
:102A600084F0400970BD00BFE8100020F8B50446AE
:102A700002F0DAFC04F1240002F0D6FC04F1480074
:102A800002F0D2FC4FF0FF33C4F8843004F1880028
:102A900007F0EAFF04F1D00504F53877002605F1C8
:102AA0000C0009F063FBB03545F87C6C45F8786C98
:102AB00045F8746CBD42F2D106492046FFF790FB01
:102AC000054B1A6812B1054809F0ACFA1C602046A3
:102AD000F8BD00BF90030308182F0020B4010308BD
:102AE000084699B1C81FC3B2102B0ED810280CD8B5
:102AF000DFE800F0090B090B0B0B0B090B0B0B0BA1
:102B0000090B0909090000207047012070470000E7
:102B100030B585B00DF10E010446FEF7AFFC00287C
:102B200034D01B490B68DB0718D41A4BBDF80E20B4
:102B30001A801A821A841A86A3F84020A3F850201B
:102B4000A3F86020A3F87020A3F88020A3F89020B9
:102B5000A3F8A020A3F8B02001230B600D480022A9
:102B60000C210025FFF7C0F80B4ABDF80E000095B8
:102B7000192304F11401FFF7BBF8074ABDF80E0052
:102B800000951A2304F13801FFF7B2F805B030BD03
:102B9000142F0020100E00206C1203082DE9F743BB
:102BA00004460DF1070101278DF80770FFF756FE67
:102BB0002046FFF7ADFF94F96D30032B15D104F1DA
:102BC00080063046FEF79AFD054670B90DF1070103
:102BD00030468DF80770FFF74BFE0DF1070104F149
:102BE0006D008DF80750FFF743FE05F0B1FF00259B
:102BF00007462E464FF0240804F53B7908FB05F301
:102C00002046E15CFFF76CFF40B1324605213846B3
:102C100005F09EFE013649F82500F6B20135032D78
:102C2000ECD10023636784F8D030012384F880312D
:102C3000022384F8303204F16C02C8216388013B1E
:102C40009BB2C72B88BF618024349442F6D103B075
:102C5000BDE8F083B02303FB010191F8210110B11D
:102C6000D1F8103113607047B02303FB010191F8D4
:102C7000220110B1D1F8143113607047B02303FB67
:102C8000010191F8230110B1D1F818311360704798
:102C90002DE9F843B02303FB01038446D3F8302128
:102CA0000F4622B9D3E94E0150EA01032CD0B026D9
:102CB00006FB07C6B6F8D800002840D0D6E94E2358
:102CC000204DDFF884901343A0FB05451ED0B83794
:102CD0005CF8270005F06AF9074609F0D3F914EB10
:102CE000090245F14904D3194FF47A7544F10004FF
:102CF000A3FB053205FB0422D6E94E45001B61EB20
:102D00000501181842EB0101BDE8F883D6F8D4009C
:102D1000492310EB090043F10003071945EB0304B5
:102D200009F0AEF9D6F83011401AC0194FF47A7391
:102D300044F10004A0FB030103FB0411E4E7014696
:102D4000E2E700BF00840C24B0F5F79010B5B02383
:102D500003FB0103B3F8D840ACB1B83150F82100FF
:102D600005F024F9094BA4FB0313094C091943F19D
:102D700049034FF47A72081843F10003A0FB0201E3
:102D800002FB031110BD20462146FBE700840C2402
:102D9000B0F5F79000EBC101C1F82023A1F824336E
:102DA0007047000010B501EBC102CB0010F92220E2
:102DB000022A0BD1B0F87E20520722D51844124BBC
:102DC000C0F820332E23A0F8243310BDD2B2A2F1D4
:102DD0001104012C06D8B0F87E40E40704D418444E
:102DE0000A4BEDE71A2A0CD8012303FA02F2084B2A
:102DF000134033B100231A4600EBC100C0F8202372
:102E0000E1E7044A8723F7E7600403089004030816
:102E1000008C00040803030838B500EB8105D5F8E1
:102E2000EC32FBB100EBC104B4F82423D2B11A6830
:102E30001846926A9047D5F8EC32B4F82423196802
:102E40008242CD68D4F8201328BF02461846A8470E
:102E5000D4F820330344C4F82033B4F82433181AC8
:102E6000A4F8240338BD00002DE9F04F2DED028BAE
:102E700001EBC10300EB830910F92380A8F10903DA
:102E800087B004460D460FFA81FA0E2B29D8DFE8E9
:102E900003F02D280828282D282828282828282D20
:102EA0002D00142303FB0103002283F804234FF4B5
:102EB000FC70FBF7F5FF074668B104EB8503B02211
:102EC000D3F8EC32009302FB054202F1D003214615
:102ED0004A4600F051FE384607B0BDEC028BBDE813
:102EE000F08F00EB8A06D6F8EC320BB90027F2E738
:102EF000142707FB0107012387F8043309F0C0F802
:102F0000D7F8F832C31AB3F5966F83462DD9D7F8A0
:102F10000033002B4BD1D6F8EC0203681B6E9847A8
:102F2000C7F80003B8F1120F55D0B8F1110F4FF0E8
:102F3000000354D14FF40062142707FB0547D6F86D
:102F4000EC02D7F80013FCF7E7F9D6F8EC020368B7
:102F50000021DB6B9847C7F8F8B294F97C30002B5E
:102F60000BDD29462046FFF71DFF94F97C30002B2E
:102F700003DD29462046FFF74FFFB8F10F0F30D091
:102F800028F010030A2B40D14FF4D070FBF788FFD4
:102F9000074600289FD0B023D6F8EC22009203FB0E
:102FA0000543D0334A46214602F0C4FA93E797F826
:102FB000FC32814A0133DBB2082B08BF002387F8BB
:102FC000FC32142303FB054393F8FC1252F8212032
:102FD000C3F80023A6E74FF400630022ACE71A46CB
:102FE000AAE74FF4CC70FBF75BFF074600283FF4DD
:102FF00072AFB023D6F8EC22009203FB0543D03326
:103000004A46214601F0F6FF65E704EBC503B3F835
:103010002433002B7FF46AAFD6F8EC0203685B69B7
:1030200098470AEB8A0A4FEA8A03644A03F2053A90
:103030005FFA88FB03F20A33B0F5005F234422FAFB
:103040000BF228BF4FF4005008EE103AD243BBF108
:10305000190F4FF0140302F0010203FB054388BF70
:10306000012287B2A24404920393002F3FF43EAFA3
:10307000D6F8EC0203689B6998470BF1FF33012BEC
:10308000C1B20CD8039B93F8FC224B4B53F822306F
:1030900094F97C20002A36D1B3F5164F3DD2B4F80E
:1030A0007E30ABF1110213F0010F14BF4FF4613306
:1030B0004FF4E123012A4DD8039A92F8FC023E4ACC
:1030C00052F820209A4245D15046059103F0A8FAC3
:1030D000059900283ED0B8F1110F4FF4C0600CBF25
:1030E0004FF001084FF00208FBF7DAFE0746002810
:1030F0003FF4F1AEB02303FB0543CDF8048020E09C
:10310000013FBFB2B1E7B3F5E13FC8D3B4F87E20C9
:10311000520702D4B3F5613FC1D15046059103F087
:103120007FFA05990028BAD04FF4C060FBF7B8FECB
:10313000074600283FF4CFAEB023002203FB05432F
:103140000192D6F8EC220092D0334A46214603F091
:1031500057FEC0E6049B002BD2D118EE100A01F0F6
:1031600061FE0028CCD04FF41070FBF799FE0746A3
:1031700000283FF4B0AEB023D6F8EC22009203FB57
:103180000543D0334A46214604F09AFE0C4B3B607F
:103190000023C7F8B831C7F8BC31C7F8C031C7F849
:1031A000C431C7F8C831C7F8CC31C7F8EC31C7F81B
:1031B000F031C7F8F4318EE6E8020308200011036D
:1031C000EC060308F8B504460D46B02608F058FF93
:1031D00006FB0546002386F8D1304FF6FF730746FD
:1031E000A6F8FE30A6F8003129462046FFF73CFE3F
:1031F00098B1012286F8D12004EB051305F1B8023D
:10320000194644F82200C3F8A4704FF47A63A1F879
:10321000A830BDE8F84004F059BFF8BDF8B51E4627
:10322000D0F8E03204460D46174653B1D0F87C3151
:103230003BB108F025FFD4F87C31C01AB0F5FA7F15
:1032400024D3D4F8E4321BB3D4F82C3203B308F0FF
:1032500017FFD4F82C32C01AB0F5FA7F18D201202B
:10326000B02303FB00440120D4F86C313B60D4F858
:1032700070313360069BD4F874211A60079BD4F830
:1032800078211A60D4F87C312B60F8BD0020E7E784
:103290000020FAE710B4D0F8E0321BB190F90040FA
:1032A000112C06D0D0F8E43253B190F92400112843
:1032B00006D11868046B184623465DF8044B18477E
:1032C00000205DF8044B704710B50446D0F8E002CA
:1032D00030B194F90030112B02D103685B6B984731
:1032E000D4F8E40240B194F92430112B04D10368DE
:1032F000BDE810405B6B184710BD000010B40C46D1
:10330000012C11461A4608D8B83450F8240020B1D0
:1033100003685DF8044B5B6918475DF8044B704720
:10332000134690F90020122A10B40AD090F92420F4
:10333000122A08D101240A4621465DF8044BFFF702
:10334000DDBF0024F7E75DF8044B70472DE9F74F28
:1033500001EBC103044610F923A0BAF1070F0D4693
:103360000FB20DD0BAF1000F0DD1B02101FB050451
:103370004FF6FF7384F8D1A0A4F8FE30A4F8003112
:1033800003B0BDE8F08F90F8F632CB40DA07F7D4FF
:1033900000EB8709D9F8E03223B903B0BDE8F04F5C
:1033A000FFF710BF90F97C30002B01DDFFF734FDF3
:1033B000D9F8E00203689B689847064608F060FE6B
:1033C0008046002E40F0938004EB0717D7F8A43016
:1033D000C31AB3F57A6F33D94FF0B00B0BFB05402E
:1033E0005A463146D03018F093F80BFB05424FF6A1
:1033F000FF73A2F8FE30A2F8003104EB05134FF47E
:103400007A6182F8D050C7F8A480A3F8A8105FFAB8
:103410008AF1172903D85A4BCB40DB070DD4D9F8D2
:10342000E00200285FD1B02303FB05430022C9F866
:10343000E022012683F8D12002E0012682F8D16043
:10344000D9F8E00208B3BAF1110F1ED103680DF1EB
:1034500002021B6B01A99847B8B135B194F900304D
:10346000122B00F08680012D0FD094F92430122BFE
:103470000BD10121BDF80230019A2046FFF73EFF33
:10348000D9F8E00203685B6B9847002E3FF478AFF1
:10349000280104EB0515B5F8A830F52B6BD995F884
:1034A000AA20B3F5FA6F02F1010285F8AA20BFF451
:1034B00067AF044494ED2B7A07EE903AB5EEC07AEC
:1034C000F1EE10FA81BFF8EEE77ADFED2E6A67EED3
:1034D000A67ADFED2D6A8CBFE7EE267AF8EE677AE2
:1034E000C4ED2B7A4CE703685B6898479BE74FF085
:1034F000B00B0BFB054B9BF8403153B10023DBE9CC
:103500004E014FF47A72F7F7D7FC002380468BF810
:103510004031B02303FB054393F834216AB9D9F84D
:10352000E002012283F8342103689B6A9847174917
:1035300003466A1C0620F9F775FB04EB071704EB3A
:103540000513D7F8A420A8EB0202A3F8A820B02303
:1035500003FB0543C7F8A48093F8D130012B7FF615
:103560006FAF94F8383313B9C7F8A08068E71E46E8
:1035700066E700217EE7002285F8AA2099E700BFD0
:103580000042C0000AD7A33C48E17A3FD0010308BB
:103590002DE9F04105460E460024242700F5387831
:1035A00007FB04F3EB566BB158F8240028B93470CC
:1035B0000120BDE8F0810124F2E703681B69984708
:1035C0000028F4D0002CF6D00020F2E71D4B136049
:1035D000022910B433D8242303FB0103B3F91030BC
:1035E000002B0DDD07EE903A9FED177AF8EEE77AA3
:1035F00067EE877AC2ED007A01205DF8044B7047D0
:1036000001F1B80350F823302BB1B02404FB0104BE
:1036100094F8D1405CB901EBC10310F9230010B953
:1036200000231360E8E7431E58425841E5E7196854
:10363000CC691846114623465DF8044B1847002014
:10364000DBE700BFCDCCCC3D6F12833A90F8F5326A
:103650008B420BD9242303FB0100B0F902000028A0
:1036600004DDC828A8BFC82080B27047C8207047B2
:1036700002290ED890F88030022B0AD82422534316
:10368000C35633B1B83150F8210010B103681B6A3A
:10369000184700207047000010B590F97A300446B2
:1036A0007BB1D0F8E00218B103685B6A984730B18B
:1036B000D4F8E40228B103685B6A984708B901208E
:1036C00000E0002010BD00000B46012B114606D87B
:1036D000B83350F8230010B103689B6B18470020E3
:1036E00070470000B02303FB010191F82C0110B1D9
:1036F000D1F8283113607047022909D8242359438F
:103700004056112806D0A0F1160358425841704780
:103710000020704701207047022909D8242359430B
:103720004056122806D0A0F117035842584170475E
:10373000002070470120704737B50D4690F9701092
:103740007F29044613461AD100210192FFF7E4FFB6
:103750001346014620B92A462046FFF7CFFD019BBC
:10376000019301212046FFF7D7FF58B9019B2A4654
:103770000121204603B0BDE83040FFF7BFBD2A4617
:10378000C9B2F7E703B030BD11F0010F2DE9F84FD2
:103790000446884691461E4605D11A464946BDE86C
:1037A000F84FFFF7C9BFD0F83033002B4BD0D4F817
:1037B00030A3C8F34105B4279AF8003007FB05A7EA
:1037C0004FEAD8080637002B48D1D4F8303383F8B5
:1037D0000180D4F83013012303FA05F20B78134368
:1037E0000B7032464946384617F048FEB32ED4F8DF
:1037F000303353D86A1C9A7005EB4505D4F8303342
:10380000C5EB051506EB85059D80D4F83053AA78E5
:1038100012B3012328789340013B98421CD1F7F75B
:1038200063FBB4F834331844A4F83403AA88A91D00
:103830002046FFF781FFD4F8302300239370D4F89B
:103840003023137008E040F2D621012015F0A2F9D0
:10385000C4F830030028AAD1BDE8F88F9AF80120F7
:10386000424509D1EB40DB07AFD5324649463846E1
:1038700017F0F4FD0028EFD04FF0000B8AF802B0EB
:10388000D4F830A39AF80000F7F72EFBB4F83633DB
:103890001844A4F836038AF800B096E71A780F2A7D
:1038A000B3D104229A70D4F830334FF434729A8032
:1038B000ABE700002DE9F04190F8803090F980509E
:1038C000022B28BF002524236B430446C356002B3C
:1038D00090F96D3008BF00251BB980F8F452BDE89F
:1038E000F08108F0CDFB002102462046FFF704FFDF
:1038F00094F8F46260B101212046FFF70DFF38B162
:1039000094F8D130022B26D894F88111994222D90B
:1039100001212046FFF7F0FE60B100212046FFF7AD
:10392000FBFE38B194F88131022B1BD894F8D110EA
:10393000994217D994F96D30042B15D1B02303FBAC
:10394000054393F8D130022B0ED9B542C7D084F885
:10395000F4526267C3E700239E42C0D0626784F8D6
:10396000F432BCE70123F7E720460021B02744F6F4
:103970001F6C41F2873E94F8F4328B42CEB21BD0DA
:1039800007FB034390F8D18093F8D150A84503D9A1
:1039900084F8F46262670FE00ED193F8025190F858
:1039A0000281454508D2636FD31A6345F0D80135CB
:1039B000454501DA7345EBD8B03000298FD101219C
:1039C000D9E7000013B540F21C42044600F188011B
:1039D00001A8FBF7F9FB00212046FFF7B7FC012106
:1039E0002046FFF7B3FCD4F8E03213B1012384F88A
:1039F000F532D4F8E43213B1022384F8F5322046CC
:103A0000FFF758FF01A8FBF701FC02B010BD000052
:103A10002DE9F341DDF8208004460D461F46FFF7EF
:103A20006BFE40B185F0010631462046FFF774FE7B
:103A3000002818BF354694F8393393BBB02101FBF9
:103A4000054191F824612EB3D1F8F4301360D1F818
:103A5000F830C8F8003001AA29462046FFF7B6FD25
:103A600070B1DDED017A9FED107AD8F8003067EE85
:103A7000877AFCEEE77A17EE902A9B1AC8F8003096
:103A8000B02101FB054191F825313BB1D1F81C2152
:103A90003A601E46304602B0BDE8F081034B3B6001
:103AA000F8E70026F6E700BF00007A440000204156
:103AB0000120704770470000014B0B6001207047E8
:103AC000CDCC4C3E0120704701207047012070474B
:103AD00000207047704700000020704770470000CA
:103AE0000620704700487047C00403087047000074
:103AF00010B50446FBF7DCF9204610BD70B586B062
:103B000001AD04460E4612220021284617F000FDA2
:103B10000221032264238DF804108DF806308DF8FD
:103B20000B200D238DF80F108DF81620042194F82A
:103B3000DC218DF807308DF81010012307218DF856
:103B40001210D1188DF808208DF80D308DF8116005
:103B500084F8DC110022E95C01330A44122BD2B252
:103B6000F9D160688DF8152003681322DB682946B7
:103B7000984706B070BD0000F0B589B004460E9DB0
:103B8000009504F09DF92F4A226062680023C4F872
:103B9000D03004F5F475C4F8E831C4F8EC31C4F859
:103BA000F03142B9E36828491A780320F9F73AF866
:103BB000204609B0F0BD254E07933068716802AA0F
:103BC00003C2CDE905333189118002A8012630F8FE
:103BD000022B462A0CD8510908AF07EB810102F0ED
:103BE0001F0251F80C7C06FA02F23A4341F80C2C01
:103BF0000133052BEBD105AB03CBC4F8E801186802
:103C00006960A8602069012305A912308DF814307D
:103C1000FEF724FE226992F91230927C012A09D81B
:103C200019462046FFF76AFF08F02AFA6E30C4F8FA
:103C3000E001BDE7E268064912780320F8F7F2FFD9
:103C4000B6E700BF24050308C804030818F70208F4
:103C5000E50403082DE9F04186B005460E4690467E
:103C60000021142268461F4617F052FC02238DF8EB
:103C7000003064238DF802300F2307228DF80330C3
:103C800003238DF807308DF80B208DF814300622B1
:103C900095F8DC318DF80C2001240A228DF80D20D6
:103CA0001A1985F8DC218DF804308DF809408DF85B
:103CB0000E808DF80F708DF81160234600221DF8DC
:103CC000031001330A44142BD2B2F8D168688DF87E
:103CD000132003681522DB686946984706B0BDE8E3
:103CE000F081000038B5C368426E5A60C368B0F80E
:103CF00068201A81C368B0F86A2083F8322090F8EF
:103D00006C3013F0010F0446C36800F09780032263
:103D10005A7090F86D30D8070CD5E36804225A70B9
:103D200094F86D20910705D55207E3684CBF062231
:103D300005225A70D4F86F00D4F87310E56844A3D4
:103D4000D3E90023F6F712FC43A3D3E90023F6F7E7
:103D50000DFCF6F7BBFE6861D4F87700D4F87B1051
:103D6000E5683BA3D3E90023F6F700FC3AA3D3E9C7
:103D70000023F6F7FBFBF6F7A9FEA861314BD4F858
:103D80007F00D4F88310E5680022F6F7EFFBF6F722
:103D90009DFE2861E56808F073F9286694F887307D
:103DA000DB071CD5E368D4F88820DA61DFED267ADA
:103DB00094ED230AE56820EE270AFCF7C7F92046B0
:103DC00085ED080A04F006F9D4ED247AE368F1EEF3
:103DD000677AC3ED0F7AE368012283F8502094EDEF
:103DE000277ADFED1A6AE36827EE267ABCEEC77AF7
:103DF00017EE102ADA85D4ED287AE36867EEA67A02
:103E0000FCEEE77A17EE902A1A8694ED2C7AD4ED20
:103E10002B7AE36877EE877AB6EE007A67EE877AD8
:103E2000C3ED117AE368D4F8B8209A64E2680123FC
:103E300082F85230E26882F8533038BD012278E7C8
:103E4000AFF3008000005940E02E65420000C842F8
:103E5000F8C1631ADCA54C4000000000D012634199
:103E6000F0B585B0044608F00BF90646D4F8E80131
:103E7000F7F73AF80546D4F8EC01F7F735F80544BA
:103E8000D4F8F001F7F730F8ADB294F8E431054416
:103E9000ADB2AB422EDA236993F912209B7C012B41
:103EA00054D8D4F8E031B34224D2B4F8E631012535
:103EB000462B0CD8580904EB800003F01F01D0F802
:103EC000E80105FA01F101423DD0A4F8E6310123F1
:103ED00094F8E6112046FFF7BDFE94F8E431013373
:103EE00084F8E431B4F8E6316E360133C4F8E061A9
:103EF000A4F8E631002604F16407606803685B6992
:103F0000984718B3606803689B69984701AAC1B2D3
:103F10003846CDE90166039604F0F4FB0128054616
:103F2000EBD1019B03F00602062AE6D103F44072AE
:103F3000B2F5407FE1D1DB04DFD52046FFF7D2FEAA
:103F4000284605B0F0BD01339BB2B1E70020F8E789
:103F5000032070470048704764050308704700005D
:103F600010B50446FAF7A4FF204610BDC3681B78BD
:103F7000022B9FBF242182684B43D05C88BF002066
:103F80007047000010B50446FFF7F0FF142812D068
:103F900003D810280CD0012009E0A0F11803DBB2EF
:103FA000012BF8D8D4F8D800003818BF012010BD74
:103FB000D4F8C400F8E7D4F8C8000028F7D0D4F843
:103FC000CC00F1E710B50C46FFF7D0FF9FED067A65
:103FD000DFED067A1838022828BFF0EE477AC4EDE4
:103FE000007A012010BD00BFCDCC4C3E295C0F3EB5
:103FF00013B500230A2201A9019318F0A3FE64233C
:10400000584326D5B0F1004F21D04FF0FF3301992E
:10401000E9B191F900202E2A19D191F90120303A05
:10402000092A14D85A430A2404FB020091F90220F9
:10403000303A092A0BD803FB020091F90320A2F1C0
:104040003001092903D8342AD8BF0023184402B00C
:1040500010BD0123DBE7000070B56930024692F91C
:104060000060A6F13003DBB2092B1546144602F1BD
:104070000102F4D900212B1A022B0CDD024612F9A1
:10408000013B4BB101EB8101303B03EB410303F0FA
:10409000FF011046EFE70023A8420AD210F9012BD6
:1040A0003AB103EB8303303A02EB430303F0FF031F
:1040B000F2E72E2E15D1DFED156ADFED157AB0EEA1
:1040C000666A14F9012F303AD0B209280BD852B2DF
:1040D00007EE102AB8EEC77AE7EE267A66EE866A11
:1040E000EFE7DFED0B7A9FED0B7A0B4867EE877AEF
:1040F0004343FDEEE77A3C22B3FBF2F300FB0130D1
:1041000017EE903A0344184670BD00BFCDCCCC3DAD
:1041100000000000ABC222488096980010B5D0F88D
:10412000B83004460BB9002010BDD0F8BC30002BCD
:10413000F9D007F0A5FFD4F8B830C31A962BF2D8FF
:10414000D4F8BC30C31A962BEDD8D4F8C02012B1E5
:10415000831A962BE7D8D4F8C83023B1C31A973BFB
:10416000B3F5547FDFD9D4F8CC3023B1C31A973BD1
:10417000B3F5547FD7D912B10123C4F8C030D4F8B5
:10418000C430C31AB3F5967F82BFE368002283F878
:104190005420D4F8D430C31AB3F5FA7F84BF002377
:1041A000C4F8D430D4F8D830C21AB2F5FA7F15D991
:1041B000A3B1E268002382F85430E26882F85030FC
:1041C000E26882F85130E26882F85230E26882F8A0
:1041D0005330E26882F85C30C4F8D830C4F8DC00B0
:1041E0000120C4E92E009FE7072970B50546104657
:1041F00009D908398CB2342C05D8182C04D80A2CCB
:1042000042D00B2C45D070BDA4F119061B2EFAD854
:1042100001A353F826F000BF9D4201089D4201080A
:10422000B5420108CF420108CF420108CF42010840
:10423000E9420108F3420108FD4201080742010872
:104240000742010807420108194301081943010800
:104250001943010807420108074201080742010803
:104260000742010807420108074201080742010806
:1042700007420108074201080F43010807420108ED
:10428000074201083543010817F0D0F885F8B4015A
:10429000B9E717F0CBF885F8B501B4E717F0C2F825
:1042A00051EC100BF6F75AFCF4B205EB8404C4F899
:1042B000B801A8E717F0B6F851EC100BF6F74EFC72
:1042C00007EE900AF1EE677AC5ED707A9BE717F07A
:1042D000A9F81C3CE3B251EC100B05EB8305F6F793
:1042E0003DFCC5F8C4018EE717F09CF885ED740B12
:1042F00089E717F097F885ED760B84E717F092F8C9
:1043000051EC100BF6F72AFCC5F8E0017BE717F03B
:104310008DF8C5F8E40176E717F084F8A4F12503D9
:10432000DBB251EC100B05EB8305F6F717FCC5F873
:10433000EC0168E717F076F851EC100BF6F70EFC7D
:10434000C5F8E8015FE700BF072910B5044610462D
:1043500011D9083989B2043904290CD8DFE801F0F1
:10436000030C150B1E0017F05DF851EC100BF6F75F
:10437000F5FBC4F8240210BD17F054F851EC100BF3
:10438000F6F7ECFBC4F82802F5E717F04BF851EC10
:10439000100BF6F7E3FBC4F82C02ECE717F042F839
:1043A00051EC100BF6F7DAFBC4F83002E3E700003B
:1043B0000B290AD00F290ED00A2912D100F1690168
:1043C000092200F5FC7017F065BD00F169011322A8
:1043D00000F20220F7E700F169010C2200F216203A
:1043E000F1E7704770B52DED028B90F8683082B020
:1043F0000446002B00F0B282012380F89230102294
:104400000021693018F01AFD94F88A30F3B1636E18
:10441000834240F0B18207F033FEB4F88830A02B1D
:10442000054600F085814CD8602B00F0568110D8ED
:10443000202B00F0CA80402B00F01A81204602B0E9
:10444000BDEC028BBDE87040FFF768BE94F86230A7
:10445000DEE7802B00F06C818A2BEFD1D4F8D830C6
:10446000002BEBD194F8E1300C2B40F08881D4ED97
:104470003A7ADFEDAD6AE368B8EEE77A012227EE1B
:10448000267A83ED0D7AD4ED3B7AE368B8EEE77ACD
:1044900027EE267A83ED0E7AD4ED3C7AE368F8EEC7
:1044A000E77A67EEA67AC3ED0F7AE36883F85020C7
:1044B000E168C4F8C800204603F0B8FDC4F8D05045
:1044C000BCE7B3F5877F00F00A826AD8AA2B00F018
:1044D0008D81C12BB2D1C4E9320090A3D3E900236E
:1044E000C4F8D800C4F8D000D4E97401F6F73EF857
:1044F000F6F7ECFAE5686861D4E9760187A3D3E9B9
:104500000023F6F733F8F6F7E1FAE5689FED857AD0
:10451000A861D4ED7A7AE368F1EE677AC3ED167A92
:10452000E368012583F85C50D4ED787AE16867EEA2
:10453000877A2046FDEEE77A17EE902A03F000FF17
:1045400004F5DC7207CAE368343383E807002046C9
:10455000E16803F06BFD04F5E270E668FBF786FEA8
:1045600004F5F67086ED100AE66808F0F5F886EDB9
:10457000110AE368D4F8F4219A64E36883F8505090
:10458000E36883F85150E36883F85250E36883F896
:104590005350B4F89020D4F8E411204603F0B6FD4F
:1045A0004CE7B3F5917F7FF449AFD4F8D830E66893
:1045B000C31AB3F5FA7F04D894F8B531042B00F090
:1045C0009D81002386F8543038E7D4F8D430C4F8FD
:1045D000B80053B9D4F8D8303BB9E368D4F89C207C
:1045E0005A61E368D4F8A0209A61D4F8D0301BB1A6
:1045F000EB1AB3F57A7F15D9D4ED2A7A9FED4A0AE2
:10460000E368F8EEE77A67EE807AC3ED077AD4EDD7
:104610002B7AE668F8EEE77A27EE800AFBF796FD3C
:1046200086ED080AE3685B78022B0ED9D4F8943043
:10463000D4F898100A225A43204603F05FFCD4F8BD
:10464000D83013B1E368226C5A60B4F89010204659
:1046500003F04CFDE3681D66D4F8C80020B1281AA9
:10466000B0F57A7F7FF6EAAE204603F0B3FCE5E6CC
:10467000D4F8D430C4F8BC0083B9D4F8D8306BB9BE
:10468000D4F8A420E168204603F05AFEE368D4F889
:104690009C205A61E368D4F8A0209A61E36894F8FA
:1046A000B62083F83220E368B4F8B420DA8594F8B1
:1046B000B720E368062A0ED8DFE802F00B0D040DE0
:1046C00007090B0004225A70B8E60622FBE7052210
:1046D000F9E70122F7E70322F5E7D4F8D030C4F870
:1046E000C00023B1C31AB3F57A7F7FF6A7AED4ED2D
:1046F0002A7A9FED0D0AE368F8EEE77A67EE807A92
:10470000C3ED077AD4ED2B7AE668F8EEE77A27EE68
:10471000800AFBF71BFD86ED080A9DE700000000FC
:10472000D01263410000C8420AD7233C6F12833A7B
:10473000D4F8D830002B7FF481AE94F83432002BBB
:104740007FF47CAED4ED2C7AF4EE677AF1EE10FAB9
:10475000BFF574AE1FED0C0AC4F8C45027EE800AF2
:10476000E668FBF7F3FC86ED090AE268012382F8AC
:104770005430E2689562E26882F82C305EE61A2BCB
:104780007FF45CAED4E93A138B42B8BF0B4607EE18
:10479000903A5FED1A6AE268B8EEE77A27EE267A79
:1047A00082ED117AE368012283F85220D4ED3C7A3D
:1047B000E368B8EEE77A27EE267A83ED127AE368AB
:1047C00083F85320D4E93D308342B8BF034607EE57
:1047D000903AF8EEE77AE16867EEA67AC1ED107AD2
:1047E000E36883F85120C4F8CC5027E6D4F8D830D9
:1047F000002B7FF423AE94F83432002B7FF41EAEEE
:10480000D4E94601CFA3D3E90023F5F7AFFEF6F7CD
:104810005DF9E6687061CBA3D3E90023D4E94401D4
:10482000F5F7A4FEF6F752F9E668B84BB06100223E
:10483000D4E94801F5F79AFEF6F748F9E16802462F
:10484000204603F07DFDD4E95401B14BC4F8D450A7
:104850000022F6F711F960B3D4E96201A7A3D3E906
:104860000023F5F783FEF6F779F9E668B063D4E93B
:104870006401A2A3D3E90023F5F778FEF6F76EF9F9
:10488000E66870639FA3D3E90023D4E96601F5F7D6
:104890006DFEF6F763F9E668F063E368012283F8DA
:1048A0005020E168C4F8C850204603F0BFFBC4F8AC
:1048B000D050D4E95601F6F751F9B0EE080A00EEEF
:1048C000900AFBF733FC00283FF4B8ADD4E94A0165
:1048D000C4F8C450F6F742F9E668706245E7012370
:1048E00084F8233204F2162300938A4904F2022347
:1048F00004F5FC720620F8F795F99FE594ED8B0A14
:10490000DFED857AD4ED8A8A94ED898A20EE670AF4
:1049100015F086F8C6ED278AE36883ED288AE368F8
:1049200020EE081AF0EE480A83ED291AE368B0EE8B
:10493000680AC3F8AC50204603F0FEFC48B1E368B7
:10494000012283F85520E368D4F83022DA64C4F8F1
:10495000C450E368012283F82C206FE5B0F88C5036
:10496000002D64D100F169056C492846F6F736FD43
:1049700038B98A23A4F88830002002B0BDEC028B3D
:1049800070BD67492846F6F729FD08B9AA23F1E763
:1049900064492846F6F722FD20B994F834320BB169
:1049A000C123E7E760492846F6F718FD10B94FF430
:1049B0008773DFE75D492846F6F710FD28B994F8BC
:1049C000343213B14FF49173D4E794F86930413B1A
:1049D000192B04D894F86A30413B192B01D90023D4
:1049E000C8E704F16B0552492846F6F7F7FC08B909
:1049F0002023BFE74F492846F6F7F0FC08B94023CB
:104A0000B8E74D492846F6F7E9FC08B98023B1E735
:104A10004A492846F6F7E2FC08B9A023AAE7484924
:104A20002846F6F7DBFC0028D9D16023A2E7B0F8CE
:104A30008830002BA0D090F96920002A9CD02B440C
:104A4000492B00F3A180202B96DD213B282B93D806
:104A500001A151F823F000BF334C01087949010846
:104A60004B4C0108554C0108674C0108714C01087A
:104A70008F4C0108A14B01083F4C010879490108FE
:104A800079490108794901087949010879490108FA
:104A900079490108794901087949010879490108EA
:104AA00079490108794901087949010879490108DA
:104AB00079490108794901087949010879490108CA
:104AC00079490108794901087949010879490108BA
:104AD0007949010879490108334C01084B4C010818
:104AE000554C0108674C0108714C0108094C01083C
:104AF0001B4C0108274C0108834C01080000008072
:104B00001CC7D13F000000801CC7D1BF0000594026
:104B10000000F03F6C05030835FA8E3C7A05030867
:104B20007E050308830503088A0503089305030827
:104B30009F050308A3050308A7050308AB050308A1
:104B4000AF05030800000000D01263418B3B0A2B25
:104B50003FF612AF01A252F823F000BFC14C01088A
:104B6000CF4C01087949010879490108DD4C010859
:104B7000EF4C0108EF4C0108EF4C0108EF4C010825
:104B8000EF4C0108EF4C0108952B10DC8A2BDDDC83
:104B9000652B7CD0812B00F08880612B7FF4ECAEFC
:104BA00004F16900FFF724FAC4F8AC00E4E6B3F5B9
:104BB000817F10DCC12B00F3A280A12B75D0AB3B11
:104BC000152B3FF6D9AE693016F02CFC04EBC5046A
:104BD00084ED400BD0E6B3F5917F09DCB3F5877F18
:104BE0007FF7CAAE00F169022946FFF7E1FBC3E691
:104BF0006FF4917213441B2B3FF6BEAE00F16902B5
:104C00002946FFF7A1FBB7E6302ACBBF303A002395
:104C100080F8B72080F8B730AEE6693016F006FCB1
:104C200084F8B600A8E66930FFF7E2F9A4F8B4000A
:104C3000A2E66930FFF7DCF9C4F894009CE669301D
:104C400016F0F4FBC4F8980096E6FFF705FAC4F8EE
:104C50009C0091E6532A7FF48FAED0F89C305B42E3
:104C6000C0F89C3088E6FFF7F7F9C4F8A00083E6A7
:104C7000572A7FF481AED0F8A0305B42C0F8A03054
:104C80007AE66930FFF7B4F9C4F8A40074E604F1D9
:104C90006900FFF7ADF940F2022358434FF47A73ED
:104CA00090FBF3F0C4F8A80066E604F16900FFF792
:104CB0009FF907EE900AF8EEE77AC4ED2C7A5BE6EE
:104CC00004F1690016F0B2FB84F8E00054E604F148
:104CD000690016F0ABFB84F8E1004DE60A220021E2
:104CE00004F1690018F0AAF8C4F8E40044E604F1FD
:104CF000690016F09BFB343544F825003CE600F1D2
:104D000069022946FFF770FA36E600BF37B5B0F8FA
:104D100090308DF8071001332A290446A0F890300E
:104D20003FD024DC242905DC22295ADC0A2938D08A
:104D30000D2936D094F88E301C2B9FBF5A1C1B199E
:104D400084F88E2083F8691094F86850B5B994F807
:104D50006230594094F88A3084F8621073B1606E02
:104D600001220DF1070107F09FFC606607E02C2986
:104D700008D03B29DED190F88A301BB9002528469F
:104D800003B030BD94F86230594094F88A3084F80A
:104D9000621033B1606E01220DF1070107F084FC4F
:104DA000606694F89250002DE8D194F88E301D2B57
:104DB00006D82344204683F86950FFF713FB0546C5
:104DC000B4F88C300133A4F88C30002384F88E3092
:104DD0009DF90730A3F12A025342534184F8683009
:104DE000CDE7A1F1230359424FF0000559410123BA
:104DF00080F88A1080F88E50A0F88C5080F86250AD
:104E00004566A0F8885080F86850A0F8903080F887
:104E10009250034814F09EFD84ED2C0AAFE700BFCA
:104E200057F802080378032B09D8DFE803F0020AD9
:104E3000121E00232429437001D101230370002096
:104E400070472A2901D10223F8E74378594041707D
:104E5000F5E7427813099F2A8CBF373330339942E4
:104E600001D10323EAE70023E8E7437803F00F03C7
:104E7000092B8CBF373330339942F4D100230370B0
:104E800001207047F0B585B00446FFF76FF8183879
:104E9000C0B20128A3688CBF0020012084F834022E
:104EA00093F97C30002B62D007F0EAF8D4F838325E
:104EB00043F69722C31A934259D92369C4F838029A
:104EC0005F8807EE907AB8EEE77ADFED2E7A67EE2C
:104ED000277A204617EE906AFFF748F810384FF40B
:104EE0007A75B5FBF7F5092841D8DFE800F03740BF
:104EF00040404240404014053046F5F7DFFA65680F
:104F00000B46296802460F681F492846B847E368E0
:104F1000012283F82C203046F5F7D0FA65682B681B
:104F2000CDE90201CDE9000102461E6828460B4684
:104F30001649B04794F82332CBB960681449036826
:104F40001B689847A36893F97B3083B16068114967
:104F500003681B6805B0BDE8F040184760680E495B
:104F60000268EBB2CDE9003314681A46A04705B0D9
:104F7000F0BD0A4960683B46EAB205B0BDE8F040C2
:104F800007F03AB96F12833AB40503080306030821
:104F90003C0603084706030854060308B70603083F
:104FA00070B50546FFF76EFF686803685B69984750
:104FB000002684B26CB1686803689B69984741B267
:104FC0002846FFF7A3FE013C002818BF0646A4B2FE
:104FD000F0E7304670BD000006207047004870477B
:104FE0002C0703087047000010B50446F9F760FF6E
:104FF000204610BD37B5069D0095044602F060FFBF
:10500000114B23600023C4E91B3384F8683084F813
:105010007430AA2384F8793141F24423A4F87A3118
:10502000A36893F97C305BB16068084903680E227D
:10503000DB6898476068064903682222DB68984766
:10504000204603B030BD00BFC8070308340703087B
:105050004307030870B5B0F8812190F87C31B0F8AF
:105060007D51D0F889111A44044603F04FF82A2DD7
:1050700040F0AE80E368B4F887211A81E368D4F881
:1050800089215A60E56806F0FBFF2866D4F87D00A8
:10509000D4F88110E6687CA3D3E90023F5F766FA1B
:1050A000F5F714FD7061D4F88500D4F88910E6682E
:1050B00075A3D3E90023F5F759FAF5F707FDB061B9
:1050C000E368012683F85C60E368D4F895209A656C
:1050D000D4F88D00694BD4F891100022F5F746FA08
:1050E000F5F7F4FCE1680246204603F029F9E3688D
:1050F00094F8B62083F83220D4F89D3007EE103AA9
:10510000D4F8A13007EE903A67EEA77AE368E7EEAD
:10511000077AB1EEE77A83ED117AE368D4F8A52037
:105120009A64E3689FED567A83F85260E36883F8E7
:105130005360D4F8AD20E36807EE902A67EE877AD3
:10514000FCEEE77AC3ED207AE36894F8B62083F8A2
:105150008420D4F87530E268C3BBD4F87930222BB0
:105160000FD81F2B30D8102B16D00F2B07D9122B8E
:1051700003D8102B03D004230FE0142BFBD0012302
:105180000BE0322B02D003D8302BF8D1062304E0F9
:10519000443B012BEFD9F2E70323537094F86230BC
:1051A00043F0010384F8623094F862309A07C3F345
:1051B00040005FD5E268616E5268914226D123F0CB
:1051C000030384F8623055E00523E6E75670E5E70F
:1051D000632D1DD0AE2D48D1D4F87D20DFED296A96
:1051E000E36807EE102A27EE267ABCEEC77A17EEA0
:1051F000102ADA85D4F88120E36807EE902A67EE5A
:10520000A67AFCEEE77A17EE902A1A86002031E0A3
:10521000D4F88910D4F88500E668F5F79FFCF061B2
:10522000D4F89110D4F88D00E668F5F797FC306259
:10523000204602F0CFFED4F89500D4F89910E66825
:10524000F5F78CFC07EE900AF1EE677AC6ED0F7A5F
:10525000E368012283F85020D4F88931636694F81A
:10526000623043F0020384F8623094F8620010F078
:10527000010099D170BD00BFAFF30080000059401C
:1052800000007A440000C84200000000D0126341D0
:1052900010B590F87430013B0446082B06D8DFE8BF
:1052A00003F010191D26374C50586000AA2904BF7E
:1052B000012380F87430002380F8953184F896310A
:1052C00004E0442904D1022384F87430002010BD86
:1052D0000023F9E71229FBD10323F5E7042380F823
:1052E000743080F8953180F87C110023E6E7B0F83F
:1052F00095311B2BECD8C218013382F879119AB280
:10530000A0F8953190F87C319342DFD80523DBE794
:10531000B0F89531FF2BDBD890F87C011A1A2244A3
:10532000013382F875109AB2A4F89531B4F881313E
:1053300003449A42CADB0623C6E7C0F87511072367
:10534000C2E7D0F8753103EB0121C0F875110823CD
:10535000BAE7D0F8753103EB0141C0F875110923A4
:10536000B2E7D0F8753103EB0161C0F87511002088
:1053700094F87C2184F8740004F2791107F094F910
:10538000B4F8812104F1750107F08EF9D4F8753174
:10539000834204D12046BDE81040FFF75BBE236F77
:1053A0000133236792E700007FB5836893F97C306F
:1053B0000446F3B106F064FE94F86830032B05460A
:1053C00017D8E26E824214D2164A666852F8231049
:1053D00001910846F6F70CF833680199DB6802463C
:1053E0003046984794F86830C8350133E56684F84C
:1053F00068304FF400560025606803680DF10F0116
:10540000DB69984750B19DF80F102046FFF740FF29
:10541000013E2843B6B2C5B2002EEDD1284604B0F5
:1054200070BD00BFB007030810B5002304464360F9
:105430008360C360143002F09DFF20460249FCF7F0
:10544000CFFE204610BD00BF0C08030806207047A1
:10545000004870478C080308014B0B60012070471F
:105460000AD7A33DD0F880300B60012070470000C0
:10547000836893F97C3023B1806E831F5842584172
:105480007047012070470000D0F8803013F4746F2B
:105490000CBF01200020704710B50446C06E13F009
:1054A0007DFB204610BD000010B50446FFF7F4FF59
:1054B0002046F9F7FDFC204610BD00008268C36F4E
:1054C00092F97A20022A03F4207304D0A3F5207302
:1054D000584258417047B3F5207F08D0064B1B68EF
:1054E000DB6A93F89C3023B990F884007047012060
:1054F00070470020704700BFE81000201FB5836888
:1055000093F97C308BB1836E062B0ED0C2680421D8
:105510004FF0030C1278CDE9011C90F86210009155
:10552000013203490620F7F77DFB05B05DF804FB67
:105530009008030837B5069D0095044602F0C0FCAC
:105540000F4B23600F4B63670023A36784F88630FB
:1055500006F096FDE3682067012283F88520A368A2
:10556000B3F87E309B0704D42046FEF7FFFC1A28D0
:1055700003D1E368012283F82C20204603B030BD1C
:10558000BC0B0308C40803082DE9F0412DED028B84
:10559000B0F88C3040F6BC72C3F30C03934288B071
:1055A000044600F034820FD840F6A77293424BD0E5
:1055B00040F6AE72934200F05D8140F6A1729342D4
:1055C00000F0498100202FE141F23372934200F054
:1055D000788141F23672934200F0B68141F2147242
:1055E0009342EFD1B0F88E20D0F8901002F08EFDEB
:1055F000D4F8983007EE103AD4F89C3006EE903A82
:10560000D4F8A03007EE903AF4EE676AF1EE10FAA3
:10561000C8BFF0EE667AB4EE677AF1EE10FAC8BF52
:10562000F0EE477A9FEDC27AE368F4EEC77AF1EEC6
:1056300010FAC0F24281B1EEE77A012283F85120DC
:10564000E36883ED107ABDE7B0F894304FF6FF724F
:1056500099B2914205D0C2681381C368D0F89020F6
:105660005A60B4F88E20D4F89010204602F04EFD17
:10567000E56806F005FD2866D4F8B430DFEDAD7AB4
:1056800007EE103AB4EEE77AF1EE10FA3BDDE2688D
:105690005363E368D4F8B8209A63D4F8BC30E26866
:1056A00007EE903AF1EE677AC2ED0F7AE3680125D2
:1056B00083F85050E168204602F0B8FCB4F8D630C8
:1056C000E268DFED9D6A0A214B43C2F88030B4F8EE
:1056D000E220E36807EE102AB8EE477A27EE267A32
:1056E00083ED117AB4F8E420E36807EE902AF8EE2F
:1056F000677A67EEA67AC3ED127AE36883F85250B0
:10570000E36883F85350D4F89860D4F89C7082A36F
:10571000D3E9002330463946F5F7B8F900285FD0C1
:105720007FA3D3E9002330463946F4F71FFF7EA359
:10573000D3E90023F4F71AFFF5F7C8F9E5686861C3
:10574000D4F8A000D4F8A410E56875A3D3E9002329
:10575000F4F70CFF74A3D3E90023F4F707FFF5F780
:10576000B5F9A861D4F8B020DFED747AE36807EEEC
:10577000102AB4EE677AF1EE10FA0CBF0122002273
:1057800083F85C20D4F80C80D4F8A86098F85C30DA
:10579000D4F8AC7093B1D4F8B0502846F4F78EFE2C
:1057A00002460B4630463946F4F728FD07EE905A7C
:1057B000F1EE677A06460F46C8ED167A394630464E
:1057C000F5F7CCF9DFED5E7AE16807EE100A67EED7
:1057D000277A2046FDEEE77A17EE902A02F0B0FD18
:1057E00094F8D230E268FF2B82F8323002BFE368CF
:1057F000002283F8322094F8963003F00F03082B30
:1058000009D8DFE803F0051619161C1F191C1F0024
:10581000E36801225A7094F8963013F0400F4FF06D
:10582000010012D0E368587008B0BDEC028BBDE8EF
:10583000F081E3680322EDE7E3680422EAE7E36826
:105840000622E7E7E3680522E4E71906ECD5E368FA
:1058500002225A70E8E7B0F88E20D0F8901002F0DB
:1058600055FCE368B4F89C20DA85E368B4F89E2020
:105870001A86A7E6B0F88E20D0F8901002F046FC09
:10588000D4F89C30D4F8A010E367D4F8803083EAD1
:10589000010212F4746F0BD0E268127801F47461A3
:1058A000009103F47463274901320620F7F7BAF92F
:1058B000D4F8A030C4F8803084E6002083F851008A
:1058C000B2E7FEF753FB1A287FF47CAE2046B4F80B
:1058D0008E20D4F8901002F019FC94F89700E36839
:1058E00010F08F0013D1D4F898209FED147A07EEB2
:1058F000902AF4EE477AF1EE10FA08D0B1EEE77A8A
:10590000012283ED137AE36883F855208CE70022A7
:10591000DA6457E6AFF3008000000000006A08C1B7
:10592000F8C1631ADCA54C4000000000D0126341AE
:1059300000000034005043C80AD7A33BFFE65BAF2A
:105940000000C842D4080308FEF710FB1A287FF4B1
:1059500039AEB4F88E20D4F89010204602F0D6FB71
:1059600094F89630002B3FF42DAE94F89930002B2C
:105970007FF428AE94F89A50002D7FF423AED4F82B
:10598000A010D4F89C00F5F7E9F8D4F8A81008EEB8
:10599000100AD4F8A400F5F7E1F8B0EE480A00EEDA
:1059A000900A08EE900A14F065F8D4F8B010D4F814
:1059B000AC0010EE106AF5F7D1F8079005A8CDED10
:1059C000058A8DED068AFAF751FCD4F8B010D4F8A8
:1059D000AC008DED030AF5F7C1F807EE900A3046EA
:1059E000B1EE671A8DED021AF4F768FD73A3D3E9DF
:1059F0000023F4F7BBFDF5F7B1F89DED021ADDEDDC
:105A0000030A00EE100A204602F096FCDAE5B0F830
:105A10008E20D0F8901002F079FB94F89600E3689D
:105A200070B983F88400E368C3F88000E368C3F8C2
:105A30008C00E368C3F88800E368C3F89000F3E6DD
:105A400094F8982083F88420B4F8C5304FF6FF729C
:105A500093421CBF0A225343E26808BF0023C2F8E6
:105A60008030D4F89C60D4F8A07056A3D3E900230A
:105A700030463946F4F7E2FF00287FD151A3D3E93D
:105A80000023D4F8A400D4F8A810F4F7D7FF002816
:105A900074D14CA3D3E90023D4F8AC00D4F8B010EF
:105AA000F4F7CCFF002869D1B4F8C0204FF6FF739B
:105AB0009A4263D03E4BD4F80C80002230463946DF
:105AC000F4F754FDF5F702F8C8F88C00D4F8A400F8
:105AD000D4F8A810364BE6680022F4F747FDF4F737
:105AE000F5FFC6F8880030A3D3E90023D4F8AC0052
:105AF000D4F8B010E668F4F739FDF4F7E7FFC6F81C
:105B00009000A368B3F87E309A077FF55BADB4F8D8
:105B1000C0309FED287A9FED288AD4F8A810D4F8D9
:105B2000A40007EE903AF8EEE77AA7EE878AF5F739
:105B300015F8D4F8A0100746D4F89C00F5F70EF835
:105B4000D4F8B0100646D4F8AC00F5F707F8079083
:105B500005A805970696FAF789FBD4F8AC00D4F8A7
:105B6000B0108DED020AF4F7F9FF07EE900ADDEDB3
:105B7000020AB1EE671AB0EE480A44E7A368B3F828
:105B80007E309B077FF51EADE3680020C3F88C00D4
:105B9000E368C3F88800E368C3F89000E36883F81B
:105BA000540041E6AFF300800000000000408FC0C9
:105BB00000408F400AD7233C00003443F8C1631AE9
:105BC000DCA54C40BBBDD7D9DF7CEBBD2DE9F84F40
:105BD00090F88630013B04460D46082B06D8DFE8D6
:105BE00003F0404B4F575B63677FB400242908D113
:105BF000012380F886300023A0F890310020BDE812
:105C0000F88F90F89731DFF800925E1CF6B20344EB
:105C10004FB2032E80F89761B24683F892714FF02D
:105C20000608A8BF4FF0030A00F5C97B59F8040B1A
:105C30005246594616F01AF978B9042E06D1303F6B
:105C4000092FDBD9002384F89731D7E7D6D93E2D29
:105C5000F8D1012384F89831F4E7B8F10108E5D1CF
:105C6000F0E7402903D1022384F88630C6E75229A1
:105C700040F09D800923F7E7A0F88A100323F3E79B
:105C8000B0F88A1001EB0525A0F88A500423EBE751
:105C9000A0F88C100523E7E7B0F88C1001EB052580
:105CA000A0F88C500623DFE7A0F88E100723DBE76F
:105CB000B0F88E1001EB0525ADB2AB07A0F88E5001
:105CC000A5F108050CBF08230023F82D80F88630C5
:105CD00094D9002380F88630A36F0133A3678DE742
:105CE000B0F89031FF2B98BFC21803F1010398BFA1
:105CF00082F89010B0F88E209BB2083A9342A0F838
:105D00009031FFF67BAFB3F5807F50D8002202219F
:105D10008C3006F0DBFC0221024604F18E0006F016
:105D2000D5FCB4F88E100246083904F1900006F054
:105D3000CDFC002384F88630B4F88A308342CBD17E
:105D40002046BDE8F84FFFF71FBCB0F89021FE2AAF
:105D50002DD88318013292B20A2983F89010A0F846
:105D600090217FF44BAF8318002183F8901090F8B6
:105D700090303A2B1BD1C66ECEB100F19201053A9C
:105D8000304616F073F8054688B9304612F006FF23
:105D9000A36EE566062B07D8DFE803F0040B0F1DA2
:105DA0002B0D2D000123A36606F06AF9206700235E
:105DB0005AE70523F7E70223F5E794F86230013349
:105DC000DBB2032B84F86230EED90323A3660023F1
:105DD00084F86230E8E794F86230A2680133DBB2FD
:105DE00084F8623092F978200AB1022BDCD90423BE
:105DF000D9E70623D7E702F015FF4FF4CE724FF430
:105E0000801102F0FBFECFE78C0B030840680249CB
:105E100003681122DB6818470009030838B5836856
:105E200093F97A30054653B3C06F10F4007414D15F
:105E3000EB6814491A7806200132F6F7F3FEEB6896
:105E400011491A7806200132F6F7ECFE2846FFF7D2
:105E5000DDFF85F88440002038BDC30507D5EB6819
:105E60000A491A7801320620F6F7DCFEF3E710F053
:105E7000800404D1EB6806491A780132F3E7012067
:105E8000EAE700BF140903083409030855090308A9
:105E90006E09030810B5044605490720F6F7C2FE4F
:105EA000606804490368BDE81040DB6813221847A6
:105EB00094090308A80903082DE9F0430446406843
:105EC000036887B05B699847002506462F46B542B0
:105ED0000BD0606803689B699847C1B22046FFF702
:105EE00075FE0743FFB20135F1E706F0C9F8A36874
:105EF00093F97C200546E2B1A26E062A00F0FC80F0
:105F0000616E814215D2216F01F5FA61814221D281
:105F1000606FF5F76DFA0646606803689B6A9847FC
:105F2000B04206D36068616F03683246DB68984709
:105F30002567E268906A2D1AB5F5967F82BF002327
:105F400082F85430E268384688BF82F8553007B08E
:105F5000BDE8F08394F898110029EAD0E16E09BBFE
:105F6000052A1FD8DFE802F003349AA0B745236959
:105F7000606893F91220036805921B6C984770497A
:105F8000704B059A012808BF0B4604F16C066E4958
:105F9000009330464FF4613304F058FF013001D1D3
:105FA0000023E366E06E0028C3D0F5F721FA064629
:105FB000606803689B6A9847B042BAD36068E16E34
:105FC00003683246DB689847002384F89831B0E7CD
:105FD0002046FDF7CBFF5D4B5D4A5E491A2818BF8E
:105FE0001A46236904F16C0093F9123000920122E1
:105FF000D2E72369597893F9016011F06F0FD1D07E
:10600000524B554A16F0010F08BF1A4616F0020F00
:1060100004F16C0006D0DFF870C1504B11F0010F95
:1060200008BF634616F0040F2DD0DFF860E1DFF8FB
:1060300060C111F0030F08BFF44616F0080F25D019
:10604000DFF85081DFF850E111F0070F08BFC646B6
:1060500016F0200F1DD0DFF84491DFF8448111F0D5
:106060000F0F18BFC846760616D53D4E11F02F0FFC
:106070003C4918BF3146CDE90281CDE900CE3A490D
:1060800004F0E4FE8AE7DFF8C4C0D6E7DFF8BCE03E
:10609000DEE7DFF8B880E6E72C49ECE794F8622009
:1060A000324B53F8222009E093F97830012B0BD0C2
:1060B000022B0DD0002B7FF475AF2D4A2D4904F132
:1060C0006C0004F0C3FE69E794F862202A4BE8E70D
:1060D0000623A36666E72046FDF748FF1949274ACD
:1060E0001A2818BF0A46264904F16C0004F0AEFED7
:1060F00000287FF455AF55E793F97A30022B7FF4EF
:1061000018AF204B1B68DB6A93F89C301BB101234E
:1061100084F884300DE794F88430002B3FF409AF05
:10612000E36F9B057FF505AF636E8342BFF401AF5C
:106130002046FFF7AFFE05F57A736366F9E600BF08
:10614000C1090308BC090308130A03080AFF02086F
:10615000C9090308360A030857F80208CD0A0308DC
:10616000FD090308FE090308910A0308A40B0308AC
:10617000A40A0308B40A0308800B0308060A0308EC
:10618000AF0A0308E8100020CE0A0308E709030855
:10619000E6090308F0090308EF090308F7090308F3
:1061A000F809030806207047836893F97C302BB107
:1061B000D0F8BC05B0FA80F0400970470120704764
:1061C000D0F8BC350B6001207047000000487047D4
:1061D000FC0B030813B5D0F8BC150023012202FA0A
:1061E00003F40C420CD0C2681278009106490132C7
:1061F00051F8233005490620F6F714FD02B010BD12
:106200000133162BEBD1F9E7680E0308040C0308E1
:1062100010B5074B03600446D0F8F40508B1F8F751
:1062200047FED4F8FC0508B1F8F742FE204610BD41
:106230009811030810B50446FFF7EAFF2046F8F767
:1062400037FE204610BD000010B5D0F8F405144606
:1062500028B102F0C3F82080003818BF012010BD1B
:10626000D0F8F40508B102F09BB8704790F8C0353B
:10627000822B08D81A0613D4033B012B0ED90D4BE1
:106280000B6001207047FF2BF9D10A4B0B6083682C
:1062900093F97C00B0FA80F040097047064BEFE7B5
:1062A000054B0B6090F8D035013B012BE9D8034B2F
:1062B000E6E700BFAE47613E8FC2F53D0AD7233EF9
:1062C000C1F302710139C9B204299ABF014B585C6C
:1062D00000207047600E030830B5D0F8DC357BB184
:1062E00090F8E0550020C2B2954209D953F8302009
:1062F0008A4200F1010401D140B230BD2046F2E7EC
:106300004FF0FF30F9E7000030B5039C0A4491429A
:1063100009D011F8015B18782844C0B218702578AC
:1063200028442070F3E730BD2DE9F0410446406871
:106330001D46036886B09B6ABDF8306088461746E4
:10634000984706F1080398424FF000003AD3B5236E
:106350008DF810308DF8137062230DF10F078DF852
:106360000E008DF80F008DF8113004220DF10E0390
:106370000DF11201204600978DF81280ADF81460DF
:10638000FFF7C2FF3246294620460097FFF7BCFFC1
:10639000606803680622DB6804A9984760680368A0
:1063A0003246DB6829469847606803680122DB684B
:1063B0000DF10E019847606803680122DB683946D9
:1063C0009847012006B0BDE8F081000013B50446EF
:1063D000406803689B6A9847072806D90023009302
:1063E0001A4606212046FFF79FFF02B010BD0000AD
:1063F0001FB590F89734052B05D9FFF7E7FF00206C
:1064000005B05DF804FB02238DF80C108DF80D200B
:106410000093012203AB0621FFF786FFF0E700009F
:10642000F0B5044640681D46036885B09B6A0F4678
:10643000164698470A280FD903230093012203AB7D
:10644000062120468DF80C708DF80D608DF80E50E9
:10645000FFF76AFF05B0F0BD0020FBE790F8D235EA
:106460000133DBB280F8D2352BB990F8752490F85F
:106470007A14FFF7D5BF7047022938B5054618468C
:1064800041D00A2939D001291ED1122A1AD8012A4D
:106490001AD9931E102B17D8DFE803F0171D091621
:1064A000233F161616161616161616162900012361
:1064B000202483423BD1D5F8BC3523EA0403C5F838
:1064C000BC3501E0202A2CD038BD95F8D64584F0A3
:1064D00001030224EDE795F8D64584F00103042476
:1064E000E7E795F8D64584F001030824E1E795F83D
:1064F000D64584F001031024DBE7092A15D00B2AC6
:10650000E2D180240FE0102A01D0152ADCD1AB683B
:106510004FF4807493F87A30CBE701234FF40054A2
:10652000C7E74FF400440523C3E74024FBE72846B0
:10653000FFF776FFD5F8BC352343C5F8BC350123FA
:1065400085F8D435C0E700002DE9F04385B002AFEF
:10655000C0F8E83597F8283080F8EC3590F8F03539
:1065600080F8E025541C83F001035B42A40080F80E
:10657000ED350026E31DC0F8DC15C0F8E4650546DE
:10658000914640686A46DB08A2EBC3039D46026859
:1065900002AB926A7B60013C8846A4B2904704F14A
:1065A000090292B2904218D37B680296414603AA30
:1065B00008EBC909494504D051F8080B42F8040B0F
:1065C000F8E70134A4B200948B2206212846FFF795
:1065D000ABFE0C37BD46BDE8F0833046F9E700005E
:1065E00013B50C230446009309220B4B0621FFF739
:1065F0009BFE05F045FD94F88834C4F8840401330B
:1066000084F88834E36805491A780620013202B01C
:10661000BDE81040F6F706BBD81103082C0C0308A0
:1066200010B5002308248278082A0ED8DFE802F08B
:106630000B051217202B37474D00622902D1022388
:10664000837002E08370B52901D0002042E0837896
:106650000133F5E703238370C1700171F5E704236B
:106660008370C37819440379C9B2C1701944F4E73F
:1066700005238370C378027901700B44DBB2C370C9
:1066800013440371E1E706238370C3781944037947
:10669000C9B2C1701944002301714370D5E7C378B2
:1066A000027819440379C9B2C17019444378017161
:1066B0000133DBB29A424370C7D10723C0E7C278E7
:1066C00084708A42C1D08370ADE7027983708A42B8
:1066D000A9D1012010BD000007B5002300930422BA
:1066E0000A21FFF721FE03B05DF804FB1FB5C36864
:1066F000044619788068FCF7A9FF0123ADF80A3039
:1067000006210023ADF80800ADF80C30009102AB73
:1067100008222046FFF708FE04B010BDB0F876242A
:10672000083201F0F3BC00002DE9F74F0569D0F8FD
:10673000BC35044695F9010038B923F40023C4F8A8
:10674000BC356B7884F8D7352EE013F4002000F0C8
:106750008880D4F8FC35FBB128460DF1070110F80C
:10676000017F07F0EF0747F021078DF80770FCF76E
:106770007FF84FF0000C60466646312210214FF042
:1067800028080CF1FF3527FA0CF3052D64D8DFE853
:1067900005F00E2C6E6363A20821152012F0FAF9A1
:1067A000C4F8FC050028D7D103B0BDE8F08FD4F8B9
:1067B000FC954FF0200A09EBC00509F830A003F062
:1067C00001036E70AA70E9706B6000F1010ED4F8DD
:1067D000FC9502305FFA8EFEC0B209EBCE054FF099
:1067E000050A09F83EA06E7033E0D4F8FCE54FF0DE
:1067F00021090EEBC0050EF8309003F001036E7016
:10680000AA70E9706B60D4F8FC9500F1010E5FFA94
:106810008EFE09EBCE054FF0070A09F83EA06E7018
:10682000AA70E9706B6000F1020ED4F8FC9594F840
:10683000C1A55FFA8EFE4FEACE050330C0B24D44CB
:10684000BAF1000F10D14FF00A0B09F83EB085F8ED
:1068500001A0AA70E9706B600CF1010CBCF1070F8C
:106860008FD123695B786DE74FF0090AB9E7D4F857
:10687000FCE54FF022090EEBC0050EF8309003F056
:1068800001036E70AA70E9706B60D4F8FC9500F19A
:10689000010E5FFA8EFE09EBCE054FF00D0A09F8E6
:1068A0003EA06E70AA70E9706B6000F1020ED4F821
:1068B000FC9594F8C1A55FFA8EFE4FEACE05033031
:1068C000C0B24D44BAF1000F02D14FF00E0BBCE73D
:1068D00009F83E8087E7D4F8FCE54FF025090EEB78
:1068E000C0050EF8309003F001036E70AA70E970D5
:1068F0006B60D4F8FCA500F101095FFA89F90AEB95
:10690000C90E4FF0180B0AF839B08EF801608EF8F6
:1069100002208EF80310CEF8043094F8C195851C3F
:10692000EDB2B9F1000F12D1D4F8FCA50AEBC50EF7
:1069300003304FF01A0B0AF835B0C0B28EF8019050
:106940008EF802208EF80310CEF8043084E7284633
:1069500082E7000090F8C00500F0FD00A0F1800380
:1069600058425841704700002DE9F04F85B002AF02
:1069700006460C4692469B46FFF7ECFF20B90020E6
:106980000C37BD46BDE8F08F3046FFF799FC002379
:10699000C7E90033804600F10F03706823F0070356
:1069A000ADEB030D03689B6A98471FFA88F505F164
:1069B00010039BB298420DF10809E0D301233B700C
:1069C0007C6087F801B03C4603CC08350290039107
:1069D0004246514604A8ADB214F050FD00954B4616
:1069E0008A2206213046FFF79FFCC9E77FB505469E
:1069F0000E46FFF7AFFF98B10024CDE90244686866
:106A000003689B6A98470F280CD9082300938B22B0
:106A10006B4406212846ADF808400396FFF784FC36
:106A200004B070BD2046FBE72DE9F04F87B002AF00
:106A300081460C4690461D46FFF78CFF20B900208A
:106A40001437BD46BDE8F08F0023C7E90233D9F8FB
:106A50000400531C6A46DE00A2EBC3039D46036894
:106A60009B6A98470836B0420DF1080AE7D3012324
:106A70003B727D72BB68029303AE04EBC8084FF013
:106A8000040B444515D02346484653F8042B7B603D
:106A90001146FFF715FC46F8042B7B6805460246B5
:106AA000194630462E44043514F0E8FCAB44083453
:106AB000E7E71FFA8BF2009253468A2206214846E6
:106AC000FFF732FCBCE7000008B590F8D0154B1E6C
:106AD000012B02460DD8FFF73DFF48B1012907D130
:106AE000D2F8F43523B99368B3F87E0000F00100C2
:106AF00008BD0120FCE7000013B5836893F97C30E2
:106B00000446002B5BD0406803689B6A98470D28B9
:106B100055D9D4F8BC351A0706D594F8D6251AB13C
:106B200023F00803C4F8BC3594F896345A1C84F852
:106B30009624192B00F24F81DFE813F01A0063004E
:106B40006B002200690067006D00200028003500FE
:106B50004A004F0041009D006F00710074007600F4
:106B600082008900A700E600EB000B012B01370132
:106B7000072201212046FFF73BFC12E02022F8E724
:106B8000204602B0BDE81040FFF720BC94F8C035A5
:106B9000FF2B14D100230093302201212046FFF760
:106BA000C3FB60B9CAE0A36893F97830022B08D020
:106BB00000230093162206212046FFF7B5FB02B002
:106BC00010BDD4F8BC3523F48053C4F8BC35F6E7C7
:106BD0000023009324220621E0E72046FFF7BAFEB7
:106BE000034658B1236994F8D72593F901309A42A6
:106BF000E5D0D4F8BC3543F40023E6E700903E220C
:106C0000E9E7002300930822E5E70222B1E7032227
:106C1000AFE70622ADE71222ABE70422A9E709227B
:106C20000A21A7E70B22FBE7A36893F97A3023B97F
:106C3000D4F8BC3523F48073C7E71022022199E70A
:106C4000A36893F97A30002BF2D01522F6E794F876
:106C500098345BB9614B1B68DB6A93F89C302BB9A5
:106C6000204602B0BDE81040FFF736BDD4F8BC3571
:106C700023F40073A9E72046FFF76CFE00289ED09E
:106C800057492046FFF7B2FE8BE72046FFF762FE2A
:106C9000002894D094F8D035012B1AD1A36851481C
:106CA000B3F87E30504903F00103002B4FF0070387
:106CB00008BF014600930CBF122215224FF4003387
:106CC0002046FFF741FC20B994F89634013B84F844
:106CD000963494F8D035022B7FF471AFA368434803
:106CE000B3F87E30424903F00103002B4FF0070355
:106CF000009308BF13224FF4003314BF152201463E
:106D00002046FFF721FC4CE7D4F8BC3523F4802360
:106D10005BE794F8C03503F0FD03802B7FF44FAFA1
:106D20002046FFF701FD024600283FF448AFD4F8A3
:106D3000FC1503232046FFF777FE28B994F8963414
:106D4000013B84F896343AE705F09AF9C4F89004C8
:106D500035E794F8C03503F0FD03802B7FF42FAFA7
:106D600005F08EF9D4F89034C01AB0F5FA7FE5D367
:106D70000023C4F890342046FFF7D6FC02460028D2
:106D80003FF41DAF03230093D4F8FC154FF4002308
:106D9000B6E794F8C035822B7FF411AF032300933C
:106DA00014494FF480130822AAE794F8F835002B11
:106DB0003FF405AFA368B3F87E3013F0200F4FF017
:106DC0000303009314BF0C490C494FF4001314BF84
:106DD0000222012294E70023B3E700BFE81000205D
:106DE00001000320180F0308A80F03085010030820
:106DF000E8100308C00E0308080F0308000F03087B
:106E000037B5069D0095044601F05AF8294B2360DA
:106E10004FF47F43A4F8963441F6FF73C4F8BC35B1
:106E2000FF2384F8C0359DF81C3084F8D035E16824
:106E3000A068012384F8D33584F8D53584F8D83593
:106E400000231A460978FBF7A5FF2046FFF754FEFA
:106E500094F8D035012B1BD1A368B3F87E30DB0743
:106E600024D44FF43670F8F71BF808B1D32303701D
:106E7000C4F8F40530B9E3680F491A7803200132E9
:106E8000F5F7D0FED4F8BC3543F40033C4F8BC3574
:106E900094F8D035022B09D1D4F8BC3543F4003333
:106EA000C4F8BC35E368012283F82C20204603B0E7
:106EB00030BD00BF981103084C0C03082DE9F04FBA
:106EC0002DED028B90F87A14052997B0044640F016
:106ED000A08090F87554012D45D190F86230062BB2
:106EE00003D00A2B2FD000251BE090F86330242B11
:106EF0001DD008D8092B0FD0162BF4D1D4F8BC35EF
:106F000023F4805317E0312B18D03E2BEBD1D4F86B
:106F1000BC3523F400630EE080F87B54002580F834
:106F2000D455284617B0BDEC028BBDE8F08FD0F8E1
:106F3000BC3523F48063C4F8BC35D4E7D0F8BC3545
:106F400023F48043F7E790F86330092B06D00B2B2E
:106F5000C9D1D0F8BC3523F08003ECE7D0F8BC35BC
:106F600023F04003E7E7002DBDD190F86230062BF7
:106F7000B9D190F863308A2B34D08B2BB3D1D0F8B1
:106F8000DC65002EAFD090F9ED2590F8E005571C98
:106F90004FF001030DD184F8ED5584F8F03594F9E4
:106FA000ED3583429FDA56F833102046FFF71EFD79
:106FB00099E7D4F8E45503FA02F183402943013BF1
:106FC0009942C4F8E41501D0824207DBD4F8BC35FD
:106FD000D4F8E81523EA0103C4F8BC35013284F87B
:106FE000ED25DCE7D0F8DC35002B3FF47CAF90F9E1
:106FF000EE25C44953F832301A0C12048A427FF449
:1070000072AFC268C049127804200132F5F70AFE57
:1070100087E706290ED190F87524162A00F05B81C7
:107020007FD8012A00F08081082A00F09A81002A86
:1070300000F0928194F87A240A2A40F0898294F828
:10704000758408F0FD03092B3FF44DAFB8F1040F30
:1070500040F08B82012304F2B74684F8983404F19F
:107060008001304604F2994714F014FF04F18A05B8
:107070001E2204F16201384614F00CFF4346A34A75
:10708000F021284614F008FA04F2B158002800F064
:107090002482011D0822404614F0FCFE9C4BE2684D
:1070A0009C49CDE9016712780132009206204246E0
:1070B000F5F7B8FD98490822304614F0D7FE0028AD
:1070C00040F0188295490A22384614F0CFFEE8B9FC
:1070D00094F8C0359249802B1EBFD4F8BC3543F4D8
:1070E0008033C4F8BC35802384F8C035D4F8BC356F
:1070F00023F4006343F40023C4F8BC354046F4F79E
:107100006DF9002840F0EB8184F8C10585490A2219
:10711000384614F0ABFE10B9812384F8C03501273E
:10712000E9E13E2A41D08B2A00F03281242A81D124
:1071300000238268A0F8623092F96C305D1C08D0A0
:1071400090F8641099421EBF80F864300123A0F8C3
:10715000623092F97930B4F8625013F1640F1BD0A9
:1071600094F96E209A4217D045F0020584F86E30EB
:10717000A4F86250242204F1620300920621204602
:10718000FFF7D2F8D4F8BC3543F48063C4F8BC35BB
:10719000012384F8D435A6E6002DEBD1D4F8BC3514
:1071A00023F48063C4F8BC35BBE6D0F8108098F9AE
:1071B0000160002E3FF4ABAEFFF7CCFB0546002884
:1071C0007FF4A5AE04F1620207AF04F19A091346F9
:1071D000BE4610685168BC46ACE8030008324A4518
:1071E0006746F6D11068CCF800000022114646FA36
:1071F00002F0C00703D5012A1CBF0131C9B2013218
:10720000072AF4D14A0094F86560059200272246C7
:107210004FF0080ABE423FDD92F866C098F90100BF
:1072200040FA0CF010F001004FEAC7012AD0BCF17F
:10723000010F1DD094F863900598A9F1030B9BFBF7
:10724000F0F094F8C0B5C0B2BBF1040F82F867004B
:1072500002D8BCF1020F12D082F868902144D1F814
:107260006A0040F00100C1F86A0001370832D1E736
:107270004FF0030082F867C082F86800EEE782F8FA
:1072800068A0EBE7214482F8670082F86800D1F833
:107290006A0020F00100E6E719463C22704605939B
:1072A00014F0DCF8059B88B1F600043600963E2207
:1072B00006212046FFF738F8D4F8BC3543F40063C4
:1072C000C4F8BC35012384F8D4352AE6D4F8BC359B
:1072D00023F4006366E7836893F97850022D3FF446
:1072E0000DAE90F86230AB423FF408AE034603F8AF
:1072F000625F08250095FFF717F8D4F8BC3543F412
:10730000805343E700003110780C0308A00C0308F9
:1073100038810308A50C0308C10C0308CA0C030834
:10732000D50C0308E50C0308B0F87634082B10D10F
:1073300090F89734052B02D9FFF748F8D3E50344BA
:1073400093F8643094F8632094F86210FFF794F88F
:10735000C9E590F86430F5E790F8623080F897342A
:10736000C1E50369B0F86220B3F902309A4207D14F
:10737000436E012B04D1D0F8BC3523F00103DAE5CC
:107380002046FFF7B3F9D4F8BC3543F00103FDE61E
:10739000B0F87634DFF8E8A3043BDBB200F166070F
:1073A000042B7FF647AEB846043B58F8049BDBB28B
:1073B000D145059315D13B79002B72D04FF00003D6
:1073C0008DF81C3007AA072351462046FFF7CCFA58
:1073D000012384F8D435D4F8BC3543F48033C4F8A1
:1073E000BC3549462046FEF777FF05462046FEF7A6
:1073F00067FF002D06464BDBD4F8DC252BB202EBF1
:10740000C303059A824203F1040B0DD3012804D172
:107410005B683A795340D90706D43246414658460C
:1074200014F01CF8002841D094F8EC355A4649462F
:107430002046FFF799FAD4F8BC35D4F8E82584F84B
:10744000EE551343C4F8BC350122D4F8E43584F872
:10745000D42502FA05F123EA0103C4F8E43594F9CE
:10746000ED35002B14DB94F8E0158B4210DAD4F8DC
:10747000DC2552F8330048450AD101335BB299420A
:1074800084F8ED3504DD52F833102046FFF7AEFAEC
:10749000002E3FF428AD059B9B1BDBB208EB0607D3
:1074A0007EE7D4F8BC3523F4803398E794F8E025E0
:1074B000D4F8E405012303FA05F59340013B0543A5
:1074C0009D4204BFD4F8BC35D4F8E825C4F8E4558F
:1074D00004BF9343C4F8BC35C1E7A44BDFE5A4491E
:1074E0004046F3F77BFF00287FF410AE012384F8B9
:1074F000C1350BE600279F490822304614F0B6FC40
:1075000010BB822384F8C035D4F8BC3523F4006363
:1075100043F48013C4F8BC35012384F8F035964A4F
:107520000423F021284613F0B7FF00283FF4DBAC1A
:10753000012384F8F83591490620F5F773FBD4F858
:10754000BC3543F40013F6E4002F3FF4CCACE6E77F
:10755000022A0ED194F87534102B04D1A36893F944
:107560007A3013B1BFE4152BF8D02046FEF776FF32
:10757000B9E4012AF9D194F87524122A17D8012AFE
:107580001ED9931E102B1BD8DFE813F02900AD0085
:10759000D1001A00E200B5011A001A001A001A0000
:1075A0001A001A001A001A001A001A00BD02302A26
:1075B00000F014833C2A00F01D81202A00F09882FC
:1075C00094F8D2550135EDB284F8D255002D7FF4F0
:1075D0008AAC2B4601212046FEF722FFA1E494F855
:1075E000D63533B1D4F8BC3543F00203C4F8BC350A
:1075F00052E0D4F862109FED648A2046FFF78EF8BF
:10760000D4F86230C4F88034E368D4F866209A6114
:10761000E368D4F86A205A61E368012583F85C5076
:10762000D4F86E10D4F87230E2685B1A07EE903A24
:10763000F8EEE77A0A2367EE887A2046C2ED167ADA
:10764000D4F87220E16892FBF3F200F079FEE3686F
:1076500094F8D3255A70D4F8762094F8D13507EEF3
:10766000102AB8EE477A2B4384F8D13527EE087AF2
:10767000E36883ED117AD4F87A20E36807EE902A64
:10768000F8EE677A67EE887AC3ED127AE36883F8DA
:107690005250E36883F85350E36893F8543063B171
:1076A00004F0EEFCD4F8CC35C01AB0F5C87F40F237
:1076B000C182E368002283F8542094F8D135D907B9
:1076C0007FF511AC9A07C3F340057FF50CACD4F8F5
:1076D0007C14D4F8802491427FF405AC23F003039A
:1076E00084F8D1351DE4D4F862102046FFF716F86F
:1076F00094F8D63523B1D4F8BC3543F0040375E7CC
:1077000094F86710E26811F0010F0BD094F866301E
:10771000032B05D18A0700D5042384F8D335BBE7B2
:10772000022BFAD0012384F8D3355370B4E7002339
:1077300084F8D535D4F862102046FEF7EFFFE368F1
:10774000B4F86E20DA85E368B4F86C201A86A3E7F3
:10775000D4F862102046FEF7E1FF94F8D635E268CF
:10776000B3B1B4F86A30138196E700BF0AFF02088C
:10777000DD0C0308F00C0308F90C0308FE0C0308E9
:10778000010003200AD7233C6F12833AACC5273788
:1077900094F86D10CB0728D594F86C30032B22D1C8
:1077A0008F0700D5042384F8D33594F8D5351BB161
:1077B000E368B4F88E20DA85E36894F8912083F8C2
:1077C000322094F8D335012B7FF666AFE56804F0DC
:1077D00057FC2866E368D4F862205A60E368B4F87E
:1077E0006A201A8158E7022BDDD0012384F8D335B3
:1077F0005370DAE794F8D035022B7FF44DAFD4F80C
:1078000066102046FEF78AFFD4F86630C4F8C83503
:10781000D4F89E3040F235129A4367D113F0C80F66
:1078200064D1D4F872305FED298A1FED288A01EE09
:10783000103AD4F8763000EE903AD4F87A3000EE70
:10784000103AB8EEC11AF8EEE00AB8EEC00A21EE1E
:10785000281A60EEA80A20EE080A204600F06CFD07
:1078600090B1E368012283F85520D4F89620E368AC
:1078700006EE902AF8EE666A66EE886AC3ED136A31
:1078800004F0FEFBC4F8CC05D4F87A20E36806EED9
:10789000902AF8EEE66A66EE886AC3ED276AD4F8A5
:1078A0007620E36806EE902AF8EEE66A66EEA86AAD
:1078B000C3ED286AD4F87220E36807EE102AB8EE08
:1078C000C77A27EE287A83ED297AD4F89620E368E0
:1078D00007EE902AF8EE677A67EE887AC3ED2A7A87
:1078E000E56804F0CDFBC5F8AC00D5E6E3680022FE
:1078F00083F85520D0E60125D4F8621084F8D655D7
:107900002046FEF70BFFD4F86230C4F8C435C4F843
:107910008034E368D4F87A209A61E368D4F87E2052
:107920005A61E3681FED688A83F85C50D4F88210CE
:10793000D4F88630E2685B1A07EE903AF8EEE77A00
:107940000A2367EE887A2046C2ED167AD4F886209C
:10795000E16892FBF3F200F0F3FC94F87630052B2B
:1079600000F2C380DFE803F0C1C1039FB8C1E36840
:1079700002225A70E2681FED7B0A537884F8D335EF
:1079800094F8D13543F0010384F8D135D4F88A3026
:1079900007EE903AF8EE677A012567EE887AC2ED35
:1079A000117AD4F88E20E36807EE902AF8EE677A11
:1079B00067EE887AC3ED127AE36883F85250E36881
:1079C00083F85350E36894F8792083F83220D4F890
:1079D0009E20D4F86230C4F87C3407EE902AF8EE8A
:1079E000E77AE36867EE887AC3ED077AD4F8A230C5
:1079F000E66807EE903AF8EEE77A27EE800AF8F7A5
:107A0000A5FB86ED080AE36883F85050D4F892206D
:107A1000E36807EE902AF8EEE77A67EE887AC3ED1E
:107A20000D7AD4F89620E36807EE902AF8EEE77A0C
:107A300067EE887AC3ED0E7AD4F89A20E36807EEF1
:107A4000902AF8EEE77A67EE887AC3ED0F7AE3685A
:107A500083F85150D4F8A620E36807EE902AF8EE98
:107A6000677A27EE888A83ED108A94F8D13543F03F
:107A7000020384F8D13594F8D5353BB1E368B4F806
:107A8000AE20DA85E368B4F8AE201A8694F8763032
:107A9000012B03D9E56804F0F3FA2866E368D4F80B
:107AA00062205A60F8E5E36803225A7094F8773050
:107AB0009E0742BFE36804225A7094F877305D064F
:107AC00042BFE36805225A7094F97730002BBFF665
:107AD00051AFE36806224CE794F877205949062015
:107AE000F5F7A0F8E368032243E7E3685D7041E738
:107AF0002046D4F86210FEF711FE94F86D30980716
:107B00007FF5CAAD6AE694F8D63523B1D4F8BC3512
:107B100043F010036AE5D4F862109FED4B8A2046CB
:107B2000FEF7FCFDD4F87620D4F86230C4F87C343B
:107B300007EE902AF8EE677AE3689FED440A67EE55
:107B4000887AC3ED077AD4F87A30E56807EE903A80
:107B5000F8EEE77A27EE800AF8F7F8FA85ED080ADA
:107B6000E368012583F85050D4F86620E36807EEF7
:107B7000902AF8EEE77A204667EE887AC3ED0D7A10
:107B8000D4F86A20E36807EE902AF8EEE77A67EE09
:107B9000887AC3ED0E7AD4F86E20E36807EE902A57
:107BA000F8EEE77A67EE887AC3ED0F7AE16800F0C5
:107BB0003DFAE36883F85150D4F87E20E36807EE7D
:107BC000902AF8EE677A67EE887AC3ED107A94F817
:107BD000D13543F0020384F8D1355DE5D4F8621065
:107BE0002046FEF79BFD94F8672002F00702022A68
:107BF00084F8C02513D8AAB1D4F8BC3523F40063A7
:107C0000C4F8BC35D4F8BC3523F40073C4F8BC35D3
:107C10003022002301212046FEF702FC3CE5D31E62
:107C2000012BEFD90A4B0B491B68986903681B6845
:107C30009847E7E7D4F8C825D4F8C4359A427FF4CA
:107C400052A93AE5160D03080AD7233CACC52737DD
:107C5000E81000202A0D03082DE9F743044604F03C
:107C60000FFAD4F88C34B4F89424C31A934205461E
:107C700066D32046FEF740FFD4F8BC35C4F88C54D8
:107C8000002B32D0C823A4F89434606803685B6981
:107C90009847B0F5005F28BF4FF40050002685B22A
:107CA00037464FF00808B3B29D4257D96068036861
:107CB0000DF10701DB69984700284FD0D4F8F4058F
:107CC000002842D19DF80730002019464FEA032CC6
:107CD0004FF0060E94F87424082A48D8DFE802F022
:107CE0004C42525C6D7E9FBCC3004FF4FA63A4F813
:107CF0009434A36893F97B30002BC6D094F87B248E
:107D0000002AC2D194F88824042ABED8D4F8840466
:107D100041F288322D1A9542B7D95D4A1268D26A6B
:107D200092F89C20002AB0D1012B05D0022BACD1B7
:107D300094F8D435002BA8D02046FEF751FCA4E7D8
:107D4000D4F8BC35002BA0D1D3E79DF8071000F084
:107D500099FB0028B6D0002384F87434384603B069
:107D6000BDE8F083622B04D1022384F87434013619
:107D700099E7002284F87424B52BF8D194F8743470
:107D80000133F2E7032284F8742484F87A3484F807
:107D9000723484F87334EAE7042284F8742494F883
:107DA000722494F8731484F875341A44D2B284F8A7
:107DB00072240A4484F87324D9E7052284F87424D1
:107DC00094F87224A4F87614134494F87324DBB264
:107DD00084F87234134484F87334C8E794F8722436
:107DE00094F8739484F874E41A44D2B284F8722438
:107DF0004A4484F87324B4F87624624492B2B2F50B
:107E0000826FA4F8762404D9A4F8760484F8740464
:107E100060E7A4F87804002AA9D10723A5E794F81D
:107E2000722494F873141A44D2B284F872240A4467
:107E300084F87324B4F87824B2F5826F3CBF121929
:107E400082F86230B4F87834B4F8762401339BB207
:107E5000A4F878349A4290E794F8722484F87484F1
:107E60009A42D3D183E7002284F8742494F87324CF
:107E70009A427FF47CAFD4F8F40508B100F088FA98
:107E80002046FFF71BF8002818BF07466FE700BF22
:107E9000E810002037B5054640680191144668B1E6
:107EA00003689B6A9847A04208D9686801990368EB
:107EB000DB68224603B0BDE83040184703B030BD50
:107EC00010B504460C4820600298C4E90332C4E9A6
:107ED000010164224FF4FA7104F1200000F03EFE2B
:107EE000E268002382F85130E26882F85230E2689A
:107EF00082F85330204610BD281203082DE9F047C0
:107F000064238AB0B1FBF3F4154603FB14121A4440
:107F10000692B4FBF3F203FB1244013C05944FF4C8
:107F20007A7842F21072B5FBF8F4B1FBF2F10491E9
:107F3000B4FBF3F103FB11420192B1FBF3F203FB3B
:107F4000121106460027029101A8B2FBF3F103FBD0
:107F500011230393CDE90777099704F075F9DFF84A
:107F60004890104AD6F80CA0814400234846394670
:107F7000F2F7A2FF3946AAF808000A4AD6F80CA080
:107F800048460023F2F798FF08FB02F2CAF80420E3
:107F9000F36808FB14585C6844445C600AB0BDE8B0
:107FA000F08700BF803A090092C22AED10B590F820
:107FB000443013B9C368586810BD046D0CB9006C27
:107FC000FAE7D0E912014FF47A720023F2F774FF56
:107FD0002044F1E738B52DED028BC568DFED127A4C
:107FE00095ED088A28EE278A0446B0EE480A11F07B
:107FF000E7FBD5ED077A27EE800A85ED0D0AE568E7
:10800000B0EE480A11F0D2FCD5ED077A27EE800ACF
:10801000002285ED0E0AE368DA63E368002283F844
:108020005020BDEC028B38BD35FA8E3C10B5D1ED39
:108030000D0A91ED0E0A0C4611F01CFDDFED077ADA
:1080400020EE270AF8F782F804F1340084ED080ADC
:1080500004F082FB84ED070A10BD00BFE02E6542EC
:10806000F0B5C468164E2578846836680368F66AE9
:108070009B6A4FF0140C0CFB054E87B09EF804E38E
:10808000CDE904126F1CBEF1000F0FD00CFB0544AC
:10809000D4F800439847DDE90412CDE90104094B07
:1080A00000973046F7F70CFA07B0F0BD9847DDE9C6
:1080B0000412CDE90070044B3046F7F701FAF3E7FC
:1080C000E8100020E41103080612030800B58FB081
:1080D00001A93322FFF7C4FF034901AA0620F4F7E0
:1080E000A1FD0FB05DF804FBBE0C030838B50446D3
:1080F000406848B10368E5689B6D9847C5E91A0177
:10810000E368012283F8702038BD00002DE9F341B7
:10811000036C8B420446884675D0D0E9067601236D
:1081200080F8443057EA0603016420D0C3685B78C6
:10813000012B1CD900220023C0E9062303F0A0FF75
:10814000656DA26D60653223C5F119050544B5FB67
:10815000F3F55D43E36DAB4219D1B4F86030042B05
:1081600011D80133A4F86030A36D0BBB15E0606833
:1081700030B1036891B29B6D984707460E46DDE724
:1081800003F080FFF9E79542EED0A565ECE7002308
:10819000A4F86030E565002A38D1E368A068197852
:1081A000FBF754FAC822322100B2F8F71BF8A06599
:1081B000A36D05EB5302B2FBF3F25A43D4E9121359
:1081C0004FF47A756A43521843F10003C4E912234D
:1081D000CDE9007604F1200000F0C4FCE368C3E9B7
:1081E0001A01E368012283F87020E3685B78934208
:1081F00009D9D4E912014FF47A720023F2F75CFE38
:10820000A8EB0000206502B0BDE8F08123684FF4C0
:108210007A71DB6BB1FBF2F12046C9B29847A3E754
:1082200030B52DED028B87B00D78806800232422B5
:1082300003930493059302FB05030C4693F9141072
:10824000F0EE408AB0EE608A69B1012966D000F094
:10825000E9FC4FF4AF724FF4801100F0CFFC002323
:1082600084F8543054E0042312FB053185F00105F5
:1082700012FB053201441044F7F7E2FF8DED030ACB
:10828000CDED040A8DED051A03A8F7F7EFFF9FED7A
:10829000277AB4EEC80AF1EE10FAB4EEC70A54BF5A
:1082A000F0EE487AF0EE407AF1EE10FAD7D4B4EE60
:1082B000C78AF1EE10FAD2D49FED1D7A70EE480A0B
:1082C00067EE877AF0EEE00AF4EEE70AF1EE10FAD4
:1082D000C5DC9DED037ADDED047AB1EE477AF1EE6F
:1082E000677A01A88DED017ACDED027A04F024FAC7
:1082F000DFED107AE0EE678AB0EE680AF7F726FF46
:10830000012384ED090A84F8543003F0B9FEA06219
:1083100094F8540007B0BDEC028B30BD183393E8DD
:10832000070006AB03E90700AEE700BFCDCC4C3D2C
:10833000CDCC4C3EE02E6542C168FFF771BF000016
:108340008368B3F87E30DB0607EE902A0CD591F8EF
:108350005C304BB1D1ED166A9FED057AF8EEE77A05
:10836000E6EEC77AFDEEE77AC1ED047A704700BF0A
:108370000000C84210B50023044643608360C36018
:108380000249F9F72DFF204610BD00BF6C1203080B
:108390000023A0F8D432A0F8D232A0F8D632704729
:1083A00010B5B0F8D6320446ABB1B0F8D222934241
:1083B00012D2591CD21A0144013013F08FF8B4F8CC
:1083C000D232B4F8D6229B1AA4F8D2320023A4F8F1
:1083D000D632A4F8D43210BD0023F5E7B0F8D63277
:1083E0000BB1431C0B60B0F8D602704770B5B0F803
:1083F000D2620446721E10F8021BF2F79FFF01467C
:10840000B0B1601C0D1AAAB2B21A13F067F8B4F832
:10841000D2325B1B9BB2022BA4F8D23206D96388FE
:108420005BBAC3F30903A4F8D43270BD0023FAE7A2
:10843000A4F8D402A4F8D202A4F8D602F5E700000A
:1084400038B5B0F8D4120B1D034442189D78127948
:108450005B78033145EA0245044689B2013045EABA
:10846000032504F047F9854204D02046FFF7BEFFFC
:10847000002038BDB4F8D4320633A4F8D632012037
:10848000F7E7000038B504460D46FFF789FFB4F85A
:10849000D23233B1627823789A4202D02046FFF775
:1084A000A5FFB4F8D23223B92378AB4207D000201D
:1084B00038BDB3F5347F02D32046FFF797FFB4F8F9
:1084C000D222531C22449BB2A4F8D2325570B4F885
:1084D000D4225AB9022B09D963885BBAC3F30903C2
:1084E000A4F8D43213B92046FFF780FFB4F8D43291
:1084F000002BDCD0B4F8D22205339342D7DA2046E1
:10850000BDE83840FFF79CBF006800BA7047000024
:1085100007B5036842681BBA12BA6846CDE9002362
:10852000F7F784FE51EC100B03B05DF804FB00007C
:1085300007B5FFF7E9FF019001A8F7F773FE03B055
:108540005DF804FB00F1730208B503465018FFF70D
:10855000DBFF1860081D1044FFF7D6FF1944988010
:1085600091F87920DA8091F87A201A7291F87B20BC
:108570005A7208BD70B500F17306044656FA81F0D0
:10858000CDB2FFF7C5FFC4F80B0005F10800C4F831
:108590000F1056FA80F0FFF7BBFFC4F8130005F187
:1085A0001000C4F8171056FA80F0FFF7B1FFC4F8B6
:1085B0001B00C4F81F1070BDF8B54318044693F8AB
:1085C000733080F82330DA070D4611D5CFB200F1B1
:1085D0007306781C56FA80F0FFF7AAFF07F109002E
:1085E00084ED090A56FA80F0FFF7A2FF84ED0B0A2A
:1085F00094F823305B0708D504F17300053550FA71
:1086000085F0FFF795FF84ED0A0AF8BD10B5043137
:108610000446733050FA81F0FFF78AFF84ED0E0AAA
:1086200010BD000070B5CCB2054600F17306201DE8
:1086300056FA80F0FFF77CFF04F1080056FA80F04C
:1086400085ED120AFFF774FF103485ED130A56FA10
:1086500084F0FFF76DFF85ED150A70BD2DE9F84335
:1086600090F87130402B05460F4646D103244FF059
:10867000010895F87230A34242D905EB040999F834
:108680007360462E14D900F0CDFAA2224FF40031C7
:1086900000F0B4FA013E99F8749002340B2E16D80B
:1086A000DFE806F0111715151515151C21151526EF
:1086B000730906F01F0208FA02F157F823200A4353
:1086C00047F82320E6E721462846FFF73BFF4C44C6
:1086D000CFE721462846FFF74DFFF8E72146284619
:1086E000FFF76AFFF3E721462846FFF78FFFEEE723
:1086F00021462846FFF796FFE9E70020BDE8F8830A
:108700000120FBE710B5C46E013C0B461146052C59
:1087100004D8DFE804F0101A1E223843022B01D0DF
:10872000002010BD0123C366002380F8753180F856
:1087300076311846F5E780F87030022290F876110D
:10874000C2660B4480F87631EAE780F87130032284
:10875000F4E780F872300422F0E790F87521811870
:10876000013281F8733090F876110B4480F876313D
:1087700090F87230D2B2934298BF052380F87521E9
:1087800098BFC366CCE70622C26690F8762180F8CF
:1087900073319A42C4D1FFF761FFC2E780F87431A8
:1087A0000023C366C5E7000010B5044B04491860F8
:1087B0000446F9F715FD204610BD00BF1C2F002010
:1087C0002813030890F8233063B9012380F823307D
:1087D000054800684FF40073006C80224FF4E131CB
:1087E000F6F79ABD704700BFE8100020002850DD62
:1087F0006F2846D01BDC132845D00EDC431E082B07
:1088000011D8082B33D8DFE803F041053236323275
:10881000323239004FF416607047392839D0642855
:108820003AD026283AD04FF47A7358437047B0F5BF
:10883000FA7F36D010DCB0F5807F34D006DC7328A8
:1088400034D0E628EFD14FF461307047B0F5E67FC1
:10885000E9D14FF4E120704740F2DC53984228D030
:10886000B0F5FA6F27D040F29933984225D0B0F591
:10887000FA6FD8DD70474FF4965070474FF416509A
:1088800070470F4870474FF4964070474FF496601A
:1088900070474FF4614070470A4870474FF41640E4
:1088A0007047094870474FF47A3070474FF4E13011
:1088B000704706487047064870474FF46120D9E773
:1088C000FCB10100A086010020A1070060E31600B2
:1088D00080841E000068FFF789BF0000914215D018
:1088E000CBB2581E012801D92B2905D1511EC9B27E
:1088F00001290BD92B2A09D0053B012B08D8501F81
:10890000C0B201288CBF00200120704701207047B1
:10891000002070472DE9F843002504468946174694
:108920002E4600F1060818F9352049462046FFF783
:10893000D5FF38B1B74203D104EBC500BDE8F883D9
:108940000136F6B20135042DEDD10020F6E7000026
:1089500010B5FFF7DFFF78B1C379092B0CD8074AB0
:108960001033126852F8234024B1236881885B6B6E
:1089700020469847204610BD0024FBE7E810002061
:108980000E4B70B51D68CBB2092B0C4612D81033B4
:1089900055F8232000EBC103116810464E6B9988EF
:1089A000B04750B9A8690649036822461B68BDE86C
:1089B0007040184700231B68FFDE70BDE8100020E0
:1089C0009C1203082DE9FF41FF23804603A92130B3
:1089D0008DF80C30F9F766FF4046FFF7F3FE564B73
:1089E0001B68019308F1080401267327019A06F118
:1089F000100352F82350E6717DB3B1B24046FFF741
:108A0000BFFF94F906300133332B00F28C80DFE88E
:108A100003F0241A1A1A2C3335353D478A338A520B
:108A20008A8A245A8A8A698A8A4C8A7D8A8A8A8AA8
:108A30008A248A8A8A8A8A8A8A8A8A8A8A8A1A8A6C
:108A40008A8A8A8A8A242046FFF744FF4FF480737B
:108A5000014680222846F6F75FFC0136042E04F119
:108A60000804C3D104B0BDE8F081092303A920465E
:108A70000393F9F76DFFF0E73923F7E72046FFF797
:108A800029FF102301464FF48072E3E703A9204633
:108A90000397F9F75DFF80231A464FF4E131D9E7D8
:108AA00003A920460397F9F753FF2046FFF712FF6B
:108AB00080230146CDE7092303A9A01D8DF80C30C2
:108AC000F9F7D6FEC9E703A920460397F9F740FF57
:108AD0002046FFF7FFFE1E2301461A462846F6F7FA
:108AE0001BFC0DE02046FFF7F5FE802301461A46E9
:108AF0002846F6F711FC2B680121DB6C28469847C5
:108B00002B680021DB6B28469847A6E703A920467F
:108B10000397F9F713FF2046FFF7DCFE1023014609
:108B20004FF40072DAE72046FFF7D4FE01462846EC
:108B3000F6F7FCFB91E700BFE810002010B5032911
:108B40009EBF00EBC104A27140F8313010BD00009F
:108B5000014B1868704700BF1C2F00200180428025
:108B6000704700002DE9F043DDE9074C017EA71AAC
:108B70006CEB030629B1D0E90251AF4276EB01015B
:108B800003DAC0E9027601210176D0E90251B0F89A
:108B900000E04FF47A78551908FB0EFE43EB010113
:108BA0001EEB050941F10008A14578EB0C0809DA34
:108BB000B4EB0E046CF10001A21A61EB0303C0E9EF
:108BC00002232546438B0BB9C0E90476D0E9044261
:108BD000A74276EB0202B8BFC0E9047642880133AF
:108BE0009BB29A42438301BFD0E90423C0E9022328
:108BF000002343832846BDE8F083000010B50368D6
:108C0000028119434368016001334360044B1B68D0
:108C1000DC6AA162D96A40688885DB6ADA8510BDA2
:108C2000E810002000487047202F002013B50446AC
:108C3000143000F0B7F94FF0FF330C49636620465B
:108C4000F9F7CEFA01230DF1070104F11C008DF8AC
:108C50000730F9F703FE064B1A6812B1054803F016
:108C6000E1F920461C6002B010BD00BF5814030893
:108C70002C2F0020F8130308F0B59BB005A9F8F7D6
:108C8000FDFB00282FD0194D194F0FCD0EAC0FC48E
:108C90000FCD0FC495E80F0084E80F0000210D22CE
:108CA0000AA8099112F034FC124B09AE1B68089611
:108CB00003250EAC0393237A8DF81C3023680398A8
:108CC0000693E368009311223B463146C06AF6F7EB
:108CD000F7FB0021B7EE000A05A8F8F759FF013DA0
:108CE00004F11004E7D11BB0F0BD00BF24F7020867
:108CF0004C140308E810002038B5836E0446002B9E
:108D000042D14FF07E53036590F91C30013B122B8A
:108D100022D8DFE803F00A21163A424A5621636C52
:108D2000757E21218721A093AA004820F6F7B8F884
:108D3000054680B10022214605F03AFC514B2B60DC
:108D400009E06820F6F7ACF8054620B1FF230022C1
:108D5000214606F0AFF8A566A06E78B103689B685F
:108D6000984758B9032048490122F3F75BFFA06EEA
:108D700010B103685B6898470023A366A36E002BBD
:108D80007DD0012384F8633038BD6820F6F788F879
:108D900005460028DFD00023D9E76820F6F780F8E1
:108DA00005460028D7D00123D1E74420F6F778F80C
:108DB00005460028CFD00022214605F0F9FB334BB1
:108DC000BDE74820F6F76CF805460028C3D0B1EEA1
:108DD000040A0022214605F093FCBCE74820F6F780
:108DE0005FF805460028B6D0B2EE040AF1E7482045
:108DF000F6F756F805460028ADD0B3EE040AE8E7CA
:108E00004820F6F74DF805460028A4D0B3EE0E0A28
:108E1000DFE74820F6F744F8054600289BD09FED91
:108E20001C0AD6E74420F6F73BF80546002892D006
:108E30000022214605F0BCFB164B80E75820F6F7D0
:108E40002FF80546002886D0B1EE040A00222146FC
:108E500005F0A8F97FE75820F6F722F80546002824
:108E60003FF479AFB2EE040AF0E75820F6F718F8AD
:108E7000054600283FF46FAFB3EE0E0AE6E76361E4
:108E800082E700BFD46C030832140308946D030812
:108E900000007042946B030810B50446FFF7ECFE27
:108EA00094F91C3023B12046BDE81040FFF724BFE1
:108EB00010BD000041B990F91C302BB1806E18B183
:108EC000036811461B6918470020704713B5044614
:108ED000B9B990F91C30A3B1836E93B103F0D0F807
:108EE0006063A06E03685B699847A36E58B11A6807
:108EF0001846926904F124019047636A84F83800A7
:108F0000236202B010BD002201921A681846D2688E
:108F100001A99047019B84F838002363F1E7000022
:108F200029B990F91C00003818BF012070470020B3
:108F300070470000024651B990F91C0040B192F808
:108F4000380028B1906E003818BF0120704700200B
:108F50007047000010B504460021FFF7B7FF6378A3
:108F600020461946FFF7E6FF014630B184F862302B
:108F70002046BDE8104005F0ADBC2046FFF7DAFF03
:108F80000028F5D084F86210F2E7000029B990F9C2
:108F90001C3013B190ED0C0A70479FED010A704729
:108FA0000000000010B503490446F9F719F92046FE
:108FB00010BD00BF7814030808B50449F2F70EFA93
:108FC0000028034818BF002008BD00BFB8140308DC
:108FD000885A030810B50C46FFF7EEFF10B18368FE
:108FE0002360006910BD00007047000010B40A4AF9
:108FF000417B126801238B4013420AD1074B1B6847
:109000005B6A1A6854694289184623465DF8044B26
:1090100018475DF8044B70473C2F0020E8100020F3
:1090200038B5054D0024286820441434FFF7DEFFCE
:10903000782CF8D138BD00BF6C2F002005289FBFC9
:10904000054B1B6800EB800003EB800094BFB0F978
:1090500008000020704700BF6C2F0020037B9B0797
:1090600029D4B0F908305C2B32DC452B0BDC1A2BF1
:1090700022DC172B37DC0B2B49D018DC032B13DC3D
:10908000012B44DC7047463B162B14D8DFE803F075
:109090003F13133F3F2B2B2B2B2B2B42131313135D
:1090A0002B2B131313134200042B1CD07047103BBF
:1090B0009BB2052B17D97047292B2BD004DC1F3B03
:1090C0009BB2012B26D970472D3B9BB2022BF1E7B7
:1090D0007F2B08D011DC7D2B0CDC7B2B03DC6D2B74
:1090E00005DC5D2BE7D041F2941106F047BC6E2BF6
:1090F0000DD070477E2B0DD070479C2B07D003DC22
:109100008C3B9BB20F2BD5E7B42B03D07047642167
:1091100006F03CBC4FF47A71FAE7000083B2B42B3E
:109120000BD8064B03EBC00282ED010A044A53F848
:109130003010136823EA010313607047702F00207A
:109140006C450020F8B5084F054600240EB23B6878
:109150001819B0F90830AB4202D1314606F00EFCC6
:109160001434782CF3D1F8BD6C2F0020F8B5084EDC
:1091700005460F46002433681819B0F90830AB4291
:1091800002D1394606F002FC1434782CF3D1F8BD34
:109190006C2F0020B42908B508D9FFF743FDBDE8BE
:1091A0000840A2224FF40031FFF728BD4A090123ED
:1091B00001F01F0103FA01F150F822300B4340F88F
:1091C000223008BD2DE9F74FDFF88880D8F800304D
:1091D0003BB318221B481C4E002112F099F90023C2
:1091E0001A4646F833200133B52BFAD1174FDFF872
:1091F00054903A6000244FF0140A4FF0010BD8F855
:1092000000000AFB04000BFA04F30589B42D0BD906
:109210003A6813433B600134062CF0D10C4B012219
:109220001A7003B0BDE8F08F0193FFF717FF2946CE
:109230004846FFF7AFFF56F83520019B134346F829
:109240003530E8E7402F0020702F0020382F002015
:10925000342F00206C2F00202DE9F047234B244FA2
:109260001E68244B706A1A680368B2F87E10D3F83F
:109270008C30DFF884909847FFF7A4FF00254FF06B
:1092800001083C68706A2C44D0F800C02389617BD7
:10929000B42B1DD8D9F8003008FA01F21A4217D1C0
:1092A000DCF80C309847B4F90830862B13D12188AC
:1092B0000022204606F042FB2046FFF797FE1435B9
:1092C000782DDED1706A0368BDE8F0475B6A184705
:1092D000DCF81030E6E7872B02D1A1880022E8E70E
:1092E000882BECD161880022E3E700BFE810002062
:1092F0006C2F0020302F00203C2F002038B50E4B63
:109300001B7804460D460BB9FFF75CFFA3B2B42BE4
:109310000FD80A4B53F83420002A92FAA2F3B3FA7A
:1093200083F308BF4FF0FF33581C01D02B7001208E
:1093300038BD0020FCE700BF342F0020702F002034
:1093400007B508460DF10701FFF7D8FF78B1094BC3
:1093500009491B6809685A6A9DF8073003EB8303C3
:1093600001EB830031F8233040881081D38003B0B3
:109370005DF804FBE81000206C2F002010B50F4BA7
:109380001B7804460BB9FFF71DFFA3B2B42B08D915
:10939000FFF748FCA2224FF40031FFF72FFC00201A
:1093A00010BD074A5B09012052F8233004F01F0466
:1093B00000FA04F41C4208BF0020F1E7342F00201B
:1093C000402F0020F8B505460E46FFF7D7FF90B1B5
:1093D000094F00243B681819B0F90830AB4207D197
:1093E0000022314606F0AAFA38682044FFF7FEFD55
:1093F0001434782CEED1F8BD6C2F002070B52DED13
:10940000028B0546B0EE408AFFF7B8FF70B1094EF7
:10941000002433681819B0F90830AB4203D1B0EE1C
:10942000480A06F099FA1434782CF2D1BDEC028B7C
:1094300070BD00BF6C2F00200528F7B50C461AD868
:109440000E4DADF806102B6800EB8000870003EB93
:1094500080000DF1060130F9086FF9F737FA2B6833
:109460003B44B3F908309E4205D09C4203D10448E6
:10947000A1B2FFF78FFE03B0F0BD00BF6C2F00203C
:10948000402F0020F8B5061D0446354600F17C0744
:109490002846143506F0BAF9BD42F9D104F18C0022
:1094A00001F0E2FA094D0A4B0A491C6020462E6081
:1094B000F8F796FE2A6800230D32142000FB03F112
:1094C00053540133062BF9D12046F8BD6C2F0020F0
:1094D000302F0020D85A0308704700002DE9F041D2
:1094E0002DED028B2A4B9FED2B8A1C682A4E82B0F1
:1094F00004B3D4ED027AF4EEC87AF1EE10FA11DB7F
:10950000B4F90050D4ED010A06EBC50537EEA01AF8
:1095100095ED010A70EEE70A40F29710F6F72CFE7F
:1095200085ED010AB4F9003006EBC3035B686360A4
:10953000E468DDE7194B1A4D19681A4EDFF85880B8
:109540004FF4CE728C3101A8F5F73EFE012730684A
:1095500035F8023B2044B3B9C3740289B0F908302E
:10956000B42A05D808EBC30393ED010A06F032FADA
:109570001434782CEBD101A8F5F748FE02B0BDEC0D
:10958000028BBDE8F081013BC77425F8023CE4E79B
:10959000682F002000000034702F0020302F0020A2
:1095A0005A2F00206C2F0020024B1B68586A03685A
:1095B0001B6B1847E8100020024B1B68586A0368B1
:1095C0005B6B1847E810002010B50446FFF736FD26
:1095D00001300CD0074B186840B1012202FA04F3A5
:1095E000D0F88420134214BF0120002010BD0120B8
:1095F000FCE700BF302F0020014B1868704700BF08
:10960000302F002002481822002111F081BF00BF36
:10961000402F002010B4064B064A1B680649986983
:1096200003681C68537E127EA4465DF8044B6047B5
:10963000E8100020D0A10008985B030870B504462C
:10964000054600F124062846063506F0E5F9AE4247
:10965000F9D120460349F8F7C3FD034B1C602046AF
:1096600070BD00BFB05B0308183500207FB50D4A00
:109670000346106892880290ADF80C2002AE9D1C43
:1096800003F1260416F9013B5A1C06D00DF1060120
:109690002846ADF80630F9F719F90635A542F1D19B
:1096A00004B070BDA85B030813B5002912DB0A4B98
:1096B0001C68E0690368C9B25B68019101229847A0
:1096C000E06901990368DB689847003818BF0120FA
:1096D00002B010BD0020FBE7E810002037B50029DC
:1096E000144611DB094B1D68E8690368C9B2019192
:1096F0005B6801229847E869019903681B69224663
:1097000003B0BDE83040184703B030BDE81000207A
:1097100073B501EB410100EB41040646B4F90210B8
:109720004B1C154612D00191FFF7BEFF94F905308E
:109730000199002BC8BF85F00105854206D02A4655
:10974000304602B0BDE87040FFF7C8BF02B070BD40
:109750004B1E182B2DE9F04105460E4690460ED8BB
:109760000024062707FB04F3E1B2EB5CB34203D10C
:1097700042462846FFF7CCFF0134062CF2D1BDE863
:10978000F081000070B50546FFF770FF2C460026FB
:10979000B4F902300133F1B215D02278531E182BE0
:1097A00011D8A2F10A030F2B03D9531E5A425A4172
:1097B00032B1237994F90420012B04D802F001027C
:1097C0002846FFF7A5FF0136062E04F10604DFD177
:1097D00070BD0000002070470E20704700F58050DB
:1097E00090F8F000C0F340007047000000F588508A
:1097F0007047000000F5805090F9F80070470000B5
:1098000000F58050C0F8F410012070472DE9F347AF
:109810000C68BDF8288014F0005407460D469646A3
:109820009C4640F08F800E7B082E00F28B8000F566
:109830008059D9F800610136C9F80061302686F3F5
:109840001188C66BD6F808A01AF0806F17D1B468DB
:10985000240113D4B46814F080546FD1D9F808519E
:109860000135C9F80851D9F80C51002D68D1CDF84F
:109870000080F5F7ADFB84F311885CE001242B68D0
:1098800004F11802002B4FEA0212BABFDB0043F0CA
:1098900004035B05B3502B6813F0804F23B218BF4D
:1098A00006EB031106EB03131EBFD1F8802142F033
:1098B0000202C1F880212A7BC3F8842106EB04163A
:1098C000AA68C6F88C216A68C6F88821D3F8802176
:1098D00042F00102C3F8802141F2900107EB4412EB
:1098E0000A4401EB44113944C2E900EC63012A4601
:1098F000083105F10C0052F8044B41F8044B824248
:10990000F9D13B4412880A8003F5805308F0030222
:1099100093F8AC1021F00B010A4383F8AC2000232C
:1099200083F31188CDF80080724663462946384695
:10993000F5F74EFB012002B0BDE8F08702249EE758
:10994000204698E74FF0FF30F5E700002DE9F04F93
:1099500090F83830032B40F098800E2A00F2958062
:10996000002900F09480302383F31188C46BD4F86D
:10997000003243F00103C4F80032C46BD4F8003263
:1099800023F47C53C4F80032C46BD4F8003243F49F
:109990006063C4F80032C36B3E4CC3F81442C46B1E
:1099A0000023C4F80432C46B6FF07845C4F80C523D
:1099B00000F5805494F8F8509D4218BF0E25DAB98E
:1099C000C36B05F1480143F83120C36B03EBC103BE
:1099D0005A60C26B012303FA05F5C2F81C52C26B30
:1099E000D2F8003223F00103C2F80032002383F3DF
:1099F00011880120BDE8F08F4FF0010801F1040942
:109A0000EF189A42D0F83CA008FA07FE36DD51F86C
:109A100033B059F833C0BBF1000F02DBBCF1000FCB
:109A200027DB4FEACB044FEACC0644F004041BF0DA
:109A3000804F07F1480718BF44F002044AF8374046
:109A4000C46BBCF1000FB8BF46F0040604EBC704BA
:109A50001CF0804F18BF46F002066660C66BD6F851
:109A60001C424EEA0404C6F81C4201330E2BC7D137
:109A7000B5E74FEA4B544FEA4C56D8E7DAF81C42A8
:109A800024EA0E04CAF81C42EFE70020B2E70846B9
:109A9000B0E700BFAAAAAA0A13B500F58054019145
:109AA000D4F88400F5F706FE1F280BD90199D4F8E5
:109AB00084002022F5F774FEA0F12003584258419B
:109AC00002B010BD0020FBE708B5302383F31188F6
:109AD00000F58050D0F88400F5F7C0FD002383F333
:109AE000118808BD00220260828142608260704756
:109AF00010B500220023C0E900230023044603819F
:109B00000C30FFF7EFFF204610BD00002DE9F043B9
:109B100000F580570D4697F8F03013F0040FC3F3AB
:109B2000800108BF114661F3820387F8F03000EB33
:109B3000451303F58553083389B01B79D907DDE94F
:109B4000108904464FEA45163BD5002A3BD018073A
:109B500039D404EB45156846FFF7CAFF05F5845371
:109B6000183303AA05F58555186859689446ACE87A
:109B700003000833AB426246F6D11868CCF8000007
:109B80009B88ACF804300123ADF808302368CDE998
:109B900000899B6C694620469847A31903F58553B5
:109BA00008331A7911070ED442F008021A71D7F857
:109BB0000C3104F589540133C7F80C31C4E902892A
:109BC00001E0002AE9D109B0BDE8F0832DE9F047B2
:109BD0009A4688B0074688469146302383F3118819
:109BE00007F580546846FFF783FFD4F88400F5F743
:109BF00047FD1F282BD9D4F8840020226946F5F7A9
:109C000051FE202823D103AD444605AB2E4603CE9A
:109C10009E4220606160354604F10804F6D1306848
:109C20002060B388A380DDE90023C9E90023BDF8E3
:109C30000830AAF80030002383F3118853464A46BF
:109C40004146384608B0BDE8F047F5F769B900204D
:109C500080F3118808B0BDE8F08700002DE9F84FC7
:109C60002B4B044640F8043B0F4600F0FDFE182243
:109C7000002104F11C0011F04BFC2046254B40F85C
:109C8000403BFFF72FFF04F15000FFF731FF04F1D5
:109C9000700804F583554646103530462036FFF7E8
:109CA00027FFAE42F9D104F580554FF480534FF0B1
:109CB0000009C5E91D39C5F870800123C5F8846025
:109CC00004F5885804F58556C5F87C9085F88030F1
:109CD00085F88830103608F110084FF0000A4FF070
:109CE000000B46E908ABA6F11800FFF7FBFE203693
:109CF00046F8289C4645F4D185F8F87017B1064817
:109D000002F090F9054BE3632046BDE8F88F00BFF1
:109D100074FC0208485C0308205C030800640040EF
:109D200010B5044B197804464A1C1A70FFF796FFC9
:109D3000204610BD203500202DE9F047002950D0E5
:109D4000294B2A4FB7FBF1F599428CBF0A23112307
:109D5000581EB5FBF3FC03FB1C53C4B22BB1022805
:109D60000346F5D80020BDE8F0870CF1FF36B6F5C4
:109D7000806FF7D2C4EBC40E0EF103034FEAE30980
:109D8000C3F3C703A4EB030809F1010A4FF47A7582
:109D90005FFA88F009FB05555AFA88F8B5FBF8F523
:109DA000B5F5617FC1BF0EF1FF33C3F3C703E01AFE
:109DB000C0B25C1C50FA84F40CFB04F4B7FBF4F45E
:109DC000A142CFD1013BDBB20F2BCBD80138C0B2BF
:109DD0000728C7D80021107116809170D370012018
:109DE000C1E70846BFE700BF3F420F0000B4C4040C
:109DF00070B505460E464FF47A74EB6B5B6803F062
:109E00000103B34207D04FF47A700EF057FB013CC8
:109E1000F3D1204670BD0120FCE70000F0B5C26B15
:109E2000936913F0700F1ED000230F4E936141F21F
:109E3000A80500F5805400EB43122A4411794F071E
:109E40000ED589070CD5C16B56F823708F60117938
:109E500041F004011171D4F814210132C4F8142125
:109E60000133032BE7D1F0BD345C030873B51D4605
:109E7000C36B16469A68D207044609D59A68012131
:109E80009960C2F34002CDE900650021FFF73EFE74
:109E9000E36B9A68D1050BD59A684FF4807199608D
:109EA000C2F34022CDE9006501212046FFF72EFED6
:109EB000E36B9A68D2030BD59A684FF480319960AE
:109EC000C2F34042CDE9006502212046FFF71EFEA5
:109ED00004F58053D3F8F40038B1D3F830210132BF
:109EE000C3F8302103681B699847204602B0BDE8DB
:109EF0007040FFF793BF0000F8B50446C66B002919
:109F000040F08D8006F10C073868850700F09080DE
:109F10003868C00641BF04F58055D5F820010130EE
:109F2000C5F8200106EB011506EB0111D5F8B001CB
:109F300010F0040FD5F8B0011ABFC00840F000407F
:109F4000400D2064D5F8B0C11CF0020F1CBF40F0DA
:109F500080402064D5F8B40100F00F0084F84C0074
:109F6000D1F8B80184F84400D1F8B801000A84F8A7
:109F70004500D1F8B801000C84F84600D1F8B801CA
:109F8000000E84F84700D1F8BC0184F84800D1F8ED
:109F9000BC01000A84F84900D1F8BC01000C84F827
:109FA0004A00D1F8BC11090E84F84B1038213960F1
:109FB00004F15C0004F1400104F14C0551F8046B1C
:109FC00040F8046BA942F9D109880180C4E914233F
:109FD00021460023A4F8583051F8503B20469B6C92
:109FE000984704F58053E8B1D3F818210132C3F83B
:109FF000182193F8F020D3F8F40042F0040283F81B
:10A00000F02038B1D3F830210132C3F83021036891
:10A010001B6998472046BDE8F840FFF7FFBE06F1F0
:10A02000100771E7D3F81C210132C3F81C21E0E7C7
:10A03000F8BD000010B5044602F024F802460B46B5
:10A0400052EA030102D0013A63F1000304490868AF
:10A0500020B12146BDE81040FFF74EBF10BD00BF44
:10A060001C3500202DE9F041302181F31188DFF803
:10A070005C8000F584511031002441F2A80E00F5F7
:10A08000805C00EB441575442E79770713D4F606EF
:10A0900011D5D1E9007697429E410CD2C66B58F893
:10A0A0002470B7602E7946F004062E71DCF810514A
:10A0B0000135CCF810510134032C01F12001E0D11D
:10A0C000002383F31188BDE8F08100BF345C0308EE
:10A0D00008B5302383F31188FFF7A0FE002383F334
:10A0E000118808BD2DE9F041C36B0546986800F062
:10A0F000E050B0F1E05F0F4623D000B3302383F38C
:10A10000118805F584541834002641F2A80805EB9F
:10A11000461343441B791A0706D50136032E04F172
:10A120002004F4D1012007E05B07F6D4214638462D
:10A13000F4F7AAFF0028F0D1002383F31188BDE8CB
:10A14000F0810120FBE7000008B5302383F311887C
:10A1500000F58050D0F88400F5F792FA002383F3DD
:10A16000118843090CBF0120002008BDF8B51D4629
:10A17000002313700F4606461446FFF7E5FF80F0F4
:10A180000100387025B129463046FFF7ABFF20703B
:10A19000F8BD00002DE9B8410C4615461F46804623
:10A1A00001F070FF0B462178024609B9287850B1BA
:10A1B0004046FFF757FFFFF78BFF3B462A462146F5
:10A1C000FFF7D4FF0120BDE8B881000070B530264C
:10A1D00086F31188174B9A6D42F000729A659A6B5C
:10A1E00042F000729A639A6B22F000729A63002325
:10A1F00083F3118800F5805494F8F03013F00105D2
:10A2000016D1A9B186F31188032113200DF036F978
:10A21000032114200DF032F9032115200DF02EF941
:10A2200094F8F03043F0010384F8F03085F311889E
:10A2300070BD00BF001002402DE9F04700F58055C9
:10A2400088B095F8F830012B04468846164600F28F
:10A250008A80864F57F8232042B947F8230001F03F
:10A260007BFB95F8F83000EB8300C463D7F800A0BF
:10A27000C4F8348084F83860BAF1000F65D095F8DE
:10A28000F830012B71D001212046FFF79FFF3023CA
:10A2900083F31188E26B136823F002031360E26B0F
:10A2A000136843F001031360E36B00275F6187F3DA
:10A2B000118801212046FFF79BFD002800F09680C1
:10A2C000D5F88400F5F7CAF904F58459BA4609F1BE
:10A2D000100920220021684611F01AF902A8FFF7A0
:10A2E00001FCCDF818A06A4609EB07030DF1180E22
:10A2F0009446BCE80300F44518605960624603F1D7
:10A300000803F5D1DCF80000186020379CF8042021
:10A310001A71602FDDD195F8F0306FF382030027BA
:10A3200085F8F0306A4641462046ADF80070ADF839
:10A3300002708DF80470FFF7FFFCE36B48BB4FF42D
:10A3400000421A6008B0BDE8F08741F23810F4F717
:10A35000A7FD814610B15146FFF780FCC7F8009079
:10A36000B9F1000F8BD10020ECE7386803689B6BD4
:10A3700098470146002886D13868FFF727FF3868DC
:10A38000036832465B684146984700287FF47BAFFC
:10A39000E9E761221A609DF802309DF803201B0650
:10A3A000120402F4702203F040731343BDF800203E
:10A3B000C2F3090213439DF804201205022E02F491
:10A3C000E0020CBF4FF0004100211343E26B0B434E
:10A3D000D361E36B13225A61E26B136823F001032C
:10A3E000136039462046FFF703FD08B9E36BA6E783
:10A3F00095F8F83093BBE16BD1F8002242F00102EE
:10A40000C1F80022E16BD1F8002222F47C5222F044
:10A410000E02C1F80022E16BD1F8002242F4606222
:10A42000C1F80022E26BC2F81432E26BC2F80432C7
:10A43000E26B41F6FF71C2F80C12E26BC2F84032D7
:10A44000E26BC2F84432E36B0122C3F81C22E26BD8
:10A45000D2F8003223F00103C2F8003295F8F03050
:10A4600043F0020385F8F0306CE700BF1C35002094
:10A4700008B501F007FE50EA0103024602D0421E71
:10A4800061F10001044B186810B10B46FFF7EEFCB8
:10A49000BDE808400BF0EEBA1C35002008B50020DE
:10A4A000FFF7C8FDBDE808400BF0E4BA08B501208D
:10A4B000FFF7C0FDBDE808400BF0DCBA70470000B4
:10A4C00013B50468009224690B46A04702B010BD82
:10A4D00070470000002070470020704713B56C469D
:10A4E00084E8060000F1140394E8030083E8050003
:10A4F00002B010BD0020704713B56C4684E806001A
:10A5000000F10C0394E8030083E8050002B010BDDD
:10A510000023C0E90333704782B002AB03E90600B1
:10A5200002B070477047000000207047704700007D
:10A5300080F82D107047000080F82C107047000044
:10A5400001207047806A04307047000080F83410A2
:10A5500070470000002070470120704708B503686D
:10A560005B68984700F0010008BD000008B503686B
:10A570005B68984720F0010008BD000070470000AC
:10A5800070470000704700001FB502AC84E80C0063
:10A59000009094E80C00806A05F0FEFC04B010BD49
:10A5A000806A05F051BD000010B50446006B0EF046
:10A5B000F5FA606A034B236008B1F4F77DFC20468E
:10A5C00010BD00BFE45C030810B50446FFF7ECFFC4
:10A5D0002046F4F76DFC204610BD000070B504461F
:10A5E00088B050300DF062FC104B0494CDE9053476
:10A5F00014200F4B0793F4F753FC054690B108AABB
:10A6000012E9030094F848300A4E06EB031601AB3A
:10A6100083E80300059B00937279049BB179284677
:10A6200000F046FAE56108B070BD00BF7DA50108E5
:10A6300081A50108345D0308F8B5044600BB022279
:10A640001146104800F022FE0222064603210E4861
:10A6500000F01CFE012706F00F010546224607FA0E
:10A6600001F126F00F000BF0B5FF05F00F012246B7
:10A6700007FA01F125F00F00BDE8F8400BF0AABF82
:10A68000F8BD00BF0E0400480D040048B0FA80F089
:10A690004009704738B50A4D0A4B03600446002351
:10A6A000284685F84830FFF799FF074BEB6403F124
:10A6B000845303F5712303F24C63EB63204638BDEA
:10A6C000243500204C5D0308A086010070B51E46AD
:10A6D000204B03600D46204B80F82D200021C0E95F
:10A6E0000311C0E905110171642105FB0133836287
:10A6F000022380F82C309DF8103080F83530059B0F
:10A700008363EB00044643F0010303724272134675
:10A7100012492A46303000F099FBA26AD36CB3424A
:10A7200015D90F4B9E429EBF0E49D163A26A0E49B6
:10A7300098BFD3640D4B1B689869A36ADA6C0368F1
:10A740001E684FF47A73B2FBF3F32A46B0472046F3
:10A7500070BD00BF645D030824350020945C0308CD
:10A76000A08601003E2E8130A05C0308E810002086
:10A7700030B585B0CDE902320D4689B93C20F4F7F9
:10A780008FFB044648B1099901919DF82010009172
:10A79000DDE902322946FFF799FF204605B030BDBA
:10A7A0000024FAE72DE9F04F89B05C4D0693836AE7
:10A7B000DDF8488093F8483007911B01044616469F
:10A7C000E8581FFA88F90CF009FFA06ACDF800904C
:10A7D00006ABB2B207A905F04DFC074650B9A36A13
:10A7E00093F848301B01E8580CF0FCFE384609B0DD
:10A7F000BDE8F08FDFF82CB14FF0000AA16A484A9B
:10A80000CB6CB2FBF3F306EB0802A06B53434FF49F
:10A810007A72B3FBF2F35B000133834238BF034625
:10A82000C869059300F0AAFAA16A91F848000001EE
:10A830003C3128580CF082FE302181F31188DBF87E
:10A840000010C86A416B01314163002181F3118816
:10A85000059B94F82D104FF47A72A3FB0232A26A82
:10A8600092F848009BB20001002E33D10093069A63
:10A87000285843460CF09AFEA26A059092F84820A8
:10A880001201A8580CF068FEA26A0121D06900F0FC
:10A8900061F9A26A059B92F848201201A8588268C3
:10A8A00012F0800F20D0FEF7BDF940F293124FF462
:10A8B0000021FEF7A3F9DDE90621A06A4B4605F069
:10A8C000FFFBA36A93F848301B010027E8580CF0FF
:10A8D00089FE8BE7CDE90183069B0093079A2858F0
:10A8E00033460CF047FEC7E7DBF80020806BD16AE7
:10A8F0008A6B02448A6333B9DDE90621A06A4B46BC
:10A9000005F0DEFB6BE794F82C200AF1010A5FFAF0
:10A910008AF39A42BFF472AFCDE700BF345D0308FB
:10A9200000127A00E8100020F0B50446806A85B075
:10A930000430CDE902210A9F1E4600F0A1F8DDE9AE
:10A940000221054660B91C4BA2681B681B49986927
:10A9500003681E6894F82D30B047284605B0F0BD56
:10A96000A36A94F83550186CA5B140F480101864AF
:10A9700094F83450E5B181B9002EEED0002FECD020
:10A9800000220A9733461146204605B0BDE8F04044
:10A99000FFF708BF20F48010E9E7002AECD000237D
:10A9A00000932046FFF7FEFE0028E5D10546D4E7D8
:10A9B0000A973346E8E700BFE8100020B45C0308BC
:10A9C00008B5B021044805F0D1FABDE80840034AB3
:10A9D000034900200EF0EEBE243500205045002033
:10A9E00085A50108036800211B68184708B50430D5
:10A9F0000DF0CAFA012008BD04300DF0BBBA00000A
:10AA00002DE9F84306460D4621B904300DF090FAC1
:10AA1000012424E003685B6898470028F8D101F01E
:10AA200031FB104B8846D3F800904FF47A710746FB
:10AA30004D43D9F828000368C8219B6898473368BC
:10AA400030465B68984704460028E1D101F01AFBC4
:10AA5000C01B61EB0801A84271F10003E9D3204655
:10AA6000BDE8F883E810002010B5044B044640F818
:10AA7000043B0DF01BFA204610BD00BFC45D030867
:10AA8000034BC068DB68C31A58425841704700BF87
:10AA90001072002038B5054D0024284601340DF011
:10AAA00005FA102C05F12005F7D138BD8C350020B2
:10AAB00082B010B5914203934FF00003C0E9003318
:10AAC000C0E9023304460174427484BF02744174C5
:10AAD000DDE9030184E80300DDE9050104F1080371
:10AAE00083E803002046BDE8104002B07047000034
:10AAF000002070470F2838B50AD8074B03EB4015E4
:10AB00002846AC680DF014FA14B1AB689C4201D130
:10AB1000002038BD0120FCE78C3500200F2938B516
:10AB20000446154610D8094800EB41100DF02CFAE8
:10AB300055B1074B1B683BB1227C02EB420203EB91
:10AB400082039A6801329A6038BD00BF8C350020BC
:10AB50008835002013B5002304460A46837401910A
:10AB6000417CFFF7DBFF019A217C204602B0BDE863
:10AB70001040FFF7D3BF00002DE9F04F354E2DED0B
:10AB8000028B33688BB007461BB9CC20F4F78EF9E3
:10AB9000306031499FED318ADFF8C480384601F0DA
:10ABA000B1FA00254FF00C09326809FB05F4EBB24D
:10ABB000115902EB040C31B9DCF8041019B9DCF8B6
:10ABC000081000293DD0111991ED007A52F804E0E7
:10ABD000DCF80400DCF8081007910EEB00010131ED
:10ABE00007EE901AB8EE477AF8EE677A27EE087A01
:10ABF000DCF804A052F804B0C7EE277A0722B3FBB2
:10AC0000F2F2C2EBC20CA3EB0C0301330132DBB254
:10AC1000D2B20993089217EE900AEFF74FFC079B08
:10AC20000093CDE90401DDE90823CDE901AB4146FC
:10AC3000384601F067FA336800221A51336823441A
:10AC40005A600135102DAFD10BB0BDEC028BBDE8C1
:10AC5000F08F00BF88350020DC5D03080000C8428B
:10AC6000E35D0308D0E900031847000038B5044647
:10AC7000007C0F280FD83F4D05EB4013D96951B127
:10AC8000A14208D018461430FFF7ECFF237C05EBF7
:10AC900043150023EB61607C0F280FD8354D05EB81
:10ACA0004013D96951B1A14208D018461430FFF7BA
:10ACB000D9FF637C05EB43150023EB61227C0F2A4F
:10ACC00004D82C4B03EB4213DB693BB1627C0F2AA7
:10ACD00026D8284B03EB4213DB690BBB21462046E9
:10ACE000FFF7C0FF237C0F2B0BD8224AD4E90201C7
:10ACF00002EB4313143383E80300237C02EB43127B
:10AD0000D461637C0F2B0BD81A4AD4E9020102EB01
:10AD10004313143383E80300637C02EB4312D461D2
:10AD200015480268D2B1237C0F2B09D8E57C03EBD0
:10AD30004303990002EB83039DB1535801335350F1
:10AD4000637C0F2B0AD80268E07C03EB4303990075
:10AD500002EB830348B15358013353500123A374CA
:10AD600038BD5A6801325A60EAE75A6801325A60BF
:10AD7000F4E700BF8C3500208835002038B5044644
:10AD8000007CFFF7B7FE0546607CFFF7B3FE002DA1
:10AD900008BF0546E5742046BDE83840FFF766BFAA
:10ADA000044B11220021013AC3E9051103F12003EC
:10ADB000F9D170478C3500200CB430B585B008ACA3
:10ADC0000A46074954F8043B0D6800940146E86AB6
:10ADD0000394F4F755FB05B0BDE8304002B070476E
:10ADE000E810002013B5054C0093246813460A466A
:10ADF0000146E06AF4F744FB02B010BDE810002001
:10AE00002DE9F341134601920E460A4600210746FA
:10AE10000846FFF7E7FF041E019B05DC4FF0FF34F7
:10AE2000204602B0BDE8F08104F10108012140464E
:10AE300001930DF0AFFE05460028EFD0019B32468E
:10AE40004146FFF7CFFF3D60EAE700000EB403B5CF
:10AE500003AA52F8041B0192FFF7D2FF02B05DF87B
:10AE600004EB03B0704700000A46014601480AF0AF
:10AE70004FBE00BFC06400200FB407B5054B04A946
:10AE80001B6851F8040B0191984703B05DF804EB7F
:10AE900004B07047D00E0020704700000A4A70B519
:10AEA00000231C2505FB03F4A65C864207D121B1D3
:10AEB0001319997809B1587800B1101970BD013390
:10AEC000062BEFD10020F9E7AC37002008B5084683
:10AED0000121FFF7E3FF40B1436823F00F0203F0C5
:10AEE0000F031069D84000F0010008BD08B50846FE
:10AEF0000121FFF7D3FF48B1426822F00F0101237F
:10AF0000486902F00F02934043404B6108BD0000C6
:10AF100000797047406820F00F0300F00F001B69B4
:10AF200023FA00F000F001007047000010B54268FD
:10AF300001F0010102F00F0081F0010300F11004A3
:10AF4000A340814022F00F021943916110BD00001F
:10AF5000426822F00F010123486902F00F0293407A
:10AF600043404B617047000000B10047704700004C
:10AF700008B508460121FFF791FF003818BF0120EE
:10AF800008BD00000A4870B500231C2505FB03F42A
:10AF9000265C8E4206D12044807810B101381070B2
:10AFA000012070BD0133062BF0D10020F9E700BF6E
:10AFB000AC37002038B5074C0025A07820B1013807
:10AFC000C0B2FEF701FB60700135062D04F11C04D0
:10AFD000F3D138BDAC37002010B508460121144626
:10AFE000FFF75CFF20B140680DF016FF20600120E4
:10AFF00010BD000038B5084601211546FFF74EFF89
:10B00000044638B13DB9037D83B1437D202B01D087
:10B01000402B0BD138BD0123437540680DF0FCFE79
:10B0200000F00500052803D1607501E00023637579
:10B030006068627D00F00F030121994020F00F004D
:10B040000BF0C8FAB5FA85F252092275E2E7000062
:10B0500038B5084601211546FFF720FF0446A0B188
:10B060004068237D00F00F020121914020F00F0085
:10B0700043B1012D0CBF202240226275BDE838404B
:10B080000BF0A8BA89B20DB9418338BD0183FCE742
:10B0900040680A4600F00F030121994020F00F009C
:10B0A0000BF098BA07B5084601210192FFF7F6FEAA
:10B0B00060B14068019A00F00F030121994020F02F
:10B0C0000F0003B05DF804EB0BF084BA03B05DF839
:10B0D00004FB0000084610B50121C0B2FFF7DEFEF8
:10B0E000044638B10820F3F7DBFE18B16368024A62
:10B0F000C0E9002310BD00BF745E030870B50446AC
:10B1000000F0B6FF034694B1E56885B1E28A8AB1E2
:10B11000012A0DD1302383F31188606800F00F01FC
:10B1200020F00F000BF008FB002383F3118870BDA3
:10B13000013AE2826268A06822F00F0102F00F0279
:10B14000096921FA02F2AC46217802F00102BDE859
:10B15000704060472DE9F74F2B4CDFF8B080DFF8E7
:10B16000B090DFF8B0A0064600252746E38A012B01
:10B1700003D042F21073E3823EE0237ED8F800B0A1
:10B180008BB9227851460320F1F74CFDDBF82C30C7
:10B1900093F89C307BB1FDF745FD40F271224FF0F2
:10B1A0000071FDF72BFDDBF82C3093F89C3013B1C8
:10B1B0000123237620E0237EFF2B18D1A3680BB94F
:10B1C000E368CBB1227849460520F1F72BFD1C221C
:10B1D00002FB05723168607ED3680090D1F82CB014
:10B1E000926821783046D8470028E1D0C1E7013382
:10B1F000DBB2642B2376E1D80135062D04F11C0463
:10B20000B4D103B0BDE8F08FAC370020E8100020C7
:10B210002C5E0308185E030837B50E480C46002361
:10B2200011460246057E6DB11C2043430A48D35C9B
:10B2300000680093C06A094B2246F4F741F90020E8
:10B2400003B030BD0133062B00F11C00EAD1012010
:10B25000F6E700BFAC370020E81000204C5E030882
:10B2600008B5302383F3118808B103691BB90023A3
:10B2700083F3118808BD002110300DF039F9F6E78D
:10B28000014B0360704700BF8C5E030870470000ED
:10B290002DE9F8431C469DF82030013BDBB2022B20
:10B2A0000E4690461CD8134AD55C134B06F00F0788
:10B2B00053F83730BBB1D4B9254626F00F093946CB
:10B2C00048460BF039FA2246414630460CF08EF9DA
:10B2D00048462A4639460BF0FFF90120BDE8F883BD
:10B2E0002CB92546E1E7002C08BF0025E5E7002042
:10B2F000F4E700BF685E0308BC6300202DE9F3415A
:10B3000007460846012190461C46FFF7C7FD054643
:10B3100040B1302383F31188066936B1002181F3EF
:10B320001188084602B0BDE8F081CDF80080416880
:10B33000114A03463846FFF7ABFF10B980F3118876
:10B34000F0E747F230520A21A0B2F4F743FF81B28E
:10B3500005F110000DF0BEF8CDF8008069680446D4
:10B36000334632463846FFF793FF86F31188B4FA26
:10B3700084F04009D6E700BF61B2010813B530245C
:10B3800084F311889DF810400094FFF781FF00239B
:10B3900083F3118802B010BD07B5002A009313464D
:10B3A000034A08BF0022FFF7E9FF03B05DF804FB82
:10B3B00069AF010837B505460846002101921C46D1
:10B3C000FFF76CFD60B100234168019A0376C382E8
:10B3D00044762346284603B0BDE83040FFF7DCBF83
:10B3E00003B030BDF0B585B0064602AD0846002179
:10B3F00085E80C00FFF752FD9DF82870044618B947
:10B400000023184605B0F0BD039A41680023037677
:10B41000C3829A4203460948009718BF0246304645
:10B42000FFF7ACFF03460028EAD095E8030004F1DB
:10B43000080282E803006776E3E700BFFDB0010879
:10B4400038B52E4C1C220021204610F061F81C2239
:10B4500032230125237000214FF09043A018636030
:10B460006570A57010F054F8332323770223A37777
:10B470001C22234B2362002104F13800657710F071
:10B4800047F8342384F83830032384F83A301C22F8
:10B490001C4BE363002104F1540084F8395010F090
:10B4A00037F8352384F85430042384F856301C22AE
:10B4B000154BA365002104F1700084F8555010F07D
:10B4C00027F8362384F87030052384F872301C2264
:10B4D0000E4B6367002104F18C0084F8715010F06A
:10B4E00017F8372384F88C30062384F88E30084B05
:10B4F00084F88D50C4F8903038BD00BFAC370020C0
:10B500000100004808000048090000480A000048FF
:10B510000B00004813B50468009224690B46A0474D
:10B5200002B010BD00207047002070477047000037
:10B53000002070470020704782B002A901E90C008A
:10B5400002B070477047000000207047704700004D
:10B5500070470000012070470120704701207047AC
:10B560002830704782B002A9002001E90C0002B027
:10B5700070470000704700007047000070470000EF
:10B580007047000008460DF0D1B9000008460DF0E4
:10B5900097BA000073B51E460C461546011D1022D1
:10B5A00001A8F3F711FE3246294620460DF008FAAD
:10B5B000044601A8F3F72AFE204602B070BD000041
:10B5C00013B50D220C46011D01A8F3F7FDFD204621
:10B5D0000DF0BEF9044601A8F3F718FE204602B0AC
:10B5E00010BD00000DF0A0B908460DF099B900009B
:10B5F00008460DF08DB9000010B5064B044640F822
:10B60000883BF3F7EDFF04F17400F3F7E9FF204600
:10B6100010BD00BF6C73030808B53020F3F740FC81
:10B6200070B10023C0E90333C0E905330371037A25
:10B63000022262F302030372024B0360024B836235
:10B6400008BD00BF085F03085061030810B4BDF8CF
:10B65000044001945DF8044B00F0F6BB10B4BDF853
:10B66000044001945DF8044B00F09CBB00F0B2BBB9
:10B6700000F0E0BB38B5084B036090F80431044695
:10B6800043B9D0F800512DB12846F3F7A9FF284659
:10B69000F3F70EFC204638BD9070030810B5044B3C
:10B6A00003600446406A08B1F3F706FC204610BD6B
:10B6B000E45C030810B50446FFF7F0FF2046F3F7FB
:10B6C000F7FB204610BD000010B51C4B03600021A5
:10B6D00090B004460171102200F54A700FF018FF77
:10B6E00004F54E70FFF7C0F912200DF019F9144B54
:10B6F0000A94CDE90B34134BCDE90D34124B0F9363
:10B7000010A9024611E9030005AB83E80300DDE957
:10B710000C0103AB83E80300DDE90A0101AB83E818
:10B7200003000A4B009304F10801234604F5597005
:10B7300002F07AF8204610B010BD00BF4860030840
:10B740005DB601086DB6010871B601084DB6010875
:10B750001B4A1C491C4B10B502611C4A42611C4A21
:10B76000826102641B4A42641B4A82641B4AC161B3
:10B77000C2641B491B4A016202651B491B4A4162A4
:10B7800042651B491B4A0360816282651A4B1B4953
:10B790001B4A4360C162C2651A4B1B491B4A836046
:10B7A000016300231A4902661A4AC36004464163D2
:10B7B0004266C36300F034FC174B2360204610BD83
:10B7C000A044002054380020E45E03081C40002000
:10B7D000583B0020C03C0020283E0020903F002025
:10B7E00060380020A43F002048390020B83F0020E6
:10B7F000C0430020CC3F0020B8430020B03A0020D6
:10B80000E03F0020BC430020D40E0020F43F002085
:10B81000BC38002008400020A85F030808B530238A
:10B8200083F31188074B1B689A68996B8A4201D091
:10B83000824200D2986098630CF0D8FC002383F316
:10B84000118808BDB83800207FB51422002101A856
:10B850001C46334E334D0FF05BFE69464FF4614397
:10B86000314800930CF0D2F8304BF2681A60B420E3
:10B870002C600CF00BFEFFF70DF90DF0CBFA2C4B02
:10B880001C684FF4E131206CF3F750FD2069036828
:10B890001B689847A06A03681B6898470A20FFF74F
:10B8A000BDFF0DF0CBFB40B1224813210DF0D6FBBC
:10B8B00020494C2288180FF0E1FD1F4B2868012217
:10B8C0009A7303681B6898471C4B1B6813B11B6A6B
:10B8D000DB0701D50DF07CFBE06A03685B689847E5
:10B8E00038B1FDF79FF94FF497724FF40061FDF7FF
:10B8F00085F9114807F0FEF9A06A0F4C03681B6B2D
:10B900009847F3680E4ADA61B4200CF0BFFD28684E
:10B9100003685B689847204607F0ECF9F7E700BF3B
:10B9200010720020D8380020C0640020B8380020F1
:10B93000E8100020B43A0020C043002064450020F5
:10B94000D05E0308014B1868704700BFB83800206C
:10B9500000487047DC38002000487047DC38002081
:10B9600038B500215248534C07F0A0FD524A5349C4
:10B970004F480DF01FFF0121514807F097FD4E4A37
:10B980004E494F480DF016FF02214E4807F08EFD3C
:10B990004A49494A4B480DF00DFF4B4800F05CFE08
:10B9A0004A4800F059FE4A4800F056FE494800F067
:10B9B00053FE494800F050FE484800F04DFE48480C
:10B9C00000F04AFE4748FEF765FE474B474A1A60BB
:10B9D0002046474B40F8983BFFF746F8364A454922
:10B9E00020460DF0E7FE4448444CFFF76DFE324A16
:10B9F000434941480DF0DEFE4248FFF741FC204636
:10BA0000414B40F8043B242200210FF081FD04F15A
:10BA10003400FFF729F84FF0FF33274A3B49E3642E
:10BA200020463B4C0DF0C6FE302323714FF47A7351
:10BA3000E38020464FF4FA632381364B40F8143BF1
:10BA4000FFF712F84FF4C8720023C4E9362300232D
:10BA5000C4F80031012384F804311420F3F720FAEC
:10BA6000054610B16C21F3F7A9FDC4F8005100257B
:10BA70002949114A84F804512548284C0DF09AFEB2
:10BA8000274807F0DBF8274B274A83F89C502046CD
:10BA90001A60264B40F8043BFEF7E6FF2046064AB4
:10BAA00023490DF087FEBDE838402248FFF750BE1D
:10BAB000583B0020A044002050450020F9B5010863
:10BAC000C03C0020283E0020903F0020A43F0020E2
:10BAD000B83F0020CC3F0020E03F0020F43F002092
:10BAE00008400020B8430020BC4300206C5F0308DE
:10BAF0000C6F030875B501081C4000206038002059
:10BB000079B5010854380020586F03087DB5010845
:10BB1000483900209070030875B60108BC38002031
:10BB2000C0430020B03A002090750308845F0308EA
:10BB300081B50108DC38002070470000037933B17B
:10BB400008304FF4487308601360012070471846AE
:10BB50007047000000F5597002F07EB810B5044639
:10BB6000007948B100F08CFAD4F86033C01AB0F50F
:10BB7000FA6F2CBF0020012010BD000008B5FDF7B2
:10BB800051F8A2224FF40031FDF738F8002008BD2B
:10BB9000F8B50646EAB1CC0801390A44C2F3CC052F
:10BBA0000127A54215D3632C0ED8630906EB830346
:10BBB00004F01F0207FA02F1D3F828230A43C3F85E
:10BBC00028230134A4B2ECE7FFF7D8FF0028ECD11A
:10BBD000F7E7F8BD122110B513220446A0F8581358
:10BBE0000548FFF749F904F5597002F07DF810B9DE
:10BBF000024800F017FA10BDAC5F0308D25F0308DB
:10BC000010B50179044671B9102200F54A700FF0A1
:10BC10007FFC2046FFF7DEFF022121710248BDE8CC
:10BC20001040FFF729B910BDF05F0308B3F5487F56
:10BC3000F8B507460E4614461D460DD8C3F54873A1
:10BC40009A4209D80834FFF7DBFF2A4639193046F3
:10BC5000BDE8F8400FF012BCF8BD0000B3F5487F16
:10BC60002DE9F34105460E4690461C4622D8C3F501
:10BC7000487399421ED801F1080707442246394605
:10BC800040460FF0EBFBA8B12846FFF7B9FFF122C1
:10BC900005F54E7101A8F3F797FA2246414638465A
:10BCA0000FF0ECFB2846A2B23146FFF771FF01A866
:10BCB000F3F7ACFA02B0BDE8F081000037B50546F5
:10BCC0000C4601A80121F3F765FAE10089B20822C8
:10BCD00005F5597001F002FF044601A8F3F766FA72
:10BCE000204603B030BD00002DE9F74F037904462C
:10BCF00003B300F54A7300F54E7853F8042B32B9BC
:10BD00004345FAD100F0BCF9C4F8600312E0002505
:10BD10000123C5F34A1604EB860605F01F07D6F883
:10BD2000282303FA07F717421FFA85FA05D10135D0
:10BD3000642DEED103B0BDE8F08FED0008354FF46F
:10BD40008872414601A8F3F73FFA04EB050B6359EB
:10BD5000C4F85033DBF80430C4F8543301A8F3F7C7
:10BD600055FA2379022B04F55479E3D15146204644
:10BD7000FFF7A4FF0028DDD04FF49C72414601A8D4
:10BD8000F3F722FA0822594648460FF067FB28B914
:10BD9000D6F8283323EA0703C6F8283301A8F3F7B7
:10BDA00035FAC7E738B51C46094BB0F858031B688D
:10BDB0005B6B15461A680144126818469047BDF837
:10BDC0001020411920460FF059FB012038BD00BF5B
:10BDD000E81000202DE9F743DFF8549006460F469F
:10BDE00005244FF47A7101A8F3F7D4F9D9F800804B
:10BDF000B6F85813D8F8340003683944DB6898471C
:10BE0000054630B101A8F3F7D1F9284603B0BDE8E3
:10BE1000F083D8F82800036801215B689847013C4B
:10BE200001A8F3F7C3F914F0FF04DAD1EDE700BF7E
:10BE3000E8100020034B1B68DB6A93F89C0080F03D
:10BE400001007047E81000202DE9F04F2DED028B26
:10BE500008EE103A2A4BD3F800900446D9F8340083
:10BE60000F460368B4F858131B6885B039449046F0
:10BE7000BDF840B09847052500EB080A012103A84A
:10BE8000F3F788F9D9F83400036818EE102A1E6910
:10BE900051465B46B047064640B103A8F3F786F922
:10BEA000304605B0BDEC028BBDE8F08FD9F8280014
:10BEB000036801215B689847013D03A8F3F776F911
:10BEC00015F0FF05DAD12046FFF7B4FF0028E7D0D0
:10BED00000F0D6F8D4F85C3341F28832C31A9342AA
:10BEE000DED9C4F85C0304F5597001F0EBFE5B4643
:10BEF0000090424639460348FEF7BEFFD0E700BF38
:10BF0000E81000201060030870B51D46164B1B6832
:10BF100013B11B6ADB0725D5144B1E68F46A94F82D
:10BF20004630C3B9124BA4F84400DB6884F84610CD
:10BF3000E26163B19A6884F84720D96939B194F90C
:10BF4000483023B9042204F1480000F09DF8094B61
:10BF50005B68C4E90835F06A1321BDE8704004301D
:10BF60000DF076B870BD00BF64450020E8100020D9
:10BF70001072002000ED00E000B59BB0EFF30981E6
:10BF8000682268460FF07AFAEFF30581074BC9B2D1
:10BF90009A6BD86A986A986A986A986A986A9B6A4B
:10BFA000059B7B20FFF7B0FFFEE700BF00ED00E040
:10BFB00000B59BB0EFF30981682268460FF05EFA86
:10BFC000EFF30581064BC9B29A6B986A986A986A32
:10BFD000986A986A9B6A059BBF20FFF795FFFEE76A
:10BFE00000ED00E000B59BB0EFF3098168226846E0
:10BFF0000FF044FAEFF30581064BC9B25A6B986A09
:10C00000986A986A986A9B6A059BE320FFF77CFF11
:10C01000FEE700BF00ED00E0FEE70000FEE70000E5
:10C02000704700000FB483B504AC0F4F54F8048B75
:10C030000E4EFCF7F7FD4FF4A5722021FCF7DEFD54
:10C0400042F21075214640460194FEF70DFF384636
:10C05000FEF712FF3368986A036829465B689847C1
:10C060004FF4FA75EEE700BF09FF0208E810002060
:10C070000CF0F8BD014B586A80B270470040014097
:10C080000CF02CBE0CF0D2BDF8B50D46074611469B
:10C09000284616460FF012FF864204468CBF421C0B
:10C0A0000246294638460FF0E9F92046F8BD00005F
:10C0B00070B5467B05460EBB4468836804EB840478
:10C0C000A40804F50074E21A914288BFCC180C4B06
:10C0D00029681B68D86A0368621C1B6D984718B9E9
:10C0E00001232B73304670BDAB68C5E90004E21A2A
:10C0F000002118440FF00CFA0126F3E70026F1E7BF
:10C10000E81000200EB470B5017B85B0044619BB61
:10C11000D0E901239A421BD0134B1E680AADD4E923
:10C12000012120680095521A099B03950144F06A89
:10C13000F3F7A6F900280FDBD4E90123D21A8242D3
:10C140000FD8411C2046FFF7B3FF0028E7D103E0DA
:10C15000FFF7AEFF0028DFD105B0BDE8704003B0A7
:10C1600070471844A060F7E7E81000201022002173
:10C170000FF0CEB90148FFF7F9BF00BF54450020CA
:10C18000F0B51B4A87B0176800910022034605915D
:10C1900003900E46F86A1146F3F772F9051E039BE9
:10C1A00003DC0024204607B0F0BDA81D03930CF06B
:10C1B000ADFC04460028F4D000960146039BF86AC3
:10C1C0006A1DF3F75DF9A84203DA20460CF0E6FC9D
:10C1D000E7E72146002311F8012F0AB15340FAE79F
:10C1E0000093F86A034B06226119F3F769F9D9E75E
:10C1F000E8100020646003080EB477B507A905466F
:10C2000051F8040B0191FFF7BBFF044660B1EFF753
:10C21000EFF82B6806469B6A28469847B04208D23A
:10C2200020460CF0BBFC002003B0BDE8704003B01A
:10C2300070472B683246DB682146284698472046DF
:10C240000CF0ACFC0120EFE72DE9F04F3C4D064629
:10C250000FCD8DB06C460FC40FCD0FC495E80F0005
:10C2600084E80F007369452B66DD03F26B726FF093
:10C27000630192FBF1F101EBA2013248324FD6F893
:10C2800010A04FF4C87EB2FBFEF211446FF4EE72C0
:10C290001144A3F14602424307FB0120002103F2AF
:10C2A0006C738C460D46B8464FF06409E2452ADDB2
:10C2B0000CAA02EB850252F8304C7C43221841F163
:10C2C0000004012D1046214615D113F0030F12D1A1
:10C2D00093FBF9FB09FB1B3BBBF1000F06D193FB62
:10C2E000FEFB0EFB1B3BBBF1000F04D112EB08025F
:10C2F000104644F1000101350B2DC4BF0133002568
:10C300000CF1010CD2E7F468013C07FB04F31A18A6
:10C31000D6E901304FF03C0404FB03F34FF46164B1
:10C3200004FB00333068184441F10001801841F1EA
:10C3300000010DB0BDE8F08F4FF0FF300146F8E787
:10C3400054F702088033E101805101008172704787
:10C35000F0B4446A0E4611467CB1457F2246002760
:10C360005FFA87FC65450DD992F801C08C4506D16E
:10C3700092F800C0B44502D19370F0BC7047013709
:10C380000332EDE7027FAA4204D182680A48F0BC7A
:10C39000FEF772BD05EB45056655457F05EB450586
:10C3A00025446970427F02EB42021444A370437F2C
:10C3B00001334377E1E700BF6C60030813460A4688
:10C3C0000021FFF7C5BF0000F0B587B004460E4658
:10C3D0008DF80F208DF814108DF815200BB1FFF794
:10C3E000EDFF226800230093156905A9022220466B
:10C3F000A847A76905463FB130B1012360690093A2
:10C400000DF10F023146B847284607B0F0BD0000D5
:10C410002DE9FF41984603790B438DF80F300368EF
:10C42000CDF800801D69174613460E4601220DF116
:10C430000F010446A8470546606908B9A3693BB1E6
:10C4400035B100230093A46943463A463146A047DC
:10C45000284604B0BDE8F0812DE9F74F10EE103A00
:10C46000009210EE102A072928BF0721C3F31604F3
:10C470004FEAD37812024FEAD35307460E4603F031
:10C48000FE0340F1A6800133DBB2FF2B32D044F42F
:10C490000004DA0859495A4811F90290594951F8EB
:10C4A000225003F00703A4FB0554C3F10F0211331C
:10C4B000B2F1200104FA03F325FA02F558BF44FA59
:10C4C00001F145EA03054FF0000B58BF0D4314413D
:10C4D00045F6F321CDF804B04FF0300A2A1A64EB88
:10C4E0000103002B0DDB0AF1010A4FFA8AFA154607
:10C4F0001C46F3E714B948F00408C8E748F00808F8
:10C50000C5E700230A22EEF787FC019BD3B9BAF1F5
:10C51000300F06D109F1FF394FFA89F92A4623462F
:10C52000E5E7009BF3B1009A09F101035BB2013A20
:10C53000012BACBFD218013202F0FF039E420093E0
:10C5400028BF1E460BF10103BAF1390FDAB257FAD0
:10C5500083FC0ADC0123964207F802A0019319D953
:10C560009346B9E70136F6B2ECE7A2EB0B003921AE
:10C570003844CDF800C00EF0CBFFDDF800C06346B4
:10C5800030201946013B0A78013252B23A2A13D0C0
:10C590000A700CE00A22A0FB0206400840EAC670BE
:10C5A000281A02FB016164EB6104002CE7DA87F8CA
:10C5B00000800FFA89F01DE0BB4208D1312309F158
:10C5C00001090B704FFA89F948F01008EFE758702D
:10C5D000D7E7002B7FF45BAF002C7FF45AAF3846CF
:10C5E00048F00208721C00F8018BD2B230210EF024
:10C5F0008FFF204603B0BDE8F08F00BF286103081D
:10C6000000407A10A860030803790BB10022027180
:10C610001846704703685B681847000003791BB928
:10C6200001230371184670470020704770470000CF
:10C6300010B50446F2F73CFC204610BD70470000E0
:10C6400070470000002070470020704701207047AD
:10C650001046704700207047014B0360704700BFD1
:10C660007061030800221346C2F3460112F0010F65
:10C6700030F811101ABFC9B24B4083EA11230821C8
:10C6800013F4004F4FEA430318BF83F4405301F102
:10C69000FF3118BF1BB211F0FF019BB2F0D1013284
:10C6A000102AE1D1180B704710B5074C0A4491428B
:10C6B00008D011F8013B4340DBB254F8233083EA41
:10C6C0001020F4E710BD00BF0864030810B5084C43
:10C6D0000144884209D010F8013B83EA122334F860
:10C6E000133083EA022292B2F3E7104610BD00BF76
:10C6F0000862030830B50F4D0446014400208C4207
:10C7000016D014F8013B83EA1043DBB21B04082265
:10C710005B0013F0807F02F1FF3218BF6B4012F014
:10C72000FF02F5D1020222F07F4282EA0300E6E72F
:10C7300030BD00BFFB4C860190ED000AD0ED010A30
:10C7400008B5B1EE400A0DF095F9DFED027A30EE52
:10C75000270A08BDDB0FC93F90ED010AD0ED007A32
:10C7600020EE000AA7EEA70AB1EEC00A704700BF8C
:10C770002DE980481A4BDFF86C90DFF86CB0144656
:10C78000012293B006460F461A704FF0000841F29E
:10C79000873AFFF775FCD9F800300393A0EB080344
:10C7A000534505460ED9CDE9006703985B46342210
:10C7B00005A9C06AF2F784FE214605A80494FEF795
:10C7C00053FBA8460A2105A8F2F7E4FC039B986AEC
:10C7D000036805215B68984705A8F2F7E7FCD8E7EE
:10C7E00068450020E8100020086803080FB407B56A
:10C7F00004AA034852F8041B0192FFF7B9FF00BFD7
:10C800001068030800207047002070470020704720
:10C8100003689B691847000070470000C36A43B172
:10C820008368986D042806D0A0F11F035842584130
:10C83000704718467047012070470000704700009D
:10C8400037B58568AB6D1F2B044646D0806A94F8D7
:10C85000401003689B68984785F84500A06A036804
:10C86000DB689847D4ED0F7AA36830EE670AD4ED01
:10C870000C7A20EE270A83ED060A236820469B697E
:10C88000984740B3FFF7F4FBA36894F841109A6A05
:10C890000546821AE06A019203689B689847A3687C
:10C8A00093F84510084083F84500E06A0368DB68A8
:10C8B0009847D4ED0E7AA368019A30EE670AD4ED5A
:10C8C0000D7A20EE270A204683ED070AA16800F0C2
:10C8D0009BFAA3689D6203B030BD012385F8453003
:10C8E000836800229A61C8E710B50446F2F7E0FABF
:10C8F000204610BD70B504461B4E154600F098F951
:10C900001A4B236031462046F5F76AFCA368DE65C2
:10C91000E36893F924301F2B0ED0154B94F9401087
:10C920001B68186903685B689847A06220B995F88E
:10C9300057101048FFF75AFFE36893F92430042B8F
:10C9400001D01F2B0DD10A4B94F941101B681869B7
:10C9500003685B689847E06218B995F85710064875
:10C96000E8E7204670BD00BF80680308F868030848
:10C97000E810002020680308496803087047000099
:10C980008268526B0A6003681B6A184738B52DED40
:10C99000028B9FED198ADFED190A0446B0EE481AA2
:10C9A0004FF4AA70F3F7E8FBD4E9023238EE400AFC
:10C9B000D2ED007A9FED128A9FED127AF8EEE77AB7
:10C9C00020EE080A204627EE800A83ED080AA368B5
:10C9D000D3ED087A67EE877A93ED067A67EE877A69
:10C9E000C3ED097A2368A5685B6B984785F8440016
:10C9F000BDEC028B012038BD0000C84200000000E1
:10CA00000AD7233C6F12833A10B52DED028B0368D1
:10CA10009B6904469847002800F0C180A368DFEDB9
:10CA2000618AD3ED077AF4EEE87AF1EE10FAC0F2FB
:10CA3000B68094ED067AF4EE477AF1EE10FA48BF2C
:10CA4000F0EE477AC4ED067A93ED078AD4ED077AC3
:10CA500038EE678AF0EEC87AF4EEE87AF1EE10FA72
:10CA600000F19D80D3ED067A94ED087AF4EEC77A52
:10CA7000F1EE10FAC2BFC4ED087ADB696362FFF71A
:10CA8000FFFA23699FED480A2061C31A07EE903A26
:10CA9000F8EE677AB6EE001A67EE807ADFED430AA9
:10CAA00037EE810A722087EE800AF3F765FBA368F0
:10CAB000D4ED077A93ED077AD4ED066A93ED066A12
:10CAC00037EE677AC7EE267AD4ED056A9FED387A9D
:10CAD00036EE666AF0EEE77AB1EE466AC6EE086AAE
:10CAE00067EE877AB7EE007AF4EE477AF1EE10FA45
:10CAF000F4EEE86AC8BFF0EE477AF1EE10FA09DB0F
:10CB000037EE676A66EEA76AD3ED107AE7EE866ABB
:10CB1000C3ED106AA36894ED086AD3ED065AB4EE2B
:10CB2000E56AF1EE10FA19DDD3ED077AD4ED096A62
:10CB3000F4EEE67AF1EE10FA10DD77EEE66A36EE04
:10CB4000656AC6EE267AD3ED106AF4EE667AF1EEE7
:10CB500010FAC8BFF0EE667AC3ED107AA368D4ED80
:10CB6000056AD3ED067A37EE407A60EE277AE6EE74
:10CB7000877AC4ED057AD3ED077A20EE270AD4ED43
:10CB8000077AA7EE270A84ED070AD3ED076A93ED2B
:10CB9000107AD3ED067AE6EE877AC3ED0F7ABDEC14
:10CBA000028B10BD000000346F12833A00000000B9
:10CBB000CDCCCC3D70B5C3681B680A2B04460E462D
:10CBC00002DC0025284670BD03689B699847002851
:10CBD000F7D0A36893F84550002DF2D0D3ED087A32
:10CBE000F4EE677AF1EE10FAEBD6E3681B68002BDF
:10CBF000E7DD07EE103AB8EEC70A9FED0A7A9FED1F
:10CC00000A1ADFED0A0A70EE677A502067EE877A1B
:10CC100087EE800AF3F7B0FAFCEEC07A17EE903A8E
:10CC20003370CFE70000C84200007F4300000000DF
:10CC300030B5034DC0E90223C0E9005130BD00BF4B
:10CC4000446903088368D3ED067A93ED0F0AF4EE86
:10CC5000407AF1EE10FAC8BFB0EE670A70470000E4
:10CC600070B52DED028B0E46C16815461A4691F936
:10CC70002630012B04466BD0836893ED068AB5EE0F
:10CC8000C08AF1EE10FA68DDD1ED047AF5EEC07AD3
:10CC9000F1EE10FA61DDF4EEC87AF1EE10FACCBFD5
:10CCA000012300231370236820469B699847B8B17D
:10CCB000E36893ED057AB5EEC07AF1EE10FA4EDD39
:10CCC000D3ED007AA368F8EEE77AD3ED086A77EE41
:10CCD000E67AB4EEE77AF1EE10FACCBF012000203C
:10CCE000069BB5EEC08AF1EE10FA187039DDE368E4
:10CCF000D3ED027AF5EEC07AF1EE10FA31DDF4EE02
:10CD0000C87AF1EE10FACCBF0123002333702368F8
:10CD100020469B699847B8B1E36893ED037AB5EE76
:10CD2000C07AF1EE10FA1EDDD3ED007AA368F8EEBA
:10CD3000E77AD3ED086A77EEE67AB4EEE77AF1EEB9
:10CD400010FACCBF01200020BDEC028B287070BD12
:10CD5000FFF778FFB0EE408A91E70023A2E70020BA
:10CD6000BEE70023D2E70020EEE7000030B585B033
:10CD70000546FFF785F90DF10F0300930DF10D0244
:10CD80000DF10E03044603A92846FFF769FF9DF83D
:10CD90000E20AB683AB31A6BBAB91C639DF80F301A
:10CDA000F3B99DF80C20AB6862B3DA6AEAB9DC62C9
:10CDB0009DF80D3023BBAB68986C201A41F2883483
:10CDC000A04294BF002001200BE0EB6893F92530CE
:10CDD000002BE3DD4FF47A71A21A4B439A42DDD95E
:10CDE000032005B030BD1A63D8E7EB6893F925300E
:10CDF000002BDDDD4FF47A71A21A4B439A42D7D94A
:10CE00000220EEE7DA62D3E78B6A03B3104B9A4253
:10CE10001DD807EE902A91ED077AD1ED066AF8EE5B
:10CE2000E77A67EE877A9FED0B7A67EE877A91ED66
:10CE3000087A37EE277A81ED087A9FED077A67EE58
:10CE4000877A91ED097AA7EEA67A81ED097A704783
:10CE50007F841E008B2495346F12833A0120704723
:10CE600030B5104B1B680446586885B00122142168
:10CE70000368CDE9002194F841201D6894F8401022
:10CE8000094BA847A06250B103680294DD6A074BC2
:10CE9000039304AB13E90C000349A847E06305B012
:10CEA00030BD00BFE8100020A0860100C1CE0108FF
:10CEB00090F83A300BB1028F0A8018467047000094
:10CEC0000368DB6C1847000013B50446C068226B8A
:10CED00043689A4204D004F130010430F5F73CFD78
:10CEE000E068A38E0268934203D001A90193F5F78D
:10CEF00033FD02B010BD0000F7B50446104FFFF738
:10CF000097FE4FF0FF360F4B236000253946204631
:10CF100026632587F5F764F9A36804F14000DF650F
:10CF20000DF107019DF820308DF80730F5F796FCDC
:10CF3000E3685E60E36820461D6003B0F0BD00BF9B
:10CF400094690308CC690308F8B500AF387F70B363
:10CF500000F10A0505F4FC75ADEB050D4900C9B2F9
:10CF60008DF8001019438DF801208DF8021002464B
:10CF7000B969C41C0DF103000EF080FA00206D4663
:10CF80000346E95C082281EA000640003606C0B28A
:10CF900002F1FF324FEA410148BF80F0070012F072
:10CFA000FF02C9B2EFD10133DBB29C42E9D8BD46E2
:10CFB000F8BD00002DE9F04383B090F82C30002B31
:10CFC00014BF032302239046DA1D02F0080202AFC9
:10CFD000ADEB020D02AE04463246806A8946FFF789
:10CFE00017FA054628B9002528460437BD46BDE88E
:10CFF000F08394F82C301BB93388A8F80030F3E79D
:10D000000223CDE9006394F8411001234A462046EB
:10D01000FFF79AFFB3788342E5D1EDE710B5838E31
:10D0200004466BB900F134021021FFF7C3FF38B199
:10D03000236820465B6C9847A38E13FB00F0A08604
:10D0400010BD000073B5C3681C68002C054616DDD2
:10D050000DF106020F21FFF7ADFF80B12B68BDF87F
:10D0600006605B6C2846984706FB104020EAE0709B
:10D0700007EE900AAB68F8EEE77AC3ED087A02B0E3
:10D0800070BD000037B508210DF106020446FFF718
:10D0900091FF70B9FEF7F4FFA3689B6BC01A41F2D1
:10D0A000883398428CBF0020012084F83B0003B0F5
:10D0B00030BD012384F83B30A568FEF7E1FFBDF8E1
:10D0C0000620DFED076ADFED077AA86307EE102A76
:10D0D000B8EEC77AA368E7EE267AC3ED0D7AE6E7E5
:10D0E000CDCCCC3D339388C313B5036B01330446D9
:10D0F00008D10DF106021C21FFF75CFF10B1BDF84D
:10D100000630236302B010BD10B590F83A300446E3
:10D1100033B900F138021721FFF74CFF84F83A00C9
:10D1200010BD00002DE9F04385B002AF05469046E2
:10D130009946806A0123FA1D0E46FFF769F928B95E
:10D14000002528460C37BD46BDE8F083FB79002B4F
:10D15000F6D04B45F4D895F82C40A86A0133234407
:10D16000DBB2DA1D02F4FC72ADEB020D02AC22461A
:10D170003146FFF74DF90028E2D095F82C3033B94D
:10D18000FD79611C2A4640460EF078F9D9E7FB7913
:10D190000133DBB2CDE900433246012395F841105B
:10D1A0002846FFF7D1FEFB7923445B788342C7D141
:10D1B000E6E700007047000010B50446F1F778FE7E
:10D1C000204610BD37B5012500950446FFF794FEB3
:10D1D000024B2360204603B030BD00BF346A030811
:10D1E00070B590F842608AB0044666BB0DF1020249
:10D1F0001A21FFF7DFFE054658B1BDF80230C3F330
:10D200000313022B08D8002384F82C30012384F860
:10D21000423028460AB070BD1D22314602A8019650
:10D220000EF076F9212301AA20212046FFF77AFF8C
:10D2300028B1064901A8EEF7D1F80028E3D0012370
:10D2400084F82C30E3E70125E3E700BF1C6A0308FC
:10D250002DE9F7430446FFF7C3FF002800F087805D
:10D26000FEF706FF0DF10602064609212046FFF7EC
:10D27000A1FE90B1BDF806209FED527AA36807EE9B
:10D28000902AF8EE677A012267EE877AC3ED067A74
:10D29000A3689E62A36883F8452094F879303BB96F
:10D2A000A36893F84530002B3FD0636F6BBB666774
:10D2B000DFF81C81DFF81491002794F87930FDB273
:10D2C000ABB394F878309D4248DA18F805100DF1A8
:10D2D00006022046FFF76EFE05F1100348B3BDF8C5
:10D2E00006104A1E92B24FF6FD70824221D80122EA
:10D2F00084F83620A26804EB830322F815105E60E0
:10D3000094F879300BB30137D7E7F31A07EE903A68
:10D310009FED2D7AF8EE677AF4EEC77AF1EE10FA07
:10D32000C6DD012384F87930C2E76367C0E70C23C8
:10D33000C9E704EB83035B68F31A4B45E3D9A368A1
:10D340004FF6FF7223F81520DDE794F878300135A9
:10D350009D42B8BF1D4684F87850D4E7A2681B49A7
:10D36000936AF31A8B4205D9002382F8453003B043
:10D37000BDE8F0830DF106020A212046FFF71AFEF0
:10D3800070B1BDF906209FED0F7AA36807EE902AD1
:10D39000F8EEE77A67EEC77AC3ED077AA3689E6274
:10D3A0002046FFF73BFE2046FFF74CFE2368204651
:10D3B0009B6C98472046FFF797FE2046FFF7A4FE98
:10D3C000D5E700BF6F12833AC0E1644B404B4C007D
:10D3D000D80E0020704700002DE9F34190F842304C
:10D3E00004466BB90DF106025C21FFF7E3FD00284E
:10D3F0004BD0BDF806300A2B88BF0A2384F8423090
:10D4000001260025B04694F84230EFB2BB4213D952
:10D4100007F130010DF10602C9B22046FFF7CAFD3F
:10D4200038B1A368BDF8062023F81720304684F8E9
:10D43000368001350646E6E7FEF71AFE05463EB39E
:10D4400094F8420020B30022A168134631F812601C
:10D45000013290423344F9DC07EE903A9FED287A8E
:10D46000F8EE677A67EE877AC1ED067AA3689D6267
:10D47000A368012283F84520A2682249936AEB1A27
:10D480008B421BD9002382F8453002B0BDE8F08101
:10D490000DF1060209212046FFF78CFD0028EBD094
:10D4A000BDF806209FED167AA36807EE902AF8EEE5
:10D4B000677A67EE877AC3ED067AD7E70DF1060241
:10D4C0000A212046FFF776FD70B1BDF906209FEDD9
:10D4D0000C7AA36807EE902AF8EEE77A67EEC77A2F
:10D4E000C3ED077AA3689D622046FFF797FD2046AB
:10D4F000FFF7A8FD236820469B6C9847C5E700BF4F
:10D500006F12833A404B4C0010B50446F1F7D0FC43
:10D51000204610BD37B5002500950446FFF7ECFC0A
:10D52000034B23602046012384F82C3003B030BD28
:10D530008C6A03087047000037B5002301AA082150
:10D540000446ADF80430ADF80630FFF733FD0DF1B9
:10D550000602054648212046FFF72CFD7DB970B92B
:10D56000FEF78EFDA3689B6BC01A41F28833984288
:10D570008CBF0020012084F83B0003B030BD0123A4
:10D5800084F83B30A568FEF77BFDBDF80430BDF89C
:10D590000610DFED096A9FED097AA8638B4238BF58
:10D5A0000B4607EE903AF8EE677AA268A7EEA67AE5
:10D5B00082ED0D7AE1E700BFCDCCCC3D339388C33B
:10D5C00010B50446F1F774FC204610BD704700000A
:10D5D00010B50446FFF744FCA06A18B103680221A5
:10D5E000DB6C9847A06A40B1E16B31B10368BDE8DC
:10D5F00010401B6B4CF25032184710BD10B504465A
:10D60000F1F756FC204610BD37B5002504460095BD
:10D61000FFF772FC054B23609DF8183084F8423008
:10D62000204684F82C5003B030BD00BF3C6B03088B
:10D63000806AFEF7EDBE000010B52DED028B0823C9
:10D6400084B00DEB030228210446FFF76BFD002890
:10D650006ED09FED488A002194F84230042BCAB264
:10D660001846A8BF0420824201F101010EDA04AB82
:10D6700003EB4203A06833F8083C20F8123007EEB1
:10D68000903AF8EE677A38EE278AE5E7032B42D91D
:10D690000DF1060209212046FFF78CFC00284BD033
:10D6A000BDF8063007EE903AB8EEE77AB4EEC87AE5
:10D6B000F1EE10FACCBFF8EE677AF0EE487AFCEEA5
:10D6C000E77A17EE903A9BB207EE903AADF8063043
:10D6D00094F84230F8EEE77A043B37EEC88A07EE5A
:10D6E000903AB8EEE77AC8EE077AFCEEE77A17EEE2
:10D6F000903A9AB2042394F84200A168984204D95F
:10D7000021F813200133DBB2F5E7BDF8063008EE4F
:10D71000103AB8EE488ADFED187A012384F83630E3
:10D7200028EE278AA36883ED068AFEF7A1FC6064D1
:10D7300004B0BDEC028B10BDF5EE007A68EE277ADE
:10D740000421FCEEE77A17EE903A9AB294F8423050
:10D75000A0688B4204D920F811200131C9B2F5E745
:10D76000043B534307EE903AF8EEE77A38EE278A07
:10D77000D1E700BF000000006F12833A10B50446E5
:10D78000FEF776FC636C084AC31A9342A36808D874
:10D79000996A401A90428CBF0020012083F845000E
:10D7A00010BD0020FAE700BF3F4B4C0037B50446E0
:10D7B000FEF75EFC94F8433083F00103054684F8DD
:10D7C000433043B12046FFF737FF204603B0BDE8A2
:10D7D0003040FFF7D3BF04230DEB03022A2120467C
:10D7E000FFF726FF60B1DDED017A9FED0E7AA368A9
:10D7F000F8EEE77A67EE877AC3ED077AA3689D6251
:10D800002046FFF70BFC236820469B6C9847204678
:10D81000FFF76AFC2046FFF715FC2046FFF7AEFF36
:10D8200003B030BD6F1283BA82B010B5044602A8AF
:10D83000C4E9001240F8043F03C804F1080383E878
:10D840000300DDE9050104F1100383E80300DDE9CD
:10D85000070104F1180383E80300DDE9090104F17D
:10D86000200383E803002046BDE8104002B0704763
:10D8700010B50A4492B2914208D004684B1C615C16
:10D880009BB209B1002010BD1946F4E70120FAE768
:10D8900003680F3332D18368591C0FD103690133F8
:10D8A0002CD14268164B9A4228D1C368013325D146
:10D8B000436901330CBF0120042070470E331DD192
:10D8C00003695A1C0BD143680D4A934216D1C268B2
:10D8D0009A4213D14369013310D1022070470D33AE
:10D8E0000CD14268064B9A4208D1C368934205D1D5
:10D8F0004069984214BF04200320704704207047F9
:10D9000062B5861510B4BDF804400194D0E9000456
:10D91000A4465DF8044B60472DE9F043054685B009
:10D9200088464FF0180900F1100602276B68023B89
:10D930004B4546D9009703AB4A4641463046FFF770
:10D94000E1FF40B19DF80C3003F00303012B09D037
:10D95000032B02D09BB1002001E0C5F82C9005B04C
:10D96000BDE8F0839DF80D305B09013303EB430400
:10D9700009EB44040234073424F00709D6E7BDF864
:10D980000C309DF80D20C3F38A03520903EB4303C7
:10D9900001325B0002EB42029BB2540003EB4202F5
:10D9A000B2F5487FD7DC2A6800941344414609F158
:10D9B00002023046FFF7A6FF0028CCD002344C44C8
:10D9C000D9E7C5F82C900120C9E7000010B4BDF8D4
:10D9D00004400194D0E90004A4465DF8044B60477C
:10D9E0002DE9F047026B8AB004466AB990F82850D6
:10D9F000039285F001051827009704AB29461030E3
:10DA0000FFF780FF039A08B900203FE0059E214BF5
:10DA10009E4203D0012384F83430F5E704A8039232
:10DA2000FFF736FF0128039AF4D16FF00C0304F1DD
:10DA300008086FF00E0A6FF00D09089394F828108B
:10DA4000009704AB404607960996CDF810A0CDF894
:10DA50001890FFF7BBFF0028D6D04FF0FF33099393
:10DA60000893039A009704AB29464046059607960B
:10DA7000CDF810A0CDF81890FFF7A8FF0028C3D06C
:10DA800040F22E43C4E90B7384F828500AB0BDE875
:10DA9000F08700BF62B5861570B5044688B0D0E93E
:10DAA00006030D4616469847A0B19EB10A4B039354
:10DAB0004FF0FF336FF00E02059307930493069324
:10DAC000182302920093002202AB294604F10800B9
:10DAD000FFF77CFF08B070BD62B586152DE9F043F5
:10DAE00090F8343085B004460E461746002B3FD1DF
:10DAF0004FF001094FF00608002F5CD06368E26A1E
:10DB00009A1A236B08339A4236D3B6FBF8F59DF880
:10DB1000083069F301038DF80830BDF80820C5F31B
:10DB20000A0363F38C02ADF80820C2F307226FF3F7
:10DB300047128DF8092003EB4303226802EB4301EF
:10DB400052F81330CDF80A308B88ADF80E309DF8BE
:10DB50000830E26A94F828106FF301038DF808305A
:10DB60000823009304F108006B44FFF72FFF98B9D6
:10DB7000002005B0BDE8F0832046FFF731FF002804
:10DB8000C3D1D4E9080398470028F1D0204600F01B
:10DB90004DF80028B9D1EBE7E36A0833E36208FBEC
:10DBA0001563C3F10603DBB2BB42E2DC1E44FF1A7D
:10DBB000B6B2BFB2A0E70120DBE7000037B50546EB
:10DBC0004FF44874062C2246C4F54871A8BF0622BB
:10DBD00089B292B22846CDE90012FFF749FEDDE98D
:10DBE000001220B1063C231DECD1012004E02846A0
:10DBF000FFF774FF0028F5D103B030BD002310B546
:10DC000080F8343003630446FFF7D8FF60B194F81E
:10DC10002810012251402046FFF73EFF20B1204648
:10DC2000BDE81040FFF7DCBE002010BD38B590F80D
:10DC30003550044645B1FAF7F5FF91224FF4001133
:10DC4000FAF7DCFF002038BD012380F83530FFF7FC
:10DC5000D5FF84F83550F6E770B50025182688B052
:10DC600080F8345080F82850C6622A462946044677
:10DC7000FFF712FF10B9002008B070BD94F82820FB
:10DC8000013A18BF012201212046FFF705FF0028B5
:10DC9000F1D00B4B03936FF00E02059302924FF0FD
:10DCA000FF336FF00D0207930492069394F8281047
:10DCB000009602AB2A4604F10800FFF787FEDBE777
:10DCC00062B5861510B50446D0E90803984740B1FF
:10DCD0002046FFF7C1FF20B12046BDE81040FFF706
:10DCE0006DBF002010BD00002DE9F04F804693B0BD
:10DCF00005464FF4487258F8100BDFF818B10021B0
:10DD00000DF006FC06AF0026B9464FF0180ACDF814
:10DD100000A03B46002231464046FFF7F3FD044693
:10DD200030B90024204613B0BDE8F08F0126EEE79D
:10DD30007B6803933846FFF7ABFD0138C0B2022879
:10DD400002D8039B5B4504D02846FFF785FF0446B5
:10DD5000E8E71837002EE9D04846FFF799FD074657
:10DD60008DF814000CA8FFF793FD874280468DF8CC
:10DD7000150003D1012FE7D1002608E0032FFBD0C7
:10DD8000032804D0022FF7D0831E5E425E4112ABFF
:10DD9000334413F8349CA9F10203012B05D8314612
:10DDA0002846FFF7B9FD0028CED086F0010112AB5E
:10DDB0000B4413F8343C023B012B04D82846FFF7F0
:10DDC000ABFD0028C0D00023B9F1030F85F8343033
:10DDD0002B6315D0032F06D1012200212846FFF71F
:10DDE0005BFE00289DD0B8F1030F06D10122114639
:10DDF0002846FFF751FE002893D000232B6391E7BC
:10DE000086F0010685F828602846FFF7D7FE00282F
:10DE1000E0D199E762B58615002070470020704771
:10DE20007047000010B5054B03600446006C10B14C
:10DE300003685B689847204610BD00BF946B0308D9
:10DE400037B504468E220D46011D01A8F1F7BCF935
:10DE5000FEF716F9E36BC01A64281BD8636B43B94D
:10DE6000E36A2B60012401A8F1F7D0F9204603B042
:10DE700030BD07EE903AD4ED0A6AF8EE677A0023D7
:10DE800086EEA77A85ED007A6363002384ED0B7A32
:10DE9000A362E7E70024E6E737B50446A4220D466F
:10DEA000011D01A8F1F790F9FEF7EAF8E36BC01A3B
:10DEB00064281BD8A36B43B9236B2B60012401A8F2
:10DEC000F1F7A4F9204603B030BD07EE903AD4ED47
:10DED000096AF8EE677A002386EEA77A85ED007A64
:10DEE000A363002384ED0C7A6362E7E70024E6E78E
:10DEF00010B50446FFF796FF2046F0F7D9FF2046FD
:10DF000010BD000013B5012304460DF10702006C9B
:10DF1000A421FEF77DFAB8B19DF807300BB1662B4E
:10DF200012D1206C00236622A421FEF74DFA58B1CD
:10DF30000123206C0DF107021946FEF769FA18B1AA
:10DF40009DF80730662B00D0002002B010BD000005
:10DF50002DE9F04F89B046F66C53ADF810302F4BD9
:10DF6000DFF8C0A01B680293044604AE02254FF000
:10DF70000409029B16F8012BD3F804800392D8F809
:10DF800000302046D3F800B000F02CFB00270146FB
:10DF9000039ACDF80490009753464046D847206432
:10DFA000C8B103689B6A98473422014605A8F1F777
:10DFB00027F9206C03683946DB689847206C0368B2
:10DFC0000221DB6C98472046FFF79CFF074640B9CB
:10DFD00005A8F1F71BF9012D01D1002719E0012552
:10DFE000C7E7206C0A21FEF7B1F9236C2046996837
:10DFF00000F00AFB206C06940368DD6A084B079367
:10E0000008AB13E90C0043F2D401A84705A8F1F7C7
:10E01000FDF8384609B0BDE8F08F00BFE8100020D9
:10E02000DDE00108801A06007FB5044600230A22BD
:10E030003021006CFEF7C8F9206C01230DF10302BA
:10E040003021FEF7E5F9002842D09DF803301B0788
:10E050003ED5206C052302AA0621FEF7D9F9B8B3F4
:10E060009DF809509DF808302D0445EA03659DF898
:10E070000A3045EA0325BDF80B308122211D01A895
:10E080002D12DEBAF1F7A0F807EE905A94ED0A7A55
:10E09000DFED106A636BF8EEE77A0133A7EEA67A3C
:10E0A0006363A36BDFED0C6A84ED0A7A07EE906A76
:10E0B00094ED097AF8EEE77A0133A7EEA67AA36326
:10E0C00084ED097AFDF7DCFFE06301A8F1F79EF823
:10E0D00004B070BD0000003C0000803BFFF7A4BF0F
:10E0E00010B5054B03600446C06A10B103685B6855
:10E0F0009847204610BD00BF186C030837B504468A
:10E10000DD220D46011D01A8F1F75EF8D4ED137A6A
:10E110009FED107A77EEC77A9FED0F7A67EE877AD8
:10E120009FED0E7A67EE877A94ED157A77EEA77AEF
:10E1300067EE877AC5ED007AFDF7A2FF646A001BDF
:10E14000C72801A88CBF00240124F1F75FF82046FE
:10E1500003B030BD0000004B0000803300809B43C3
:10E1600037B50446E5220D46011D01A8F1F72CF84C
:10E17000236D2B60FDF784FF646A001BC72801A88C
:10E180008CBF00240124F1F741F8204603B030BDD4
:10E1900010B50446FFF7A4FF2046F0F789FE20469D
:10E1A00010BD000010B52DED028B0446B0EE408A84
:10E1B00000F0FEF984ED158ABDEC028B014B236063
:10E1C000204610BD186C030830B5002385B083626B
:10E1D000AE220446C06A8DF80F20026800931569CC
:10E1E0000DF10F010122A84710B1FDF749FFA06210
:10E1F00005B030BD30B5002282620446C06A85B0E9
:10E200000368072100911D69114602ABA847002849
:10E2100000F089809DF80830502B40F084809DF8F4
:10E220000A309DF809209FED416AD4ED125A1B0275
:10E2300003EB02439DF80B201344A3F5000307EE04
:10E24000903AB8EEE77ADFED3A7A9DF80D209DF826
:10E250000C30C7EE276A120202EB03429DF80E3023
:10E260001A449B23534394ED0C7AD4ED0D7A26EE99
:10E27000877A66EEA77A27EE267A67EEA67AB0EE60
:10E28000045AE7EE267A94ED0E7AE7EE267A94EDBC
:10E290000F7A77EE877A07EE103A77EEA67AB8EE25
:10E2A000C77ADFED246A244BE7EE066A1344002B9D
:10E2B000B7EE007A77EE877AC4ED146AF6EE006A5C
:10E2C00067EEA67A94ED116AF4EEE67AC8BFF0EE36
:10E2D000465A94ED106AF1EE10FACCBF77EEE66A7A
:10E2E00076EEE76A25EE465AA5EE267AB0EE476A44
:10E2F00007EE103AB8EEC77A27EE067A9FED0F6A5E
:10E3000027EE257AC7EE066A9FED0D7A77EEE67A5C
:10E3100067EE877AFCEEE77AF8EE677AC4ED137A57
:10E32000FDF7AEFE606205B030BD00BF0000803377
:10E33000FEFFFF4A000034C219638CFF0300C84E81
:10E34000FFFF7F4B7FB5194B1D68044668680026A8
:10E350004FF0040C0368CDE9006C1E68144BB04705
:10E36000E06208B303689B6A98473922014603A814
:10E37000F0F746FFE06A03680A21DB6C9847204605
:10E38000FFF722FFA86A036814215B6898472046BC
:10E39000FFF730FF646A03A8003C18BF0124F0F7C0
:10E3A00035FF204604B070BD0446FAE7E8100020AF
:10E3B000801A060070B588B00446C06A8DF80F1048
:10E3C0000368032500951E69012206AB0DF10F01BC
:10E3D000B04710B9002008B070BD9DF80F30E06A5A
:10E3E00001338DF81730036800951C69012207ABD3
:10E3F0000DF11701A0470028ECD09DF81A009DF8F8
:10E400001930000440EA03609DF81E3018439DF85F
:10E410001D3040EA0320DEE710B52B212DED028BE5
:10E420000446FFF7C7FF07EE900A9FED298AF8EE32
:10E43000E77A2D2167EE887A2046C4ED0C7AFFF743
:10E44000B9FF07EE900AF8EEE77A2F2167EE887A97
:10E450002046C4ED0D7AFFF7ADFF07EE900AF8EE07
:10E46000E77A312167EE887A2046C4ED0E7AFFF70D
:10E47000A1FF07EE900AF8EEE77A332167EE887A7B
:10E480002046C4ED0F7AFFF795FF43B207EE903AAE
:10E490009FED107AF8EEE77A0316C7EE876A40F32D
:10E4A0000740BDEC028B07EE903AF8EEE77AC4ED38
:10E4B000106AC7EE876A07EE900AF8EEE77AC4EDB5
:10E4C000116AC7EE876A0120C4ED126A10BD00BF51
:10E4D000000000300000FE4270B588B0044600F035
:10E4E00081F82622014603902046FFF72BFF039B6D
:10E4F000054640B994F820201D490320EEF792FB11
:10E50000284608B070BDE06A0B21FDF71FFFE36AE3
:10E510002046996800F078F8E26A1649137A527A30
:10E520000092DB0894F820200620EEF77BFBE06ADF
:10E5300003689B6A98475222014605A8F0F760FEDF
:10E540002046FFF769FFE06A03680221DB6C984709
:10E55000E06A06940368DE6A074B079308AB13E989
:10E560000C0044F62061B04705A8F0F74FFEC7E75E
:10E57000B46B0308E16B0308A9E5010810B5836AD1
:10E5800004460BB9FFF720FEFDF77AFDA36AC01A17
:10E59000112807D92046FFF72DFE2046BDE8104080
:10E5A000FFF712BE10BD0000FFF7E8BF0020704764
:10E5B00070B5064B04460E46154640F8043BFCF782
:10E5C00053FAE66184F82050204670BD406C030881
:10E5D000C36990F820200C2101FB023393ED060A59
:10E5E00070470000C36990F820200C2101FB023322
:10E5F000587F704790F82010C0690C231D2213FB30
:10E6000001231844F3F77AB813B590F82040C06995
:10E61000019114220C2313FB042301A91844F4F7DD
:10E62000A3F902B010BD000010B5054B036004460D
:10E63000406C10B103685B689847204610BD00BF6E
:10E64000686C030837B5044694220D46011D01A8E5
:10E65000F0F7BAFDFDF714FDE36BC01A642818D873
:10E66000A36B6BB107EE903AD4ED0C6AF8EE677AC3
:10E67000002386EEA77AA3630023236384ED097A3F
:10E68000636A2B60012401A8F0F7C0FD204603B0A7
:10E6900030BD0024F7E7000037B50446A7220D4639
:10E6A000011D01A8F0F790FDFDF7EAFCE36BC01A2D
:10E6B000642818D8636B6BB107EE903AD4ED0B6AFF
:10E6C000F8EE677A002386EEA77A63630023E3629D
:10E6D00084ED0A7AA36A2B60012401A8F0F796FD65
:10E6E000204603B030BD0024F7E7000010B5044613
:10E6F000FFF79AFF2046F0F7DBFB204610BD000035
:10E7000010B52DED028B0446B0EE408AFFF750FFA6
:10E7100084ED108ABDEC028B014B2360204610BDB6
:10E72000686C030830B50446406C036885B09B6A8A
:10E7300098474122014601A8F0F762FD606C03682A
:10E740000121DB689847606C03680221DB6C984705
:10E75000606C0421FDF7FAFD636C20469968FFF7B1
:10E7600053FF606C02940368DD6A064B039304ABAD
:10E7700013E90C0044F62061A84701A8F0F746FD14
:10E7800005B030BDD1E8010873B50C4B1B685D685E
:10E790002B6804461E68FFF725FF00230422CDE9FD
:10E7A00000320146064B28222846B047606418B163
:10E7B0002046FFF7B7FF012002B070BDE81000202F
:10E7C000801A060030B52DED028B0446406C85B0F2
:10E7D00003680422009200221D69114602ABA8477B
:10E7E000002851D0029B1BBA9A0F4DD11A0C08EE8B
:10E7F000102A9FED327AD4ED107AB8EEC88A38EE3E
:10E80000478A9FED2F7A28EE078AB0EE047A27EE2A
:10E81000877A28EE078AF4EEC87AF1EE10FA33D43C
:10E82000F1EE677AF4EEC87AF1EE10FA2CDCC3F35D
:10E830004A1307EE903A9FED237ADFED238AF8EE34
:10E84000E77A7E22211D03A8E7EE878AF0F7BCFC59
:10E85000FDF716FCD4ED0A7AF5EE407AF1EE10FAE7
:10E8600016D077EEE87AB2EE047AF0EEE77AF4EEBC
:10E87000C77AF1EE10FA0BDDE36BC31AB3F5FA6F4A
:10E8800006D203A8F0F7C2FC05B0BDEC028B30BD88
:10E89000D4ED0C7A9FED0D7AA36BE063E8EE077A76
:10E8A0000133A363636BC4ED0C7AD4ED0B7A77EE7E
:10E8B000A88A0133C4ED0B8A6363E2E700000046D7
:10E8C000000080380319C83D000048C20AD77843C9
:10E8D000FFF778BF7047000010B5054B0360044692
:10E8E000406C10B103685B689847204610BD00BFBC
:10E8F000D46C030837B50446F8220D46011D01A863
:10E90000F0F762FCFDF7BCFBE36BC01A642818D873
:10E91000236B6BB107EE903AD4ED0A6AF8EE677A92
:10E92000002386EEA77A23630023A36284ED0E7A88
:10E93000A36B2B60012401A8F0F768FC204603B00C
:10E9400030BD0024F7E7000037B5044640F20B1253
:10E950000D46011D01A8F0F737FCFDF791FBE36BB5
:10E96000C01A642818D8E36A6BB107EE903AD4ED68
:10E97000096AF8EE677A002386EEA77AE36200233D
:10E98000636284ED0D7A636B2B60012401A8F0F7BC
:10E990003DFC204603B030BD0024F7E710B5044627
:10E9A000FFF79AFF2046F0F783FA204610BD0000DB
:10E9B00030B5002385B003640446406C8DF80F30F9
:10E9C0000268009315690DF10F010122A84710B1EB
:10E9D000FDF756FB206405B030BD000008B52DEDF5
:10E9E000028B08EE101AFFF7F3FDDFED0B7A9FEDB7
:10E9F0000B7AB8EEC88A38EE678A70EE007A28EE95
:10EA0000278AC8EE077ABDEC028B37EEC00ADFED2D
:10EA1000047A20EE670A08BD9AC9CC449AC94C46CC
:10EA20000E76D74538B5124B1B68186903689B688A
:10EA30000D4614469847F1EE047A30EE670ADFED92
:10EA40000D0AE120B6EE001AF1F796FBD5ED007A3B
:10EA50009FED097AE0EE477A9FED087AC5ED007ADE
:10EA6000D4ED007AE0EE477AC4ED007A38BD00BFFD
:10EA7000E8100020333333BF000082426F12633F3F
:10EA8000F0B5002202640446406C8BB00368042594
:10EA900000951E69114603ABB047002800F0B48012
:10EAA000606C0368009500221D69114604ABA847FD
:10EAB000002800F0A9809DF80C209309023B012B4F
:10EAC00040F2A2809DF80D1001EB0221C1F30D016F
:10EAD00043F6FF72914200F09780002900F0948085
:10EAE0009DF80E309DF80F6006EB0326C6F34A161C
:10EAF00040F2FF739E4200F08780002E00F0848079
:10EB00009DF810009DF8117007EB0027C7F30D0763
:10EB1000974279D0002F77D09DF812209DF813509E
:10EB200005EB0225C5F34A159D426DD0002D6BD033
:10EB3000CB1B002BB8BF5B42FF2B65DC731B002B8C
:10EB4000B8BF5B42FF2B5FDC2046FFF747FF39462B
:10EB500020468DED050AFFF741FF07EE906A9FED15
:10EB60002B5ADFED2B5A9FED2B6AE3698DED060AD8
:10EB7000B8EEE77A07EE905A27EE057AF8EEE77AD4
:10EB8000C7EE256A5B685B0767EE857A36EEC67A64
:10EB90008DED077A87EEA57A77EE467ACDED087A85
:10EBA00009D407AA05A92046FFF73CFF08AA06A931
:10EBB0002046FFF737FFC622211D09A8F0F704FB06
:10EBC000DDED057A9DED067A236B37EE877AD4ED7D
:10EBD0000A7A77EE877A9DED087AC4ED0A7ADDED40
:10EBE000077A023337EE877AD4ED097A2363E36A32
:10EBF00077EE877A0233C4ED097AE362FDF740FAD3
:10EC0000E06309A8F0F702FB0BB0F0BD0000484339
:10EC100000E0FF44000048427FB5194B1D680446E0
:10EC2000686800264FF0040C0368CDE9006C1E688C
:10EC3000144BB047606408B303689B6A98472C2262
:10EC4000014603A8F0F7DCFA606C03680A21DB6C6C
:10EC500098472046FFF7ACFEA86A03680A215B6864
:10EC600098472046FFF70CFFE46B03A8003C18BF51
:10EC70000124F0F7CBFA204604B070BD0446FAE751
:10EC8000E8100020801A06002DE9F04F87B00446F6
:10EC9000FFF7B0FC0546D0B1404E032516F8012B16
:10ECA00003922046FFF79EFC039A01462046FFF799
:10ECB000B3FF00284AD1013DF0D1032094F8202071
:10ECC0003749EDF7AFFF002007B0BDE8F08F354BB7
:10ECD000D3F80080D8F8040003689B6898474FF089
:10ECE000010A06460AFA05F333420DD0DFF8AC906C
:10ECF00003275FFA85FB19F8012B59462046FFF7D9
:10ED00008BFF18BB013FF6D10135202DEAD1D8F891
:10ED100004000368DB689847002506464FF00109A8
:10ED200009FA05F333420DD0DFF8708003275FFA4C
:10ED300085FA18F8012B51462046FFF76DFF28B9D8
:10ED4000013FF6D10135202DEAD1B6E7606C0221F2
:10ED5000FDF7FCFA636C20469968FFF755FC626C7E
:10ED60001149137A527A0092DB0894F82020062089
:10ED7000EDF758FF606C03680221DB6C9847606C0C
:10ED800004940368DD6A094B059306AB13E90C0094
:10ED900044F62061A847012096E700BFF46C030801
:10EDA000886C0308E8100020A46C0308D9ED010862
:10EDB00010B5036C04461BB9BDE81040FFF7F8BD61
:10EDC000FDF75EF9236CC01A0A2804D92046FFF724
:10EDD00057FE2046F0E710BDFFF7EABF10B5054B20
:10EDE00003600446406E10B103685B689847204694
:10EDF00010BD00BF686D030837B5044640F20D1220
:10EE00000D46011D01A8F0F7DFF9FDF739F9E36BB5
:10EE1000C01A642818D8A36B6BB107EE903AD4EDF2
:10EE20000C6AF8EE677A002386EEA77AA3630023C4
:10EE3000236384ED097A636A2B60012401A8F0F74B
:10EE4000E5F9204603B030BD0024F7E737B50446A6
:10EE50004FF490720D46011D01A8F0F7B5F9FDF7CA
:10EE60000FF9E36BC01A642818D8636B6BB107EE17
:10EE7000903AD4ED0B6AF8EE677A002386EEA77A13
:10EE800063630023E36284ED0A7AA36A2B600124A2
:10EE900001A8F0F7BBF9204603B030BD0024F7E726
:10EEA00010B50446FFF79AFF2046F0F701F8204618
:10EEB00010BD000038B504461D46FFF779FB034B33
:10EEC000236084F86250204638BD00BF686D030897
:10EED0002DE9FF411E230546406E8DF80D30026876
:10EEE0000023009314690DF10D010122A04704468F
:10EEF00018B9002004B0BDE8F0811D4B1B68986A6A
:10EF0000036805215B68984705F14008A02647463D
:10EF1000686E02230DF10E023146FDF779FA0028E2
:10EF2000E8D0BDF80E305BBA9AB20236002AF6B2CB
:10EF300018BF0024B02E28F8023BE9D1002CD8D10C
:10EF4000B5F84E3003F00F0423F0FF03A5F84E3060
:10EF50003846FDF787FB8442054604D00246214629
:10EF60000448FBF789FF631B58425841C2E700BFC2
:10EF7000E8100020F86C03082DE9F04F8BB047F241
:10EF80007673DFF834A1DFF834B1ADF818300446F9
:10EF9000002794F86230FF2B01D0BB427CD1DAF815
:10EFA00000305D682B6820461E68FFF71BFB06AB30
:10EFB0004FF0000813F807900423CDE900830146C1
:10EFC0005B464A462846B0476066002864D003681E
:10EFD0009B6A984708AE01464D223046F0F710F97B
:10EFE000606E03680521DB6C98472046FFF770FFD1
:10EFF000054600284DD094F8202003922046FFF7C4
:10F00000F1FA039A2949CDF8009003460620EDF75E
:10F0100009FE3046F0F7FAF8606E03689B6A98477D
:10F020005F22014607A8F0F7EBF8606E54238DF8D5
:10F0300017300368CDF8008001221F690DF1170118
:10F040004346B84784F85080FDF712F80321E06585
:10F05000606EFDF77BF9636E20469968FFF7D4FA7E
:10F06000606E03680221DB6C9847606E0368DF6A9C
:10F070000F4B0894099396E80C0043F2D401B8476B
:10F0800007A8F0F7C3F828460BB0BDE8F08F0127BA
:10F090007FE73046F0F7BAF8002FF8D094F8202038
:10F0A00004490320EDF7BEFD0025ECE71C6D0308C5
:10F0B000A5F20108446D0308E8100020801A06003C
:10F0C00007B50323406E01AA0021FDF7A1F948B15D
:10F0D0009DF805009DF80430000240EA03409DF8C9
:10F0E0000630184303B05DF804FB000010B52DEDA9
:10F0F000048BB0F84A30D0ED167AB0F84410DFED4A
:10F10000389A9FED389ADB0108EE103AF8EEE77A6C
:10F11000B0F84C30B8EEC88A044637EEC88A07EE1D
:10F12000903AF8EEE77AB0F8483067EE887A82B025
:10F1300008EE903A4804C90BA7EEA99AEBF72EFE09
:10F14000F8EEE88AB4F846309FED277ADFED276ABB
:10F1500068EE888A07EE900AE8EE877ACC22211DB5
:10F1600007EE103AB4F84230B8EEC77ADB0327EE68
:10F17000088A07EE103AB8EEC77A01A8A8EE267AF8
:10F18000D4ED156AF8EEE66A26EE877AD7EE297A8C
:10F19000B0EE678AF0F718F8DFED157A94ED0C7A87
:10F1A000DFED146AA36B68EE277A0133A7EEA67A27
:10F1B000A363636BD4ED0B7A84ED0C7A9FED0E7A2A
:10F1C000E9EE077A01336363C4ED0B7AFCF758FF6D
:10F1D000E06301A8F0F71AF802B0BDEC048B10BD93
:10F1E000000000350000FA440000003D0000003C33
:10F1F000000000387A81303F0AD7233C30B50446FE
:10F2000085B0FCF735FFE36DC01A42F20F739842E8
:10F2100013D92046FFF754FF04F16101034670B98A
:10F22000606E0268009315690122A84710B1FCF7CF
:10F230001FFFE065012384F8603005B030BD94F80D
:10F24000602022B994F86120542A22D1A06594F854
:10F250005020606E00239A420CBF5422442284F84E
:10F26000603084F861200268009315690122A84784
:10F270000028DFD0FCF7FCFE94F85030E065013345
:10F280000522B3FBF2F202EB82029B1A84F85030A3
:10F29000D3E7442ADBD1606520460391FFF726FFC0
:10F2A0000399D4E7FFF7AABF10B5054B03600446E6
:10F2B000006C10B103685B689847204610BD00BF22
:10F2C000946D030837B5044640F233120D46011D14
:10F2D00001A8EFF779FFFCF7D3FEA36BC01A6428EF
:10F2E00018D8A38D6BB107EE903AD4ED0C6AF8EE06
:10F2F000E77A002386EEA77AA3850023236384EDB3
:10F30000097A636A2B60012401A8EFF77FFF20468A
:10F3100003B030BD0024F7E710B50446FFF7C4FF83
:10F320002046EFF7C5FD204610BD00001FB50B0AB3
:10F33000006C8DF80C308DF80D10026800230093DE
:10F34000146903A90222A04704B010BD00B5B5EEB0
:10F35000C00AF1EE10FA2DED068BB0EE408A48BFE0
:10F36000B1EE408AB5EEC08A4CBFBFEE009AB7EE50
:10F37000009AF1EE10FA83B07DD9404B1B68002B48
:10F3800076D01A7C002A73D05A7C242101FB0233E8
:10F39000D3ED098A036801A91B69984708B9384B5E
:10F3A00001939FED387ADDED017A77EE877A9FED54
:10F3B000367A67EE877A88EEA7AADFED347AB4EE64
:10F3C000E7AAF1EE10FA4CDBDFED310AB0EE480AA5
:10F3D0000AF07CFBF7EE008A9FED2E7ADFED2E6AB5
:10F3E000DFED2E0AF0EE687AE0EE077A9FED2C0A48
:10F3F00086EEA77ADFED2B7A77EEC77A9FED2A7A31
:10F4000067EE877AC7EE8A9AF5EEC09AF1EE10FAA7
:10F4100048BFDFED269A89EE800A0AF057FB30EEEE
:10F42000280AC8EE807A78EEE78ADFED217AA8EE26
:10F43000A78ADFED207A88EE270A30EE007AB0EE58
:10F44000408AF1EEC77A9FED1C7AE9EE877AB6EE34
:10F45000007A67EEA77A97EE878A30EE080A20EEE8
:10F46000098AB0EE480A03B0BDEC068B5DF804FBD8
:10F47000DFED128A8EE79FED0D8AF2E7146300201C
:10F480000000C8413393884348A18F4300000034F3
:10F49000ECDD2F3F0494613B627096439D2C9D3FB1
:10F4A000366E994A0A679643B81EA53F00000000D1
:10F4B000B3E0D94BCDCC9C3FE5D0073D82E6C547B4
:10F4C00037B504464FF490720D46011D01A8EFF7C1
:10F4D0007BFEFCF7D5FDA36BC01A64281DD8E38D15
:10F4E0006BB107EE903AD4ED0D6AF8EEE77A00239F
:10F4F00086EEA77AE3850023636384ED0A7A94EDB0
:10F500000A0A2046FFF722FF012485ED000A01A820
:10F51000EFF77CFE204603B030BD0024F7E7000083
:10F5200030B50A44FF248A4211D011F8010B082596
:10F53000444014F0800F05F1FF354FEA440418BF32
:10F5400084F0310415F0FF05E4B2F2D1EBE7E31AE1
:10F550005842584130BD000070B52DED028B044675
:10F56000006C86B003680622009200221D691146D5
:10F5700004ABA8470646FCF783FD054666B9A06BB9
:10F58000281AC82804D943F215612046FFF7CEFE99
:10F5900006B0BDEC028B70BD9DF81230022204A9AA
:10F5A0002046FFF7BDFF0028F2D09DF8153002225B
:10F5B0000DF113012046FFF7B3FF0028E8D0BDF896
:10F5C00010309FED197ADBBA07EE903AA38F06EE62
:10F5D000903ABDF81330F8EE666AF8EEE77ADBBAD7
:10F5E000C7EEA68AB222211D03A807EE903AF8EED4
:10F5F000E77A87EE878AEFF7E7FDE38DA5630133AE
:10F60000E385A38D0133A38503A894ED0D7AD4ED92
:10F610000C7A37EE287A77EE887A84ED0D7AC4ED8D
:10F620000C7AEFF7F3FDB3E700004843FFF794BF10
:10F630002DE9F04F714BDFF8D0A11A889B7889B083
:10F6400004AE8DF812306E4BADF810201F68039693
:10F65000044603254FF0040BD7F80490D9F8003086
:10F660001B6820461E46FEF7BDFF4FF0000801460E
:10F670000398CDF804B0CDF8008010F8012B03906A
:10F6800053464846B0472064C8B103689B6A984710
:10F6900003689B689847206C03680A21DB6C9847D5
:10F6A00043F6F9712046FFF741FE236C1A68926A0F
:10F6B00000282BD1184690470368DB6898474FF025
:10F6C00000088EE0B8F1000FC6D094F82020E3695E
:10F6D00003EB821301259D64206C0621FCF736FEA6
:10F6E000236C20469968FEF78FFF206C0368022187
:10F6F000DB6C9847206C0368DE6A424B05940693E6
:10F70000224644F62061B047A84673E01846904769
:10F710000368DB689847B86A036844F620619B6811
:10F720009847206C03689B6A984703689B689847D2
:10F7300043F215612046FFF7F9FD236C1A68926ABF
:10F740000028B7D0184690470368DB689847B86A26
:10F75000036844F620619B689847206C03689B6AA5
:10F76000984703689B689847206C092203680092B9
:10F77000D3F81090424605AB4146C847D4F84090B4
:10F7800028B9D9F8003048469B6A984794E79DF815
:10F790001630022205A92046FFF7C2FE0028F0D04D
:10F7A0009DF8193002220DF117012046FFF7B8FE2F
:10F7B0000028E6D09DF81C3002220DF11A012046E7
:10F7C000FFF7AEFE80460028DBD0BDF81A305BBAEA
:10F7D000A387D9F8003048469B6A98470368DB68DE
:10F7E0009847013D15F0FF057FF46CAFB8F1000FAD
:10F7F0007FF46BAF404609B0BDE8F08F886D030819
:10F80000E81000202DF60108801A060010B5054901
:10F810000446F2F7E5FC044B4FF0FF321A60204635
:10F8200010BD00BFD46D03086C45002010B5B0F9C1
:10F830000030B0F902209A42044626DDC28922B384
:10F8400007EE902ADFED140AB8EE671ABA20F0F737
:10F8500093FCE28994F9063007EE102ABBB9B4F99B
:10F860000030B4F90220D21A07EE902AF8EEE77AB7
:10F87000B8EE477A27EE800AC0EE077AFCEEE77A08
:10F8800017EE900A184480B200E098B210BDF8EE6E
:10F89000C77A37EEC00AE2E70000000010B5C3895E
:10F8A00004460BB9808810BD90F906200AB1B1EE6C
:10F8B000400A5A4207EE903A00EE902AB8EE671AD4
:10F8C000F8EEE00ACA20F0F757FCE389B5EEC00A6B
:10F8D000F1EE10FA07EE103AB4F9043013DDB4F982
:10F8E0000220D21A07EE902AF8EEE77AB8EE477AAD
:10F8F00027EE800AC0EE077AFCEEE77A17EE900A50
:10F90000034498B2CFE7B4F900209A1A07EE902A80
:10F91000F8EEE77AB8EE477A20EE670AC0EE077A8B
:10F92000FCEEE77A17EE900A1B1AEAE7037BDB0787
:10F9300001D5FFF7B3BFFFF779BF0000C37C03B168
:10F940003AB1044A4181417B01238B4011680B434A
:10F95000136070476C45002010B5C38907EE903ADC
:10F96000F8EEE77A044627EE800AFFF7DFFF002271
:10F9700001462046BDE81040FFF7E0BF037BC18190
:10F9800023F0030343F0030303737047037BC18138
:10F9900023F0030343F0020303737047552813DC7D
:10F9A000442806DC1E3880B20A288CBF00200120C3
:10F9B00070474538012380B203FA00F0044B184227
:10F9C00014BF012000207047A03880B21328ECE754
:10F9D00033F0010010B5427B012393400B4A1268BB
:10F9E0001342044609D1B0F90800FFF7D7FF10B160
:10F9F000074B1B7813B9E37C13B110BD9FED050ACB
:10FA00002046FFF793FF6081F7E700BF6C450020B9
:10FA1000582F00200000000010B503490446F2F7FB
:10FA2000DFFB204610BD00BF486E030890ED120AB0
:10FA30007047000090ED130A70470000B0F85400C2
:10FA400070470000B0F856007047000090ED040ABF
:10FA50007047000010B52DED028B044682B000F116
:10FA60002001782201A8EFF7AFFB237D53B994ED75
:10FA7000028A01A8EFF7CAFBB0EE480A02B0BDEC5B
:10FA8000028B10BD07EE903A94ED067AD4ED076A2A
:10FA9000F8EEE77A002387EE278AA361E36100236B
:10FAA000237586EEA77A84ED028A84ED037AE0E777
:10FAB000F7B506460F4640F2063200F1980101A85C
:10FAC000EFF782FB0025331D53F8042B9AB9382039
:10FAD000EFF7E6F9044628B10D4B0360878020302C
:10FAE000FAF7C2FF06EB85056C6001A8EFF78EFB05
:10FAF000204603B0F0BD0135102DE5D1054B064978
:10FB00001B68986903681B6898470024EDE700BFED
:10FB1000EC6E0308E8100020986E0308FF2937B543
:10FB200004460D461ED0B0F904308B4217D0672929
:10FB300003D0A1F10F03012B14D8EB2204F1200113
:10FB400001A8EFF741FB00230022A580A361E36138
:10FB500022752361A360E36001A8EFF757FB012042
:10FB600003B030BD0020FBE738B5104B83421BD1FA
:10FB70000F4B1C682021204609F08AF90D48231DEF
:10FB80002434016833F8045C0A682A440A60016876
:10FB900033F8025C4A6804332A44A3424A60F0D135
:10FBA000054A13680833136038BD00BF186300208E
:10FBB00078450020704500207445002070B51C4B2E
:10FBC0001C4E1B680446D86A036800229B6C2021E7
:10FBD0009847306040B3082008F098FF164B186033
:10FBE00010B304F158050021144807F07FFC4022AF
:10FBF000002128460BF08CFC012384F858300223A6
:10FC0000A4F85A300E4BE3654FF4005363660D4B76
:10FC100032680A484FF4FC11C4E92113294608232D
:10FC2000BDE8704007F070BC0748FCF7FBF900BF67
:10FC3000E81000207845002070450020186300205F
:10FC400069FB0108C0030100B06E0308FFF7B6BFEF
:10FC50008388DFED057A9FED050A0F3B9BB2012BF0
:10FC600098BFB0EE670A70473333533A6740533A50
:10FC700008B52DED028BFFF7EBFF03681B68B0EEB4
:10FC8000408A984728EE000ABDEC028B08BD0000B0
:10FC900010B503680446DB6898472046FFF7D8FF95
:10FCA000D4ED037A20EE270A10BD000008B52DED33
:10FCB000028BFFF7CDFF03685B68B0EE408A984780
:10FCC00028EE000ABDEC028B08BD000010B52DED3A
:10FCD000028B82B0044600F12001FB2201A8B0EEA5
:10FCE000408AF0EE608AEFF76FFAF0EE087AF4EEF1
:10FCF000E78AF1EE10FA5CBFB1EE040A28EE000AC2
:10FD0000237DD4ED077A94ED067A84ED048A58BFFA
:10FD1000C0EE286A03F10103DBB223754CBF38EE55
:10FD2000270A36EEA70A38EE077AFE2B84ED067A0C
:10FD300084ED070A0BD1F6EE007A27EE277A20EE43
:10FD4000270A7F2384ED067A84ED070A237501A82C
:10FD5000EFF75CFA02B0BDEC028B10BD30B530237A
:10FD600083F3118819B1002383F3118830BD0A4C45
:10FD70000A4B20681D680068B0FBF5F01060206831
:10FD80001D684468B4FBF5F454600160416019607B
:10FD900081F31188EAE700BF704500207445002018
:10FDA0002DE9F04F2DED028B83B00B1E00AF0CBF81
:10FDB0004FF002084FF000087B60B8F100036A467C
:10FDC00018BF0123A2EBC3039D46E9464A460446F9
:10FDD000FFF7C4FF9FED1C8A0025EBB298452CD994
:10FDE0001A4B261D04F1440A03EBC50B56F8040B0D
:10FDF00098B17B68ABB99BF80110B0F904C06145BC
:10FE000011D1FF2909D059F82530D4ED120A07EE97
:10FE1000903AB8EE670AFFF759FF5645E6D101352B
:10FE2000DBE7FF21E9E7BCF1670FF6D194ED140A97
:10FE3000DFED070A80EE080AEDE70C37BD46BDECA2
:10FE4000028BBDE8F08F00BF6740533AD46E0308C1
:10FE500000000000B0F854305BB133F0200308D04C
:10FE6000084B1B68DB6A93F89C30002B0CBF002307
:10FE70002023B0F85620A0F854301A43A0F856209A
:10FE8000704700BFE810002010B50446FCF7F0F8FA
:10FE9000636C42F20F72C31A934208D96064204621
:10FEA000FFF7D8FF0021BDE81040FFF779BF10BD74
:10FEB0002DE9F7432C4E0546071DFCF7E3F82C6AA5
:10FEC00080468946FCB1D4E90423904579EB0303CD
:10FED00017D3D4E90412884579EB020306D3E3680B
:10FEE0005B1842F10002C4E90432F2E745223946C8
:10FEF00001A8EFF769F9D4E90103984701A8EFF7E2
:10FF000085F92468DEE7FCF7BDF82A6A234692B13A
:10FF100054EA0308D2E904EC03D0A6457CEB0308BD
:10FF200007D2704571EB0C0804460B463CBF744683
:10FF300063461268EBE7844273EB01024CF25032E5
:10FF40000AD3241A63EB0103944273F1000303D232
:10FF5000642C224638BF64223368986A036891B2E1
:10FF60009B689847A9E700BFE810002038B5044611
:10FF70000D460430FAF778FD04F1340084F824507B
:10FF800000220A2108F096FF04F1380000220A211D
:10FF900008F090FF204638BD2DE9FF4102AF87E809
:10FFA0000C0090F82C30DDF8288005460E464BBB3F
:10FFB000012380F82C30C0F83080072008F0A6FD1F
:10FFC0000446A0B398F8083003F00702012A10D0C5
:10FFD000022A14D0184B95F82420009521464FF49E
:10FFE000B66008F0EDFDA86260B914482146FCF740
:10FFF00019F8134ADB080721FAF7DEFEEAE7114A8F
:020000040802F0
:10000000DB08F8E71820EEF74BFF044678B1031D34
:1000100097E8030083E80300E660FCF733F8301844
:1000200041F10001C4E904012B6A23602C622046DF
:1000300004B0BDE8F08100BFB1FE0108306F0308D5
:10004000246F03082A6F030838B5094B1446DB6890
:10005000826A9A420D4609D1CC60FCF713F8201849
:1000600041F10001C5E90401012038BD0020FCE791
:1000700010720020F8B51E461B6805460C46174650
:100080001BB9236863B9012408E0BDF81820806B10
:10009000314608F027FF0028F3D100242046F8BDA0
:1000A0002146686B3A4608F057FF04460028EAD11B
:1000B0003368002BF1D0A86B08F086FFEEE7000054
:1000C00038B50D46114604461A4611B1806B08F04A
:1000D00035FF2DB1606B2946BDE8384008F06CBF94
:1000E00038BD00007047000000207047B0F94C0098
:1000F00070470000B0F94E0070470000012380F8FF
:100100005430704780F855107047000090F8543014
:1001100013B190F8300070471846704737B590F823
:10012000543004460D46ABB190F83030122BA8BFC6
:10013000122399420EDA00F13401612201A804EB86
:100140004504EFF741F801A8A488EFF75FF82046CF
:1001500003B030BD0024FAE737B590F85450044698
:10016000A5B100F134014A2201A8EFF72DF8D4E936
:100170000A51226D0023994208BF9542C4E90A231F
:1001800001A814BF01250025EFF740F8284603B069
:1001900030BD000073B590F8544005460E468CB152
:1001A000122A28BF122200F13401144601A871223C
:1001B000EFF70AF86200291D30460BF05FF901A83D
:1001C000EFF724F8204602B070BD00000020704711
:1001D0009FED010A704700BF0000C8420020704731
:1001E00000207047704700007047000000207047F3
:1001F00070470000002070477047000090F814011D
:1002000070470000D0F824017047000090F840309B
:10021000D940D0F828310B43C0F82831704700008E
:10022000012380F815317047002380F8153170479D
:1002300080F8FC1070470000F0B590F84070134B48
:10024000F9404FF0020C00204FF0010E1A1F154626
:10025000002415F8016B0EFA06F60E4218BF0124B1
:100260009D42F6D144B112F8014B0EFA04F40C424F
:1002700008BF20439A42F6D1BCF1010F03F5887301
:1002800001D1B840F0BD4FF0010CDFE785450020FB
:100290000F299FBF90F84030C91AC9B2343194BFBA
:1002A00030F81100002070470F299ABF00EB410081
:1002B000B0F8440000207047102A28BF1022F8B57B
:1002C00005460E4617460024E1B28F4207D92B6837
:1002D00028461B6C984726F814000134F4E7F8BD53
:1002E00010B50B4B93F86C00012881BF5C6F0A6856
:1002F00022430A6093F87C4198BF0020012C05D965
:100300000A68D3F884311A430A60204610BD00BF42
:100310008045002090F84030D940C0F86011704707
:10032000012380F81631704700207047012380F8C0
:100330005231184670470000022380F8523170474E
:10034000704700007047000003680BB108F0D0B997
:100350007047000038B50C46302383F31188D1F87C
:10036000FC000025C1F8085128B1D1F8F81007F0B9
:10037000D9FCC4F8FC50002383F3118838BD000079
:1003800008B50846302383F31188064B01224FF449
:10039000806183F82C2007F0C5FC002383F31188CB
:1003A00008BD00BFA0470020F8B50D4C05460E461D
:1003B0000227236FD5F8182113420AD14BB1A36845
:1003C000B3FBF6F194F88630E16013B1206D07F0CD
:1003D00045F9012F04F5887400D1F8BD0127E8E73D
:1003E0008045002010B4102A90F8404028BF102209
:1003F00094420B460AD2121BD2B200F1680152009D
:1004000003EB44005DF8044B0BF038B85DF8044B87
:10041000704700002DE9F04F434B85B0D3F800B092
:100420008046DBF82800036802AF5B6B0D4616467A
:100430009847786058B93D4BDBF82C003246294686
:10044000EFF73EF801200C37BD46BDE8F08F98F875
:1004500040A00AF10F0101F4FC71ADEB010D0DF1AB
:1004600008090AF10802002148463A600BF050F8EA
:100470002F483A680224002390F86CE0BEF1000F88
:1004800011D0411D00F1010C39601CF8011BFF293E
:1004900006D05144C9B28A4284BF09F801E07B68A2
:1004A00039686145F1D1012C00F5887006D1DBF87F
:1004B0002C002BB91F4B32462946C1E70124DBE74C
:1004C00032461D4B2946EEF7FBFF002298F84030DC
:1004D00003F108018C4215D209EB040319F804104A
:1004E00013F8013C99420AD043B10132D2B20092D2
:1004F000019432462946404604F050FA224601341F
:10050000E4B2E3E70733DBB219F80330002B99D0EC
:100510000132C9B2D2B20191009229463246404618
:1005200004F03CFA8EE700BFE8100020806F03085B
:1005300080450020946F0308A06F030870B5294C14
:10054000FBF798FD2268A57922F00F0302F00F0255
:100550001B6923FA02F202F0010315B1A27B9A4251
:1005600019D1012293B14FF400736381A273302338
:1005700083F311881C48FFF7E7FE20694FF4806180
:1005800007F0D0FB002383F3118803E0A271A08061
:100590002381A37370BDA189A2884E08821A16FA1E
:1005A00082F2B2FBF1F2D2B20A2A164628BF0A261C
:1005B00053B94FF0FF31A9404FF0FF35B54021EA64
:1005C0000501258929432181092AA671E1D92289BA
:1005D000A080C2F309026281002222810122A2715D
:1005E000A373C4E7A0470020B4470020022980F885
:1005F0001411094A09480A4B01D0042906D10B21DC
:1006000001600421116008221A607047082101600E
:10061000032111600622F7E7E40E0020EC0E002013
:10062000E80E0020642A70B526D929B31E4C94F830
:100630006C30023B022B1FD994F87C31023B022B19
:100640001AD911FB02F39BB2B3F5487F1DD34C1EA0
:10065000E4B214FB02F4B2F5805F1646A4B2B8BF50
:100660004FF48056012913D9B34211DD0139A51A7F
:100670002346C9B2ACB2F5E700234FF47A72C0E961
:100680003623002380F8E03070BD0131C9B2D8E7CD
:10069000064AB2FBF3F3C0F8D830002380F8E0102C
:1006A000C0F8DC30F0E700BF8045002040420F007A
:1006B0002DE9F04F90F8513187B00546002B40F0FE
:1006C0009C80544C02274FF00108524B524A84F848
:1006D0006C80E31A1B115343DBB208FA03F3C4F82E
:1006E000F83004F1010A00264FF0FF0B1AF8019BC5
:1006F00095F840004844C0B2F8F766FFE0B10AF848
:1007000001BC1AF8013CFF2B0FD095F841100133C2
:10071000DBB28B42B8BF0B4685F841301AF8013C7A
:1007200008FA03F1236F0B4323670136F6B2042E58
:10073000DCD12EE00127C8E795F840004844C0B25C
:10074000F8F77CFC8A285BD10023FF22236784F81A
:100750006C3062706361A270E361E2706362227167
:10076000E36295F840002D4B226D1B6803924844CC
:10077000C0B2D3F82CB0F8F761FCA0F18A0358425C
:1007800058410090039A334604F10801584604F09A
:10079000D7F8236F33B1206D04F1080106F03CFF58
:1007A00084F886800026012FC4F8B06004F58874B0
:1007B000C0D105F59C7007F079FB95F840102B68C7
:1007C000C5F8E46007FA01F1013981F47F415B6803
:1007D000322281F0FF0128469847104B85F852716C
:1007E0001B680F4A986A05920368049506AA12E9E5
:1007F00006005B6A984785F8517107B0BDE8F08F35
:1008000095F840004844C0B2F8F718FC8B287FF4F4
:1008100078AF99E780450020F1F0F0F0E810002073
:10082000A51C020813B53023044683F31188836F97
:100830005A68136823F00F031360836F197C1A68DA
:100840000E238B40536090F890305BB10B4B1869CE
:1008500040B14FF4806107F065FA002383F31188FB
:1008600002B010BD04F1B0000190FFF76DFD044A25
:1008700001982346322107F031FFEEE7A047002020
:100880005503020813B530230C4683F3118891F801
:10089000E13091F8E020013393420DDA01F1E400F8
:1008A000B1F8D810CDE90001FFF74EFDDDE90001F8
:1008B000064A234607F012FFE0684FF4005107F0A4
:1008C00031FA002383F3118802B010BD85080208B5
:1008D00010B5044690F86C0004F09EF888B1FBF760
:1008E000D1FBD4E92632C01A61EB0201D4E92832E7
:1008F000323342F10002834272EB010334BF012024
:10090000002010BD01444A78FF2A07D001239340FC
:10091000426F134214BF012000207047002070472F
:1009200070B5054688B000F11401B32205A8EEF7B2
:100930004BFC95F82C40BCB90E4B06951B68986A89
:1009400003681E6D0C4B079307224FF48073CDE9AB
:100950000032029408AA12E90600084BB047044688
:1009600010B1012385F82C3005A8EEF74FFC204686
:1009700008B070BDE8100020652302084614030883
:100980002DE9F3478A4614460C9A01921E46DDE98A
:100990000A98FBF777FBDAE92657DAE92A3CB0EB4D
:1009A000050A61EB070E9A457EEB0C02019A25D2EF
:1009B000ED1847EB0C072D1A67EB0107B0EB040CA1
:1009C00061EB0603CC4573EB08031AD214EB090460
:1009D00046EB0806201A66EB0106A84276EB0703F1
:1009E00038BF28460A21EFF7F5FB4FF6FE7380B2B9
:1009F000984228BF184602B0BDE8F08700252F4670
:100A0000DCE700200646E8E70F2930B51AD890F851
:100A100040308B4216D8C91A0E48C9B20023457817
:100A20008D42DCB210D00133042B00F10100F6D16D
:100A30000948002310F8015BA942DCB207D001335A
:100A4000042BF7D1002001E00248147030BD0348A8
:100A5000FBE700BF80450020914600209046002023
:100A600007B50DF10702FFF7CFFF48B1036D5A68D4
:100A70009B681068B0FBF3F080B203B05DF804FB34
:100A80003220FAE737B50DF1070204460D46FFF7AD
:100A9000BBFF58B194F84010636E6D1A012101FA42
:100AA00005F52B436366436F1D43456703B030BDB7
:100AB00073B50DF1070205460E46FFF7A5FF044684
:100AC00090B19DF80710006D06F0E4FD95F8401018
:100AD0006B6E761A012101FA06F623EA06036B66AD
:100AE000636F23EA0606666702B070BD2DE9F04326
:100AF000994685B090F851310C9E8DF807208046BC
:100B000003F0FF0723B90027384605B0BDE8F0839E
:100B10009DF80750002DF6D000230DF10B02C9B24D
:100B20008DF80B30FFF770FF04460028EBD000F182
:100B3000D00140F66B1203A8EEF746FB94F8C830DC
:100B40009D4294F86C3001D84B4517D0093B022BDD
:100B500049D9B9F10A0F15D009F0FD03092B3CD191
:100B600094F8C8309D4294BF04F1C8030DF1070307
:100B70001B7884F8CA90DBB284F8C83003A8EEF77B
:100B800045FBC1E794F8C83002359D42D8BF94F8C0
:100B9000C8504FF00A03D8BFEDB2EDB284F8CA30A6
:100BA000002384F8C85084F8C930601C012510F86F
:100BB000011B98F840200A4405FA02F232421EBF97
:100BC00094F8C91005FA03F20A4303F1010318BFB0
:100BD00084F8C920042BEAD1D0E7002784F8C87034
:100BE00084F8CA70CAE70027C8E70000F7B590F894
:100BF0005131064603F0FF0553B303697BB30DF192
:100C00000302C9B2FFF700FF044630B300F1D00180
:100C100040F67D2201A8EEF7D7FA94F8C830D3B198
:100C200094F86C30093B022B15D894F8CC3003F0C3
:100C3000FF0753B1012384F8CB30306986F8643163
:100C40004FF4004107F084F83D4601A8EEF7DEFAC4
:100C5000284603B0F0BD0025F7E70546F8E71D4636
:100C6000F6E7000010B508460C4603F0D5FE28B99B
:100C7000A4F1090002288CBF0020012010BD000053
:100C80002DE9F8430C4691F86C10FFF7EBFF014695
:100C900000286AD1D4F88C2094F86C5093B2B3F544
:100CA000C87FD4E902C626D8314B3248032D08BF8D
:100CB0000346206DA3604768DFF8B4E043693F68EE
:100CC000B3FBF7F3013BB3F5803FD4F8088006D2BD
:100CD00047683F6803FB07734769BB420DD0F04587
:100CE0000BD94FEA5803A360476843693F68B3FBD9
:100CF000F7F3013BE7E71F4BDBE7023D012D1FD870
:100D00000022E260234604F120074FF0100E4FF05E
:100D100001095D69022D17D1C3F814900121083330
:100D2000BB42F6D1C44594F8863012D1964210D118
:100D300093B179B9E168206DBDE8F84306F08EBC47
:100D400092B2B8FBF2F2DCE7202DE8D1C3F814E050
:100D5000E4E70BB106F072FC206D04F1080106F027
:100D60005BFC012384F88630E4E7BDE8F88300BF2C
:100D700040420F0000127A002DE9F84390F840300D
:100D800031FA03F80546164622D0134C04F50879CB
:100D9000B6F5C87F1ED994F86C30042B0CBF3746CB
:100DA0004FF4C877236F18EA030F0DD02146284669
:100DB000C4F88C70FFF764FF322F81BFD5F818316B
:100DC000226F1343C5F8183104F588744C45DFD100
:100DD000BDE8F8833746E5E780450020F0B5FF23FE
:100DE000164685B04A1C4F1D002512F8014BFF2CFA
:100DF00009D090F840C06444E4B2A34228BF23461F
:100E0000A54238BF25469742EFD15A1CAB4291F814
:100E10006C1003920AD103F0B5FD039A09490096BC
:100E200003460320EBF7FEFE05B0F0BD03F0AAFD7C
:100E3000039A0549CDE900066B1C0320EBF7F2FE8F
:100E4000F2E700BFA86F0308B86F03082DE9F04F61
:100E50001E468BB0CB6FBDF85490DDE916AB07464C
:100E60000C46904623BB5A4B0690CDE90730594BB0
:100E700009931420EEF714F8054670B10AAA12E996
:100E8000030001AB83E80300079B009394F856101E
:100E9000069BFF222846F9F70BFEE56745B94E4A47
:100EA00038462146FFF79AFF00200BB0BDE8F08FCF
:100EB000E06FF9F763FFD4F8801069B1B4F88420CB
:100EC0004A451DD0454B1B68D86A0368DD6C00237A
:100ED000A8470023A4F88430404B1B68D86A0368F5
:100EE00000229B6C494698470546C4F8800028B903
:100EF000E06F0121F9F72EFE394AD1E7A4F884907A
:100F000094F88630C4E92AABC4E928AB2BB1206D34
:100F100006F094FB002384F88630236D9DF8602052
:100F2000586906FB08F8414603F07CFD431EB3F503
:100F3000004F05D3E06F0121F9F70CFE294AAFE716
:100F4000276D431C7A69B2FBF3F24FF48073E364BC
:100F5000002363649DF85030A260002B02EB58021E
:100F6000B2FBF8F1C4F8881006FB01F1E16015BF8F
:100F70000125022510202020234604F120015A6972
:100F800022B1202A01D0102A20D158610833994279
:100F9000F5D104F10801384606F03EFB012384F840
:100FA00086300025E9B220460591FFF7ABFC059994
:100FB00018B1206D002206F05DFB0135042DF1D142
:100FC000E06F0121F9F7C6FD01206EE75D61DDE705
:100FD0007D140208C1140208D06F0308E810002035
:100FE000E76F0308057003082DE9F0472DED028B2C
:100FF000044690F84000091A9046CAB2364923FACE
:1010000000F791F86C000123042886B003FA02F37C
:1010100002D0086F034208D191F87C01042830D037
:10102000D1F880110B422CD02C49481C002310F819
:10103000015B954208BF81F802310133DBB2042B1A
:10104000F5D1254E21639FED228B06F5087A4FF4EA
:101050009879336F3B4221D0E26B13401ED1CDE92A
:10106000003904938DED028B0A2342463146204617
:10107000FFF7ECFE054688B9236820469B6F98472A
:1010800006E0256B25B1236820469B6F9847002515
:10109000284606B0BDEC028BBDE8F08706F58876E1
:1010A000B245D6D10E4DEB6863639B6BA363E36BD4
:1010B0003B43E363FF2007F0E9F9236B094AB2FBE6
:1010C000F8F2A3F80021084BEA681A610125DFE76E
:1010D0000A0000000000000080450020904600202B
:1010E0001072002040420F00A0470020F8B500F524
:1010F0009C750446284606F03DFF002859D0FAF7B3
:10110000C1FFD4E94C37B4F84E21C61A61EB070190
:10111000964271F1000109D2264909688E6A9B182E
:1011200032681B1A926899B230469047302383F395
:101130001188214B214A1869214F022116464FF090
:10114000010C90B992F86C30023B012B0DD8931B27
:101150001B1194F84CE17B43DBB22EFA03F3DB075F
:1011600042BF136DDB69C3F814C0012902F5887210
:101170001DD1002383F31188236B7BB90D4B1B68B2
:10118000986A03681B6C984710B994F8FC302BB12F
:10119000E06818B14FF4006106F0DAFDFAF772FF6B
:1011A000C4E94C012846BDE8F84006F0EDBE012137
:1011B000C7E7F8BDE8100020A047002080450020C8
:1011C000F1F0F0F02DE9F74F90F842108346002936
:1011D00000F0B1804FF0FF328A40416E574C21EA57
:1011E0000203574A00931268D06A0268D269904796
:1011F0004FF000098246C846DBF83020002A7DD136
:1012000094F88620002A79D04C4BE61A4D4B3611C3
:101210005E43F6B2012707FA06F6F6B2791EC9B2A6
:1012200020460191FFF76EFB002864D0009BE05D33
:1012300023FA00F2D3075ED500F13402BAF1010FB0
:101240003BF81250019909D19BF840200244DBF889
:101250005C010AFA02F2024208BF002594F86C0011
:10126000042821D1BBF806E0206DAE451AD2BBF8A8
:1012700008C08268AC4506D9A5EB0E056A43ACEB05
:101280000E0CB2FBFCF2019206F0F4F9019A15463D
:1012900094F86C00821E012A29D8A84548D346EA52
:1012A000090928E00022EEE703280AD1A268264BAC
:1012B000B2FBF3F26A43206DD20806F0DBF9ED08C9
:1012C000E6E7042808D8A2681F4B206DB2FBF3F2B2
:1012D0006A4306F0CFF9DBE703F09EFB20B994F8F0
:1012E0006C20093A022AD3D8D4F8A050D0E703F0F2
:1012F00093FB0028D1D10137052F8FD1134A04F574
:10130000887494427FF478AF40F6FC02904528BF81
:10131000904608F13208ABF84E818BF84C91B9F148
:10132000000F08D0584603B0BDE8F04FFFF7DEBE0F
:101330001FFA85F8B3E703B0BDE8F08F80450020C1
:10134000E8100020F1F0F0F040420F00A04700202C
:101350000F2930B42DD800EB4103A3F8442090F8B6
:101360004040A14225D390F85231012B05D1D0F84D
:101370005C518B402B4208BF002290F81631091BAC
:10138000C9B29BB101F1440420F8142090F8412027
:101390008A420ED990F8422001319142B8BF1146DD
:1013A00080F842102BB930BCFFF70CBF01F13404B8
:1013B000EAE730BC7047000010B590F816310446DB
:1013C0003BB9F7F72FFC40F246524FF48011F7F784
:1013D00015FC002384F8163104F1680204F1880337
:1013E00004F1A80153F8040B42F8040B8B42F9D125
:1013F0002046BDE81040FFF7E5BE000070B5D0E91B
:101400004C5655EA0603044611D0FAF73BFEB4F8F1
:101410004E31401B03F57A6361EB0601984271F18E
:10142000000304D32046BDE87040FFF75FBE70BDE7
:101430002DE9F8430F4CDFF840900D4602264FF09F
:101440003008E36FAB420DD1A76F5FB988F3118805
:101450000A2194F8560023464A4604F065FFA06727
:1014600087F31188012E04F5887401D1BDE8F88353
:101470000126E6E78045002025080208FFF7D8BFCF
:101480002DE9F0410D4C0D4602264FF030080027A3
:10149000E36FAB4209D1A36F3BB188F31188A06F12
:1014A00004F0A0FFA76787F31188012E04F5887464
:1014B00001D1BDE8F0810126EAE700BF80450020A8
:1014C000FFF7DEBF490089B20AB141F00101080A05
:1014D00080EA1110484080B20BB1C04380B200F0E6
:1014E0000F0040EA011080B270470000F0B5134CC5
:1014F000BDF814002768124C246847434443002079
:101500000860960001EB8205102013F4004F00F1F3
:10151000FF3014BFA446BC465B0080B2C5F800C0D3
:101520009BB235440028F0D102EB021302EBC20259
:1015300041F8230041F83200F0BD00BFE40E002066
:10154000E80E002038B58B6F15465A680B6DDB69C5
:101550000C464C3393602946D4F8800007F09AFC7F
:10156000A36FD4F880205B68DA60A36F5B68AD0876
:101570005D60A36FD968187C0A680F23834022EA54
:10158000030294F85730834013430B60A36F94F821
:1015900057105A6843F69A2343EA01431360236DB8
:1015A000DB6940F20D329A640123C4F80831A36F5D
:1015B0005A68136843F001031360FAF763FDC4E946
:1015C000260138BD2DE9F04F1F46644B1B6985B0DD
:1015D000DDE90E9805460C461646002B40F0BB8010
:1015E000D1F808311BB1043B012B00F2B480E06F4D
:1015F000F9F7C4FBFAF746FD821B61EB07034A4586
:1016000073EB080313D216EB090247EB0803161A13
:1016100063EB0107D4E92823964277EB030309D251
:10162000E06F012105B0BDE8F04FF9F793BA00264D
:101630003746EFE7EB68C4F8FC30494B1E68F06AA8
:101640000368DB699847F36A834693F89C30D4F8C3
:10165000800002934FF49872002109F059FF00278F
:1016600004F1010A4FF00109F9B22046FFF74AF9E7
:1016700000285ED01AF8076095F84080BBF1010F92
:10168000B04409FA08F804D1D5F85C3118EA030F20
:101690004FD006F1340335F81300002849D04FF439
:1016A000FA624FF47A7100B2EEF79CFD81B2A1F5B7
:1016B0007A71490040F2CF72D5F820319142A8BF2B
:1016C000114618EA030F89B20CD0B1F57A7F05D222
:1016D000511A89B22B79194489B205E039D0A1F5A4
:1016E0007A71F6E70029F5D1029BD5F86081002BCD
:1016F00009FA06F608BF002116EA080303934FF023
:1017000000030CBF1A4601222846FFF7DBFE039AAE
:1017100003461AB128EA0606C5F86061D4F88010BD
:10172000B4F88820009201EB870104222846FFF7D5
:10173000DDFE0137042F97D1D4F8F80006F0DCFA6B
:101740004FF498722146284605B0BDE8F04FFFF7E8
:10175000F9BE0021C8E705B0BDE8F08FA047002022
:10176000E81000202DE9F74F9846036BDDE90CAB3C
:10177000044617469BBBD0F80C3163B9D0F8000182
:10178000EDF77EFF0B2806D9D4F800010C2204F5F2
:101790008471EEF787F81A4D002605F5087928467A
:1017A000FFF796F8F0B194F81031FF2B03D02A6FB1
:1017B000DA40D20716D5D4F80C219AB194F8082152
:1017C0002946204600F032FF064605F58875A945F2
:1017D000E5D126B1D4F80C31013BC4F80C3103B08B
:1017E000BDE8F08F2846FFF773F80028EDD0CDE96B
:1017F00000AB3A46434629462046FFF7E3FEE4E7BE
:101800008045002038B50C46302383F311888B6F58
:101810005A68136823F00F0313608B6F197C1A68E2
:101820000E238B4053600023611C184611F8012BD6
:10183000FF2A06D0226DD26903F10C0502EB850266
:1018400050600133042BF1D104F1B000FEF77CFDB0
:10185000D4F8F80006F046FA0023C4F80831C4F8BA
:10186000FC3083F3118838BD2DE9F0472DED028B54
:1018700084B0224C9DF840809DED0E8B05461646A7
:101880001F46A4F5087994F87C11093902298CBF08
:1018900000210121414524D1D4F88C310BB39B7C2C
:1018A000FBB1B8F1000F25D1D5E9362304F5887ACC
:1018B000CDE9022351468DED008B32463B4628464A
:1018C000FFF75EF80146D4F8080206F099FA18B955
:1018D00051462846FFF796FFD4F88C010121F9F70D
:1018E00039F9A4F58874A145CDD104B0BDEC028BC3
:1018F000BDE8F08742F210720023D7E78045002050
:101900002DE9F04F3C4BDB68C3603C4B1D6887B052
:101910000446A86A03685B6B984730B9A86A0368F5
:101920004FF47A719B689847F3E74FF0000AD1466D
:1019300004F1E40B4FF4205006F02AFA00F420538F
:101940000493FAF79FFB94F8E15007460E46D5B989
:10195000049BC3B1FAF796FB94F8E030012B824662
:10196000894610D0B4F8D8100591302383F311883C
:101970005846FEF7E9FC224A05992346584606F0E8
:10198000ADFE85F3118894F8E030D4E936854BB18B
:1019900094F8E1305A1C03FB0553A8FB02851D4453
:1019A00057464E46216B0029C4D1049B1BB92046E3
:1019B000FFF724FDBEE73A4633462046CDE90085D1
:1019C0000491FFF7CFFE049902913A46CDE90085D4
:1019D00033462046FFF748FF94F8E02042B194F8E0
:1019E000E1300133B3FBF2F102FB113384F8E13053
:1019F000236B002BDBD09DE710720020E810002045
:101A00008508020802EBC20030B58000039C0C6020
:101A100000250D50900001EB8201082213F0010F08
:101A200002F1FF320CBF2546002512F0FF020D60C7
:101A30004FEA53030144F1D130BD000030B50446F4
:101A400085B04FF48060039106F056F9226B039B3A
:101A500092F80201D2F88010D2F888200A256A4351
:101A6000009201EB800104222046FFF7CBFF236B9D
:101A7000012283F89020216BA0222046FFF762FD0F
:101A80004FF4FA614FF4806006F0DEF9236B002218
:101A9000C0F3802083F8902005B030BDF8B5046B0A
:101AA00005460E461746D4B1E06FF9F767F92B6B80
:101AB0004FF49872D3F88000002109F029FD3744D3
:101AC000BE420ED016F8011B2846FFF7B7FF0446AA
:101AD0000028F5D12B6B0121D86FF9F73BF8204690
:101AE000F8BD074B1B68986A036819219B689847E3
:101AF0002B6B0121D86FF9F72DF80124EFE700BF18
:101B0000E810002073B51A4C0026236984F82C6075
:101B10000D460193302282F3118804F11400FEF780
:101B200013FC019B134A42F2107104F1140006F0F9
:101B3000D5FD86F311884FF4806006F045F9430522
:101B40000FD594F82C3063B9638940F201221A4012
:101B5000B2F5007F03BF5B082B700120002002B0AC
:101B600070BDA07B0028FAD0238943F40073ECE712
:101B7000A0470020810302082DE9F04F85B0036BD8
:101B800002910746924623B90024204605B0BDE8DD
:101B9000F08F93F80221019303EB82024FF00108CA
:101BA000D66D284D304607F037F906F00F0208FAD7
:101BB00002F826F00F0B202241468146584604F0D9
:101BC00009FD00244FF480606C6106F095F8019BDC
:101BD000AC7193F80221AC6003EB82033146DB6DFC
:101BE0002B603B6B184AB3F80031AB81174BAC73D9
:101BF000DB682B61164B1B68019301980323C069B6
:101C0000F9F7CAFB0028BFD0234653459CB209D040
:101C1000029A0393D1183846FFF774FF039B0133F0
:101C20000028F2D1019800231A463146C069F9F71D
:101C3000B3FB00234A46414658462B6104F0CAFCD8
:101C4000A3E700BFA04700203D0502081072002056
:101C5000E810002038B5084B1D680446E86A0368A0
:101C60005B68984720B9EB6A94F8522183F84E20BC
:101C700094F8520138BD00BFE810002010B50446AA
:101C8000FAF7FEF9D4F85431C31A632B07D9044B81
:101C9000C4F854011B6813B11B89C4F85C3110BD32
:101CA00064450020FFF7EABF0538C0B206289ABF96
:101CB000024B53F820000120704700BF6C700308EE
:101CC0002DE9F04F0E4687B02849294CDFF8ACA02B
:101CD000DFF8ACB007463046FAF714FA4FF00208C6
:101CE0003B6BA3423FD094F86C0002F095FE034694
:101CF00094F86C009BB3FFF7D7FFDBF80050454327
:101D0000236D29465869012202F08CFE236D94F858
:101D1000542094F86C105B69059281463846154A48
:101D2000B3FBF2F3049302F02DFE0295256D09F149
:101D3000010C6969B1FBFCF1DDE90432CDE9000178
:101D40000D493046FAF7DEF9B8F1010F04F5887451
:101D500002D107B0BDE8F08F4FF00108C0E7FFF7F0
:101D6000A3FFC500CCE75546CAE700BF24700308AF
:101D70008045002040420F002D70030800EE020055
:101D8000EC0E0020F0B591F8863089B005460C467F
:101D90002BB1086D05F052FC002384F8863094F8CE
:101DA0006C00831E092B17D8DFE803F09A9A0567A9
:101DB000676767383838661C671D16F8011BFF29EE
:101DC00008D095F8403019442B6800225B69C9B2ED
:101DD00028469847B742F0D121462846FEF750FFE3
:101DE00094F86C30C3B194F88650ADB9206D04F10D
:101DF000080105F011FC012384F88630E9B2204681
:101E00000791FEF77FFD079918B1206D002205F0BC
:101E100031FC0135042DF1D109B0F0BD2846FEF7A3
:101E20007FFD064618B9002384F86C30D4E794F897
:101E30006C00324F0A2815BF0823142318221922D8
:101E400008BF00260793FFF72FFF94F8C810079BE1
:101E5000514309314F430901002289B2B7FBF0F722
:101E6000CDE90061CDE9027204922146024628467E
:101E7000FEF7ECFF0028AFD1D5E7FFF715FF226F83
:101E8000D5F8A8301E4EB6FBF0F61A4295F814317C
:101E90000CBF01220022022B14D0191F4B424B41D0
:101EA000049300274FF49873CDE90023CDE902672E
:101EB000144B02461B6821462846FEF7C7FF18B997
:101EC0000123B1E70123EBE7D5F8A820236F1A42DD
:101ED00082D0C4E92A670F367600C4E928677BE719
:101EE0000123C4F88C3094F886300021E160002B87
:101EF0003FF472AF206D05F0B1FB6DE740420F007B
:101F0000C0EA2101EC0E00202DE9F8431A4CDFF85D
:101F10006C9005460F46164604F5087895F8402063
:101F2000236F93403B421FD031462846FEF79AFE6E
:101F300000B394F85530EBB94A4621462846FEF7DF
:101F40004DFF0123012E81BFD5F81821216F0A43CF
:101F5000C5F8182194F86C209A4205D021462846ED
:101F600084F86C30FFF70EFF04F588744445D5D132
:101F7000BDE8F8833346E5E7804500205C70030840
:101F800038B5036B044633B3154B426BDB689A429A
:101F900004D1806B06F07AFA00236363114B124D73
:101FA00000221A612A6FE36B1A4207D029462046A5
:101FB000FFF728FC29462046FFF7E4FED5F88021EC
:101FC000E36B1A4207D009492046FFF71BFC07497B
:101FD0002046FFF7D7FE00232363E36338BD00BF2D
:101FE00010720020A047002080450020904600206D
:101FF00010B5D1F88800D1F880409DF808E09DF830
:1020000010109DF80CC041EA0E2141EA0C414FF03E
:10201000010E4FF0180C0CFB03E302EB830204EB00
:10202000820C00EB400404FA0EF400FA0EF00023D8
:1020300011F4000F14BF224602464CF8232004334B
:10204000602B4FEA4101F3D110BD00BF30B49DF8C1
:1020500010409DF80C00D1F8805040EA04409DF8F3
:10206000084040EA0420D1F88840C4EBC40440F0A2
:1020700080714FF0190C600001240CFB034402EB4B
:10208000840205EB8204002311F0807F0CBF02461E
:10209000002244F823200433642B4FEA4101F3D19A
:1020A00030BC70472DE9F043B1F884200C4685B070
:1020B0000746D1F88000002109F02AFA04F1E8056A
:1020C000002655F8041B5FFA86F9B9B394F86C2022
:1020D0000A2A04D194F8C930F340DB0762D494F89B
:1020E000C8305BB34FF0000843460DE0092A3CD0EE
:1020F00094F8C82008F101085FFA88F39A421DD9C4
:1021000055F8041C94F86C2003EB43000A2A0144A0
:102110001AD00B2AEAD18A7802920A7801924A7878
:10212000009221464A463846FFF762FF08F101084F
:1021300094F8C8205FFA88F39A42E1D80136042E59
:10214000BFD105B0BDE8F08394F8C820023A9342AD
:1021500011DA8A7802924A7801920A78009221462E
:102160004A463846FFF772FFC2E78A7802924A78F9
:1021700001920A78D4E703EB830303EB8303D4F8DB
:102180008820D4F88010581C06EB8000C2EBC202F5
:102190005200002301EB800141F823200433642B1B
:1021A000FAD1A5E794F8C830002BC7D00020D4F8A6
:1021B00080C0034603EB830303EB83035A1CD4F86C
:1021C000881006EB8202C1EBC10100230CEB8202F6
:1021D00042F823100433642BFAD194F8C82001305C
:1021E000C3B29A42E6D80136042E7FF46AAFA8E75C
:1021F00073B591F8CB3005460C4603F0FF06002B73
:1022000045D091F86C30093B022B03D8214B1B6958
:102210001BB10026304602B070BDD1F8083113B1B1
:10222000043B012BF5D8F9F72DFFD4E92632C01A6B
:1022300061EB0201D4E92832323342F100029842C4
:1022400071EB0203E5D3E06FF8F798FD40F2DA6234
:1022500004F1D00101A8ECF7B7FF002384F8CB30DC
:10226000214684F8CC302846FFF71CFF01A8ECF784
:10227000CDFF2B69D4F8F800C4F8FC3005F03CFD24
:10228000B4F8842021462846FFF75CF9C2E701260E
:10229000C0E700BFA047002030B5016B87B0CDE993
:1022A0000432044631BB90F864511DB380F86411C8
:1022B0001149FFF79DFF94F8641180F0010001437C
:1022C000C9B284F8641120460C49FFF791FF94F8D5
:1022D000641180F001000143C9B284F86411012146
:1022E0000291DDE90A01DDE90432CDE90001204671
:1022F000FFF7BAFA07B030BD8045002090460020B5
:102300008FB5044600F11401C82203A8ECF75CFF66
:10231000124BDB68236103A8ECF778FF104B1D68B4
:10232000A86A03685B6B984780B142F21076002779
:102330004FF4004005F02CFDF9F7A4FECDE900674D
:1023400002460B462046FFF7A7FFF1E7A86A03689D
:102350004FF47A719B689847E2E700BF1072002043
:10236000E810002008B5FFF7CBFF000091F86C00E3
:102370000938022814D801EB820203EB4303D2F898
:10238000E8109DF80000C854D2F8E8109DF8040049
:1023900019444870D2F8E82013449DF808209A7038
:1023A000704700002DE9F04F8DB0054607939DF86A
:1023B000583008939DF85C30099390F8513106919C
:1023C000174603F0FF0693B39DF818104FF0000A6C
:1023D0000DF12B028DF82BA0FEF716FB044600280A
:1023E00000F0AD8090F8CB3003F0FF08002B40F0F8
:1023F000A88000F1D00140F61D220BA8ECF7E4FE06
:1024000094F8C8307BB194F8C8309F420BDA94F846
:102410006C3094F8CA20934202D0093A022A0AD9B1
:10242000093B022B47D90BA8ECF7F0FE4646304695
:102430000DB0BDE8F08F04F1E80B04F1F80305934B
:10244000D946C24659F8040B08B1ECF735FD49F8F6
:1024500004AC94F8C80000EB4000ECF727FD0346FD
:1024600049F8040C80B95BF8040B18B10693ECF73B
:1024700023FD069B059A4BF8043C9345F3D184F861
:10248000CA3084F8C830CEE7059B9945DAD1069862
:102490002B6894F8CA20DB6F0121814028469847B9
:1024A00094F86C2094F8CA309A4204D084F8CAA0F8
:1024B00084F8C8A0B7E77B1C16D1012384F8CC3080
:1024C000002794F8C820FBB2934236D2099A0292B0
:1024D000089A0192079A009221469DF82B202846DF
:1024E000FFF744FF0137ECE794F8CC3003F0FF0826
:1024F000B3B9012384F8CC30C14694F8C8109DF8D4
:102500002B205FFA88F399420AD9CDE90199CDF8D9
:10251000009021462846FFF729FF08F10108ECE763
:10252000099B0293089B0193079B00939DF82B2026
:10253000FBB221462846FFF719FFB04673E706466F
:1025400075E7564673E70000F8B52D4C2D4F4FF454
:1025500088720021204608F0DBFF4FF6017363808C
:10256000FF232371284B2365284B636540F2011339
:102570000125A4F858304FF0904344F62066E365F7
:1025800004F1D0002B442366C4E902766561E5615D
:10259000F8F76AFA4FF488720021A01808F0B8FF23
:1025A0001B4BC4F8103105231A4A84F814311A4B16
:1025B000C4F860314FF00133C4E95923174BC4F814
:1025C0006C312B44C4F870312B44C4F8743104F5D9
:1025D000F0702B44C4E94676C4F82451C4F82C5159
:1025E000C4F83451C4F83C51C4F87831F8F73CFAD7
:1025F000BDE8F8400A4A0B49002007F0DBB800BFED
:102600008045002040420F00A06400200201010428
:10261000010203040101050780640020080000484E
:102620005045002045030208704700002DE9F74F90
:10263000054691F86C000C461746984602F0ECF9F6
:10264000064620B90026304603B0BDE8F08FF9F702
:1026500019FDD4E92623801A61EB0301D4E928325D
:10266000323342F10002834272EB0103EAD2284B7B
:102670001B69002BE6D1D4F8083113B1043B012BC0
:10268000E0D8E06FF8F77AFBEB68C4F8FC304FF461
:1026900098720021D4F8800008F03AFF00231A460F
:1026A00019462846FEF70EFF3946814600230122CF
:1026B0002846FEF707FF04F1010B824600271BF8AE
:1026C000013BFF2B14D0616F01229A400A420FD0C8
:1026D000D4F88010B4F8882000929845394402D08C
:1026E000B8F1FF0F12D1534604222846FEF7FEFE32
:1026F0000437102FE3D1D4F8F80005F0FDFA4FF4B9
:10270000987221462846FEF71DFF9CE74B46EBE7F3
:10271000A0470020D0F824311943C0F82411704795
:10272000D0F820311943C0F8201170472DE9F0434B
:10273000254B1B68DB6A93F89C3085B00446002B60
:102740003ED190F81551002D3AD101274FF00A08DB
:1027500094F81431013B032BEAB21DD8D4F8203190
:1027600007FA05F61E420AD0CDE9008723680392D6
:10277000D3F8B0900A2100232046C847039AD4F822
:1027800024311E4208D0CDE9008723681521D3F8F3
:10279000B06020460023B0470135062DD8D194F80B
:1027A0001431033B012B0BD80A220121CDE9002172
:1027B0002368FF22D3F8B0500D2100232046A847FC
:1027C00005B0BDE8F08300BFE810002013B5044653
:1027D00000680191ECF76EFF0B280AD90199206877
:1027E0000C22ECF7DDFFA0F10C035842584102B077
:1027F00010BD0020FBE700007FB504461846234BC0
:10280000BDF820601B689DF82450DB6A93F89C306B
:1028100003B155B394F84030934201D9FF2A24D133
:10282000FF2A1CBFD21AD2B28DF804108DF80C20EA
:10283000E8B90A2E3346B8BF0A2304F5807601A909
:1028400030460293FFF7C2FF78B975B1D4F80001A2
:10285000ECF730FF0B2804D8D4F800010C21ECF77A
:1028600043FF01A93046FFF7B1FF04B070BD4FF43C
:102870007A71D4E9362348430021E8F71DFBB042C2
:1028800071F10002034638BF3346D6E7E810002056
:10289000407B70470161704738B50D4B0D4ADB68CE
:1028A0000446DA612368A27B9B6862B10A4D236803
:1028B00020469B684FF47A7198472B6858690368E3
:1028C0001B699847F3E742F2107120469847E9E701
:1028D00010720020E75F0308E810002013B50446DB
:1028E0000121C83005F08EFC04F1D400012105F06F
:1028F00089FC154B0094B5224FF4F661134805F09E
:102900004FFD134BC4F8B0000094B5224FF46C7126
:10291000104805F045FD104BC4F8B40000943A226D
:102920004FF41B610D4805F03BFD0D4BC4F8BC0096
:1029300000943B224FF4B6610A4805F031FDC4F81B
:10294000C00002B010BD00BF152E0208E05A0020E2
:102950000D2B020880510020A92E0208D04700202C
:10296000992802083055002070B5437D04460D4675
:102970004BB903681B6C984728B1B620F8F74EFF97
:1029800040F20113A3822368294620469B68BDE8D4
:102990007040184708B5F8F7D5FF034BDB681B1AE2
:1029A0005842584108BD00BF107200202DE9F04781
:1029B00004460D46F9F766FBDFF8689006460F46B9
:1029C000F9F760FB801B4FF0000361EB07014FF448
:1029D0007A72E8F771FAA84271F1000320D22368F5
:1029E0004FF47A719B6820469847A388AB42E7D89A
:1029F000236820461B6C98470028E1D0D9F8008056
:102A0000D8F82C30FC2293F94CA083F84C20236892
:102A10002046DB6C9847D8F82C3083F84CA0CFE7E1
:102A2000BDE8F087E810002008B5302282F3118855
:102A30008368002B01DC05F00BFC05F0D7FB0023BD
:102A400083F3118808BD0000F7B5044600F1C806FD
:102A50006D46304685E8060005F0F0FB94F86430DA
:102A6000DDE90007224604EBC30C62450DD0516A34
:102A7000814208D1916AB94205D1304603B0BDE820
:102A8000F040FFF7D1BF0832EFE7072B0AD895E8EF
:102A9000030004EBC3022432013382E8030084F80C
:102AA0006430EAE7034B04491B68986903681B68B4
:102AB0009847E2E7E81000206471030808B50E4B60
:102AC0001B68586A0368DB6C0C4698470B4B0C4834
:102AD000002C08BF184606F08FF972B6BFF34F8F6F
:102AE0000849094BCA6802F4E0621343CB60BFF3A4
:102AF0004F8F00BFFDE700BFE8100020020007B0C5
:102B0000010007B000ED00E00400FA0510B50A4B23
:102B10000A4ADB680446DA61A37B33B923684FF4C1
:102B20007A719B6820469847F6E7054B1B68BDE81D
:102B30001040586AFEF7E4BE107200207C71030852
:102B4000E810002010B5836904461BB9BDE81040A9
:102B500005F0CABFF9F794FAA369C01AE36998426D
:102B6000F4D8012010BD000008B5437B13B1034821
:102B7000F9F758FA0123437308BD00BF84710308B5
:102B800005F0A2BB084605F0A9BB000049B14FF60D
:102B9000FE70884228BF08460A2838BF0A2005F080
:102BA0008DBC704710B503681B6C0446984740B154
:102BB000637D33B100236375B420BDE81040F8F79E
:102BC0002DBE10BDF7B5044600F1D4066D46304663
:102BD00085E8060005F032FB94F8A830DDE900072F
:102BE000224604EBC30C62450DD0916E814208D1A0
:102BF000D16EB94205D1304603B0BDE8F040FFF7D1
:102C000013BF0832EFE7072B0BD895E8030003F159
:102C10000D0204EBC202013382E8030084F8A830FD
:102C2000E9E7044B04491B68986903681B689847E7
:102C3000E1E700BFE8100020C471030810B5084B9D
:102C40000446402240F8243B002108F061FC402269
:102C5000002104F1680008F05BFC204610BD00BFB5
:102C6000F071030810B50B4C1046002314F8132024
:102C70008A4209D104EB4303FF225B780221184406
:102C8000EDF7B0FAC0B210BD01330E2BEED13A20F1
:102C9000F9E700BF44720308F0B585B0074602ADFE
:102CA000082085E806001E4605F030FF0446D8B12E
:102CB00095E803009DF9302084E803009DF82C106E
:102CC0003846FFF7CFFF0A9D094B009405F2B71570
:102CD0000246314625F0070005F072FF054628B987
:102CE000204605F05BFF284605B0F0BD0120FBE75C
:102CF000FD2E020810B5044606F07EF9F9F7C0F97A
:102D0000C4F8AC0010BD000070B503681B6C04462D
:102D10000D46984738B12046FFF7ECFF4DB9236ABE
:102D200013B90023A36170BD013B2362002BFAD1CC
:102D3000F7E7F9F7A5F9A36943B1E269C11A8A4235
:102D400004D913441B1A9D4238BF1D46236AC4E9A7
:102D5000060501332362236820469B69BDE8704065
:102D60001847000010B5114806F09AF83F2807D818
:102D7000F5F758FF4FF6FF724FF40001F5F73EFFED
:102D800005F038F9044678B1006A06F089F83F2862
:102D900006D8F5F747FF228F4FF40001F5F72EFF15
:102DA000204605F037F9EDE710BD00BF0001002017
:102DB000D0E9000318470000F8B590F865300446E4
:102DC00003F0FF051BBB012300F1C80680F8653046
:102DD000304605F033FA304694F86470FFF724FE6D
:102DE00004F12406AF4207DD736813B13046FFF7E4
:102DF000DFFF01350836F5E7236903B19847044B37
:102E00001B681869FDF740F8002384F86530F8BDA9
:102E1000E810002010B5104B104ADB680446DA6158
:102E20002368A27B9B6822B94FF47A7120469847A9
:102E3000F6E723684FF47A719B682046984720464E
:102E4000FFF7BAFF236820465B6998470028F0D057
:102E50002046FFF74FFFECE710720020DC710308FB
:102E6000F8B590F8A930044603F0FF05DBB901235B
:102E700000F1D40680F8A930304605F0DFF930467D
:102E800094F8A870FFF7D0FD04F16806AF4207DDA3
:102E9000736813B13046FFF78BFF01350836F5E74D
:102EA000002384F8A930F8BD70B5124B124ADB68D4
:102EB0000446DA612368A27B9B6822B94FF47A71D9
:102EC00020469847F6E7002623684FF47A719B68FE
:102ED000204698472046FFF7C3FFF9F7D1F8831B38
:102EE000B3F57A7F0546EFD92046FFF73BFF2E4624
:102EF000EAE700BF10720020E471030810B5044631
:102F0000FFF756FF2046BDE8104005F047BE000021
:102F100090F809017047000043695B7923B9806B21
:102F20000A23B0FBF3F070474FF4483070470000BD
:102F3000806B7047037E03B1437E184670470000E4
:102F400090F8F120034602F0FF0012B193F8F00070
:102F5000C0B270470020704700207047F8B590F865
:102F60000831876B1F330C4600EBC30150F8335018
:102F70004E6877B143695B795BB903685B699847D1
:102F80002044054BB3FBF7F35843281A054666F176
:102F9000000628463146F8BD80969800C0897047E3
:102FA00008B58830ECF76CFB003818BF012008BD6D
:102FB00090F8F0303BB1054B426DDB689A4202D18C
:102FC0007430ECF75DBB0020704700BF107200202A
:102FD00013B540F27F22044600F1D8016846ECF7B1
:102FE000F3F84FF4207204F1C00101A8ECF7ECF8FB
:102FF000002384F8F03084F8F13063695A7912B90B
:10300000186804F011FD002104F17400ECF7F2FAE5
:10301000002104F18800ECF7EDFA01A8ECF7F6F8CE
:103020006846ECF7F3F802B010BD000008B580F870
:103030004C11C06A082104F08BFE012008BD00007D
:1030400090F8F120034602F0FF001AB103F1880066
:10305000ECF730BB704700002DE9F8431646814677
:103060000C46F9F70DF8DFF8608005468719D9F8A6
:10307000003048465B699847A04219D24FF48060FF
:1030800004F03AFED8F80C30A9F85C40C9F8583082
:10309000F8F7F6FF421BB2420AD23B1A4FF47A719C
:1030A000A3FB011389B24FF4806004F0CDFEDEE78C
:1030B000D9F8003048465B69984784428CBF0020AD
:1030C0000120BDE8F88300BF1072002010B5302346
:1030D000044683F311880B0707D5F5F7A3FD40F2EB
:1030E00032324FF00061F5F789FDD4F8BC305A68F0
:1030F000136823F00F031360D4F8BC30197C1A68EE
:103100000E238B405360F8F7B3FF0221C4F80C0183
:10311000E06A04F007FE002383F3118810BD00006D
:1031200070B543695A790446002A78D11D68436A0C
:10313000002B08BF0021036880F80911DB6A98475B
:1031400000286CD094F80931032B68D8DFE803F02D
:1031500002322F68606A88B1012600F00F01324602
:1031600006FA01F120F00F0003F034FA636A23F04D
:103170000F0203F00F039E40B6B25683012384F87A
:103180000A31302383F311886B6D9A6812F4407F03
:1031900042D01A6822F001021A606A6D936823F423
:1031A000407393606A6D136843F0010333E00023BA
:1031B000C4E94333606A012600F00F01324606FA83
:1031C00001F120F00F0003F005FA636A23F00F020B
:1031D00003F00F0306FA03F39BB2538384F80A61EA
:1031E000302383F311886B6D9A6802F44072B2F554
:1031F000007F11D01A6822F001021A606A6D93688C
:1032000043F4007393606A6D936823F48073936052
:103210006A6D136833431360002383F3118870BD14
:10322000636993F82920FF2A1BD0606AD20100F05D
:103230000F030121994042F0020220F00F0003F039
:10324000C9F9302383F311886B6D9A685204E3D473
:103250001A6822F001021A606A6D936843F4804391
:103260009FE723682046DB6BBDE8704000211847CC
:1032700010B50446006A40B100F00F03012100229E
:10328000994020F00F0003F0A5F9E06950B100F07B
:103290000F030121BDE810400022994020F00F00EB
:1032A00003F098B910BD000038B543695A79044657
:1032B0000D46002A38D10173186804F0B5FB012DC2
:1032C00033D0022D35D02DB9236C23F0805323F455
:1032D000B0532364636904F13C01186804F096FB61
:1032E00094F8643133B16369186804F5A871043047
:1032F00004F0E8FC002D14BF0123002384F864319E
:1033000009D0636918684FF40062202304F5A8719E
:10331000043004F0C3FC237E33B163691B685A6D2B
:10332000136823F02003136038BD236C43F4B053BB
:10333000CFE7236C23F4007343F4A053C9E70000E4
:10334000037EA3B1D0F8B8305A68136823F00F0396
:103350001360D0F8B830197C1A680E238B40536084
:10336000D0F8B8305A68136823F00103136070472F
:1033700038B543695A7904460D46D2B9186804F045
:1033800053FB012DD4F8283114D0022D17D0D4F8D6
:1033900028316364636904F13C01186804F036FB6A
:1033A000237E33B163691B685A6D136823F02003D1
:1033B000136038BD23F40053C4F82831E7E743F421
:1033C0000053F9E743695B791BB9C06A042104F033
:1033D000BFBC7047F7B590F8F13004460E4617466B
:1033E00003F0FF05BBB100F1A0014FF4427201A848
:1033F000EBF7EAFE3A46314604F18800ECF7D0F9E3
:1034000094F84C3105461BB1E06A042104F0A0FC9D
:1034100001A8EBF7FBFE284603B0F0BD70B590F8AD
:10342000093105460C46D3B9806AB8B1012600F0CF
:103430000F0106FA01F120F00F00324603F0CAF83E
:10344000AD6A05F00F0184EA060001F1100398400F
:103450008C4025F00F050443AC61304670BD002060
:10346000FCE7000070B590F8093105460C46D3B969
:10347000406AB8B1012600F00F0106FA01F120F010
:103480000F00324603F0A6F86D6A05F00F0184EADA
:10349000060001F1100398408C4025F00F0504430D
:1034A000AC61304670BD0020FCE70000164B10B543
:1034B0000360164B80F836102C2201FB0233436167
:1034C0004FF461430446836300217430ECF776F8CF
:1034D000002104F18800ECF771F804F1A000F7F77F
:1034E000C3FA04F1C000F7F7BFFA04F1D800F7F708
:1034F000BBFA002394F8362084F80931044B43F8D2
:103500002240204610BD00BF6C730308E072030820
:103510009062002013B5094C23686BB900930849E9
:10352000084B3C224FF4966005F04AFB206023686C
:1035300013B90548F8F776FD02B010BDBC62002053
:1035400060720308F94102086872030830B5C36A63
:1035500085B004462BBB144B62691B685579D86A49
:1035600013790093114A124B04F13001002D08BF6A
:10357000134606220391EBF7A3FF94F84C3103990D
:103580000094002B18BFB5220A4B08BF3C224FF411
:103590003C7005F015FBE062E36A13B90648F8F7E2
:1035A00041FD05B030BD00BFE81000208F72030858
:1035B000887203080D4102089772030838B5D0F8E5
:1035C000BC500446ADB9302383F311884069094AE1
:1035D000407B23460C2102F0A7FEC4F8BC0085F313
:1035E0001188D4F8BC305A6863691B685B6D283356
:1035F000936038BDCD300208FFF7E0BF38B54369AE
:103600009D6890F8603083F0010380F8603090F896
:10361000603000EB830304464021586E05F038FC0F
:1036200094F86030D4F8B82004EB830352685B6EE2
:10363000D360D4F8B8305B6840225A60D4F8B83010
:10364000D968187C0A680F23834022EA0302ABB2D0
:10365000834013430B60D4F8B8302D045B6845F009
:103660008A051D60D4F8B8305A68136843F0010326
:10367000136038BD2DE9F04104468AB090461F46DC
:103680000E4671B957EA02030BD190F8F13043B1FD
:1036900090F8F0302BB1554BDB6843650AB0BDE8BC
:1036A000F081FFF737FF63691A68002AF6D05B796B
:1036B0004FF4C870B6FBF0F0B0F5007F38BF4FF4A0
:1036C0000070002B0CBF4FF400734FF4806385B281
:1036D0009F4238BF1F464FF49472454504F1D8010C
:1036E00004A838BF4546EBF76FFDA36F9D4207D096
:1036F000002384F8F030294604F17400EBF79EFFB4
:10370000A36F1B09C4F89C30B6B1A36BB3425ED063
:10371000374B1B689B69A663A34258D004F174051C
:103720002846EBF7ADFFD4F820311844C4F8200147
:103730002846EBF793FF012694F83031E3B9E3898B
:10374000DB0519D4626E52B963699B793BB1284B92
:103750001B68D86A036840219B6C98476066A26E1C
:1037600052B963699B793BB1214B1B68D86A0368E6
:1037700040219B6C9847A066E36E73B963691B7B1D
:103780005BB1E28912F4007207D1194B1B68D86A49
:10379000036840219B6C9847E06694F83031C3B1D0
:1037A00000232383B4F87020A36BB2F57A7F21D96C
:1037B000B3F5E13F21D80023637663691A7BE2B158
:1037C000587BF7F795F9C0B10023637615E0002622
:1037D000B2E7626E1AB1A36E003B18BF01232376D5
:1037E000E36E003B18BF01236376DBE71072002015
:1037F000E8100020B3F5E13FDFD940F2671204F191
:10380000C00105A8EBF7E0FCD4F88C309F4207D04C
:10381000002384F8F130394604F18800EBF70EFFFD
:103820001EB104F18800EBF719FF63695B79002B87
:1038300040F08880A36B002B00F0848094F8F26045
:1038400094F8F230F6B203F0FF05D3B9237EABB1A2
:10385000302383F3118860694C4AC07923460C21D8
:1038600002F062FDC4F8B80085F31188D4F8B830CE
:103870005A6863691B685B6D24339360012384F885
:10388000F230637E0BB3D4F8F430F3B9404B0694B6
:10389000CDE9073414203F4B0993EBF701FB0546B4
:1038A00078B10AAA12E9030063695F7B01AB83E880
:1038B0000300079B0093FF22069B39462846F7F733
:1038C000F7F8C4F8F45005B96576A36BE363217E7D
:1038D000D4F82831D4F824216364D4F82C3122643C
:1038E000A36429B142F0100243F040032264A364B0
:1038F000637E1BB1A36C43F08003A364264BC4E931
:103900001334636904F13C01186804F07FF8237EE6
:10391000C3B163691B685A6D136823F020031360F9
:1039200086B9D4F8B8305A68136823F00F031360CF
:10393000D4F8B830197C1A680E238B4053602046A7
:10394000FFF75CFED4F88C3013B1012384F8F1301A
:10395000A36F13B1012384F8F030104BDB6863656B
:103960002046FFF7F3FD236894F80911DB6B20462E
:10397000984794F836300BB994F8F13005A8EBF776
:1039800045FC04A8EBF742FC88E600BFA93E02080C
:10399000F9350208C13902084133020810720020CB
:1039A00010B53023044683F31188D0F8BC0002F030
:1039B00019FD0023C4F8BC3083F3118810BD00004A
:1039C000FFF7EEBF2DE9F74FD0F8F43004468B46F1
:1039D0005BB3BBF1000F28D094F809112046EBF738
:1039E000F7FC50B1A36A43B123F00F0203F00F03B9
:1039F000126922FA03F3DB0717D404F1A00740F29F
:103A00005532394601A8EBF7DFFB5A46402A04F14C
:103A10008806E16E28BF40223046EBF727FF85B2CB
:103A200081462DB901A8EBF7F1FB03B0BDE8F08F9B
:103A30003046EBF725FE584528BF5846804601A87A
:103A4000EBF7E4FBD4F8F400F7F798F9022004F060
:103A500053F9D4F8F400C37C002B00F0BC80A36BB6
:103A6000B3F5E13F0FD8B4F87010033189B2B1F566
:103A70007A7FA4F8701006D90021617603B0BDE802
:103A8000F04FF7F767B8FA21584A4B43B3FBF2F30C
:103A90001FFA89F201339A4200D99DB24FF0300AE1
:103AA0008AF31188D4F8BC3059680B6823F00F03EF
:103AB0000B60D4F8BC3019681B7C4FF00E0B0BFA6E
:103AC00003F34B60E06E294605F0E4F9D4F8BC300E
:103AD000E16E5B68D960D4F8BC305B685D60D4F897
:103AE000BC006369C26890F810E011681B690F2080
:103AF00000FA0EF021EA000099B201FA0EF1084333
:103B00001060D4F8BC103A4A49681B0443F09A0389
:103B10000B60D4F8BC3059680B6843F001030B60AC
:103B2000344BA91C5943A36BB1FBF3F1324B01F5A4
:103B3000FA71914288BF1946002383F3118802204D
:103B400089B204F081F9814610BB8AF31188D4F858
:103B5000BC305A68136823F00F031360D4F8BC30EC
:103B60001A681B7C0BFA03F35360D4F8BC305B6813
:103B70005B689D4238D9ED1AADB21DB1F8F778FAFD
:103B8000C4F80C01022004F0ADF8002383F311887F
:103B9000D4F8F400C9F34001F6F7DCFF002D3FF440
:103BA00044AF40F2B132394601A8EBF70DFB29468C
:103BB0003046EBF799FDD4F814312B44C4F8143196
:103BC000D4F818312B44C4F8183101A8A8EB050B20
:103BD000EBF71CFBFDE6B4F87030002B3FF45EAF52
:103BE000013BA4F8703059E70546CBE740420F008F
:103BF0009F86010080969800A086010013B5D0F83A
:103C000048310446BBB900F59A7004F07FF81823D8
:103C1000C4F8483163691868019003F005FFA36C8C
:103C2000019823F0080304F13C01A36402B0BDE84D
:103C3000104003F0EBBE02B010BD00002DE9F047CC
:103C4000044686B00D4640F2CA3200F1A00101A838
:103C5000EBF7BAFA94F8303123B1012D02D920469E
:103C6000FFF7CCFF04F188092A4602A94846EBF782
:103C7000D3FD4FF00008824602AD4746C2451FDD26
:103C800062695379D3B910680268D669D5E9001220
:103C9000B047061E14DB05D0F8F7EAF93744C4F83C
:103CA0000C01BFB2083531464846EBF71DFD55F80B
:103CB000043C9E4204D108F10108DFE70026F1E749
:103CC000D4F814313B44C4F81431D4F818313B44CF
:103CD000C4F8183101A8EBF799FA06B0BDE8F087EF
:103CE00070B504468830EBF7CBFC0146B8B1637E73
:103CF0002046ABB1FFF766FE94F80931022B0ED1D6
:103D0000D4F810511DB9F8F7B3F9C4E94405637E3E
:103D10004BB1D4F80C31A3B1012384F8093170BD43
:103D2000FFF78CFFE8E763691B689A6BD4F81431DE
:103D3000C2F50071994204D2A3F500731344082B15
:103D4000EAD8F8F795F9D4F81031C01A0B4B98421D
:103D5000E5D90B4B62691B680A4998690A4BD21A6C
:103D60000A4B92105A430368D2B21B6898472368E3
:103D70002046DB6BBDE870400021184720A10700FA
:103D8000E8100020B8720308E0720308A38B2EBA73
:103D900010B5436A0446E3B190F80911EBF718FB3C
:103DA000B8B104F17400EBF785FC94F80A21D4F85B
:103DB0009C3080B272B198420BD2626A002384F8C0
:103DC0000A3122F00F01012302F00F0293409BB24F
:103DD0000B8310BD10339842FBD9626A012322F095
:103DE0000F0102F00F0284F80A3193409BB24B831B
:103DF000EFE7000070B5124B426DDB689A42044653
:103E000019D190F8F03003F0FF0593B100F174067A
:103E10003046EBF735FCD4F820311844C4F82001C3
:103E20003046EBF71BFC94F80A3133B92046FFF714
:103E3000AFFF284670BD0025FBE71D46F9E700BF30
:103E40001072002038B50D4B0546DB68406D984276
:103E500010D195F8F0306BB105F17400EBF722FD4D
:103E6000044628B195F80A3113B92846FFF790FFA8
:103E7000204601E04FF0FF3038BD00BF1072002037
:103E800038B590F808510446F8F7FCF885F00105BC
:103E900004EBC505C5E93E0194F8083183F0010340
:103EA00084F8083138BD000070B5037E0446002B4D
:103EB0004AD0D0F8B8305B685D6890F860601A68E6
:103EC00022F00F021A60D0F8B830197C1A680E235D
:103ED000C5F140058B40ADB25360F6B2FFF78EFBE3
:103EE000ADB104EB86062A46716E04F17400EBF75F
:103EF00057FCD4F81C31D4F820212B4415442D1A3A
:103F0000C4F81C31C4F820512046FFF7B9FFA36D57
:103F100093B104F17400EBF7B3FBB4F85C30984252
:103F20000AD3302383F311884FF48061A06D03F02E
:103F3000F9FE002383F3118894F80A3123B1204657
:103F4000BDE87040FFF724BF70BD00002DE9FF47BA
:103F500000F1740804464046EBF7ACFB69460246A4
:103F60004046EBF7DBFB6E468146002704F5A87A56
:103F7000B9450ADD6269537953B910680268156A58
:103F8000D6E90012A847051E03DA04B0BDE8F087A1
:103F9000002594F864313BB1504603F0B7FE10F0B1
:103FA000200F18BF4FF0FF35D4F848315BB92946D0
:103FB0004046EBF7DBFBD4F81C312B44C4F81C3132
:103FC0002046FFF75DFF7368AB4206F10806DCD8B8
:103FD0000137CDE730B590F8F13085B00446002BBD
:103FE00051D0D0F8483100F1C0050BB340F2D742B0
:103FF000294603A8EBF7E8F804F59A7003F086FE6B
:10400000D4F8483123EA0000C4F8480168B963696C
:104010001868019003F008FDA36C019843F00803B1
:10402000A36404F13C0103F0F1FC03A8EBF7EEF804
:1040300094F83031DBB140F2F54204F1D80103A825
:10404000EBF7C2F82046FFF781FFA36D63B104F1DF
:104050007400EBF715FBB4F85C30984204D3A06D04
:104060004FF4806103F074FE03A8EBF7CFF840F241
:10407000FD42294603A8EBF7A7F82046FFF730FEDC
:1040800003A8EBF7C3F805B030BD0000F8B51E4D2E
:104090000446E36A3BB92B68986A03684FF47A7167
:1040A0009B689847F5E700264FF47A7141F20C00BF
:1040B00003F0CAFE0546F7F7DBFF831BB3F57A7FF3
:1040C0002ABF06460027012729070AD594F84C3154
:1040D000C3B1636D986B0130B52828BFB52004F0DB
:1040E000D5F994F8F130002BDED06A0706D42FB949
:1040F000D4F84831002BD7D0EB04D5D52046FFF7B4
:1041000069FFD1E73C20EAE7E810002008B5FFF797
:10411000BDFF000037B590F8F030044603B390F8C7
:104120003031EBB900F1D8014FF48B6201A8EBF705
:104130004BF8237EB3B92046FFF708FFA36D63B1A8
:1041400004F17400EBF79CFAB4F85C30984204D3A5
:10415000A06D4FF4806103F0FBFD01A8EBF756F86A
:1041600003B030BDD4F8B830002BE7D0302383F350
:104170001188D4F8B8305B681A68D20734D45D6807
:10418000C5F1400515F0FF051DD094F8603004EB33
:1041900083032A46596E04F17400EBF701FBD4F84F
:1041A0001C31D4F820212B4415442D1AC4F81C319D
:1041B000C4F820512046FFF763FE94F80A3113B18A
:1041C0002046FFF7E5FDD4F8B8305A68136823F0AD
:1041D0000F031360D4F8B830197C1A680E238B4093
:1041E00053602046FFF70AFA002383F31188237EE9
:1041F000002BA3D19FE70000104B70B5104C1D6839
:10420000A86A226803689B681AB94FF47A719847C4
:10421000F6E7A86A0B4E03684FF47A719B689847DB
:104220000B2456F8040B20B190F8F0300BB1FFF7D7
:1042300071FF013C14F0FF04F3D1EAE7E81000201D
:10424000BC6200209062002038B50446C8060D46C6
:1042500004D5206A10B1022104F00AFE690604D5D3
:10426000E06910B1022104F003FEAA0604D5206A19
:1042700010B1012104F0FCFD2B0606D5E06920B148
:10428000BDE83840012104F0F3BD38BD2DE9F74FFA
:1042900043690D465979044629B1B5FA85F04009BC
:1042A00003B0BDE8F08FC581D3F800809869D8F8D5
:1042B000542056689768126802F001091A79F6F7D7
:1042C000E5FF636920621A7958690121F6F7DEFF7C
:1042D0006369E0611A79D8690421F6F7D7FF636949
:1042E00060621A79186A0421F6F7D0FF2368A06289
:1042F000DB6B94F8091120469847D4E907A015F024
:10430000080B1EBF52468246104615F00403019367
:1043100003D0AB0718BF45F00305E907D4F82821FF
:1043200061D542F4803246F48036C4F8282110B1B9
:10433000022104F09DFDAB07D4F828215DD542F49D
:10434000003246F40036C4F82821BAF1000F03D039
:104350000221504604F08CFDD4F82831BBF1000F47
:1043600056D046F4004643F40043019AC4F828317D
:10437000D4F82C31002A50D043F00803C4F82C3173
:1043800094F8303147F0080763B9636918684FF44F
:104390008052182304F59A71043003F07FFC012346
:1043A00084F83031237E73B1D4F8B8305BB15A68E9
:1043B000136823F00F031360D4F8B830197C1A681F
:1043C0000E238B4053600023238329462046FFF7AA
:1043D0003BFFD8F854305A68B24225D19A68BA42A5
:1043E00022D101205CE722F4803226F48036C4F822
:1043F000282100289FD001219BE722F4003226F4D7
:104400000036C4F82821BAF1000FA5D00121A0E799
:1044100026F4004623F40043A7E723F0080327F01F
:104420000807C4F82C31D0E7B9F1000F03D01A689F
:1044300022F001021A60D8F854305E60D8F8543087
:104440009F60B9F1000FCCD0D8F85420136843F026
:1044500001031360C5E700000048704704740308B7
:10446000014B012019707047C0620020034B1B688C
:10447000586A0368D3F8C430184700BFE81000201A
:10448000002070477047000004F08CBB084609B15B
:1044900004F084BB7047000008B5134612780C2A5C
:1044A000A8BF0C2208461A70024906F0E7FF012057
:1044B00008BD00BF9075FF1F024B1B68586AFDF7CF
:1044C000C9BB00BFE810002010B5294C2DED028BB0
:1044D000E06C82B0B0EE408AF0EE608A002842D0F4
:1044E0009FED247AF0EEC07AF4EEC77AF1EE10FA7E
:1044F00006D4F0EEE07AF4EEC77AF1EE10FA07D5C2
:10450000217802B0BDEC028BBDE8104003F0C2B8C8
:10451000D4ED017A0190B8EE670A80EE080A05F042
:104520001FFA0198FCEEC07A17EE901A03F096F885
:10453000D4ED017AF8EE677A27EEA80A80EE080A31
:1045400005F00EFA2178E06CF6EE007A20EE270AEC
:10455000FCEEC07A17EE902A02B0BDEC028BBDE8EB
:10456000104003F087B802B0BDEC028B10BD00BF55
:10457000C4620020000000341046194604F0D8BB85
:1045800004F0E8BB2DE9F34742F6F8216846EAF764
:1045900001FE534801A9F4F71DFD524B05461C6866
:1045A00068B9A0694E4A03684F491B6898470324BD
:1045B0006846EAF7FBFD204602B0BDE8F087019BA4
:1045C000606B1F3323F01F030193036800211B68F6
:1045D0009847019A01460746284606F03FFFA3691F
:1045E0001A68126838B91846404990472846F4F7C7
:1045F000FBFC0124DCE73E49184690470026B14603
:10460000019B4B4523D9606B03685FFA86F85B68B2
:1046100041469847824620B92846F4F7E5FC022433
:10462000C6E7A06A03684FF47A711B699847606B0C
:1046300003684146DB689847013630B9A0692D49C7
:1046400003681B6842469847E6E7D144D8E7A0696B
:10465000234A036828491E68DFF8A8903B46B04704
:10466000606B036801215B6998474FF00108A06AFD
:1046700003684FF47A711B699847606B03682A4698
:104680001E69019B3946B0470646A0690368D6B942
:104690004246D3F800A049460A23D047A06A0368DF
:1046A00064215B6808F101089847B8F10B0FDED16F
:1046B000606B036831465B699847A0690F490368DE
:1046C0000A221B68BFE71B680D499847606B0368A7
:1046D00000215B6998472846F4F786FC002467E7C9
:1046E000B8140308E81000201C7403082F74030892
:1046F000467403084F740308607403089C7403082D
:1047000092740308737403082DE9F04F254B9DB094
:1047100093F890200F9293F89120109293F89220A2
:10472000119293F89320129293F8952093F8947035
:10473000139293F89620149293F89720159293F879
:1047400098B093F899A093F89A9093F89B8016AB41
:104750000C46054614491722184607F09BFB139A8E
:104760000792149A0692159A05920F9A0492109A3B
:104770000392119A0292129A0C4B0897CDE900020B
:104780000026CDE90989322221462846CDE90BAB26
:104790008DF86F60EAF794FE012084F831601DB057
:1047A000BDE8F08F0075FF1F4DFA0208BC740308C6
:1047B00004F044BC2DE9F0471B4A1C4CDFF8748020
:1047C000DFF874A0DFF8749086B010460F4604F04E
:1047D00067FB154A1649A41A034600943846F7F7B2
:1047E00091FC03F007FC0446D4B1256AE269A36B8F
:1047F00005924545284614BF661BAAEB080604939C
:1048000004F04EFBDDE90432CDE9010649463846A5
:104810000095F7F777FC204603F0FCFB0446E3E73E
:1048200006B0BDE8F08700BF0001002000040020B2
:10483000F474030800040020000E0020277503080C
:104840000846F6F799B900002DE9F04188B00D4609
:1048500004A805A904F0C0F91549DFF858800646F8
:104860002846F7F74FFC00242746E0B286421CD9C1
:10487000CDE9067710B1049B03EB441007AA06A903
:1048800003F0E2F905990C2262438818D0E901305F
:10489000029007980190069800908A589B0A41461A
:1048A0002846F7F72FFC0134DFE708B0BDE8F081B8
:1048B0004C7503085775030808460AB904F042B955
:1048C000012A01D104F054B9022AF7D0012004F0E2
:1048D00061B9000070B50C4615462AB9084604F0C7
:1048E0005DF92E46304670BD104619B9BDE87040DE
:1048F00004F00CB904F00AF906460028F2D054F886
:10490000042CAA4228BF2A46214606F0B7FD2046BD
:1049100004F044F9E6E7000070B50C4615460026A1
:10492000AE4204D2EBF766FCA0530236F8E7EB0781
:1049300004D5EBF75FFC2C4404F8010C012070BD9A
:1049400070B50E4C1546201D48221E4606F096FDF9
:104950004FF47A73A3609DF81030E564002B214674
:1049600004EBC60314BF0122022201F8046B1A6192
:10497000284602F051FE012070BD00BFC462002035
:10498000EAF768BD0B299ABF024B53F82100024891
:10499000704700BF6C76030810760308F0B50B2B48
:1049A00094BF1848184C87B098BF50F82340D31DC7
:1049B00003F4FC7304AFADEB030D04AB1846C7E979
:1049C000002197F8205097F8246006F057FD034621
:1049D0000E48B542D7E90021006809D1CDE901456B
:1049E0000093C06A0A4BEAF76BFD0C37BD46F0BD79
:1049F000CDE90034CDE90256064BC06AEAF760FD06
:104A0000F3E700BF6C76030810760308E810002077
:104A10001876030821760308053803288CBF002088
:104A200001207047814208B51DD807EE900AB8EE04
:104A3000677A07EE901AF8EE677A87EE270ADFEDBD
:104A40000B7A30EE270A52B104F0F2FEF7EE007A4C
:104A500030EE670AFCEEC07A17EE900A08BD04F04B
:104A60002DFF0138FAE70020F8E700BF0AD7233C02
:104A70002DE9F041456A15B94162BDE8F0818B68C6
:104A800023F06047C3F38A464FEAD37EC3F38078AE
:104A900016EA230638BF3E46AC462B469A68BEEB64
:104AA000D27F22F060440AD0002A18DAA40CB44263
:104AB00017D19D420FD10D60DEE71346EEE7A74206
:104AC00007D102F08044C2F3807242450BD054B14A
:104AD000EFE708D2EDE7CCF800100B60CDE7B44269
:104AE00001D0B442E5D81A689C46002AE5D1196085
:104AF000C3E700002DE9F047089D01F007044FEAE5
:104B0000D508224405F0070500EBD1004FF47F499A
:104B1000944201D1BDE8F08704F0070705F0070AC9
:104B200057453E4638BF5646C6F10806111B8E4211
:104B300028BF0E46E10808EBD50E415C13F80EC005
:104B4000B94029FA06F721FA0AF1FFB28CEA01010D
:104B500047FA0AF739408CEA010C03F80EC03444D6
:104B60003544D5E780EA0120082341F2210201B251
:104B70004000002980B203F1FF33B8BF504013F06A
:104B8000FF03F4D17047000038B50C468D18A542DC
:104B900000D138BD14F8011BFFF7E4FFF7E7000070
:104BA00042684AB1136843604389818901339BB2EB
:104BB0009942438138BF83811046704770B588B0F1
:104BC000202204460D466846002106F0A1FC20463E
:104BD0000495FFF7E5FF024658B16B46054608AE5F
:104BE0001C4603CCB44228606960234605F10805E1
:104BF000F6D1104608B070BD082817D909280CD086
:104C00000A280CD00B280CD00C280CD00D280CD066
:104C10000E2814BF4020302070470C207047102011
:104C200070471420704718207047202070470000FC
:104C3000082817D90C280CD910280CD914280CD9FD
:104C400018280CD920280CD930288CBF0F200E2012
:104C50007047092070470A2070470B2070470C20CE
:104C600070470D20704700002DE9F843078C072F8F
:104C700004461ED9D0E9029800254FF6FF73C5F10E
:104C80002006A5F1200029FA05F108FA06F628FA0F
:104C900000F031430143C9B21846FFF763FF0835FE
:104CA000402D0346EBD1E1693A46BDE8F843FFF7F2
:104CB0006BBF4FF6FF70BDE8F883000010B54B687E
:104CC00023B9CA8A63F30902CA8210BD04691A684B
:104CD0001C600361C38A013BC3824A60EFE70000A6
:104CE0002DE9F84F1D46CB8A0F46C3F309010D2964
:104CF000814692460B4630D00020AAB207F11A0432
:104D00009EB20C2E1FFA80F80FD8904503F10103D4
:104D100006D3FB8A0A4462F30903FB8201201AE0EE
:104D20001AF80060E6540130EAE79045F1D2A1F1AB
:104D30000D0B24237C68BBFBF3F203FB12BB1FFAB1
:104D40008BF6002C46D14846FFF72AFF044638B9B7
:104D500078606FF00200BDE8F88F4FF00008E6E7DA
:104D6000002606607860ADB24FF0000B454510D9C3
:104D70000AEB0803221D13F8011B9155B1B208F18B
:104D8000010823291FFA88F82CD0454506F10106B1
:104D9000F1D8FB8AC3F30902154465F30903BCE7A4
:104DA000013292B21C462368002BF9D1A5F10D0304
:104DB0000B442421B3FBF1F301339BB29A42D2D2CC
:104DC000BBF1000FCFD14846FFF7EAFE20B9C4F887
:104DD00000B0BEE70122E6E7C0F800B05E46206002
:104DE0000446C0E74545D4D94846FFF7D9FE08B97F
:104DF0002060AEE7C0F800B0002620600446B5E7AA
:104E00002DE9F04F2DED028B1C4683B05B690192BA
:104E100007468846002B00F0B280238C2BB1E26954
:104E2000002A00F0AC80072B3AD807F10C00FFF7FE
:104E3000B7FE054638B96FF00206304603B0BDEC48
:104E4000028BBDE8F08F2822002106F061FB228C46
:104E5000E16905F1180006F011FB208C013080B2E9
:104E6000FFF7E6FEFFF7C8FE013880B2208401306C
:104E700085F820006369228C1B782A4403F01F0305
:104E800063F03F0348F000411376A960D4E90A2398
:104E90002946C5E904233846FFF7EAFD0126CCE799
:104EA00002339BB20722C18A0633B3FBF2F3828A34
:104EB000521A9BB292B29342BDD800F10C034FF04C
:104EC000000908EE103A4FF0800ACB464E4618EE25
:104ED000100AFFF765FE05460028ACD02822002105
:104EE00006F016FBBBF1000F3CD1019B2B83022285
:104EF00005F1180E1FFA82FC0CF10100BCF1060F3F
:104F0000218C80B201D88B452ED3FFF791FEFFF79D
:104F100073FE62691278013802F01F028B4508BFE8
:104F20004FF0400A42EA491215FA80F14AEA020AB1
:104F3000013048F0004281F818A0AA6085F82000EE
:104F4000D4E90A01C5E9040129463846FFF790FD76
:104F5000228C01365A4536B289F001094FF0000A19
:104F6000B5D16AE70022C3E7E1690BF1010311F84B
:104F70000B100EF802101FFA83FB0132BAE76FF034
:104F800001065AE7F8B515460E46302200210446C0
:104F90001F4606F0BDFAB5F5201F069B636038BFBB
:104FA0002822079BA76028BF4FF6FF72A36238BF75
:104FB000B5FBF2F2E66197B204F1100000239A42C9
:104FC00006D800230360A782E3822383E360F8BD51
:104FD0000660013330462836F1E7000003781BB93C
:104FE0004BB2002BC8BF01707047000000787047BB
:104FF000F8B50C46C969074611B9238C002B37D187
:10500000257E1F2D34D8387828BB228C072A2CD82F
:10501000268A36F003032BD14FF6FF70FFF7B4FD5D
:1050200020F001003102400441EA0561400C41EAF0
:1050300040254FF6FF72234629463846FFF7E0FE2B
:10504000002807DD626913780133DBB21F2B88BFAC
:1050500000231370F8BD218A2D0645EA012505437A
:105060002046FFF701FE0246E5E76FF00300F1E797
:105070006FF00100EEE700002DE9F041D36905462D
:105080000C4616460BB9138C5BBB377E1F2F28D8F6
:1050900095F80080B8F1000F26D03046FFF7E4FD08
:1050A0003378210241EAC33141EA0801338A41EAF7
:1050B000076141EA03410246334641F08001284638
:1050C000FFF79EFE00280ADD3378012B07D17269B5
:1050D00013780133DBB21F2B88BF00231370BDE8A8
:1050E000F0816FF00100FAE76FF00300F7E70000CE
:1050F000406A00B108307047436A1A684262026928
:105100001A600361C38A013BC38270472DE9F041F5
:10511000D0F820802A4E14461D464146002721B96A
:10512000416A0B4661BBBDE8F081D1E90232E31A66
:1051300065EB02029E4277EB02031ED2036A8B42AA
:105140000DD1FFF7BBFD036A1B68036203690B60A7
:10515000C38A0161016A013BC3828846DFE7FFF72A
:10516000ADFD0B68C8F8003003690B60C38A0161AC
:10517000013BC382D8F80010D1E788460968CEE722
:10518000D1E90476A742AE410A680BD2466A8E4244
:105190000BD1036942620B60C38A0161416A013B22
:1051A000C3820A460B461146BCE71A6002690A60D0
:1051B000C28A0161013AC2821A681946F2E700BF49
:1051C00080841E002DE9F04F8BB00D46DDF8509025
:1051D00014469B468046002800F01B81B9F1000F61
:1051E00000F01781531E3F2B00F21381012A03D1D7
:1051F000BBF1000F40F00D810023CDE90833B8F872
:105200001430B5EBC30F4FEAC30703D300200BB034
:10521000BDE8F08F2B199F42D8F80C303ABF7F1BA6
:10522000FFB227461BB9D8F81030002B7CD0672D71
:105230004ED8C5F16806B7424FF000032CBFF6B256
:105240003E4600932946D8F8080008AB3246FFF7DF
:1052500051FCA7EB060A35445FFA8AFAB8F8143015
:1052600003F100530D3BDB000493D8F80C3003939B
:105270006821039B13B1BAF1000F2CD1D8F81000AC
:1052800040B1BAF1000F05D0009608AB5246691A3A
:10529000FFF730FC38B2002FB8D066070AD00AAB4F
:1052A00003EBD401624211F8083C02F007021341FB
:1052B00001F8083C082C3ED9102C40F2B780202C75
:1052C00040F2B980BBF1000F00F09E80082336E069
:1052D000BA460026C2E7049BB3F5907F28BF4FF47F
:1052E000907306930B44AB42059314D95A1B039851
:1052F0000096924534BF5246D2B2691A08AB0430C8
:105300000792FFF7F7FB079A1644AAEB020A154427
:10531000F6B25FFA8AFA049B069A05999B1A0493DF
:10532000039B1B680393A4E70093D8F8080008AB1D
:105330003A462946ACE7BBF1000F13D00123B4EB8A
:10534000C30F6CD0082C12D89DF82030621E23FAAF
:1053500002F2D50706D54FF0FF3202FA04F42343D8
:105360008DF820309DF8203089F800304FE7102C60
:1053700012D8BDF82030621E23FA02F2D10706D5FA
:105380004FF0FF3202FA04F42343ADF82030BDF8A9
:105390002030A9F800303AE7202C0FD80899631E76
:1053A00021FA03F3DA0705D54FF0FF3202FA04F4CD
:1053B0000C430894089BC9F8003028E7402C2BD0F8
:1053C000DDE90865611EC4F12102A4F1210326FA7A
:1053D00001F105FA02F225FA03F311431943CB0751
:1053E00012D50122A4F12003C4F1200102FA03F333
:1053F00022FA01F1A240524243EA010363EB430364
:1054000032432B43CDE90823DDE90823C9E9002312
:10541000FDE66FF00100FAE66FF00800F7E6082CF1
:10542000A0D9102CB3D9202CEED8C3E7BBF1000FC4
:10543000ADD0022383E7BBF1000FBBD004237EE78E
:1054400030B5012A144638BF0124402C85B028BF4E
:1054500040240025012ACDE9025518D81B788DF883
:10546000083063070AD004AB03EBD405624215F899
:10547000083C02F00702934005F8083C00910346FF
:105480002246002102A8FFF735FB05B030BD082AEF
:10549000E4D9102A03D81B88ADF80830E1E7202AA8
:1054A0008DBFD3E900231B680293CDE90223D8E71F
:1054B00010B5CB681BB98B600B618B8210BD046982
:1054C0001A681C600361C38A013BC382CA60F0E7AB
:1054D00003460A8B486918609A8018467047000096
:1054E00082B08DED010A019820F00043B3F1FF4F27
:1054F00008D31BD047F6FF73000C00F4004018439C
:1055000002B070470B4BDFED0C7A034007EE103A08
:1055100067EE277A17EE903A03F58053B3F1786F70
:1055200028BF4FF07863C3F34F33E5E74FF4F843F8
:10553000E2E700BF00F0FF7F000080070D4BDFEDCA
:105540000E7A03EA403307EE103A67EE277A9FEDB2
:105550000B7A17EE903AF4EEC77AF1EE10FA4FEAB2
:105560000040A8BF43F0FF4300F00040034300EEBB
:10557000103A704700E0FF0F00008077000080477E
:1055800003064CBFC0F3C0300220704708B5024686
:10559000FFF7F6FF022806D15306C2F30F2001D110
:1055A00000F0030008BDC2F30740FBE72DE9F04F10
:1055B00093B0CDE904230A6804461046FFF7E0FFE4
:1055C000022814BFC2F306260026002A0D46824692
:1055D00080F2088212F0C04940F00482097E00295E
:1055E00000F00082022803D02378B34240F0FD810E
:1055F000C2F304630693104602F07F030393FFF7A0
:10560000C5FF039B29444FEA834848EA0A4848EA11
:105610004668CE7B00230022CDE90823F3098346A8
:1056200048EA0008029367D0039B0093024667682C
:10563000534608A92046B847002868D0276A4FB9C2
:10564000414604F10C00FFF7B9FA074690B96FF034
:1056500002006AE03B6998450DD03F68002FF9D100
:10566000414604F10C00FFF7A9FA07460028EED0E6
:10567000236A3B60276297F817C006F01F08CCF337
:10568000840CACEB08001FFA80FE0028B8BF0EF1B6
:105690002000A8EB0C031FFA83FED7E90221B8BF54
:1056A00000B2002B0793BEBF0EF120031BB207937D
:1056B00052EA010342D0049BDFF838E39A1A059BB3
:1056C0004FF0000C63EB010196457CEB010335D3F1
:1056D0006B7E97F81AE0734521D1029B002B00F0F6
:1056E000858001282ADC786840BBDFF804C3944534
:1056F00070EB010343D21EE0276A5FB9039B00935E
:10570000656853465A4608A92046A84768BB6FF00B
:105710000B000AE03B699845ADD03F68EDE7B4481F
:1057200090427CEB010303D3002013B0BDE8F08F5F
:10573000029B002BF8D0079B0F2B19DCFA7DB300DE
:1057400002F0030203F07C031343FB753946204645
:10575000FFF7B4FA6B7EBB76029B4BB9FB7DC3F3BC
:105760008402013262F38603FB756FF00C00DCE704
:105770006A7EBB7E9A42D7D1029B002B36D0B309FA
:10578000022B33D0049BBB60059BFB6014220021DD
:105790000DA805F0BDFE049B0A93059B0B9305F134
:1057A00010030C932B7EADF83EB0013BDBB2ADF89D
:1057B0003C30069B8DF84230039B8DF8433094F8C3
:1057C0002C308DF840A083F001038DF844308DF823
:1057D0004180A3680AA920469847FB7DC3F3840350
:1057E000013303F01F039B02FB829DE7FB7DC6F3A1
:1057F0004012B2EBD31F40F0FF80C3F38403434554
:1058000040F0FD80029A2B7EB609002A53D016F094
:10581000010663D1032B40F2F580049BBB60059B1E
:10582000FB60FB8A66F30903FB822B7E05F11206FF
:10583000033BDBB23246394604F10C00FFF750FA65
:1058400000280CDA39462046FFF738FAFB7DC3F30F
:105850008403013303F01F039B02FB82F7E6DDE9BB
:1058600008842B8A3B834FF6FF73C9F12000A9F10E
:10587000200228FA09F104FA00F0014324FA02F2A6
:1058800011431846C9B2FFF76DF909F10809B9F1DA
:10589000400F0346E9D1B8822A7E033AD2B231469C
:1058A000FFF772F9FB7DB882DA43C2F3C01262F3EC
:1058B000C713FB7538E78EB905F11006013BDBB263
:1058C0003246394604F10C00FFF70AFA0028B9DB2A
:1058D0002A7EB88A013AD2B23146E1E7F98AC1F3A9
:1058E0000901013B0C29DAB25DD805F11000002353
:1058F00007F11B069A4208D910F801CB06F801C03F
:10590000013101330D29DBB2F4D104990A910599D3
:105910000B91934207F11B010C9138BF103379684A
:105920000D9134BF55FA83F300230E93FB8AADF833
:105930003EB0C3F309031A44069B8DF84230039B23
:105940008DF8433094F82C30ADF83C2083F00103FF
:105950008DF8443000238DF840A08DF841807B60A5
:105960002A7EB88A013A05F11001FFF70DF93B8B49
:10597000B882834203D1A3680AA9204698472046EB
:105980000AA9FFF795FDFB7DBA8AC3F384030133AF
:1059900003F01F039B02FB823B8B9A420CBF00204B
:1059A0006FF01000C1E67B68002BAED00D2001E047
:1059B000243033461E68002EFAD1091A081D05F15D
:1059C0001006184401EB090CBCF1230F5FFA89F3B0
:1059D0009BD89A4299D916F8013B00F8013B09F18E
:1059E0000109EFE76FF009009FE66FF00A009CE6FF
:1059F00040420F0080841E006FF00D0095E66FF0AE
:105A00000E0092E66FF00F008FE600BFEFF3098300
:105A100005494A6B22F001024A63683383F309881F
:105A2000002383F31188704700EF00E0302080F3FB
:105A3000118862B60C4B0D4AD96821F4E061090463
:105A4000090C0A43DA60D3F8FC20094942F080725D
:105A5000C3F8FC200A6842F001020A602022DA77CB
:105A600083F82200704700BF00ED00E00003FA0554
:105A7000001000E010B5302383F311880E4B5B68F3
:105A800013F4006314D0F1EE103AEFF30984683C8C
:105A90004FF08073E361094BDB6B236684F3098865
:105AA00002F07AFB10B1064BA36110BD054BFBE77A
:105AB00083F31188F9E700BF00ED00E000EF00E09C
:105AC00033B3000836B30008F0B500F10B04002B27
:105AD00014BF1D460D462346B1FBF2F702FB17111A
:105AE00001F13006392EC8BF01F1370603F8016D08
:105AF0002E4696423946B5FBF2F5EDD2421EE11A2A
:105B000013F8015B02F8015FA342F9D10844F0BD2C
:105B10002DE9F04F2DED048B06468BB09046002703
:105B20000C4614F8013B002B3FD0252B06D03268E1
:105B30001946D268304690470137C3E14B782D2B88
:105B400006BF8C1C01230023029323782B2B04BF58
:105B500001344FF0010B94F800A018BF4FF0000B78
:105B6000BAF1300F0CBF01344FF0200A23782A2BF2
:105B700021D158F8043B0193023414F8013C2E2B38
:105B800048D123788BB12A2B26D0611C4FF0000915
:105B90000A20A3F13002D2B2092A0C4620D811F80B
:105BA000013B00FB0929002BF3D138460BB0BDECBB
:105BB000048BBDE8F08F002301930A2114F8013B08
:105BC000002BF2D0A3F13002D2B2092AD7D8019B20
:105BD00001FB03230193F1E758F8049B6378023437
:105BE00003F0DF024C2A18D12378002BDDD0782B6C
:105BF00004F1010420D8622B00F27081582B1BD8CD
:105C00004E2B00F29F81442B00F09680492B00F030
:105C1000938011E04FF00009E2E7A3F14102782BF5
:105C2000D2B209D8622B0BD8582B05D84E2B3BD8B3
:105C3000442B7CD0492B7AD08DF81030454656E065
:105C4000A3F163001528F7D801A555F820F000BF8F
:105C5000E15C02082F5D0208395C0208CD5D020894
:105C6000395C0208395C02082F5D0208395C0208C1
:105C7000395C0208395C0208395C0208395C0208A8
:105C80008F5E0208815F0208395C0208395C0208F5
:105C9000F95C0208395C02087D5F0208395C020881
:105CA000395C0208815F0208A3F14F02092AC3D8B8
:105CB00001A050F822F000BF8F5E0208815F020849
:105CC000395C0208395C0208395C0208395C020858
:105CD0007D5F0208395C0208395C0208815F0208B6
:105CE00045464FF0200A55F8043B8DF810300DF171
:105CF00010080DF1110030E04546A24B55F8048B19
:105D0000B8F1000F08BF984647F6FF73B9F1000FCE
:105D100008BF9946C1444346184613F8012B1AB1EF
:105D2000A9EB0302002AF7DA4FF0200A15E04546F6
:105D3000192A55F8041B02D8454655F8041B0029BA
:105D40003BDA2D238DF8103049420DF1110000236C
:105D50000A22FFF7B9FE0DF11008019B0299A0EB92
:105D60000809A3EB090222EAE273002940F0AC80A3
:105D7000002AC3F1000B1EDD98F800102D2901D078
:105D80002B290DD1BAF1300F0AD132680193D268B4
:105D900030469047019B013709F1FF3908F10108AE
:105DA00032680193D2685146304690471BF1010B8F
:105DB000019BF5D11F444B4678E0BBF1000F03D0A7
:105DC0002B238DF81030C0E704A8C0E708F10705C1
:105DD00025F00705F5E80201E4F7C0FE08EE100A19
:105DE000B5EEC08AF1EE10FA47D52D238DF81030AC
:105DF000B1EE488A0DF1110818EE100AE4F75EFBC7
:105E000009F1FF33092B28BF4FF0090909F1FF39C8
:105E10005D4BFDEEC87A53F82930039341EC190B22
:105E20000A2217EE901A00234046FFF74DFE8346E4
:105E30002E2317EE900A0BF8013BE4F72DFB0246E8
:105E40000B4651EC190BE4F7D9F9804603988946C3
:105E5000E4F712FB02460B4640464946E4F786FB50
:105E60004FF00A08039BB3FBF8F30393E4F72EFE0D
:105E7000039B0146424658466BE7BBF1000F03D037
:105E80002B238DF81030B5E70DF11008B4E7082288
:105E90004546002355F8041B04A85AE7326818F851
:105EA000011BD268019330469047019B013BF5D519
:105EB000B9F1000FA8BF4F44D846B8F1000F05D183
:105EC0005F44A84621462BE69B4674E7336851465B
:105ED000DB683046984708F1FF38EEE7A3F163022C
:105EE000152A3FF6A9AE01A151F822F0E15C0208A3
:105EF000395D0208395C0208CD5D0208395C020890
:105F0000395C0208395D0208395C0208395C020814
:105F1000395C0208395C0208395C02088F5E0208AD
:105F2000815F0208395C0208395C0208F95C0208EA
:105F3000395C02087D5F0208395C0208395C02089E
:105F4000815F0208A3F14F02092A3FF675AE01A155
:105F500051F822F08F5E0208815F0208395C020866
:105F6000395C0208395C0208395C02087D5F02086E
:105F7000395C0208395C0208815F02080A2287E75F
:105F8000102285E79C760308A476030883685B07E4
:105F900008D5836843F010038360836813F010030F
:105FA000FBD143607047000070B5194C194B1A4D76
:105FB000002620461E6001F08FFA184B2662C4E9C5
:105FC0000635052142F28A531220636201F056FA27
:105FD000134BDA6A42F40052DA62DA6A22F40052AF
:105FE000DA62DA6ADA6C42F40052DA64DA6E42F4A7
:105FF0000052DA66DA6E4FF4A022AA60DA6C22F45C
:106000000052DA64DA6E22F40052DA66DB6E70BD9A
:106010001863002040630020000304500000045077
:1060200000100240436810B504460BB92A4B436088
:106030002378012B4FD1294B9C4215D1284A234666
:106040000521002000F070F9264A2062136843F011
:1060500001031360244BDA6C42F40052DA64DA6E06
:1060600042F40052DA66DB6E226AA369526803F1D9
:106070004001916062681268C3F8B02000229A6003
:106080004FF080529A604FF4C86002F037F9A3696C
:106090004FF0A0429A604FF050429A609A68002AEE
:1060A000FCDB4FF4C86002F029F9A3694FF080527D
:1060B0009A604FF010429A609A68002AFCDB4FF415
:1060C000C86002F01BF9A3699A6842F001029A6065
:1060D0001A68D207FCD510BDC876030818630020E3
:1060E000C161020840630020001002400269436A57
:1060F0001178F0B5D468C66800294AD144F001048B
:10610000D0F820E08168DEF80450DEF80CC0E960C9
:1061100051884E436E609EF810E0DCF800700F2648
:1061200006FA0EF627EA06071E0C06FA0EF63E439E
:10613000CCF800602B602B6843F001032B6083696F
:1061400018681860906870B14FF4647058605069B6
:10615000186290695862D0699862106AC3F8A0000A
:10616000506AC3F8A400906A5861D06A9861106BB5
:10617000013901431963516B5963916B9963D16B79
:106180001269D963DC601A619A6842F004029A606D
:10619000F0BD012E44F0030494BF43F0200343F00C
:1061A0002403ADE7036A806959680A6822F00F0288
:1061B0000A60197C1A680E238B405360FFF7E6BE15
:1061C0000B0710B504461DD5FFF7ECFF23699B684C
:1061D0003BB1052222700121204698472378052BE8
:1061E00003D10223237000232361302383F311881A
:1061F0004FF0FF3104F1140002F07AF9002383F329
:1062000011880FE003696BB18A0721D51A7852B162
:106210005B683BB10422027098472378042B01D1BC
:106220000323237010BDFFF7BDFF23695B6833B103
:1062300004222270204698472378042B03D102239E
:10624000237000232361302383F311880021D1E7D9
:106250004A07E7D55B68002BE4D0BDE8104018473B
:106260001F4A38B51F4D136813602A69002A33D0BE
:1062700013F0100404D02A78032A14BF0024022447
:10628000190648BF44F00404DA0548BF44F0080486
:106290009B051FD544F010041248FFF783FF2B69BC
:1062A0009B683BB105220F482A70214698472B78FE
:1062B000052B03D102232B7000232B61302383F3A2
:1062C000118809484FF0FF3102F012F9002383F3DF
:1062D000118801E0002CDFD1BDE83840FFF7CABBD0
:1062E00000000450186300202C6300200B480C4968
:1062F000002210B5C0E9002201234C68226040F85A
:10630000332001330F2B01F11401F6D1054A4FF070
:10631000FF335360C2F8043410BD00BF4463002053
:10632000CC760308000002400D282DE9F041044618
:106330004FD8294D012686402868304249D104F1C2
:10634000010CDFF89C8045F83C2005EBCC0C1427B1
:10635000CCF804303043730607FB0487286009D06B
:106360001E4B986C40F001009864986E40F001005C
:1063700098669B6E16F47E5F09D0184B986C40F0BF
:1063800002009864986E40F0020098669B6E62B1BD
:10639000142303FB048368689A68104202D1987C36
:1063A00001F06CF86B6833436B601420444308EBD6
:1063B000040158F804004B68097C1A6822F00F02A7
:1063C0001A600E228A40426000221A603846BDE8F8
:1063D000F0810027FAE700BF44630020001002406C
:1063E000CC76030838B51C4C457C012303FA05F232
:1063F000236823EA02032360636823EA02038268B6
:106400006360134202D1807C01F04EF80135002315
:10641000216844F8353004EBC5054A066B600CD1A1
:1064200003F1804303F504339A6C22F001029A646D
:106430009A6E22F001029A669B6E11F47E5F09D17A
:10644000064B9A6C22F002029A649A6E22F00202C3
:106450009A669B6E38BD00BF446300200010024066
:1064600010B40468037C21684268D940126801F0C6
:106470000E010A420FD0427C01FA03F3636001323D
:10648000064B53F8324034B103EBC203586823463D
:106490005DF8044B18475DF8044B704744630020D7
:1064A00008B50348FFF7DCFFBDE80840FFF7E2BA94
:1064B000CC76030808B50348FFF7D2FFBDE80840D3
:1064C000FFF7D8BAE076030808B50348FFF7C8FF1E
:1064D000BDE80840FFF7CEBAF476030808B50348D4
:1064E000FFF7BEFFBDE80840FFF7C4BA087703080E
:1064F00008B50348FFF7B4FFBDE80840FFF7BABA94
:106500001C77030808B50348FFF7AAFFBDE8084059
:10651000FFF7B0BA3077030808B50348FFF7A0FFCC
:10652000BDE80840FFF7A6BA4477030808B503485A
:10653000FFF796FFBDE80840FFF79CBA58770308BD
:1065400008B50348FFF78CFFBDE80840FFF792BA93
:106550006C77030808B50348FFF782FFBDE80840E1
:10656000FFF788BA8077030808B50348FFF778FF7C
:10657000BDE80840FFF77EBA9477030808B50348E2
:10658000FFF76EFFBDE80840FFF774BAA87703086D
:1065900008B50348FFF764FFBDE80840FFF76ABA93
:1065A000BC77030808B50348FFF75AFFBDE8084069
:1065B000FFF760BAD07703080023054A1946013374
:1065C000102BC2E9001102F10802F8D1704700BF98
:1065D000BC6300202DE9F04F85B0C2F3C31302F075
:1065E000030B0293C2F30033C2F3800AC2F3C10863
:1065F000C2F3411EC2F3C02903935F460022CB07BA
:1066000047D5029C02F007039B0004FA03FC012516
:106610004468954024EA050444EA0A044460C46AD4
:1066200024EA050444EA0904C462EE4303248568AD
:106630000196560004FA06F625EA060545EA08051D
:106640008560C56825EA060545EA0E05C5600F2583
:1066500005FA03F3BBF1020F6FEA06046FEA0303C6
:1066600024D1072A95BF056A456A2B402B4095BF68
:1066700043EA0C0343EA0C030362436203682340CA
:106680003B430360C369019C1C402346039C234396
:10669000C36149081CD04FEA4A0A4FEA49094FEA48
:1066A00088084FEA8E0EBF000132A8E705682C402B
:1066B0003C43072A046095BF046A446A2340234090
:1066C00095BF43EA0C0343EA0C0303624362D9E734
:1066D00005B0BDE8F08F000070B501248C4001F0DA
:1066E000030321F0030101F1804101F580319B009A
:1066F0008D68C0F383200F26984006FA03F325EA3D
:10670000030528430B4B88609868E14312F0010FA2
:1067100014BF20430840986012F0020FDA6814BFDB
:1067200022430A40DA601A6814431C605A680A401F
:106730005A6070BD00040140124B70B59C68D86867
:1067400001228A4044EA000515421AD08D080E4EF7
:10675000023524EA020456F825501D6825EA020590
:106760001D605D6820EA020025EA02055D609C600C
:10677000D8605A61054B002243F8312003EBC10178
:106780004A6070BD0004014000000140BC6300206D
:10679000C36A5B6830B5446B5968436862689B683C
:1067A000FF2988BFFF2122F0FF7243EA014322F450
:1067B000803294BF00254FF0807513432B4343F480
:1067C0008063636030BD0000D0E90C315B684068D5
:1067D0005A684B68806810B523F0FF73FF2A23F4D2
:1067E000803394BF00244FF0807443EA000388BFD5
:1067F000FF22234343EA02434B6010BD054B9A6BD3
:1068000042F480029A639A6B22F480029A639B6B33
:10681000704700BF001002401A4908B58B6B5A1C24
:106820008A63CA6B93422AD98B6843F080038B60DA
:10683000FFF7E4FF0B6B4BB15868026822F00F02C0
:106840000260187C1A680E2383405360CB6A4BB1F8
:1068500059680A6822F00F020A60197C1A680E2330
:106860008B405360302383F3118807486FF0010198
:1068700001F03EFE002383F31188012008BD0020B3
:10688000FCE700BF3C6400205C640020F8B54A4C83
:10689000636B9E69FFF7C0FF074618B1BDE8F8407B
:1068A000FFF7E8B8656B06F0FE03EB6194F8403043
:1068B00033B92B6823F046032B60FFF79FFFEDE70A
:1068C000F1062DD5236B59680A6822F00F020A6081
:1068D0001A7C19680E2303FA02F24A60E26A5068D1
:1068E000016821F00F0101601168127C93404B6038
:1068F000A36843F00403A3606B6843F480436B60B8
:106900002B6823F046032B60302383F311886FF04C
:10691000010104F1200001F0EBFD87F31188BDE7D0
:10692000320609D52378032B204602D1FFF74CFF0E
:10693000B4E7FFF72DFFB1E77306AFD52178E36A1F
:1069400003295A681CD1236B5868016821F00F0194
:106950000160187C19680E2383404B605368C3B1F3
:106960002046FFF715FFE36A5A68136843F00103F6
:1069700013606B6843F400536B60042323708DE74E
:10698000116821F00F011160197C1A680E238B40E9
:1069900053606B6843F480436B602B6823F04003C3
:1069A0002B60302383F311880448002101F0A0FDFF
:1069B000002383F3118871E73C6400205C640020AD
:1069C00038B52D4C636B9D69FFF726FF18B1BDE804
:1069D0003840FFF74FB8636B05F47C52DA6194F8E6
:1069E000402032B91A6822F046021A60FFF706FF0B
:1069F000EDE7226B4AB15068016821F00F01016098
:106A0000107C11680E2282404A60E26A4AB15068E6
:106A1000016821F00F010160107C11680E22824094
:106A20004A60EA0507D5A26842F00102A2609A69AD
:106A300022F480729A61A80542BFA36843F0020362
:106A4000A360690542BFA36843F00803A360EA049A
:106A5000A3680ED543F02003A360302383F311888D
:106A600006486FF0010101F043FD002383F3118814
:106A7000ADE7002BABD0F0E73C6400205C64002065
:106A800010B5054C204600F051FD0023034A236257
:106A9000C4E90B33626310BD3C6400200058004021
:106AA00038B5456B2B6823F001032B600378012B6D
:106AB000044637D18A239A22C0E90932254B9842ED
:106AC00030D1254B9A6B42F480029A639A6B22F480
:106AD00080029A639A6B9A6D42F480029A659A6F6B
:106AE00042F480029A679B6F00220346052104202E
:106AF000FFF71AFC2346E062002205210320FFF77E
:106B000013FC636A206343F44C336362A36A052178
:106B100043F44C332120A36200F0B0FC0521222075
:106B200000F0ACFCE36A5B6805F124029A60236B19
:106B30005B6805F128029A606268536843F4404339
:106B400043F090032B6013682B612B6843F0010323
:106B50002B6038BD3C6400200010024010B5037863
:106B6000012B044613D0006BFFF73CFCE06AFFF7F3
:106B700039FC0023C4E90B33054B9C4207D121208B
:106B800000F092FCBDE81040222000F08DBC10BD4A
:106B90003C6400202DE9F047002704460E46456B73
:106BA000876087F3118806215943C0E90E71C06AD6
:106BB000D0F80CE090F81080DEF800104FF00F0CC9
:106BC0000CFA08FC21EA0C0CE18C01FA08F141EA0C
:106BD0000C01CEF800104168606A0860CA604B6022
:106BE00000F054FF4FF0300980464CF24F3A89F3E1
:106BF0001188AB69190409D500F048FFA0EB080320
:106C00009BB2534543D887F31188F0E762689268D6
:106C10000123120584F84030636B58BF76005E6034
:106C20002046FFF7B5FDE36ABDF820105A681368E7
:106C300043F0010313602B6843F040032B606B6843
:106C400043F400536B6004F1200001F043FC431C4B
:106C5000E36A0DD16A68596842F480426A600A6842
:106C600022F00F020A601D7C19680E22AA404A60B9
:106C700059680A6822F00F020A60197C1A680E230C
:106C80008B405360002384F84030BDE8F0874FF01C
:106C9000FF30FAE72DE9F84F002704460E469646E6
:106CA000DDF82CB0456B876087F31188062003EB75
:106CB0000B014143C4E90E71D4F830C0DCF80C90EC
:106CC0009CF810A0D9F800100F2000FA0AF821EA69
:106CD0000808618D01FA0AF141EA0801C9F80010BB
:106CE000DCF80410A26A0A60C1F80CE04B60E16AAB
:106CF000D1F80CC091F810E0DCF8003000FA0EF08A
:106D000023EA0000E38C03FA0EF30343CCF80030CF
:106D10004B68616A19600A99D960C3F804B000F041
:106D2000B5FE4FF0300980464CF24F3A89F3118896
:106D3000AB69190409D500F0A9FEA0EB08039BB2CA
:106D4000534558D887F31188F0E7626892680123A9
:106D5000120584F84030636B58BF76005E602046B1
:106D6000FFF732FD236BBDF830105A68136843F00B
:106D7000010313602B6843F040032B606B6843F4FE
:106D800000536B6004F1200001F0A4FB431CD4E924
:106D90000B3217D169681E6841F4804169605D68F3
:106DA000296821F00F0129601D7C0E2101FA05F5EB
:106DB00075605668356825F00F053560167C1568D6
:106DC000B14069605568296821F00F012960117C84
:106DD00015680E2202FA01F169605D68296821F0E8
:106DE0000F01296019681B7C9A4000234A6084F8CF
:106DF0004030BDE8F88F4FF0FF30FAE710B50B4C8C
:106E0000204600F001FC06232374094BE3610123B3
:106E10002376084C204600F0F7FB042323744FF040
:106E20008043E3610023237610BD00BF806400200F
:106E3000002C0140A0640020F0B50378C269012B4A
:106E400040F0B780634B984240F09B80624B196ED4
:106E500041F400611966D3F8801041F40061C3F871
:106E60008010D3F88010196C41F400611964196C1A
:106E700021F4006119641B6C584B436146F66803AA
:106E80009361D36103F1807303F5803353654168E7
:106E900043690C68B3FBF4F3013B93628368CF68EA
:106EA000013BD362CB6B536007F00F03012B00F063
:106EB0008D80022B40F08C8043F001034E6906F078
:106EC0000F04012C03D0022C03D143F0200343F024
:106ED0001003CD6905F00F04012C03D0022C03D15F
:106EE00043F4007343F480734C6A04F00F0CBCF15C
:106EF000010F04D0BCF1020F03D143F4005343F45B
:106F0000805390F818C0BCF1000F27D007F0F000B4
:106F1000102803D0202803D143F0080343F00403D2
:106F200006F0F000102803D0202803D143F080039E
:106F300043F0400305F0F000102803D0202803D1CF
:106F400043F4006343F4806304F0F000102803D09E
:106F5000202803D143F4004343F480431362012308
:106F60005361002313614B6C23F0FF03D360BCF12A
:106F7000000F03D00B6C43F400435364852313606C
:106F8000F0BD174B98427FF479AF134B996D41F0E8
:106F900001019965996F41F001019967996F996BAA
:106FA00041F001019963996B21F0010199639B6B99
:106FB00062E70023136053639363D3631364017C1C
:106FC000042984BF9365D365536260E7002373E7A8
:106FD000002373E7806400200010024000B4C40462
:106FE000A06400200378022B25D1C369017E002212
:106FF0001A60DA601A6101B15A640F4B98420DD1E0
:107000000E4B1A6E22F400621A66D3F8802022F426
:107010000062C3F88020D3F880307047084B984254
:1070200009D1064B9A6D22F001029A659A6F22F0FF
:1070300001029A679B6F7047806400200010024035
:10704000A06400200329C3699BBF0C3103EB8101BD
:1070500012314A6088BF43F8212070470329C36971
:107060004FF000000CD801F10C0203EB82025060DB
:10707000DA68022000FA01F122EA0101D9607047C2
:10708000123143F821007047C36970B51A69DD6891
:107090001540EAB2D243AE0704461A6103D54368ED
:1070A0001B6903B19847680704D563689B690BB1F6
:1070B00020469847290704D563681B6A0BB1204610
:1070C0009847EA0604D563689B6A0BB12046984747
:1070D000EB0706D563689B681BB12046BDE870408E
:1070E000184770BD024A136843F0C003136070472D
:1070F00000380140024A136843F0C0031360704730
:1071000000440040024A136843F0C0031360704714
:107110000048004037B5274C274D204600F06CFC56
:10712000009404F10C00254900234FF4007200F094
:107130001DFB234900944FF4007204F13000214BF1
:1071400000F0A0FB204BC4E91535204C204600F090
:1071500053FC009404F10C001D4900234FF400720D
:1071600000F004FB1B4900944FF4007204F130005E
:10717000194B00F087FB194BC4E91535184C204614
:1071800000F03AFC04F10C001649009400234FF47F
:10719000007200F0EBFA144B144900944FF40072A3
:1071A00004F1300000F06EFB114BC4E9153503B05B
:1071B00030BD00BFC064002000B4C404EC650020F2
:1071C000EC6B0020E57002080038014024650020C7
:1071D000EC670020EC6D0020F570020800440040D0
:1071E00088650020EC69002005710208EC6F002022
:1071F0000048004030B5037A304C002918BF0C46D7
:10720000012B0FD12E4B984239D12E4B1A6E42F4DE
:1072100080421A66D3F8802042F48042C3F880206E
:10722000D3F880302268836D416D046603EB52030E
:10723000B3FBF2F36268150442BF23F0070503F0C5
:10724000070343EA4503CB60A36843F040034B6068
:10725000E36843F001038B6042F4967343F001034B
:107260000B604FF0FF330B62510505D512F0102271
:107270001FD0B2F1805F1ED080F85C3030BD124B61
:1072800098420BD0114B9842CCD10E4B9A6D42F4E0
:1072900080229A659A6F42F4802207E0094B9A6D2A
:1072A00042F400329A659A6F42F400329A679B6FFB
:1072B000B8E77F23E0E73F23DEE700BFE47703087A
:1072C000C064002000100240246500208865002072
:1072D000037A022B22D1436D00221A605A609A6011
:1072E000154B98420DD1154B1A6E22F480421A6646
:1072F000D3F8802022F48042C3F88020D3F8803075
:1073000070470F4B98420AD10C4B9A6D22F4003211
:107310009A659A6F22F400329A679B6F7047094B07
:107320009842FBD1054B9A6D22F480229A659A6FA0
:1073300022F48022F0E700BFC06400200010024069
:1073400024650020886500202DE9F047466D3768E8
:10735000F46934622107054619D014F0080118BFFA
:107360004FF48071E20748BF41F02001A30748BFF6
:1073700041F04001600748BF41F08001302383F3B2
:107380001188281D00F0F0FC002383F31188E2052A
:107390000AD5302383F311884FF48061281D00F053
:1073A000E3FC002383F311884FF030094FF0000A0B
:1073B00014F0200838D13B0616D54FF0300905EB04
:1073C000090A200610D589F31188504600F098FA72
:1073D000002836DA0821281D00F0C6FC27F08003BB
:1073E0003360002383F31188790614D5620612D521
:1073F000302383F31188D5E911239A4208D1AB6B6E
:1074000033B11021281D27F0400700F0ADFC376094
:10741000002383F31188E30619D52A6E1369B3B1EB
:10742000BDE8F0475069184789F31188B38C95F887
:107430005C102846194000F00FFB8AF31188F469AC
:10744000B6E780B2308588F31188F469B9E7BDE802
:10745000F08700004FF0E023002258684FF0FF3122
:10746000930003F1604303F5614301329042C3F896
:107470008010C3F88011F3D27047000000F1604320
:1074800003F561430901C9B283F80013012200F03A
:107490001F039A4043099B0003F1604303F56143D6
:1074A000C3F880211A60704700F01F0301229A4040
:1074B00043099B0003F1604303F5614300F1604021
:1074C00000F56140C3F88020C3F88021002380F8D4
:1074D00000337047FEF768BD012303700023C0E945
:1074E0000133C0E9033343617047000010B5302316
:1074F000044683F311884160FEF794FD0223237054
:10750000002080F3118810BD38B5302585F311882F
:10751000C0E90223032303700161FEF7E7FD0023A6
:1075200083F3118838BD0000FFF7AABA0123037066
:10753000002343600C3000F0B9BC000010B53023CC
:10754000044683F311884160FFF7AAFA02232370EF
:10755000002080F3118810BD10B53023044683F35A
:107560001188FFF7FBFA002301226360227083F386
:10757000118810BD7FB50446302585F31188032698
:1075800006700025BDF8286085600296099E019668
:10759000089E0096FFF77EFB431C14BF02230523C1
:1075A000237085F3118804B070BD000073B50446E4
:1075B000302585F31188042606700025BDF8186073
:1075C00085600096FFF7E6FA431C14BF02230523EB
:1075D000237085F3118802B070BD00000C3000F0FC
:1075E000A7BC00000C3000F0CFBC0000044B00F042
:1075F0000F0043F8301003EBC0035A60704700BF20
:10760000BC630020FFF7FABB012303700023436033
:10761000C36003747047000038B50446302383F319
:10762000118800254B6883604160C560FFF704FC4A
:107630000223237085F31188284638BD10B5302306
:10764000044683F31188FFF7CDFC00230122E36099
:107650006360227083F3118810BD0000302383F330
:107660001188C36981600139D962002383F31188CD
:107670007047000070B5302585F311880126C46875
:1076800006FA01F52C43C460FFF7DCFC002383F30A
:10769000118870BD38B5302484F311880125C26883
:1076A00005FA01F422EA0402C260FFF7D7FC0023C6
:1076B00083F3118838BD0000F8B515468268066965
:1076C000AA420B46816938BF8568761AB5420446DE
:1076D0000BD218462A4603F0D1FEA3692B44A361BE
:1076E000A3685B1BA3602846F8BD0CD91846324638
:1076F00003F0C4FEAF1BE1683A46304403F0BEFE1F
:10770000E3683B44EBE718462A4603F0B7FEE3681C
:10771000E5E7000083689342F7B51546044638BF95
:107720008568D0E90460361AB5420BD22A4603F0C8
:10773000A5FE63692B446361A36828465B1BA360B5
:1077400003B0F0BD0DD93246019103F097FE0199C7
:10775000E068AF1B3A46314403F090FEE3683B44D7
:10776000E9E72A4603F08AFEE368E4E710B50A4435
:107770000024C361029B8460C0E90000C0E90511D8
:10778000C1600261036210BDC268C0E90522002227
:1077900082606FF0010100F0D1BE000008B5D0E9B1
:1077A0000532934201D1826882B9826801328260D7
:1077B0005A1C42611970D0E904329A4224BFC3684E
:1077C0004361002100F0AEFE002008BD4FF0FF3005
:1077D000FBE7000070B5302304460E4683F31188A2
:1077E000A568A5B1A368A269013BA360531CA3616E
:1077F00015782269934224BFE368A361E3690BB162
:1078000020469847002383F31188284607E0314635
:10781000204600F077FE0028E2DA85F3118870BD7B
:107820002DE9F74F04460E4617469846D0F81C90AF
:107830004FF0300A8AF311884FF0000B154665B1FE
:107840002A4631462046FFF737FF034660B94146D6
:10785000204600F057FE0028F1D0002383F3118862
:10786000781B03B0BDE8F08FB9F1000F03D0019091
:107870002046C847019B8BF31188ED1A1E448AF3FA
:107880001188DCE7C0E90511C160C3611144009BA8
:107890008260C0E90000016103627047C16802694B
:1078A000521AC0E9051182606FF0010100F046BE76
:1078B000F8B504460D461646302383F31188A768B1
:1078C000A7B1A368013BA36063695A1C62611D7084
:1078D000D4E904329A4224BFE3686361E3690BB1DF
:1078E00020469847002080F3118807E03146204663
:1078F00000F008FE0028E2DA87F31188F8BD0000E6
:10790000D0E905239A4210B501D182687AB982681C
:10791000013282605A1C82611C7803699A4224BF3A
:10792000C3688361002100F0FDFD204610BD4FF0CB
:10793000FF30FBE72DE9F74F04460E461746984601
:10794000D0F81C904FF0300A8AF311884FF0000BEA
:10795000154665B12A4631462046FFF7DBFE034651
:1079600060B94146204600F0CDFD0028F1D000234B
:1079700083F31188781B03B0BDE8F08FB9F1000FD5
:1079800003D001902046C847019B8BF31188ED1A64
:107990001E448AF31188DCE70C30FFF741BF00007A
:1079A0004FF6FF730C30FFF73BBF00003030FFF79E
:1079B000C1BF00004FF6FF733030FFF7BBBF0000C0
:1079C0000C30FFF707BF00004FF6FF710C30FFF7D8
:1079D00001BF00003030FFF76BBF00004FF6FF72B1
:1079E0003030FFF765BF0000012914BF6FF01300AE
:1079F00000207047FFF78EBB0346034A43F8042B71
:107A00004360012303727047FC77030810B53023ED
:107A1000044683F31188FFF7EDFB02232372002055
:107A200080F3118810BD000010B53023044683F3A5
:107A30001188FFF74DFC0123237204F13000FFF79A
:107A40002DFF04F10C00FFF79FFE00F0CFFB002399
:107A500083F3118810BD000038B5436904460D4614
:107A60001BB90421084400F07FF9294604F10C00F9
:107A7000FFF794FE002806DA201D4FF40061BDE8F0
:107A8000384000F071B938BD01F010BB014B586AA5
:107A900080B2704700400140034B002258631A61D6
:107AA0000222DA60704700BF00400140014B002213
:107AB000DA60704700400140014B5863704700BFD7
:107AC000004001400448054B03600023C0E9013336
:107AD0000C3000F0EBB900BFEC710020659102089A
:107AE0002DE9F74F354F002818BF0746082A07F140
:107AF0000C0038BF08229146CD1D8846019000F049
:107B000017FA0198ED083C1D09F10701C9F1000EB3
:107B10002246246864B900F037FA3B68BBB30822F8
:107B20004946E8009847044688B340E902782EE0C9
:107B3000D4F804A004EB010C0CEA0E0C0AF10106C7
:107B4000ACF1080304EBC6069E42E1D9A6EB0C0C8F
:107B5000B5EBEC0F4FEAEC0BDAD89C421BD204F1E8
:107B600008029A1AD210AB45626009D9691C03EB6E
:107B7000C102ED435D445560256843F831502260F1
:107B80001C46C3F8048044F8087B00F0FDF9204649
:107B900003B0BDE8F08FAA45216802D111602346E9
:107BA000EEE7013504EBC50344F8351003F1080195
:107BB000761AF6105E601360F1E700BFEC710020EA
:107BC00073B50446A0F1080554F8043C50F8080CBD
:107BD0000733DB08061D44F8043C0C30019000F02C
:107BE000A7F9019833469E421A6801D0AB4228D2C9
:107BF0000AB1954225D244F8082C54F8042C1D6093
:107C000054F8081C013205EBC206B14206D14E6899
:107C1000324444F8042C0A6844F8082C5E68711C4D
:107C200003EBC1018D4207D154F8042C01323244D8
:107C30005A6054F8082C1A6002B0BDE8704000F099
:107C4000A3B91346CFE700002DE9F341124C0028F9
:107C500018BF044604F10C0001900F46164600F0D0
:107C600067F9231D019800242546A0461B685BB9CF
:107C70000FB1ED003D600EB1E400346000F084F916
:107C8000404602B0BDE8F0815A68944208F101080C
:107C9000154438BF1446E9E7EC71002030B53024B4
:107CA00084F31188064C0568E4680D600160C1E941
:107CB00001420022C1E9032382F3118830BD00BFD5
:107CC00010720020302383F3118803461A461B6884
:107CD000984203D08B42F9D11B681360002383F3D1
:107CE00011887047034BDA68136B23EA00011163B4
:107CF000184070471072002008B5302383F31188B4
:107D0000FFF7F0FF002383F3118808BD302383F3CE
:107D100011880023C268C36083F311880069104092
:107D200070470000036B194390F8243001630A2B5D
:107D300003D1836A194205D170470B2B06D1836AA0
:107D40008B4303D10023836200F0C0B97047000069
:107D500008B5302383F31188FFF7E4FF00F046FAFB
:107D6000002383F3118808BD70B5046806460D46EC
:107D7000B44200D170BDE3682B43E36015B12369C1
:107D80001D4203D0D4E90101FFF7CCFF2468EFE7DF
:107D900038B50C4B0446DD68302383F311882B6B18
:107DA000034005D1A8620A2000F092F92B6B234012
:107DB000584218402B6B23EA00032B63002383F304
:107DC000118838BD1072002038B50C4B0446DD68B0
:107DD000302383F311882B6B184006D10A20AC6244
:107DE00000F076F92B6B04EA03002B6B23EA000307
:107DF0002B63002383F3118838BD00BF107200206D
:107E0000104A70B5D6680546302282F31188346B6B
:107E100004400CD119B984F31188204670BDB062BA
:107E20000A2000F073F90028F5DB346B2C40634224
:107E30001C40336B23EA04033363002383F311886C
:107E4000EBE700BF107200200F4A70B5D6680546F8
:107E5000302282F31188346B04400CD119B984F3B9
:107E60001188204670BDB0620A2000F04FF900284A
:107E7000F5DB346B2C40336B23EA040333630023BC
:107E800083F31188EDE700BF1072002010B50346A0
:107E90001B68984203D09C688A689442F8D25A685A
:107EA0000B604A601160596010BD00000023C0E9FA
:107EB000000083600361704738B581681B4B04463E
:107EC000DD6851B3A94212D103690133036138BDA2
:107ED0008B6091F824307BB1062B14D1D1E90032AC
:107EE000886A13605A60FFF7D1FF8B6A9968AB68A4
:107EF0008A689A42ECD306E0D1E900320846136062
:107F00005A6000F0E3F820462946FFF7BFFFAC6255
:107F10000620BDE8384000F0DBB803698560013316
:107F200003616B6BC3606863D1E700BF1072002010
:107F300008B5302383F31188FFF7BEFF002383F3D6
:107F4000118808BD0A4B8268DB6832B19A420CD1B5
:107F500003690133036101207047026983600132C4
:107F600002615A6BC2605863F5E70020704700BF9A
:107F70001072002008B5302383F31188FFF7E2FF69
:107F8000002383F3118808BD194BD96883688B429D
:107F900010B520D1302383F311880269013A0261C0
:107FA000B2B90468C3684B63A0421ED08A6B9BB908
:107FB0008A600123036103681A68026050605A6B8B
:107FC0008360C2605863184600F080F800F00EF934
:107FD000002383F3118810BD1C68A34203D0A4685A
:107FE000A24238BF2246DB68E1E78260F0E700BFCB
:107FF00010720020302383F31188054B986A837D2B
:1080000001338375002383F311881038704700BF54
:108010001072002010B5302383F31188084A0369D9
:1080200093421FBF9A7D0132A3F110049A7508BFD5
:108030000024002383F3118800F0E0F9204610BDEE
:1080400038720020002380F82430826883691B681E
:1080500099689142FBD25A68036042601060586090
:1080600070470000002380F82430826883691B6811
:1080700099689142FBD85A6803604260106058606A
:108080007047000008B50846302383F3118891F843
:1080900024200023052A06D8DFE802F00B0505039B
:1080A000120E826A13604FF0FF338362FFF7CAFF3C
:1080B000002383F3118808BD826A936801339360BB
:1080C000D0E9003213605A60EDE70000FFF7BABF55
:1080D00038B50D4BDD681C6885F8240022681A60ED
:1080E0005360012284F82420DC60EFF309832A6ABC
:1080F000643B9A4202D9284600F0CEFE294620462B
:10810000BDE83840E3F700B91072002030B50D4BE0
:10811000DD684FF6FF73994287B004460FD02B46B7
:10812000094A684600F0DAFA2046FFF7D1FF009BC3
:1081300013B1684600F0DCFAA86A07B030BDFFF75B
:10814000C7FFF9E7107200208580020870B5114E54
:108150008162F36881689A689142044603D8BDE859
:108160007040FFF76FBF1846FFF77CFF01230546FD
:1081700084F82430F460EFF30983026A643B9A4286
:1081800001D900F089FE29462046BDE87040E3F79A
:10819000BBB800BF10720020044B1A68DB689068FF
:1081A0009B68984294BF0020012070471072002005
:1081B00038B50D4B1C68D86822681A6053600122DC
:1081C00084F82420DC60FFF74DFF0546EFF30983B8
:1081D000026A643B9A4201D900F05EFE29462046BD
:1081E000BDE83840E3F790B810720020044B1A68DD
:1081F000DB6892689B689A4201D9FFF7D9BF704744
:1082000010720020C0E90000816070478368013B64
:10821000002B10B583600CDA074BDC684368A06262
:10822000206063601C6044600520FFF751FFA06A76
:1082300010BD0020FCE700BF1072002008B53023FD
:1082400083F31188FFF7E2FF002383F3118808BD51
:1082500083680133002B836008DC03681A680260BE
:10826000506000229A621846FFF730BF7047000046
:1082700030B5114C87B00123237068460023C4E950
:10828000013300F069F90425684600F071F9684689
:1082900000F074F9013DF7D1009BA36000F044FFAA
:1082A000FFF710FC0549064800F098FF02232370F1
:1082B00085F3118807B030BD80740020547803081E
:1082C0001072002000F04CBAEFF3118020B9EFF3E8
:1082D0000583302282F311887047000010B530B951
:1082E000EFF30584C4F3080414B180F3118810BDC2
:1082F000FFF77CFF84F31188F9E70000034A516817
:1083000053685B1A9842FBD8704700BF001000E02A
:108310008B608B630023C1E90C3302238B84012320
:1083200081F82630CA6100F128020A61C26A8861B8
:1083300001F110034A611360C36201F12C03CB62A7
:108340000846704703460A1A01338B4288BF012250
:10835000552103F0DDB80000D0E9013141F8203C9F
:10836000A1F1A40341F8343C036941F8643C43693A
:1083700041F8603C044B41F8443C0268C368034840
:108380004039FFF7C5BF00BF21B3000810720020BD
:1083900008B5FFF7E1FFBDE80840FFF797BE000012
:1083A000F8B50C4641181F4605461646FFF7CAFFAA
:1083B000302383F31188A4F140012944A1F164031F
:1083C000CB60069B41F8203C094B0A4A0D6241F8FC
:1083D000247C41F8043C08483346FFF799FF00210C
:1083E0000446FFF7B3FE002383F311882046F8BD4F
:1083F00021B300086878030810720020302383F34B
:10840000118890F82630013B80F82630436A03F04B
:10841000FF130F2B0FD1D0E9043213605A600023F1
:1084200083F3118890F8253003F00303012B05D165
:10843000006AFFF7C5BB002383F311887047000073
:1084400038B50E4BDC68A06204F12C05E06AA84246
:108450000FD194F826303BB994F825309B0702BF22
:10846000D4E9043213605A60BDE838400F20FFF7AA
:108470002FBE0368E362FFF729FEE7E710720020D2
:10848000302383F31188FFF7DBBF00000A4B10B5E0
:10849000DB68302282F311889C6B9A68A24201D07B
:1084A000824200D298609863FFF7A0FE002383F316
:1084B0001188204610BD00BF1072002008B501468B
:1084C000302383F311880820FFF720FE002383F375
:1084D000118808BD054BDB6821B103609862032059
:1084E000FFF714BE4FF0FF30704700BF107200203E
:1084F00003682BB10022026099621846FFF7E6BDBF
:1085000070470000064BDB6839B1426818605A605A
:10851000136043600420FFF7F9BD4FF0FF30704750
:10852000107200200368984206D01A6802605060FA
:1085300099621846FFF7CABD7047000038B5044677
:108540000D462068844200D138BD036823605C601A
:108550008562FFF7BBFDF4E700234FF0FF32C0E96F
:108560000023C0E9023300220023C0E9042370473E
:10857000014B5B6883607047001000E00D4A0E4BB2
:108580009168C2685B680132C26082685B1A9B1A9C
:10859000D0E90421D21841F10001C0E90421426868
:1085A00083609342026888BF4360934238BF036090
:1085B000704700BF80740020001000E010B5036811
:1085C0001C89A2420CD85C680A810B604C60216057
:1085D000596019898A1A1A814FF6FF73038110BDF9
:1085E000121B1B6892B2EBE70A2938BF0A2170B54B
:1085F00004460D460A26601980B2FFF75DFAFFF7C0
:1086000045FA041BA4B2A54204D8751CADB22E468F
:108610000446F0E70A2E04D9BDE87040012000F0BE
:1086200025BE70BDF8B5164B0F46998303F11001B6
:1086300041600A2A1969028138BF0A220160486034
:108640001861B81880B21446FFF726FA0A25FFF71A
:108650001DFAC31B9BB2A342064609D30135ACB237
:1086600017FA85F5A8B2FFF727FA25463746EEE751
:108670000A2D04D9BDE8F840012000F0F7BDF8BD8F
:1086800010720020F8B506460D46FFF7FFF9114AB3
:10869000134653F8107F9F4206D12A4601463046C2
:1086A000BDE8F840FFF7BEBF918B441AA3B215FA9C
:1086B00084F4A4B2A34288BF2C463B89A34202D9CA
:1086C0002946FFF791FF224631460348BDE8F840AE
:1086D000FFF774BF107200202072002010B4C0E9B0
:1086E000032300235DF8044B8382FFF7CBBF000018
:1086F00010B51A4C236998420DD0D0E90032018997
:1087000013605A601A890A441A81002303604FF6E5
:10871000FF73238310BD2346026843F8102F536074
:108720000022026022699A4203D1BDE81040FFF79F
:10873000BDB9018913890B441381FFF7A7F9236998
:10874000A18B1B89441AA4B2A342E3D90B44191A82
:10875000BDE8104089B2FFF747BF00BF107200208C
:108760002DE9F047DFF8CC8008F11007304ED8F83B
:108770001050FFF78BF9B8F81C102B89441AA4B2DB
:10878000A34244D81944D5E900328CB24FF0000915
:10879000A8F81C4013605A60C5F80090D8F8103053
:1087A000B34201D1FFF782F989F31188D5E903318A
:1087B00028469847302383F31188AB8A002BD6D004
:1087C000FFF764F9AA8AA0EB04091FFA89F94A4560
:1087D00082460DD2022000F049FD0022D8F8103068
:1087E000B34209D151462846BDE8F047FFF71ABF0A
:1087F000121A1444A2B2F1E702EB09039BB29945A5
:1088000098BF1A4629463846FFF7D8FEAEE7D8F893
:108810001040B44209D00B44191A89B2A8F81C00C0
:108820002981BDE8F047FFF7DFBEBDE8F08700BF54
:10883000207200201072002038B5FFF727F9054A92
:10884000D2E90845001B83B2181945F10001C2E9BD
:10885000080138BD107200204FF0FF307047000053
:10886000002070474FF0FF30704700000020704735
:108870004FF0FF3070470000012070470020704724
:10888000FEE70000704700004FF0FF307047000027
:10889000BFF34F8F024A1369DB03FCD4704700BF5C
:1088A0000020024008B5094B1B7873B9FFF7F0FFB1
:1088B000074B5A69002ABFBF064A9A6002F1883204
:1088C0009A601A6822F480621A6008BD9C740020C5
:1088D000002002402301674508B50B4B1B7893B974
:1088E000FFF7D6FF094B5A6942F000425A611A68F5
:1088F00042F480521A601A6822F480521A601A6890
:1089000042F480621A6008BD9C740020002002407E
:108910007F289ABF00F58030C00200207047000019
:108920004FF4006070470000802070477F2808B532
:108930000BD8FFF7EDFF00F500630268013204D1A8
:1089400004308342F9D1012008BD0020FCE700007B
:108950007F2870B504462DD800F0C0F9164E30605F
:10896000FFF7B2FCFFF794FFFFF79CFF134BF322D6
:108970001A6102225A615A6942EAC4025A615A696A
:1089800042F480325A61054620464FF40061FFF7F9
:108990007FFFFFF7BDFF00F07BFA2846FFF79CFF43
:1089A000FFF79CFC00F09AF930602046BDE870406B
:1089B000FFF7BCBF002070BDA07400200020024063
:1089C00040EA020313F007032DE9F04705460C4681
:1089D000164606D0344B40F282321A600020BDE8C1
:1089E000F0878118314A91420CD92F4A40F28731E1
:1089F0001160F3E72B1D1B686268934208D1083EA3
:108A000008350834072E19D92A6823689A42F1D00C
:108A1000FFF75AFCFFF746FFFFF73AFF04F10801A2
:108A2000234C4FF001084FF00009012EA1F1080777
:108A300008D8FFF751FFFFF751FC01E0002EE7D106
:108A40000120CCE7C4F81480AA4651F8083C4AF843
:108A5000043B51F8043C6B60FFF71AFF236943F0B5
:108A600001032361C4F814902A6851F8083C9A4223
:108A70000ED00D4B40F2AF321A600E4B1D600E4B04
:108A80001E600E4B1F60FFF727FFFFF727FCA5E7CF
:108A9000DAF800A051F8043C9A4501F10801E8D148
:108AA000083E0835C1E700BF9874002000000408A4
:108AB000002002408C7400209474002090740020E8
:108AC000084908B50B7828B11BB9FFF7EBFE012365
:108AD0000B7008BD002BFCD0BDE808400870FFF704
:108AE000FBBE00BF9C74002008B500F0F7F8054BF2
:108AF0001B68C01A40F6B73398428CBF0020012093
:108B000008BD00BFA07400207047000010B50446E7
:108B100010B90023184610BD014608220020FEF7B8
:108B2000DFFF034630B908222146FEF7D9FF03468E
:108B30000028EED018462246002102F0E9FC034648
:108B4000E8E7000038B578B1073020F007050822C3
:108B500029460020FEF7C4FF044618B12A4600212A
:108B600002F0D6FC204638BD0446FBE7FFF7EABF1B
:108B700038B5044660B1014608220020FEF7B0FF78
:108B8000054618B12246002102F0C2FC284638BD35
:108B90000546FBE74843FFF7B9BF000008B1FFF700
:108BA0000FB8704707B5002201A910460192FFF7E0
:108BB0004BF800F0E1FA019B184403B05DF804FBA8
:108BC00013B5049CCDE9003413460A460146002043
:108BD00000F0DAFA02B010BD024B0360024B0B60EA
:108BE00001207047A47400207078030802FB01F094
:108BF000FFF78CBF0846FFF789BF00000846FFF764
:108C0000CDBF000010F0070309D1064A904206D9F3
:108C10000844054988428CBF00200120704700208D
:108C2000704700BFFF0000200000012038B5EFF3BF
:108C300011859DB9EFF30584C4F30804302334B1E2
:108C400083F31188FFF7F8FD85F3118838BD83F3AE
:108C50001188FFF7F1FD84F3118838BDBDE8384075
:108C6000FFF7EABD38B5EFF311852DBBEFF30584AF
:108C7000C4F3080430237CB183F31188FEF706FFA8
:108C80001449154A0B880880C31A106810FA83F03B
:108C9000106085F3118838BD83F31188FEF7F6FE66
:108CA0000C490D4A0B880880C31A106810FA83F02B
:108CB000106084F3118838BD064CFEF7E7FE0649C4
:108CC00023880D68C31A024615FA83F022800860D3
:108CD00038BD00BFC4740020C874002038B5FFF749
:108CE000A5FF114C114AC00840EA4170A0FB025E8A
:108CF000C908A0FB040C1CEB050CA1FB04404FF0C1
:108D000000035B41A1FB02121CEB040C43EB0000CF
:108D100011EB0E0142F10002411842F10000090975
:108D200041EA007038BD00BFCFF753E3A59BC420D4
:108D300038B504460D46FFF779FF844275EB010311
:108D400005D3241A024B65EB0105C3E9004538BD84
:108D5000D074002008B5FFF769FF034AD2E900325A
:108D6000C01842EB010108BDD074002010B50244C8
:108D7000064BD2B2904200D110BD441C00B253F851
:108D8000200041F8040BE0B2F4E700BF5028004097
:108D9000114B30B5D3F89040240409D4D3F8904057
:108DA000C3F89040D3F8904044F40044C3F8904096
:108DB0000A4C236843F4807323600244084BD2B208
:108DC000904200D130BD441C00B251F8045B43F81E
:108DD0002050E0B2F4E700BF0010024000700040F5
:108DE0005028004007B5012201A90020FFF7BEFF6F
:108DF000019803B05DF804FB13B50446FFF7F2FFDA
:108E0000A04205D0012201A900200194FFF7C0FF74
:108E100002B010BD7047000070B520F00F0400F0E4
:108E20000F01236862684E00CA40F340920003F0CD
:108E3000030302F004021A43A368F340DB0003F0CB
:108E400018031A43E368F3405B0103F06003134324
:108E500002070D4653BF206A606A08398D004ABF79
:108E60008900E840C840C00100F4F060184370BDBC
:108E700010B520F00F0400F00F00E368400003225B
:108E8000824023EA020381400B43E36010BD0000EF
:108E90007047000070470000C069E6F721BB000082
:108EA00003461968B1F1553F1A4603F10403F8D09F
:108EB000101A704770B505460C4601201021164661
:108EC000FFF768FE286046733CB1204636B1FFF7D5
:108ED0004DFE2B68186000B19C6070BDFFF732FE3C
:108EE000F7E70000F8B50F461646044610B901250D
:108EF0002846F8BD427B38683146FFF783FE0546B9
:108F00000028F4D13B686360A368B34210D213B168
:108F10002068FFF743FE637B30462BB1FFF726FE48
:108F2000206020B9A060E3E7FFF70CFEF8E7A66039
:108F300023683B6001252573DAE7000010B504467D
:108F400040B10068884205D1606808B102F096FA25
:108F50000023237310BD0000F8B50F4616460446E3
:108F600010B901252846F8BD427B38683146FFF725
:108F700049FE05460028F4D1A368B34210D213B1CC
:108F80002068FFF70BFE637B30462BB1FFF7EEFD49
:108F9000206020B9A060E5E7FFF7D4FDF8E7A66000
:108FA000396819B12068324602F068FA23683B60DC
:108FB00001252573D6E7000020B103688B4204BF6A
:108FC000002303737047000008B100230373704748
:108FD000074B45F255521A6003225A6040F2FF7265
:108FE0009A604CF6CC421A60024B01221A7070470C
:108FF00000300040DC740020034B1B781BB1034B96
:109000004AF6AA221A607047DC7400200030004043
:10901000054B1A6832B902F1804202F50432D2F8E7
:1090200094201A60704700BFD8740020024B4FF4A0
:109030000002C3F8942070470010024008B5FFF703
:10904000E7FF024B1868C0F3407008BDD8740020D9
:10905000CAB201460120FFF79BBE0000CAB201461A
:109060000120FFF783BE000070470000FEE700000C
:109070000A4B0B480B4A90420BD30B4BDA1C121ACB
:10908000C11E22F003028B4238BF0022002102F0F1
:109090003FBA53F8041B40F8041BECE7788403083C
:1090A000F0740020F0740020F0740020104B1A6E51
:1090B00042F480321A66D3F8802042F48032C3F83A
:1090C00080200C4AD3F88030136943F48033136155
:1090D000094B4F229A624FF6FF72DA6200229A61C0
:1090E0005A63DA605A6001225A611A60704700BF01
:1090F00000100240002004E000400140094A08B589
:109100001169D3680B40D9B2C9439B07116107D5D8
:10911000302383F31188FFF7D5F8002383F31188F8
:1091200008BD00BF00400140024B034A1A60034AD9
:109130005A607047E0740020F074002000000120A5
:10914000074B10B55C684942201A08401968821A1A
:109150008A4203D3A24201D85A6010BD0020FCE726
:10916000E074002008B5302383F31188FFF7E8FF8F
:10917000002383F3118808BD024BD3E90030C01AE5
:10918000704700BFE0740020F0B5174687B0082292
:109190000D461E46FEF7A4FC0446D0B10C9B04937A
:1091A00041190D9B0593CDE90070CDE90216FFF73B
:1091B000C9F8302383F311886846FFF7CDF80123FF
:1091C00080F8253000210446FEF7C0FF002383F31A
:1091D0001188204607B0F0BDFEE7000070B51F4BB8
:1091E00081630025044686B0586005630E46FCF78F
:1091F0001DFC04F12803C4E90A3304F11003C4E997
:1092000004334FF6FF732383C4E90044A56065630C
:10921000A583FEF73BFC2B460246C4E9082304F174
:109220003C010F4AA56780232046FFF771F8736859
:10923000E0600362012380F824303169094AF06854
:109240000092CDE90213084B0190CDE90435FFF7F8
:1092500079F86846FFF79CF806B070BD807400206E
:10926000247803087C780308D9910208024A536BDA
:1092700018435063704700BF10720020254B2649E9
:10928000DA6A264842F00702DA62DA6A22F0070256
:10929000DA62DA6ADA6C42F00702DA64DA6E42F015
:1092A0000702DA66DB6E4FF0904300225A60996045
:1092B0001B49D9604FF6FF715961186241F21110D4
:1092C0005862184818604FF4C040C3F804041648A8
:1092D000C3F808041548C3F80C041548C3F814145F
:1092E000C3F820041348C3F824041348C3F8000447
:1092F0004FF0AA30C3F80428C3F80808C3F80C28B4
:10930000C3F81418C3F82028C3F82428C3F8002889
:1093100000F02EB800100240FAAAAAAA1177505005
:1093200050010024AA89AA28AAFAFAAA10505000CB
:1093300000000577997740045FA2AA2808B500F0DD
:1093400025FAFEF795FFFFF763FEFFF76FFEBDE816
:109350000840FFF7D9BB00007047000008B5FCF7D4
:10936000C5FFFEF777F8BDE8084000F0CFB9000070
:109370005A4B4FF0FF319A6A99629A6A00229A62B8
:10938000986AD86A60F00700D862D86A00F00700CF
:10939000D862D86A186B1963186B1A63186B986BCC
:1093A0009963986B9A63986BD86BD963D86BDA63BF
:1093B000D86B186C1964196C1A641A6C484A4FF40B
:1093C000E06111601A6E474942F001021A66D3F853
:1093D000802022F00102C3F88020D3F880209A6D0B
:1093E00042F080529A659A6F22F080529A679A6F83
:1093F0004FF440720A604A6912F48062FBD14A60FD
:109400001A6822F0F00242F060021A601A6842F014
:1094100001021A601A689107FCD500229A609A68C6
:1094200012F00C02FBD1D3F8901011F4407F1EBF54
:109430004FF48031C3F89010C3F8902061221A6075
:109440001A689207FCD500229A609A6812F00C0FF5
:10945000FBD169221A60D3F8942022F4706242F49E
:10946000C062C3F894201A6842F480321A601A6805
:109470009003FCD5D3F8902022F00322C3F890206B
:10948000194ADA601A6842F080721A601A6891010B
:10949000FCD5164A1A611A6842F080621A601A688E
:1094A0001201FCD500229A600D49114AC3F88820A8
:1094B0000A6822F0070242F004020A600A6802F019
:1094C0000702042AFAD19A6842F003029A609A6865
:1094D00002F00C020C2AFAD1704700BF00100240C3
:1094E000002002400070004003140001000C100036
:1094F00055550134074A08B5536903F00103536118
:1095000023B1054A13680BB150689847BDE808407D
:10951000FCF7B0BA00040140BC630020074A08B55C
:10952000536903F00203536123B1054A93680BB1F9
:10953000D0689847BDE80840FCF79CBA0004014099
:10954000BC630020074A08B5536903F00403536164
:1095500023B1054A13690BB150699847BDE808402B
:10956000FCF788BA00040140BC630020074A08B534
:10957000536903F00803536123B1054A93690BB1A2
:10958000D0699847BDE80840FCF774BA0004014070
:10959000BC630020074A08B5536903F01003536108
:1095A00023B1054A136A0BB1506A9847BDE80840D9
:1095B000FCF760BA00040140BC630020164B10B5F4
:1095C0005C6904F478725A61A30604D5134A936A5D
:1095D0000BB1D06A9847600604D5104A136B0BB1E3
:1095E000506B9847210604D50C4A936B0BB1D06B96
:1095F0009847E20504D5094A136C0BB1506C9847A3
:10960000A30504D5054A936C0BB1D06C9847BDE80F
:109610001040FCF72FBA00BF00040140BC630020DB
:10962000194B10B55C6904F47C425A61620504D59B
:10963000164A136D0BB1506D9847230504D5134A94
:10964000936D0BB1D06D9847E00404D50F4A136EAB
:109650000BB1506E9847A10404D50C4A936E0BB120
:10966000D06E9847620404D5084A136F0BB1506F4F
:109670009847230404D5054A936F0BB1D06F9847E0
:10968000BDE81040FCF7F6B900040140BC630020BF
:1096900008B50348FDF758FEBDE80840FCF7EAB9F5
:1096A000C064002008B50348FDF74EFEBDE8084041
:1096B000FCF7E0B92465002008B50348FDF744FE37
:1096C000BDE80840FCF7D6B98865002008B5FFF76B
:1096D00015FDBDE80840FCF7CDB9000008B503480A
:1096E000FDF7D2FCBDE80840FCF7C4B98064002057
:1096F000FCF7C0B9FFF7F2BF08B50348FDF7C4FC9B
:10970000BDE80840FCF7B6B9A0640020062108B502
:109710000846FDF7B3FE06210720FDF7AFFE062140
:109720000820FDF7ABFE06210920FDF7A7FE062164
:109730000A20FDF7A3FE06211720FDF79FFE062154
:109740002820FDF79BFE07211820FDF797FE072133
:109750001920FDF793FE07211A20FDF78FFE072140
:109760001B20FDF78BFE07211C20FDF787FE0C2137
:109770002520FDF783FE0C212620FDF77FFEBDE8A6
:1097800008400C212720FDF779BE000008B5FFF73F
:10979000E5FDFCF711FFFDF79DFEFDF7C5FEFDF7AA
:1097A00031FFFEF727F9FFF7D7FDBDE80840FEF7C8
:1097B0006BB900000B460146184601F03BBE0000A5
:1097C00010EE103A184A23F0004393421BDDB3F128
:1097D000FF4F02DB30EE400A704700B583B06846A9
:1097E00000F046FE00F003000128DDED010A9DEDCA
:1097F000000A0CD0022812D070B1012001F02AFB1F
:1098000003B05DF804FBDFED090A00F067BF01F06B
:1098100021FBB1EE400AF3E700F060FFF0E700F053
:109820005DFFB1EE400AEBE7D80F493F00000000B2
:1098300010EE102AC2F3C7537F3B162B22F00041D3
:1098400028DC002B18DB1A4919410A4221D0DFED30
:10985000197A70EE277AF5EEC07AF1EE10FA18DD7B
:10986000002A04DA4FF4000040FA03F31A4422EA13
:10987000010300EE103A7047DFED0E7A70EE277AA2
:10988000F5EEC07AF1EE10FA03DD002A08DB9FED59
:109890000A0A7047B1F1FF4FFBD330EE000A704760
:1098A000FFEE007A002918BFB0EE670A704700BFCC
:1098B000FFFF7F00CAF249710000000010B485B0BC
:1098C0008DED010A019BC3F3C751A1F17F021E2A4E
:1098D0002ADC501C23DB162A4FEAD3740BDDC3F3BA
:1098E000160040F400009639884004B1404205B0AB
:1098F0005DF8044B7047164BDDED017A03EB8403F2
:1099000093ED007A77EE277ACDED037ADDED037AD9
:1099100077EEC77A17EE903A33F000420ED100206E
:1099200005B05DF8044B7047DDED017AFDEEE77A96
:1099300017EE900A05B05DF8044B7047C3F31600AC
:10994000C3F3C75340F40000C3F19603D840CCE7FB
:10995000847803089FED010A704700BF0000C07FB4
:1099600010EE103AC3F3C7527F3A162A10EE101ABF
:1099700015DC002A0CDB0C481041034205D04FF4E3
:10998000800313410B4423EA000300EE103A7047B2
:10999000013203F00043F8D143F07E53F5E7802A0B
:1099A000F3D130EE000A7047FFFF7F0010EE103A4F
:1099B000194A23F0004393421CDDB3F1FF4F02DB51
:1099C00030EE400A704700B583B0684600F050FDA5
:1099D00000F003000128DDED010A9DED000A0ED024
:1099E000022813D070B100F079FEB1EE400A03B046
:1099F0005DF804FBDFED090A002001F02BBA00F04E
:109A00006DFEF4E7012001F025FAF0E7012001F0F6
:109A100021FAB1EE400AEAE7D80F493F0000000002
:109A200010EE103A114A23F00043934218DDB3F1CF
:109A3000FF4F02DB30EE400A704700B583B0684646
:109A400000F016FD400000F00200DDED010A9DED82
:109A5000000AC0F1010001F045FA03B05DF804FB13
:109A6000DFED030A012001F03DBA00BFDA0F493FE4
:109A70000000000000F0CAB808B52DED028BF0EE32
:109A8000408AB0EE608A00F069F90E4B93F900301D
:109A900001330BD0F4EE488AF1EE10FA06D6DFED72
:109AA0000A8AB4EE688AF1EE10FA02D0BDEC028B9D
:109AB00008BD01F0CDFC88EEA80ABDEC028B212385
:109AC000036008BDF00E00200000000008B52DED79
:109AD000048BF0EE408AB0EE608A00F0CFF9474B7D
:109AE00093F900300133B0EE409A1FD0B4EE488AAB
:109AF000F1EE10FA1AD6F4EE688AF1EE10FA59D6A1
:109B0000DFED3F9AF4EE698AF1EE10FA13D1B4EE6C
:109B1000698AF1EE10FA29D0B0EE480A01F0A4FBF0
:109B200020B1B4EEE98AF1EE10FA4DD4B0EE490A54
:109B3000BDEC048B08BD01F097FBF0B1B5EE409A87
:109B4000F1EE10FAF2D1B0EE680A01F08DFB0028B8
:109B5000ECD0B0EE480A01F087FB0028E6D001F017
:109B600077FC22239FED269A0360DFE7B7EE009A89
:109B7000B0EE490ABDEC048B08BDB0EE680A01F0F6
:109B800073FB0028DAD0B0EE480A01F06DFB002824
:109B9000D4D0B4EE499AF1EE10FA28D601F058FC70
:109BA000F5EEC08A2223F1EE10FA036013D49FED84
:109BB000159ABBE7B5EE408AF7EE007AF1EE10FA9F
:109BC00008BFB0EE679AB1E701F042FC21239FED98
:109BD0000E9A0360AAE7B0EE480A01F053FBB4EE18
:109BE000480AF1EE10FAE2D09FED079A9EE701F0E5
:109BF0002FFC212389EEA99A036097E7F00E00203D
:109C0000000000000000807F000080FF10B582B0DF
:109C1000CDED010A019B23F00042B2F1FF4FF0EEBF
:109C2000407A30DC10EE100A20F00041B1F1FF4F15
:109C300029DCB3F17E5F42D09C1704F0020444EAB1
:109C4000D07431B37AB3B2F1FF4F40D0B1F1FF4FCE
:109C500029D08A1AB2F1F45F4FEAE25134DA002BCC
:109C600042DA3C3140DA9FED340A012C4ED0022C0E
:109C700043D064B19FED317ADFED317A30EE070ADF
:109C800030EE670A03E09DED017A37EE270A02B055
:109C900010BD022C10D09FED2B0A032C18BFB0EE84
:109CA000670A02B010BD9FED280ADFED287A002870
:109CB000B8BFB0EE670AEAE79FED210AE7E702B016
:109CC000BDE8104001F0EEB99FED1F0ACDE7B1F1FC
:109CD000FF4F04F1FF3420D0022C26D81C4B03EB9D
:109CE000840494ED000AD2E79DED017A87EE870A9D
:109CF00001F0B2FA01F0D6F9B7E79FED107ADFED87
:109D0000107A30EE070A37EEC00AC0E710EE103ABC
:109D100003F1004300EE103AB9E7022C08D80D4BCE
:109D200003EB840494ED000AB1E79FED030AAEE76C
:109D30009FED090AABE700BF000000002EBDBB335A
:109D4000DB0F4940DB0F49C0DB0FC93FDB0FC9BF49
:109D5000987803088C780308DB0F493F30B583B04F
:109D6000CDED010A019D35F0004041D010EE10EA22
:109D70002EF00043B3F1FF4F3ADAB0F1FF4F37DC7A
:109D800083423BDB0EF000443AD01EF0FF4F56D129
:109D9000190200296FF07D0204DD4900002902F15B
:109DA000FF32FADC15F0FF4F57D101026FF07D0C46
:109DB00003D449000CF1FF3CFBD512F17E0F47DBC9
:109DC000CEF3160343F400031CF17E0F3ADBC5F318
:109DD000160040F40000B2EB0C0204D117E00FD0E3
:109DE0004B00013A13D0191A0029F8DA5B00F8E7A2
:109DF000DDED017A60EE277A87EEA70A03B030BD69
:109E00001D4B03EB547393ED000A03B030BD181AD9
:109E100058BF03461BB9F3E75B000CF1FF3CB3F5F9
:109E2000000FF9DB1CF17E0F1CDBA3F500030CF126
:109E30007F0C234343EACC5300EE103ADEE7DA15F9
:109E40007F3AAFE76FF07D01A1EB0C018840C2E7DC
:109E50006FF07D01891A8B40B6E74FEAE05CACF108
:109E60007F0CAAE76FF07D02A2EB0C0C43FA0CF317
:109E7000234300EE103AC1E7A47803082DE9F04728
:109E800010EE904A34F000482DED028B15D010EE04
:109E9000105A25F00047B7F1FF4F10EE109A06DD7B
:109EA000BDEC028BB948BDE8F047FFF753BDB8F1F0
:109EB000FF4F08DDB7F17E5FF2D1B7EE000ABDECCF
:109EC000028BBDE8F087002D10EE906AC0F2F4809E
:109ED0004FF0000AB8F1FF4F00F00281B8F17E5F49
:109EE00000F02881B6F1804F00F03D81B6F17C5F33
:109EF00000EE105A40F00181B9F1000F80F2388174
:109F000001F0AAF9B7F1FF4F00F00981002F00F02E
:109F10000281B7F17E5F00F0F8804FEAD973013B10
:109F20005AEA030200F02A81B8F19A4F40F35081B7
:109F3000974A974240F35982964A974200F3FF802E
:109F4000F7EE007A30EE670A9FED936ADFED935AE1
:109F5000F5EE007AA0EE676AF6EE006AE6EE406A79
:109F600020EE007ADFED8E7A9FED8E6A27EE267A5C
:109F700067EEC77AE0EE257AF0EE676AE0EE066AF1
:109F800016EE902A22F47F6222F00F0207EE102ACA
:109F9000A0EE467A06EE902A77EEC77A26F47F6620
:109FA00026F00F0607EE104A06EE106A67EE877A73
:109FB00037EE466A07EE106AE6EE267A0AF1FF3AB5
:109FC0005AEA030326EE877AB7EE000A77EE876A2D
:109FD000BFEE006A16EE903A0CBFB0EE468AB0EEC5
:109FE000408A002B23F0004240F3B581B2F1864F46
:109FF00000F3F48100F0E781B2F17C5F00F3B781F8
:10A000000022104623F47F6323F00F0306EE103A7C
:10A01000DFED656A9FED655A9FED652A9FED653A14
:10A02000DFED653A9FED654ADFED654A36EE477A2A
:10A03000F0EE002A77EEC77A26EE267ADFED616A27
:10A04000A7EEA67AF0EE476AE6EE056A66EEA65A35
:10A05000F0EE667AA5EE823AE6EE457AB0EE636AF5
:10A06000A3EE256A77EE677AB0EE447AA6EE257AFB
:10A07000B0EE646AA7EE256AB0EE667AA6EE657A5F
:10A08000E6EEA77A66EE875A37EE626AB7EE005AB6
:10A0900085EE867A77EE677A77EEE66A35EE660ABF
:10A0A00010EE103A1344B3F5000FC0F2B68100EE83
:10A0B000103A20EE080A02E7B8F1974F1ADAB8F121
:10A0C0007E5F0ADB4FEAE853C3F1960348FA03F2D6
:10A0D00002FA03F3434500F039814FF0000AFDE630
:10A0E000B7F17E5F3FF4E9AE2FDD002E2ADB00EEF4
:10A0F000104AE4E64FF0020AECE601F0ADF8B7F1E1
:10A10000FF4F02D0002F7FF404AF002EBCBFF7EE4C
:10A11000007A87EE800AB9F1000FBFF6D0AEA7F142
:10A120007E5757EA0A0340F00A8170EE407A87EEC4
:10A13000A70AC4E6002E0FDB00EE105ABFE6002E81
:10A1400000F356819FED200AB9E6002EFADA07EEF9
:10A15000904AB1EE670AB2E607EE105AF7EE007ABF
:10A1600087EE870AABE607EE905A27EEA70AA6E627
:10A17000BDEC028BBDE8F04700F0ACBA07EE905A98
:10A1800077EEE77A87EEA70A99E600BFAC78030876
:10A19000F7FF7F3F0700803FABAAAA3E70A5EC36D1
:10A1A0003BAAB83F00AAB83F8CBEBF350072313F12
:10A1B0004CBB31330EEADDB555B38A38610B36BB83
:10A1C000ABAA2A3E1872313F000000000000804B0D
:10A1D00019F0FF4F40F0F5805FED047A60EE277ACA
:10A1E0006FF0170217EE907A8D48F915C7F316072E
:10A1F0007F398742114447F07E5240F3DA80894824
:10A20000874240F3FA809FED885A0131B0EE453A1B
:10A21000A2F50002F7EE005A002006EE102A76EEB4
:10A22000257AB7EE007A87EE270A521042F00052E4
:10A2300002F58022024476EE656A07EE901A66EE19
:10A24000803AB8EEE77A13EE901A07EE902A774A32
:10A25000DFED770A9FED778A9FED771ADFED772A9A
:10A26000DFED771A9FED772A77EEE55A114004EE7D
:10A27000901A36EE656A63EEA35AE4EEE76AF0EEF2
:10A28000607AE5EE887AE4EEC66AA7EEA51A66EE75
:10A29000806AE1EE252A73EEA47AE2EEA51A25EE95
:10A2A000A58AA1EEA52A67EEA67AB0EE084AB0EE1E
:10A2B000446AE8EE027AA4EEA46ADFED630A9FED39
:10A2C000631ADFED632A36EE276A16EE101A114084
:10A2D00006EE101A76EE445AE4EEE45A77EEE57A8A
:10A2E00067EEA37AE6EE867AF0EE675AE4EE865AD7
:10A2F00015EE901A114006EE901AE4EEC66A05EECD
:10A30000901A77EEE67A67EEA07AE5EE817A77EE3C
:10A31000837AF0EE676AE5EEA26A76EE856A76EEFB
:10A32000876A16EE901A114006EE901A36EEC77A3A
:10A3300037EE457AA5EEE27A77EEC77A2EE6BAF1E5
:10A34000010F7FF4BCADB1EE400AB8E502F00102A6
:10A35000C2F1020AC2E53F498A4257DC7FF44CAEA3
:10A3600076EEC76AF4EEE76AF1EE10FA4EDAD2152D
:10A370004FF400017E3A41FA02F21A44C2F3C75187
:10A38000354C7F390C41C2F3160022EA040206EE76
:10A39000902A37EE667A40F40000C1F117010841B7
:10A3A000002B77EE876AB8BF404216EE903AC2059E
:10A3B00028E69FED1D5AF7EE005AB0EE453A002010
:10A3C0002BE7002210E79FED256A76EEC76A37EE8D
:10A3D000866AB4EEE66AF1EE10FAC8DDDFED207AA7
:10A3E00028EE270A20EE270A69E5002EBFF6AAAE5E
:10A3F0009FED1B0A20EE000A61E59FED1A5A9FEDC2
:10A400001A3AF7EE085A4FF4001006E7DFED177A14
:10A4100028EE270A20EE270A51E500F091FF48E6D2
:10A4200071C41C00D6B35D000000000000F0FFFF07
:10A4300055326C3E42F1533E05A38B3EABAAAA3E79
:10A44000B76DDB3E9A99193F4F38763FA0C39D36D2
:10A450000038763F00001643FFFF7F003CAA3833E8
:10A46000CAF2497100C0153FDCCFD1356042A20D60
:10A4700070B510EE103A894A23F00044944286B039
:10A48000054670DD864A944210EE106A22DC002BED
:10A49000DFED847A844A24F00F04B0EE407A40F372
:10A4A000E480944270EE677A09BFDFED806A9FED29
:10A4B000807A9FED807A77EEE67A012077EEC76AA0
:10A4C00077EEE67AC5ED006A77EEC77AC5ED017AD8
:10A4D00006B070BD784A944254DDB4F1FF4F49DABA
:10A4E000E215863AA4EBC25307EE903ABDEEE77A46
:10A4F000DFED726AB8EEC77A77EEC77A8DED037A30
:10A5000067EEA67ABDEEE77AB8EEC77A77EEC77A3D
:10A510008DED047A67EEA67AF5EE407AF1EE10FA48
:10A52000CDED057A40F09080B5EE407AF1EE10FA6C
:10A5300014BF02230123624901910221009103A863
:10A54000294600F04DF9002EC2DA95ED007AD5EDDE
:10A55000017AB1EE477AF1EE677A85ED007AC5EDC2
:10A56000017A4042B4E7002285ED000A42600020F3
:10A5700006B070BD70EE407A0020C5ED017AC5EDE1
:10A58000007AA5E700F068FE9FED4E7A9FED456AE0
:10A59000F6EE007AE0EE077A9FED457AFDEEE77A77
:10A5A00017EE900AF8EEE76A1F28A6EEC60A66EED6
:10A5B000877AB1EE666A1EDC434A411E24F0FF032F
:10A5C00052F82120934216D030EE677A85ED007A5A
:10A5D00030EE470A002E30EE670A85ED010ABFF61D
:10A5E00077AFB1EE477AB1EE400A85ED007A85ED9E
:10A5F000010A40426CE730EE677AE21517EE103A36
:10A60000C3F3C753C3EBD454082CDFDDDFED277A47
:10A610009FED287AF0EE405AE6EE275A30EE650AB2
:10A62000A6EE270AF0EE407AD6EE877A35EEE77A84
:10A6300017EE103AC3F3C753D21A192A06DCB0EE4C
:10A64000650A85ED007AC3E7032374E79FED1F7A5F
:10A650009FED1F5AB0EE650AA6EE070A75EEC07AA6
:10A66000E6EE077AD6EE857AAEE7944270EE277A68
:10A6700009BFDFED0E6A9FED0E7A9FED0E7A77EE41
:10A68000A67A4FF0FF3077EE876A77EEE67AC5ED6F
:10A69000006A77EE877AC5ED017A19E7D80F493F4E
:10A6A000E3CB1640800FC93FD00FC93F0044353778
:10A6B0004344353708A3852E800F4943000080436B
:10A6C0003079030884F9223FB078030800A3852E6F
:10A6D00032318D24B1EEC00A704700BF10EE103A3F
:10A6E00023F00043B3F1485F2CDAFDEEC07A17EE99
:10A6F000903A002B60D020EE007ADFED317A9FEDAA
:10A70000315ADFED315A9FED316ADFED316AA7EE44
:10A71000275ADFED307AE7EE055AA7EE256AE7EE15
:10A72000067AE7EE276A67EE266A60EEC00AF6EE62
:10A73000007AE7EE260AB7EE000AD7EE270A30EED7
:10A74000600A704720EE007ADFED1D7A9FED1D5AFA
:10A75000DFED1D5A9FED1D6ADFED1D6A1E4AA7EE53
:10A76000275A9342DFED1B7AE5EE075AA5EE876A7A
:10A77000E6EE077AE7EE876A66EE876AD5DD174A66
:10A78000934214DC03F17F4307EE903AB7EE006A80
:10A7900036EE676A60EEC00AF6EE005AD7EE257A0A
:10A7A000E7EE260A77EEE00A36EE600A7047B6EE6C
:10A7B000076AF5EE027AEDE7B7EE000A704700BFD0
:10A7C0004ED747ADF6740F317CF293B4010DD037FC
:10A7D000ABAA2A3D610BB6BA9999993E0000483F51
:10A7E0002DE9F04F2DED048BDBB01C460393069151
:10A7F000A34B6899089253F82150111D824604F129
:10A80000FF38C0F2A282D31E44BF13460433DB10CC
:10A8100002930133DB000793DDE907239B1A0593BD
:10A82000029B15EB0801A3EB080316D401319FED41
:10A83000957A699819441EAA002BA4BF50F82340AA
:10A8400007EE904A03F10103ACBFF8EEE77AF0EEB1
:10A85000477A8B42E2EC017AEED1002DC0F2E5821C
:10A86000039B1EA901EB830446AE4FEA830C4046CE
:10A87000EF180AEB8301B8F1000FDFED827A09DBF4
:10A8800022465346F3EC016A32ED017A8B42E6EE42
:10A89000877AF7D10130B842E6EC017A04F104047A
:10A8A000E9D109AB0AAF03EB850907EB8503083B48
:10A8B0009FED769ADFED748A059804930AEB0C04F9
:10A8C00046AE00955AAB03EB8503002D13ED140A39
:10A8D0004FEA850B16DD06EB85033A4660EE097AF2
:10A8E000B0EE407AFDEEE77A73ED016AF8EEE77AB2
:10A8F000B342A7EEE87A37EEA60ABDEEC77AA2EC1D
:10A90000017AEBD1019000F01BFDB0EE408AB4EE6D
:10A91000000A28EE000AFEF78BFFF2EE007AA0EEA6
:10A92000678A01980028FDEEC89AF8EEE97A38EEB9
:10A93000678A79DD05F1FF3EC0F1080357F82E1054
:10A9400041FA03FC0CFA03F3CB1AC0F1070219EE2B
:10A95000901A43FA02F26144002A47F82E3009EEB9
:10A96000901A69DCB5EE408AF1EE10FA40F0C18031
:10A97000009B05F1FF3B5B4510DC05F18043013B8B
:10A9800007EB83030021944653F804294B4541EA21
:10A990000201F9D16246002940F0F380009B013B9F
:10A9A00057F82330002B40F0E880049B4FF0010C57
:10A9B00053F804290CF1010C002AF9D06B1CAC44AB
:10A9C0009E46039A5119029A02EB030B0BF1804B3E
:10A9D000699A0BF1FF3B06EB83051EAB02EB8B0B79
:10A9E00003EB8101DBED017A9FED267AF8EEE77A41
:10A9F000B8F1000F0BF1040BC1ED007A0A4601F12A
:10AA0000040109DB534601E072ED017AF3EC016ABF
:10AA1000A342A6EEA77AF7D10EF1010EE645A5EC0A
:10AA2000017ADFDD65464DE740F09D806B1E57F8EB
:10AA300023201212002A95DD19EE903A002D03F121
:10AA4000010309EE903A40F396813968002940F0FD
:10AA50008080012D26D03B464FF0010C53F8041F97
:10AA600000297AD00CF10103C1F580719D4247F8AD
:10AA70002C1016DD57F82310BB4407EB83030AE0C4
:10AA8000747C030800000000000080430000803B4D
:10AA90000000C93F1968C1F1FF0143F8041B5B4581
:10AAA000F8D1012100280CDD012800F045810228A1
:10AAB00007D105F1FF3C57F82C3003F03F0347F86E
:10AAC0002C30022A7FF44EAFB7EE000A30EE488AEF
:10AAD00000293FF447AF0992019000F031FC38EEB5
:10AAE000408A099A0198B5EE408AF1EE10FA3FF4D7
:10AAF0003FAF0292DDE90732B0EE480A981A01959D
:10AB0000009D00F01DFC1FED207AB4EEC70AF1EEA7
:10AB100010FADDE90132C0F256815FED247A059921
:10AB200060EE277A0831FDEEE77A0591F8EEE77AD4
:10AB300003F1010BA7EEC70AFDEEE77ABDEEC00AEE
:10AB400010EE101A47F8231017EE903A47F82B3002
:10AB50002EE001234FF0000C86E70CF1010CAC4510
:10AB60007FF47CAF9EE7F6EE007AB4EEE78AF1EE72
:10AB700010FA80F2EF800022F4E66B1C9E469C46A1
:10AB80001FE70599A1F1080057F82B1005902B46F7
:10AB9000009D69B903F18043023B07EB8303014643
:10ABA00053F804090BF1FF3B08390028F8D0059150
:10ABB00005980092B7EE000A00F0C2FBBBF1000F4F
:10ABC000009AC0F225814FEA8B0E46AB03EB0E06CE
:10ABD0000EF1040C1FED537A07EB0C03311D73EDDE
:10ABE000017AF8EEE77ABB4267EE807A20EE070A38
:10ABF00061ED017AF3D1002D1FED5B6A4FF0000487
:10AC000020DB9248DFED927AB0EE467A314600239F
:10AC100003E09C4208DBB0EC017AF1EC016A0133FD
:10AC20009D42E6EE877AF4DA5AAB03EB8403A34540
:10AC300043ED287AA6F1040604F1010305D0002DA6
:10AC40001C46DEDADFED827AEEE7689902291CDC29
:10AC5000002900F392800FD132ABDFED7D7A9C4466
:10AC60003CED017A634577EE877AF9D10AB1F1EECE
:10AC7000677A069BC3ED007A19EE903A03F007005D
:10AC80005BB0BDEC048BBDE8F08F689B032BF3D168
:10AC9000BBF1000F00F0D1805AAB734432A913ED21
:10ACA000287A01EB8B0373ED017AF0EE476A37EEF9
:10ACB000277A994277EEC77A83ED007A77EEA67A03
:10ACC000C3ED017AEFD1BBF1010F40F3B6800BF178
:10ACD000804B5AAB0BF1FF3B9E444FEA8B0B0BF1C1
:10ACE00004031EED287A0B4433A873ED017AF0EECD
:10ACF000476A37EE277A984277EEC77A83ED007A73
:10AD000077EEA67AC3ED017AEFD10BF1080BDFEDF8
:10AD1000507A01EB0B03083133ED017A994277EE5B
:10AD2000877AF9D1002A56D10699329A339B0A6064
:10AD30004B60C1ED027A9FE705F1FF3C57F82C30DC
:10AD400003F07F0347F82C30BBE60823079300236A
:10AD5000029361E519EE903A002D03F1010309EE2B
:10AD6000903AC8BF02223FF770AEF7EE007A37EE96
:10AD7000C88A0222F6E5002194E632A9DFED347A92
:10AD800001EB830333ED017A994277EE877AF9D1AB
:10AD90009DED327A8ABB069BBBF1000FC3ED007AB2
:10ADA00077EE677A0BDD33A90123B1EC017A013329
:10ADB0009B4577EE877AF8DA0AB1F1EE677A069B5F
:10ADC000C3ED017A58E7BDEEC00A9B4610EE101A9B
:10ADD00047F82310ECE6DDED326A9DED337A069BF1
:10ADE000F1EE666AB1EE477AF1EE677AC3ED006A7A
:10ADF00083ED017AC3ED027A3EE7069BF1EE676AC6
:10AE0000BBF1000F77EE677AC3ED006ACBDCD4E7C5
:10AE1000689B022B0DDC002B14DC7FF42DAFDFEDE3
:10AE20000C7A002A3FF425AF21E7039B4FEA830CFD
:10AE300037E5689B032B7FF41FAFDFED057A002A0F
:10AE4000C9D171E7DFED027AA2E700BF4C7C0308AD
:10AE50000000000010EE103A23F00043B3F1485F09
:10AE600004DAFDEEC07A17EE903A5BB360EE007A3A
:10AE70009FED157ADFED155A9FED156ADFED156A26
:10AE8000E7EE875A9FED147AA5EEA76A20EE275ABF
:10AE9000E6EE276AA6EEA77A30B9DFED106AE7EE94
:10AEA000876AA6EE850A704727EE457AF6EE006AB5
:10AEB000A0EEA67ADFED0A6AD7EE270AE5EE260AAB
:10AEC00030EE600A704700BFD3C92E2F342FD7B29F
:10AED0001BEF3836010D50B98988083CABAA2ABE51
:10AEE000ABAA2A3E08B510EE103A23F00042B2F1A8
:10AEF000465FF0EE407A0FDABDEEC07A17EE101A18
:10AF000001BB431C134300F0A080012803D0BFEE17
:10AF1000007A87EE270A08BD50498A4212DB002BCF
:10AF2000B8BFF1EE407A9FED4E7A9FED4E0AB8BF62
:10AF3000F1EE600A70EE677A37EE600ADFED4A0ADA
:10AF400070EE277A67EEA76ADFED484ADFED485AD0
:10AF50009FED485A9FED486A404926EEA67A8A42FC
:10AF6000E7EE245AA7EE056ADFED444A9FED445A06
:10AF7000E5EE874AA6EE075ADFED425A9FED426A98
:10AF8000E4EE875AA5EE076ADFED404A9FED405A8E
:10AF9000E5EE874AA6EE075A9FED3E6ADFED3E5A80
:10AFA000A4EE876AE5EE075AB0EE467AA5EEA67AD9
:10AFB00027EEA65AB0EE606AA7EE056ADFED374AC3
:10AFC000E6EE260AE5EE240A37EEA00A1FDA01288B
:10AFD000A1D0BFEE007AC7EE006A314B10EE102A06
:10AFE0001A4006EE102A16EE902A76EE677A134083
:10AFF00000EE103AB7EE007A70EEE70AF0EE477A0C
:10B00000E6EE007AE0EE807AA7EEA60A08BD07EE2B
:10B01000100AB8EEC77A60EE005A30EE070A9B17A6
:10B02000C5EE806A03F00203C3F10103B0EE006ACB
:10B0300076EEE00A00EE103A77EEE07AB8EEC00A5B
:10B04000A7EEC67A20EE070A08BD00F005F9B7EEB4
:10B05000007AF0EE407A87EE270A08BD40A12C3F27
:10B0600068212233DA0F493F000000005FAE9BB732
:10B0700045F4A3388453D9377AC09538C8261A3A8C
:10B08000B937813916696B3B48DEBE3AA427B33C19
:10B090001F37113C8988083ED10D5D3DABAAAA3E01
:10B0A00000F0FFFF38B510EE105A25F00044B4F15F
:10B0B000A14FF0EE407A0BDBB4F1FF4F5BDCDFED2C
:10B0C000537A9FED530A002DC8BFB0EE670A38BD12
:10B0D000504B9C425EDCB4F1445F4FDB4FF0FF33DA
:10B0E00067EEA76ADFED4C4ADFED4C5A9FED4C5AF4
:10B0F0009FED4C4A26EEA67AB0EE666AE7EE245A39
:10B100005A1CDFED494ADFED496AA5EE875AE7EEA2
:10B11000246ADFED475ADFED474AE6EE875AA5EE8F
:10B12000074A9FED455ADFED456AA5EE875AE4EEE2
:10B13000074ADFED435AE4EE876AE5EE075A66EE0A
:10B14000866A25EE877A3AD03E4A02EB830276EE93
:10B15000876A92ED000A3C4A96EEA70A02EB830347
:10B16000002D93ED007A70EE677A37EE670AAEDA5B
:10B17000B1EE400A38BD30EE000A38BD9FED337A9B
:10B1800030EE077AF7EE006AB4EEE67AF1EE10FAE6
:10B19000A4DD38BD00F060F82D4B9C4216DCA3F511
:10B1A000D0039C4227DCF0EE007ABFEE007AA0EEDE
:10B1B000277A002330EE270AC7EE007A90E776EE72
:10B1C000876AE6EEE77AB0EE670A38BD214B9C420B
:10B1D0000BDCF7EE087AB7EE007AA0EE277A0223AE
:10B1E00030EE670AC0EE077A7AE7BFEE007AC7EE64
:10B1F000007A032374E7F7EE007A30EE677A30EED8
:10B20000270A0123C7EE007A6AE700BFDB0FC93FB8
:10B21000DB0FC9BFFFFFDF3ED769853C59DA4B3DE5
:10B22000356B883D6E2EBA3D21A215BD6BF16EBD0A
:10B2300095879DBD2549123E388EE3BDABAAAA3E37
:10B24000CDCC4CBE907C0308807C0308CAF24971C7
:10B25000FFFF973FFFFF1B4010EE103A23F0004323
:10B2600000EE103A704700BF82B08DED010A0198E0
:10B2700020F00040B0F1FF4FACBF0020012002B031
:10B28000704700BF10EE101AC1F3C753A3F17F023D
:10B29000162A21F0004325DC53B3002A82B04FEA7E
:10B2A000D17026DB244B1341194219D04FEA530CBD
:10B2B00011EA530307D04FF4001321EA0C011341A4
:10B2C0000B4300EE103A1D4B03EB8003D3ED007AE5
:10B2D00037EE800A8DED010A9DED010A30EE670A16
:10B2E00002B07047B3F1FF4F02D330EE000A70474F
:10B2F0007047124AC1F316035B4202EB80005B0AFF
:10B300000A0D03F480031205134307EE903AD0EDC3
:10B31000006A36EEA77A01F000418DED017ADDED8D
:10B32000017A77EEE67A17EE903A23F000430B436A
:10B3300000EE103AD4E700BFFFFF7F00A07C0308B7
:10B3400082B08DED010A019B33F000422AD0B2F1A8
:10B35000FF4F23D213F0FF4F28D19DED017ADFED8F
:10B360002A7A2A4B67EE277A9842CDED017A37DBAD
:10B37000019BC3F3C752193A0244FE2A1ADD9FED1E
:10B38000240A9FED247A019B002BF0EE407AB8BF8F
:10B39000B0EE470A20EE270A02B0704730EE000AEE
:10B3A00002B070479DED010A02B07047D20D024411
:10B3B000FE2AE4DC002A0BDC12F1160F17DA4CF23D
:10B3C00050339842DBDC9FED140A9FED147ADAE7E4
:10B3D00023F0FF4343EAC25300EE103A02B0704735
:10B3E0009FED0D0ADDED017A27EE800AD8E71932CC
:10B3F00023F0FF4343EAC253DFED097A07EE103A28
:10B4000027EE270ACCE700BF0000004CB03CFFFF4E
:10B41000CAF24971CAF249F16042A20D6042A28D9E
:10B4200000000033002101F077BB00000A22002158
:10B4300001F088BC10B5054C13462CB10A460146F4
:10B440000220AFF3008010BD2046FCE700000000A2
:10B45000014B1868704700BFF40E002010B5013989
:10B460000244904201D1002005E0037811F8014F19
:10B47000A34201D0181B10BD0130F2E70A449142EB
:10B4800000F1FF3300D1704710B511F8014B03F8FC
:10B49000014F9142F9D110BD2DE9F041A3B1C91A74
:10B4A00017780144044603F1FF3C8C42204601D941
:10B4B000002009E00578BD4204F10104F5D10CEB50
:10B4C0000405D618A54201D1BDE8F08115F8018D1B
:10B4D00016F801EDF045F5D0E7E70000884210B519
:10B4E00001EB020402D98442234607D8431EA1423D
:10B4F00008D011F8012B03F8012FF8E702440146A8
:10B500008A4200D110BD13F8014D02F8014DF7E752
:10B5100002440346934200D1704703F8011BF9E748
:10B520002DE9FF4755EC104B002D0E4619462B46D2
:10B53000BBBF05F100431D4600232D230B700D9B5F
:10B54000DDF830A0914623F02008BCBF2246144607
:10B55000B8F1460F05D0B8F1450F00D101360221F0
:10B5600000E0032103AB019302AB009345EC104BC9
:10B570005346324601F0F8FCB8F1470F074602D1B6
:10B5800019F0010F22D0B8F1460F07EB060910D1D0
:10B590003B78302B0AD10022002320462946DFF7D2
:10B5A0004DFA18B9C6F10106CAF80060DAF80030A1
:10B5B00099440022002320462946DFF73FFA08B1CC
:10B5C000CDF80C903022039B4B4507D3039B0E9A7A
:10B5D000DB1B3846136004B0BDE8F087591C0391AB
:10B5E0001A70F0E7F7B503460029B8BF494203F8DF
:10B5F000022BB4BF2D222B22092942702ADD0DF126
:10B600000704A4460A27A6460A4691FBF7F607FB5D
:10B6100016153035632A04F1FF340EF8015C31460B
:10B62000F1DC3031AEF1020504F8011C441C29465E
:10B6300061450AD30DF10902A2EB0E02654588BFF0
:10B6400000221344181A03B0F0BD11F8012B04F8BE
:10B65000012FEDE7302330318370C170031DF1E716
:10B660002DE9F04F2DED028B8DB00C46DDF860809A
:10B6700016461F46054602F0D5FDD0F800A05046FC
:10B68000DFF7B6FE00230A9323680593D8F800304D
:10B6900094F818B0073323F0070303F10802C8F841
:10B6A0000020D3E90023C4E91223D4E9128929F048
:10B6B00000430793CDF8188008EE100A9F4BDDE990
:10B6C00006014FF0FF32DFF7EBF988BBDDE9060139
:10B6D0009A4B4FF0FF32DFF7C5F948BB0022002339
:10B6E00040464946DFF7B4F910B12D2384F84330C2
:10B6F000934B9448BBF1470F94BF98468046032371
:10B700002361059B23F0040222604FF0000900979B
:10B7100033460BAA2146284600F0D8F9013040F004
:10B7200090804FF0FF300DB0BDEC028BBDE8F08F84
:10B7300042464B4640464946DFF7B2F940B14B46D8
:10B74000002BBCBF2D2384F843307F487F4BD1E7CB
:10B7500063680BF0DF0206925A1C3FD10623636038
:10B76000059B616843F48062002303930AABCDE933
:10B7700001B309AB49EC108B009322600DF1230358
:10B780002846FFF7CDFE069B0999472B804608D136
:10B79000C81C02DB6368994241DDABF1020B5FFA22
:10B7A0008BFBBBF1650F20D801395A4604F15000DC
:10B7B0000991FFF717FF0A9A1318012A814623619E
:10B7C00002DC2268D20701D5013323619DF82330C2
:10B7D000002B9CD02D2384F8433098E7069A472A03
:10B7E000BED1002BBCD10123B9E7BBF1660F18D144
:10B7F000002963680BDD216113B92268D00702D5E7
:10B8000001330B442361A1654FF00009DEE713B952
:10B810002268D20701D50233F4E70123F2E74FF0A3
:10B82000670B0A9B994205DB23682161D807EAD59B
:10B830004B1CE7E70029D4BFC1F1020201221344E7
:10B84000E0E723685A0507D4236942463146284673
:10B85000B84701302CD164E7BBF1650F40F2E080BE
:10B86000D4E9120100220023DFF7E8F8002834D0E1
:10B87000374A012331462846B84701303FF451AFDB
:10B88000DDE909239A4202DB2368D80710D518EEB8
:10B89000103A524631462846B84701303FF441AF8E
:10B8A0004FF0000804F11A090A9B013B434509DCEB
:10B8B00023689B0700F10581E0680B9B9842B8BFA5
:10B8C000184630E701234A4631462846B84701303A
:10B8D0003FF427AF08F10108E6E7099B002B39DCAC
:10B8E0001B4A012331462846B84701303FF419AFBF
:10B8F000DDE90923134302D12368D907D8D518EE0F
:10B90000103A524631462846B84701303FF409AF55
:10B910004FF0000904F11A0A099B5B424B4501DC18
:10B920000A9B92E70123524631462846B847013028
:10B930003FF4F7AE09F10109EEE700BFFFFFEF7F2B
:10B94000AC7C030818FD02081CFD0208B07C03084B
:10B95000DF0603080A9AA36D9A42A8BF1A46002A76
:10B96000914637DC4FF0000B29EAE97904F11A021D
:10B97000A36D0593A3EB09035B4533DCDDE90923E4
:10B980009A423BDB2368DA0738D40A9B059A099967
:10B990009A1AA3EB01099145A8BF9146B9F1000F8E
:10B9A00035DC4FF0000829EAE97904F11A0ADDE9EB
:10B9B00009239B1AA3EB090343457FF779AF0123C2
:10B9C000524631462846B84701303FF4AAAE08F146
:10B9D0000108ECE71346314642462846B847013095
:10B9E000C0D19EE60123314628460592B847013072
:10B9F0003FF497AE059A0BF1010BB9E718EE103A38
:10BA0000524631462846B8470130BED189E6059AEC
:10BA10004B46424431462846B8470130C1D180E602
:10BA20000A9A012A01DCDB0738D501234246314658
:10BA30002846B84701303FF474AE18EE103A52462B
:10BA400031462846B84701303FF46BAED4E91201C5
:10BA500000220023DEF7F2FFD8B90A9B08F10102A9
:10BA6000013B31462846B84701300ED159E6012343
:10BA7000524631462846B84701303FF452AE08F1ED
:10BA800001080A9B013B4345F1DC4B4604F150029F
:10BA9000DCE64FF0000804F11A0AF2E701234246FF
:10BAA000DFE701234A4631462846B84701303FF4D4
:10BAB00038AE08F10108E3680B995B1A4345F0DCE6
:10BAC000FAE64FF0000804F11909F4E72DE9F04710
:10BAD000164699468A680B69DDF820809342B8BF04
:10BAE0001346336091F8432007460C460AB10133F0
:10BAF00033602368990642BF336802333360256898
:10BB000015F0060506D104F1190AE36832689B1A9C
:10BB1000AB4226DC94F84320131E226818BF012391
:10BB200092062BD404F1430249463846C0470130FF
:10BB30001ED02368E568326803F00603042B08BFB3
:10BB4000AD1AA36822690CBF25EAE575002593426A
:10BB5000C4BF9B1AED1800261A34B5421AD1002032
:10BB600008E00123524649463846C047013003D118
:10BB70004FF0FF30BDE8F0870135C6E7E1185A1CE9
:10BB8000302081F84300224494F8451082F8431095
:10BB90000233C7E70123224649463846C0470130F1
:10BBA000E6D00136D9E700002DE9FF470F7E0C9D56
:10BBB000782F914680460C469A4601F1430207D8F9
:10BBC000622F0AD8002F00F0D880582F00F0A380F1
:10BBD00004F1420584F842703AE0A7F16303152BA3
:10BBE000F6D801A151F823F041BC020855BC020867
:10BBF000D1BB0208D1BB0208D1BB0208D1BB0208ED
:10BC000055BC0208D1BB0208D1BB0208D1BB020857
:10BC1000D1BB020861BD020885BC020843BD020811
:10BC2000D1BB0208D1BB020883BD0208D1BB020808
:10BC300085BC0208D1BB0208D1BB02084BBD02087B
:10BC40002B681A1D1B682A6004F1420584F84230F3
:10BC50000123A3E020682968060601F104030AD540
:10BC60000E682B60002E03DA2D23764284F84330D1
:10BC70005E480A2319E00E682B6010F0400F18BFD1
:10BC800036B2EFE72B682068191D2960010601D53F
:10BC90001E6802E04606FBD51E8854486F2F0CBF75
:10BCA00008230A23002184F843106568A560002D4D
:10BCB000A2BF216821F0040121600EB9002D4DD0F2
:10BCC0001546B6FBF3F103FB1167C75D05F8017D6F
:10BCD0003746BB420E46F4D9082B0BD12368DE074A
:10BCE00008D5236961689942DEBF302305F8013C1D
:10BCF00005F1FF35521B2261CDF800A04B4603AA87
:10BD000021464046FFF7E2FE01304CD14FF0FF30B4
:10BD100004B0BDE8F087354881F84570296823688C
:10BD200051F8046B29601D0614D5DF0744BF43F0AA
:10BD3000200323601EB9236823F02003236010230F
:10BD4000B0E7236843F0200323607823284884F871
:10BD50004530E3E7590648BFB6B2E6E71546BBE70C
:10BD60002B6826686169181D286035061B6801D597
:10BD7000196002E07006FBD5198000232361154687
:10BD8000BAE72B681A1D2A601D68626800212846E0
:10BD9000DFF7D4FA08B1401B6060636823610023B9
:10BDA00084F84330A8E723692A4649464046D047ED
:10BDB0000130ABD023689B0713D4E068039B984203
:10BDC000B8BF1846A4E70123324649464046D0474B
:10BDD00001309BD00135E36803995B1AAB42F2DC7A
:10BDE000EBE7002504F11906F5E700BFB47C030872
:10BDF000C57C030830B50B4D044614F8013B5A5D71
:10BE000002F00302012A11F8012BA85C00F00300E4
:10BE100008BF2033012808BF2032981A01D1002A18
:10BE2000EBD130BD297D030870B50F4E04460A449E
:10BE30008A4201D1002013E014F8013B985D00F024
:10BE40000300012811F8010B355C05F0030508BF5C
:10BE50002033012D08BF20301B1A02D10028E7D162
:10BE600070BD1846FCE700BF297D030810B57AB104
:10BE700003460139841813F8010B11F8012F904281
:10BE800001D1A34201D1801A10BD0028F3D1FAE7F5
:10BE90001046F9E710B50139034632B111F8014FE8
:10BEA00003F8014B013A002CF7D11A4400219342C8
:10BEB00000D110BD03F8011BF9E7000010B50246E0
:10BEC00001448A42134603D01C780132002CF8D179
:10BED000181A10BD70B504460D4645EC104B1646B9
:10BEE00002F028FD51EC100B7EB1C5F30A53C3F1EB
:10BEF0006B03002B09DD1B0503F17F55002405F5BD
:10BF0000401522462B46DEF731FB70BD2DE9F04F80
:10BF10002DED028B9DB01F4600231893A24B139268
:10BF20001B680593044618468846DFF761FA4FF010
:10BF3000000A05464FF0000BCDF85C80179B1A787D
:10BF40002B2A4ED03BD80D2A34D8082A34D8002AC0
:10BF50003ED000230A93179E3378302B40F0B080F8
:10BF6000737803F0DF03582B68D10A9B019318AB59
:10BF7000029700938D4A19AB17A9204601F04AFE9B
:10BF800010F00707054605D0062F2CD101360023F7
:10BF900017960A93139B002B40F090850A9BEBB1F8
:10BFA00052460BF1004343EC102B1DB0BDEC028B4D
:10BFB000BDE8F08F202ACCD101331793BEE72D2A9C
:10BFC000C7D101220A925A1C17925B78002BC2D16A
:10BFD000139BCDF85C80002B40F06E8552465B468B
:10BFE000E1E70022EEE7189A3AB135211AA802F0EB
:10BFF000ADFD1899204602F06BF9013F042F06D8D9
:10C00000DFE807F00A0314170A00DDE91AAB280776
:10C01000C0D54BF0004BBDE7DDE91AA3199A23F414
:10C02000801302F2334243EA025BF0E7DFF880B1AB
:10C03000EDE76FF0004B4FF0FF3AE8E7179B5A1C13
:10C0400017925B78302BF9D0002BA3D001234FF04F
:10C0500000090493179B0893CDF81C904F460A22C1
:10C0600017980678A6F13003D9B209292AD905997B
:10C070002A46FFF7FBFE98B3002032463D46059066
:10C080000346652A01D0452A18D11DB9049A0243F6
:10C090009ED00025DDF85C8008F10102179298F827
:10C0A00001202B2A75D02D2A7BD04FF0000CA2F155
:10C0B0003001092940F28280CDF85C8000269DE0A5
:10C0C0000023C4E7082FD8BF079900F10100DABFA9
:10C0D00002FB0133079302FB093901371790BFE7D1
:10C0E000179B5A1917925A5D002F37D005903D467D
:10C0F000A2F13003092B12D90123C2E7179B5A1C66
:10C1000017925A780130302AF8D0A2F13103082B67
:10C1100000F2D984179B0590002008930546303A19
:10C1200000F1010314D00599194405912B4600EB49
:10C13000050E0A21734513D12B18082B05F10105B3
:10C1400005441CDC07990A2303FB01230793002302
:10C15000179A511C179152781846C9E73846D2E70A
:10C16000082B04DC079E4E4307960133E2E703F1F8
:10C17000010CBCF1100FD8BF01FB09F9F5E7102D38
:10C18000DCBF0A2303FB0929E1E700230593012310
:10C190007CE74FF0000C08F10202179298F8022099
:10C1A00085E74FF0010CF6E7687F0308D87C0308A9
:10C1B0000000F07F179A511C17915278302AF9D05D
:10C1C000A2F1310108293FF679AFA2F1300E179A9A
:10C1D0000692179A511C17915278A2F13006092E37
:10C1E00037D9069E891B082944F61F6602DC76456E
:10C1F000A8BF7646BCF1000F00D07642002D4DD18D
:10C20000049901437FF4C6AE002B7FF4E1AE692AA6
:10C2100027D024DC492A24D04E2A7FF4D9AE9F4966
:10C2200017A801F04FFF00283FF4D2AE179B1B78F0
:10C23000282B2DD19A491AAA17A801F057FF0528D3
:10C2400026D11B9BDDF868A043F0FF4B4BF4E00BBD
:10C25000A0E60A2101FB0E2EAEF1300EB9E76E2AE0
:10C26000DBE7904917A801F02DFF00283FF4B0AE9E
:10C27000179B8D49013B17A8179301F023FF10B9B5
:10C28000179B01331793DFF830B24FF0000A81E6B5
:10C29000864802F0A1FC5BEC10AB7BE6059B07989F
:10C2A000F31A002F08BF2F46102D0693A846A8BFEB
:10C2B0004FF01008DEF7E0F8092D82468B4613DDBB
:10C2C0007B4B03EBC80353E91223DEF74FF9824699
:10C2D00048468B46DEF7D0F802460B465046594694
:10C2E000DDF78EFF82468B460F2D38DC069B002B38
:10C2F0003FF450AE24DD162B0BDC6D4901EBC3017E
:10C30000D1E9000152465B46DEF730F982468B46A2
:10C3100040E6069AC5F12503934220DB644CC5F143
:10C320000F0504EBC50152465B46D1E90001DEF77B
:10C330001DF9069B5D1B04EBC504D4E90023E3E76C
:10C34000069B16330BDB059B9E1B594B03EBC60666
:10C35000D6E9002350465946DEF732FAD6E7069B67
:10C36000A5EB08089844B8F1000F74DD18F00F032E
:10C370000AD04F4901EBC30152465B46D1E90001A7
:10C38000DEF7F4F882468B4638F00F084FD0B8F548
:10C390009A7F22DD00252E46079505952223DFF89A
:10C3A00018B123604FF0000A079B002B3FF4F2AD59
:10C3B0001899204601F08CFF0599204601F088FF6E
:10C3C0003146204601F084FF0799204601F080FFA6
:10C3D0002946204601F07CFFDCE5364B0493002320
:10C3E0004FEA2818504659469946B8F1010F21DC0A
:10C3F0000BB182468B462F4BABF1547B03EBC90943
:10C4000052465B46D9E90001DEF7B0F82A4B0A46EE
:10C410000B402A498B428246BCD8A1F580118B4241
:10C4200086BFDFF89CB04FF0FF3A02F1547B002347
:10C43000049384E018F0010F05D0049BD3E9002396
:10C44000DEF794F80123049A083209F101094FEA52
:10C4500068080492C9E7EAD0C8F1000818F00F0292
:10C460000AD0134B03EBC20350465946D3E90023CD
:10C47000DEF7A6F982468B465FEA2818D7D0B8F1D6
:10C480001F0F1FDD00252E460795059522234FF02F
:10C49000000A4FF0000B236086E700BF1DFD020875
:10C4A000EC7C030819FD02082F7E03080AFF02082E
:10C4B00024800308FC7F03080000F07F0000A07CBC
:10C4C000FFFFEF7F18F0100318BF6A23DFF8AC936B
:10C4D000049350465946002318F0010F04D0D9E9BF
:10C4E0000023DEF743F801235FEA680809F1080931
:10C4F000F2D10BB182468B46049BC3B1CBF30A52F7
:10C50000C2F16B03002B594611DD1F2B40F3248130
:10C51000342BDEBFC2F14B024FF0FF3303FA02F2BD
:10C520004FF0000ACCBF4FF05C7B02EA010B002207
:10C53000002350465946DEF781FA0028A2D1079B16
:10C54000009308992B463A46204601F029FF0790B0
:10C5500000283FF41FAF059B9E1B069B002BB4BF1A
:10C56000334600230C93069B002523EAE3731293C2
:10C570002E46079B2046596801F06AFE0590002868
:10C580003FF40CAF079B1A69023203F10C019200D1
:10C590000C30FEF773FF4BEC10AB1AAA19A920461A
:10C5A00002F044FA4BEC18AB189000283FF4F6AEBA
:10C5B0000121204601F08EFF064600283FF4EEAE32
:10C5C000199B0499002BABBF0C9A129A129FDDF8AD
:10C5D0003090ACBF03EB0209D71A1A9AA3EB0108FB
:10C5E0009044A14B08F1FF389845C2F1360280F221
:10C5F000C780A3EB08031F2BA2EB03024FF001013E
:10C6000000F3B18001FA03F30D930023089309EBC3
:10C610000208049BC14517441F444B46A8BF43462C
:10C62000BB42A8BF3B46002BC2BFA8EB0308FF1AC2
:10C63000A9EB03090C9B002B17DD31461A46204657
:10C6400002F008F8064600283FF4A8AE0146189A02
:10C65000204601F055FF0B9000283FF49FAE18993B
:10C66000204601F035FE0B9B1893B8F1000F00F344
:10C670008C80069B002B08DD129A0599204601F05C
:10C68000E9FF059000283FF489AE002F08DD0599E9
:10C690003A46204602F038F8059000283FF47EAE76
:10C6A000B9F1000F08DD31464A46204602F02CF869
:10C6B000064600283FF472AE059A1899204602F00B
:10C6C000AFF8054600283FF469AEC3680B9300231A
:10C6D000C360314602F088F8002860DA0B9B53EA09
:10C6E0000A0340F08280CBF31303002B7DD12BF0A3
:10C6F00000431B0D1B05B3F1D66F76D96B6913B9D7
:10C700002B69012B71DD29460122204601F0FCFF37
:10C710003146054602F068F8002866DD0499534A60
:10C720005B46002900F0818002EA0B01B1F1D66F6F
:10C730007BDCB1F15C7F7FF7A9AE4D4B504659468B
:10C740000022DDF713FF0B46034308BF2223824676
:10C750008B4608BF23602BE64FF0FF3202FA03F34B
:10C7600003EA0A0AE3E6C8F17F4808F57F0808F5FE
:10C770007B4808F1E20801FA08F308930D9146E7B7
:10C780000023089301230D9341E718994246204660
:10C7900001F0BAFF189000287FF46BAFFEE55F460A
:10C7A0006ED10B9ACBF3130342B3324A934228D192
:10C7B000049B5146EBB12D4B3B40B3F1D46F4FF08E
:10C7C000FF3219D81B0DC3F16B0302FA03F3994230
:10C7D00017D1294B9F4202D101313FF4DFAD234BEA
:10C7E0003B4003F5801B4FF0000A049B002BA4D1B3
:10C7F000DEE54FF0FF33EAE71346E8E753EA0A03C2
:10C800008CD0089BDBB13B42EFD00B9B049A504687
:10C810005946C3B1FFF75EFB02460B4651EC180BBD
:10C82000DDF7EEFC82468B46DFE71340A3F580136D
:10C830006FEA135B6FEA0B5B4FF0FF3AD5E70D9B96
:10C8400013EA0A0FE0E7FFF745FB02460B4651ECFF
:10C85000180BDDF7D3FC0022002382468B46DEF75F
:10C86000EDF80028C1D011E602FCFFFF0000F07FC8
:10C8700000005039FFFF0F00FFFFEF7F007D03082E
:10C880003146284602F02EF959EC108B10EE100AB2
:10C8900000224FF080434946DEF7E4F800287AD0C2
:10C8A0000B9B002B4AD0954B0022CDE90823DFF8E3
:10C8B0004C924FF00008924B3B400D930D9A914BD8
:10C8C0009A4240F0B080DDE90801A7F1547B4BECBF
:10C8D00010ABCDE9080102F02DF8DDE9080153ECB9
:10C8E000102BDDF743FE52465B46DDF789FC0B4615
:10C8F0008349854A19409142824660D918EE903AA0
:10C9000002F15472934204D118EE103A01333FF40D
:10C9100045ADDFF800B24FF0FF3A1899204601F01C
:10C92000D7FC0599204601F0D3FC3146204601F0A2
:10C93000CFFC2946204601F0CBFC1AE6BAF1000FE5
:10C940001BD1CBF31303F3B96C4B0022404649468D
:10C95000DEF77EF8D0B9404649466C4B0022DDF741
:10C9600005FE8046894609F10043CDF850801593B5
:10C97000DDE91423CDE908239DE7BAF1010F02D1C7
:10C98000002F3FF483AD624B00228EE7DFF87C91ED
:10C990004FF00008E7E75D4B404649460022DDF7CF
:10C9A000E5FD0B9B8046894633B901F100430E90AB
:10C9B0000F93DDE90E23DDE7CDE90E89F9E703F1F9
:10C9C000547B049B002BA8D12BF000430D9A1B0D28
:10C9D0001B059A42A1D140464946DEF711FDDDF71D
:10C9E00097FD02460B4640464946DDF707FC0B9A89
:10C9F000CBF3130343EA0A0313438046894655D019
:10CA000036A3D3E90023DEF723F800287FF4D0AC67
:10CA100034A3D3E9002340464946DEF737F800281F
:10CA20003FF47BAFC4E4049B33B30D9BB3F1D46FED
:10CA300022D82EA3D3E9002340464946DEF712F858
:10CA4000A0B149464046DEF769F8012838BF012009
:10CA5000DDF712FD0B9B8046894623BB01F10043A5
:10CA600010901193DDE91023CDE90823099B0D9A5D
:10CA700003F1D6639B1A0993DDE90801B0EE480A79
:10CA8000F0EE680ACDE9080101F054FFDDE9080184
:10CA900053EC102BDDF76AFD53EC182BDDF7B0FBE0
:10CAA00082468B468DE7CDE91089DBE711A3D3E9F8
:10CAB0000023DDF7CDFFB2E700230A93139A179BFB
:10CAC0001360FFF76BBA652A3FF45FAB452A3FF46A
:10CAD0005CAB0123FFF794BBAFF300809535A094C6
:10CAE000FFFFDF3F35E5AF350000E03F0000C0FF4E
:10CAF000FFFFDF419535A094FFFFCF3F0000F03FDF
:10CB00000000F07F0000E07FFFFF9F7C0000E03F1F
:10CB10000000F0BFFFFFEF7F0A4601460248034BCB
:10CB20000068FFF7F3B900BFF40E00205C0F00208F
:10CB30002DE9F041DFF8AC80264B0A462DED028B43
:10CB40000146D8F80000FFF7E1F955EC104B10EE64
:10CB5000102A10EE100A2B462946DDF7A1FF90B1EE
:10CB6000002D1D4809DAFCF7F5FEB1EE408AB0EE63
:10CB7000480ABDEC028BBDE8F081BDEC028BBDE83C
:10CB8000F041FCF7E7BE20462946DDF7E7FF08EE57
:10CB9000100ADFED127AB0EEC87AB4EE677AF1EEE1
:10CBA00010FAE4DD25F000470D4B4FF0FF32204630
:10CBB0003946DDF775FF40B9094B4FF0FF3220468B
:10CBC0003946DDF74FFF0028D1D0D8F800302222B7
:10CBD0001A60CCE75C0F00200AFF0208FFFF7F7F8E
:10CBE000FFFFEF7FF40E0020F0B508B9106888B1A0
:10CBF0000446204614F8015B0F4617F8016B1EB976
:10CC000065B91560284605E0B542F6D1002BF0D194
:10CC100014600370F0BD1C460CE015B914F8013B1C
:10CC20000E4616F8015BAB42F7D1002BF3D0002380
:10CC300004F8013C1460EDE70123FFF7D5BF0000C5
:10CC4000012B2DE9F04701D0242B06D9FEF700FC7B
:10CC5000162303600020BDE8F087DFF8E4C00D462E
:10CC60002E4615F8014B14F80C7017F00807F7D191
:10CC70002D2C32D12C780127B51C002B5BD0102B2A
:10CC800009D1302C07D12C7804F0DF04582C4DD179
:10CC90006C781023023507F1004808F1FF384FF097
:10CCA000000CB8FBF3F9664603FB198AA4F1300EB9
:10CCB000BEF1090F16D87446A34224DDBCF1000F63
:10CCC0001EDBB1451CD301D1A24519DB06FB03468F
:10CCD0004FF0010C15F8014BE8E72B2C04BF2C7822
:10CCE000B51CCAE7A4F1410EBEF1190F01D8373CBB
:10CCF000E2E7A4F1610EBEF1190F04D8573CDBE75F
:10CD00004FF0FF3CE6E7BCF1000F05DA2223036099
:10CD1000464642B930469EE707B17642002AF9D02E
:10CD2000BCF1000F00D0691E1160F3E73024002B26
:10CD3000B1D10823AFE7302CA5D00A23ABE700BF61
:10CD4000297D030813460A46014602480068FFF79A
:10CD500077BF00BFF40E00202DE9F043364F864622
:10CD60000D46284615F8014BE65D16F00806F8D189
:10CD70002D2C2FD12C780126851C002B57D0102B61
:10CD800009D1302C07D1287800F0DF00582849D18C
:10CD90006C78102302354FF0FF380027B8FBF3F80A
:10CDA00003FB08F96FEA09093846A4F1300CBCF11D
:10CDB000090F14D86446A34222DD002F1DDB8045F5
:10CDC0001BD301D1A14518DB00FB0340012715F857
:10CDD000014BEAE72B2C04BF2C78851CCDE7A4F18E
:10CDE000410CBCF1190F01D8373CE4E7A4F1610C08
:10CDF000BCF1190F04D8573CDDE74FF0FF37E6E7E9
:10CE0000002F07DA2223CEF800304FF0FF3032B97E
:10CE1000BDE8F08306B14042002AF9D007B1691E8F
:10CE20001160F5E73024002BB5D10823B3E7302C8F
:10CE3000A9D00A23AFE700BF297D030813460A469D
:10CE4000014602480068FFF787BF00BFF40E0020CC
:10CE50002DE9F74F03690C69A3420746C0F28180B0
:10CE6000013C01F1140800F1140505EB8403019362
:10CE700058F8243055F8242001339A424FEA840BA5
:10CE800008EB8409B2FBF3F631D34FF0000E4046B5
:10CE9000AC46F24650F8042B93B206FB03E34FEA8C
:10CEA000134E9BB2AAEB0303120CDCF800A006FBA6
:10CEB00002E213FA8AF34FEA124E1FFA82FADCF802
:10CEC0000020CAEB124202EB23429BB243EA024328
:10CED00081454CF8043B4FEA224ADBD255F80B302F
:10CEE0002BB9019B043B9D421A462ED33C61384628
:10CEF00001F07AFC002824DB013628464FF0000CB4
:10CF000058F8042BD0F800E093B2ACEB0303120CFA
:10CF100013FA8EF3C2EB1E4202EB23429BB243EAAA
:10CF20000243C14540F8043B4FEA224CE8D255F891
:10CF3000242005EB840322B9043B9D421A460AD300
:10CF40003C61304603B0BDE8F08F1268043B002A14
:10CF5000CCD1013CC7E71268043B002AF0D1013C68
:10CF6000EBE70020EEE700002DE9F04F2DED048BFC
:10CF700057EC106B93B0456ADDF88080069110EE97
:10CF800010AA044609920C93BB4675B91020FBF712
:10CF9000BDFD0246606220B9A74BEA21A74801F017
:10CFA00031FEC0E901550560C560636A196851B179
:10CFB0005A684A60012393408B60204601F088F94B
:10CFC000636A00221A603B1EAABF002323F0004BB5
:10CFD000C8F800309A4BBCBF0122C8F8002033EAE1
:10CFE0000B031BD10C9A42F20F731360CBF31303A4
:10CFF000334300F09285219B63B9924B22E0924B20
:10D0000001930833219A1360019813B0BDEC048B8F
:10D01000BDE8F08F8B4B01930333F3E7002200232D
:10D0200050465946DDF70AFD4BEC19AB804658B126
:10D030000C9A01231360219B002B00F06B85834821
:10D040001860431E0193DFE74BEC10AB10AA11A947
:10D05000204601F0EBFCCBF30A5508EE100A002D38
:10D0600000F0848019EE903AC3F3130343F07F5726
:10D07000564647F44017A5F2FF35CDF83880744B7B
:10D08000002230463946DDF7B9F865A3D3E900231D
:10D09000DDF76CFA64A3D3E90023DDF7B1F80646A7
:10D0A00028460F46DDF7F8F961A3D3E90023DDF741
:10D0B0005DFA02460B4630463946DDF7A1F80646D2
:10D0C0000F46DDF703FD002200900023304639466D
:10D0D000DDF7BEFC50B10098DDF7DEF932463B4685
:10D0E000DDF7ACFC10B9009B013B0093009B162BB5
:10D0F0005AD8009A574B03EBC203D3E9002351ECF3
:10D10000190BDDF7A5FC002850D0009B013B0093D4
:10D1100000230B93109B5D1B6B1E059345BFC5F150
:10D1200001030493002300234CBF05930493009B49
:10D13000002B3DDB059B009A0A92134405930023C4
:10D140000793069B092B00F28980052BC4BF043B83
:10D150000693069BA3F10203CCBF00250125032BF8
:10D1600000F28780DFE803F02D3A3859DDE91053EB
:10D170001D4405F23243202BC1BFC3F1400305F229
:10D1800012400BFA03F326FA00F0DABFC3F12003D2
:10D1900006FA03F01843DDF76FF901230646A1F103
:10D1A000F877013D0E936AE70123B2E70B90B1E7F0
:10D1B000049B009A9B1A04935342079300230A93FB
:10D1C000BFE700230893099B002B55DC0123CDE921
:10D1D00002331A4609920CE00123F3E70023099A6F
:10D1E0000893009B134402930133012B0393B8BFB0
:10D1F0000123606A00224260042202F114069E426A
:10D2000041683DD9204601F023F8019000283BD128
:10D21000114B02464FF4D571C0E60123DFE700BF92
:10D2200061436F63A787D23FB3C8608B288AC63F2C
:10D23000FB799F501344D33F397E0308507E030887
:10D240000000F07F357E03082C7E0308E00603080B
:10D250000000F83F24800308CD7E03080125002349
:10D26000069308954FF0FF33CDE9023300221223D5
:10D27000B0E701230893F5E7099BCDE90233B8E74E
:10D28000013141605200B8E7636A019A1A60039B5A
:10D290000E2B00F29D80002D00F09A80009B002B49
:10D2A00032DDB74A03F00F0302EBC303D3E9008971
:10D2B000009BD8054FEA231716D5B24B51EC190B3A
:10D2C000D3E90823DDF77CFA07F00F0782468B4687
:10D2D0000325AC4E57B942464B4650465946DDF7FA
:10D2E0006FFA82468B4628E00225F2E7F90708D557
:10D2F00040464946D6E90023DDF738F90135804636
:10D3000089467F100836E5E700F09B80009B9D4F23
:10D310005E429B4B06F00F0203EBC203D3E90023EE
:10D3200051EC190BDDF722F9361182468B460023AA
:10D330000225002E7AD1002BD3D10B9B002B00F0BD
:10D340008280914B002250465946DDF781FB002830
:10D3500079D0039B002B76D0029B002B36DD009BFF
:10D36000504659465F1E0022884BDDF7FFF8029EAB
:10D3700082468B4601352846DDF78EF852465B46DD
:10D38000DDF7F4F8824B0022DCF73AFFD046D946AD
:10D390008246A1F1507B002E58D17E4B00224046A0
:10D3A0004946DCF72BFF52465B4680468946DDF74F
:10D3B0006DFB002840F0958252460BF10043404639
:10D3C0004946DDF745FB002840F089825BEC19AB4C
:10D3D000119B002BC0F24881009A0E2A00F3448171
:10D3E000674B03EBC203D3E90089099B002B80F252
:10D3F000D580039B002B00F3D18040F06F82654BFA
:10D40000002240464946DDF7B1F852465B46DDF75B
:10D4100033FB039E3746002840F04582019D3123AF
:10D4200005F8013B009B0133009340E2F20705D56C
:10D43000D7E90023DDF79AF8013501237610083784
:10D4400077E7022579E7009F039E94E701994C4B0B
:10D4500031440D91089903EBC60353E902230029D7
:10D4600043D04D490020DDF7ABF952465B46DCF76F
:10D47000C5FE019D82468B4649464046DDF726FBA8
:10D480000646DDF709F802460B4640464946DCF7FA
:10D49000B5FE303605F8016B52465B46804689463C
:10D4A000DDF7D6FA002863D142464B4636490020C4
:10D4B000DCF7A4FE52465B46DDF7CAFA002840F0CE
:10D4C000B5800D9B9D4281D0304B0022504659467D
:10D4D000DDF74CF82D4B82468B46404649460022EC
:10D4E000DDF744F880468946C6E750465946DDF7E1
:10D4F0003DF80D9B019D0F9382468B464946404661
:10D50000DDF7E4FA0646DCF7C7FF303602460B4685
:10D5100040464946DCF772FE05F8016B0D9B9D42C3
:10D52000804689464FF0000224D11B4B5046594695
:10D53000DCF766FE02460B4640464946DDF7A6FA92
:10D54000002873D152465B4613490020DCF756FE93
:10D5500002460B4640464946DDF77AFA00283FF47A
:10D5600035AF0F9D6B1E0F9315F8013C302BF8D093
:10D57000009749E0054BDCF7F9FF80468946BDE797
:10D5800024800308FC7F03080000F03F00002440D3
:10D5900000001C40000014400000E03F019D564682
:10D5A0005F4642464B4630463946DDF709F9DDF71E
:10D5B0008DFA8246DCF770FF42464B46DCF7D6FF19
:10D5C00002460B46304639460AF13006DCF716FEB5
:10D5D00005F8016B019E039FAE1BB74202460B4646
:10D5E00035D1DCF70DFE42464B4606460F46DDF7C9
:10D5F0004DFAD0B942464B4630463946DDF71EFA61
:10D6000010B11AF0010F10D1204618EE101A00F0D8
:10D610005FFE002300982B700C9B01301860219B4B
:10D62000002B3FF4F1AC1D60EEE4009F2B461D463D
:10D6300013F8012D392A06D1019A9A42F7D101999E
:10D64000302201370A701A7801321A7090E7A64B1F
:10D650000022DCF78BFF0022002306460F46DDF791
:10D66000EDF900289DD0CFE7089A002A00F0D78076
:10D67000069A012A00F3BA800E9A002A00F0B280BE
:10D6800003F23343079E049D049A1A440492059AB8
:10D6900001211A442046059200F01CFF0746002D88
:10D6A0000CDD059B002B09DDAB42049AA8BF2B467D
:10D6B000D21A0492059AED1AD31A0593079B1BB34D
:10D6C000089B002B00F0AF80002E13DD3946324658
:10D6D000204600F0BFFF18EE102A014607462046FC
:10D6E00000F00EFF18EE101A8046204600F0F0FD04
:10D6F00008EE108A079B9A1B06D018EE101A2046D7
:10D7000000F0A8FF08EE100A0121204600F0E2FE1A
:10D710000A9B002B064640F388801A4601462046A5
:10D7200000F098FF069B012B064640F381804FF0E6
:10D730000008336906EB8303186900F07BFEC0F133
:10D740002000059B184410F01F0000F09280C0F1EB
:10D750002003042B40F38A80C0F11C00049B034487
:10D760000493059B034405440593049B002B07DDAC
:10D7700018EE101A1A46204600F0C6FF08EE100AEE
:10D78000059B002B05DD31461A46204600F0BCFF04
:10D7900006460B9B002B6ED018EE100A314601F0A6
:10D7A00023F8002867DA009B013B18EE101A00935B
:10D7B0000A220023204600F0ADFD089B08EE100A67
:10D7C000002B00F0B181002339460A22204600F0E8
:10D7D000A1FD029B002B074600F38E80069B022BC7
:10D7E00051DC89E0109BC3F136034BE7039B5E1EBF
:10D7F000079BB342BFBF079B0796F21A0A9BB6BFAF
:10D800009B189E1B0A93039BB8BF0026002BB7BF33
:10D81000DDE90323DDE903359D1A002334E7079E84
:10D82000049D089F3BE7079A67E7069B012B18DCDE
:10D83000BAF1000F15D1CBF3130393B92BF00043CA
:10D840001B0D1B0583B1049B01330493059B01331E
:10D8500005934FF001080A9B002B7FF46AAF01206B
:10D860006FE74FF00008F6E79846F4E73FF47DAF26
:10D8700018461C3072E7039B002B37DC069B022BFB
:10D8800034DD039B0293029B6BB93146052220468F
:10D8900000F040FD0146064618EE100A00F0A4FF15
:10D8A00000283FF7BBAD099B019DDB4300934FF080
:10D8B00000083146204600F00BFD002F3FF4A4AED7
:10D8C000B8F1000F05D0B84503D04146204600F01E
:10D8D000FFFC3946204600F0FBFC95E60026374663
:10D8E000E1E70097374699E500002440089B002BAC
:10D8F00000F0CA80039B0293002D05DD39462A46BD
:10D90000204600F001FF0746B8F1000F5BD07968B0
:10D91000204600F09DFC054628B9874B024640F2A0
:10D92000EA21FFF73BBB3A690232920007F10C0192
:10D930000C30FDF7A3FD01222946204600F0E4FE4D
:10D94000019B03F10109DDE90123134405930AF06A
:10D950000103B84604930746314618EE100AFFF754
:10D9600077FA4146029000F1300A18EE100A00F0F2
:10D970003BFF3A4603903146204600F051FFC26813
:10D9800009F1FF3B054602BB014618EE100A00F004
:10D990002BFF024629462046079200F099FCDDE95C
:10D9A000063243EA0201049B0B434D460FD1BAF104
:10D9B000390F2AD0039B002B02DD029B03F1310AB1
:10D9C0008BF800A075E73846BAE70122E2E7039B2F
:10D9D000002B04DB06990B4304990B4322D1002A48
:10D9E000EEDD18EE101A0122204600F08DFE3146C1
:10D9F00008EE100A00F0F8FE002803DCE0D11AF06F
:10DA0000010FDDD0BAF1390FD7D139238BF80030AF
:10DA10002B461D46013B15F8012C392A71D00132E5
:10DA20001A7046E7002A07DDBAF1390FEDD00AF186
:10DA300001038BF800303CE7059B09F801AC9945E0
:10DA400047D018EE101A00230A22204600F062FC8C
:10DA5000B84508EE100A4FF000034FF00A024146A5
:10DA6000204606D100F056FC8046074609F1010920
:10DA700072E700F04FFC3946804600230A22204618
:10DA800000F048FC0746F1E7039B0293019D18EE66
:10DA9000100A3146FFF7DCF900F1300A019B05F866
:10DAA00001ABEA1A029B934209DD18EE101A00231B
:10DAB0000A22204600F02EFC08EE100AE7E7029B3F
:10DAC000002BC8BF1D46019BD8BF01251D444FF048
:10DAD000000818EE101A0122204600F015FE31460B
:10DAE00008EE100A00F080FE002891DC02D11AF046
:10DAF000010F8DD12B461D4613F8012D302AFAD087
:10DB0000D7E6019A9A4284D1009B013300933123D6
:10DB10001370CEE6094BFFF795BA219B002B7FF4DB
:10DB20006EAA074BFFF78EBA029B002BAEDC069B5A
:10DB3000022B3FF7A8AEA9E7CD7E0308DF06030856
:10DB40002C7E03080369B3EB611F2DE9F0434FEA14
:10DB5000611200F1140445DD11F01F0104EB83068E
:10DB600004EB82050CD100F110072946B14234D3F1
:10DB70009B1A9B00EA1E964238BF0023234415E0FF
:10DB800054F82270C1F12008CF4005F1040EA146DF
:10DB90007645F44615D89A1A9200043A0135AE42F9
:10DBA00038BF0022A318A75007B104331A1BA342A1
:10DBB0004FEAA20208BF0023026108BF4361BDE82B
:10DBC000F083DCF800C00CFA08FC4CEA070749F8BF
:10DBD000047B5EF8047BCF40DAE751F804CB47F8CA
:10DBE00004CFC3E72346E1E7A0F13003092B02D8B5
:10DBF0002038C0B27047A0F16103052B01D8473827
:10DC0000F7E7A0F14103052B01D82738F1E7002001
:10DC1000704700002DE9F04F2DED028B89B008EE22
:10DC2000100A0493B44B1B68019318468B46904628
:10DC3000DDF7DEFB019BDBF800200344824613F88E
:10DC4000013C0593931CC2F1FF2202F57F02FE32D4
:10DC5000D1181F4613F8010B00913028F8D0FFF7B8
:10DC6000C3FF044600283AD1019952463846FEF7D0
:10DC7000FDF80546002868D117F80A0007EB0A06E8
:10DC8000FFF7B2FF002862D03346187830281F46CD
:10DC900003F10103F9D0FFF7A7FF0123B0FA80F4E5
:10DCA0006409354600933A46164601323078FFF74C
:10DCB0009BFF0028F8D1019952463046FEF7D6F86E
:10DCC00080B94DB906EB0A052A461646013230786E
:10DCD000FFF78AFF0028F8D1AD1BAD0004E0002457
:10DCE0002546E0E7002DF7D1337803F0DF03502B12
:10DCF0003BD173782B2B2CD02D2B2ED0711C4FF0B9
:10DD000000090878FFF770FF431EDBB2182B2CD8F0
:10DD1000A0F1100211F8010FFFF766FF431EDBB2FE
:10DD2000182B1DD9B9F1000F00D052421544CBF881
:10DD30000010E4B1009B002B14BF002706273846D3
:10DD400009B0BDEC028BBDE8F08F3E4625460124AC
:10DD5000CAE74FF00009B11CD3E74FF00109FAE719
:10DD60000A2303FB0202103AD4E73146DFE7F31B34
:10DD7000013B2146072B0BDC18EE100A00F068FA75
:10DD8000044640B95D4B0246DE215D4800F03AFF93
:10DD900001315B10EEE700F114094FF0000BCAF1FE
:10DDA0000103CDF80890CDF800B00693B74240D3F8
:10DDB0000298009B40F8043BA0EB0900801046014C
:10DDC0002061184600F036FB301AD8F80060B042E7
:10DDD00063DD871B3946204600F0DCFE8246A8B191
:10DDE0007B1E591103F01F0259F821104FF0010A50
:10DDF0000AFA02F20A4209D0534505DDB91E20464F
:10DE000000F0C8FE002845D14FF0020A39462046EE
:10DE1000FFF798FE3D44D8F80830AB424CDA18EED4
:10DE2000100A214600F054FA149A00231360A32725
:10DE300085E7731E059A039316F8013C934219D0A7
:10DE4000BBF1200F07D1029B009A43F8042B0293E9
:10DE5000002300939B4616F8010CFFF7C5FE009BBC
:10DE600000F00F0000FA0BF0034300930BF1040BDA
:10DE7000039B0DE0039B069A1344BB42E0D3184674
:10DE8000019907935246FDF7F1FF079B0028D7D170
:10DE90001E468BE74FF0030AB8E70ADA371A214625
:10DEA00018EE100A3A4600F02FFCED1B044600F174
:10DEB00014094FF0000AAEE7D8F80400A84272DD5A
:10DEC000451BAE4236DCD8F80C30022B2AD0032B8F
:10DED0002CD0012B1CD1AE421AD1012E12D1049AA2
:10DEE000D8F80430136001232361C9F80030149B73
:10DEF00062271C6023E700BF687F0308CD7E03080C
:10DF0000E07E0308711E204600F044FE0028E6D1A2
:10DF100018EE100A214600F0DBF9149A0023136072
:10DF200050270CE7159B002BF2D1D8E7159B002B4F
:10DF3000D5D1EDE76F1EBAF1000F31D127B13946C7
:10DF4000204600F027FE82467B11012159F823303C
:10DF500007F01F0701FA07F71F422946204618BF9E
:10DF60004AF0020A761BFFF7EDFDD8F804500227AD
:10DF7000BAF1000F48D0D8F80C30022B15D0032B83
:10DF800017D0012B09D11AF0020F06D0D9F80000E2
:10DF90004AEA000A1AF0010F0ED147F0100733E0E9
:10DFA0004FF0010AD0E70127E2E7159BC3F1010317
:10DFB0001593159B002BF0D0D4F810B004F1140386
:10DFC0004FEA8B0A03EB8B014FF0000C184653F815
:10DFD000042BB2F1FF3F1CD001320260022F04F18A
:10DFE00014033FD1D8F80020013AB2420AD171118E
:10DFF000012253F8213006F01F0602FA06F61E42EF
:10E0000018BF174647F02007149B1C60049B1D6037
:10E0100095E6994243F804CCD8D8A3689B4519DB10
:10E02000616818EE100A013100F012F9814618B942
:10E030001A4B02468421A8E62269023204F10C013F
:10E0400092000C30FDF71AFA214618EE100A00F083
:10E050003FF94C4623695A1C04EB830322610122D9
:10E060005A61BBE722695A450BDD01212046FFF7C3
:10E0700069FDD8F808300135AB42FFF6D0AE012774
:10E08000C0E716F01F06FAD05344C6F1200653F835
:10E09000040C00F0CFF9B042E7DBF0E7CD7E0308D7
:10E0A000C2F10802920070B5C2F12006436804680C
:10E0B00003FA06F52C43D340046040F8043F88423D
:10E0C000F4D370BD30B50368013311F8014B14B9B6
:10E0D0000360012030BD13F8012BA2F14105192D79
:10E0E00098BF2032A242F0D00020F3E72DE9F04F94
:10E0F0000B685E1102EB860613F01F0387B018BF92
:10E1000004360025371F904602680193824646F880
:10E11000045CB9463C460295AB465178531C0393C8
:10E1200041B3084605920491FFF75EFD00284FD1E8
:10E130000499059A202918D8029B9B4513DD4C456C
:10E1400006D2072D04DC2A4649462046FFF7A8FFE1
:10E15000444550D90023A4F1040944F8043CCDF807
:10E1600008B04C461D46039AD7E7292956D10232FA
:10E17000CAF80020BBF1000F50D04C4506D2072D45
:10E1800004DC2A4649462046FFF78AFF444534D935
:10E19000A8F10402234653F8041B42F8041F9F42CF
:10E1A000F9D23B1B23F0030304330134033EB44292
:10E1B00088BF04234344002243F8042B9F42FBD230
:10E1C0003B681BB9474527D101233B60052026E06A
:10E1D0000135082D0BF1010B06DD4445C3D90023A1
:10E1E00044F8043C0125043C226800F00F0040EA9A
:10E1F00002122260B7E70825B5E7019B002BDFD0AC
:10E200004FF0FF32C3F1200322FA03F356F8042C37
:10E210001A4046F8042CD3E7043FD1E7042007B0A6
:10E22000BDE8F08F004870474C10002082B001B963
:10E2300001A942B14BB113780B601278101E18BFC0
:10E24000012002B070471046FBE76FF00100F8E7CD
:10E2500070B5466A04460D4676B91020FAF756FCAA
:10E260000246606220B9184B1848662100F0CAFCCB
:10E27000C0E901660660C660666AF36883B1636AD6
:10E28000DB6853F82500B8B9012101FA05F6721DC3
:10E2900092002046FAF7AAFC60B1C0E901560EE0F0
:10E2A000212204212046FAF7A1FC636AF060DB68B2
:10E2B000002BE4D1002070BD026843F82520002324
:10E2C000C0E90333F7E700BF397E03087C7F03080A
:10E2D00070B5466A05460C4676B91020FAF716FC6A
:10E2E0000246686220B9094B09488A2100F08AFC7D
:10E2F000C0E901660660C6603CB16B6A6268DB68B3
:10E3000053F82210216043F8224070BD397E030883
:10E310007C7F03082DE9F0410D6907460C461E4637
:10E3200001F1140C0020DCF8003099B202FB01610D
:10E330001E0C0B0C02FB063389B2013001EB0341CA
:10E3400085424CF8041B4FEA1346ECDC0EB3A3687D
:10E35000AB4219DC616838460131FFF779FF80462E
:10E3600028B902460C4B0D48B52100F04BFC226940
:10E37000023204F10C0192000C30FDF77FF82146C7
:10E380003846FFF7A5FF444604EB850301355E617F
:10E3900025612046BDE8F081CD7E03087C7F03081F
:10E3A0002DE9F8430C4615461F4609220833064658
:10E3B00093FBF2F3002101229A4209DB3046FFF77A
:10E3C00047FF40B90246194B1948CE2100F01AFC0C
:10E3D00052000131F0E7089B4361092D4FF0010322
:10E3E000036116DD04F10909C8462C4418F8013B05
:10E3F0000146303B0A223046FFF78CFFA045F5D19D
:10E40000A5F108044C442D1B6319BB4204DBBDE895
:10E41000F8830A340925F6E714F8013B0146303B3E
:10E420000A223046FFF776FFEEE700BFCD7E0308F5
:10E430007C7F0308030C1B04D3B90004102310F0E5
:10E440007F4F04BF0002083310F0704F04BF00017B
:10E45000043310F0404F04BF80000233002805DB76
:10E4600010F0804F03F1010308BF202318467047C6
:10E470000023E4E7036813F0070201460BD0DA0734
:10E4800023D4980749BF5B089B0801200B605CBF41
:10E490000B600220704798B2A8B91B0C1020DAB2AA
:10E4A0000AB908301B0A1A0704BF1B0904309A076F
:10E4B00004BF9B080230DA0703D45B0800F10100B7
:10E4C00005D00B6070471046E9E700207047202018
:10E4D0007047000010B50C460121FFF7B9FE024657
:10E4E00028B9054B05484FF4A07100F08BFB0123C0
:10E4F0004461036110BD00BFCD7E03087C7F03082B
:10E500002DE9F04F91460A69D9F810309A42B8BF08
:10E510000B460C46BCBF4C4699462769D9F810A05B
:10E52000A368616807EB0A06B34285B0B8BF013142
:10E53000FFF78EFE30B90246444B454840F25D116C
:10E5400000F060FB00F1140505EB86082B46002265
:10E55000434521D304F1140303EB870709F11403A6
:10E5600003EB8A0202923A1B153A22F003020432AC
:10E5700004F115018F4238BF04220192029A0393DD
:10E580009A420CD8002E03DD58F8043D002B5AD0D7
:10E59000066105B0BDE8F08F43F8042BD8E7B3F867
:10E5A00000A0BAF1000F24D004F1140EA9464FF0D8
:10E5B000000C5EF8042BD9F800101FFA82FB89B218
:10E5C0000AFB0B114FEA124BD9F8002061444FEAC5
:10E5D000124C0AFB0BC202EB114289B241EA024122
:10E5E000774549F8041B4FEA124CE2D8019A45F8E6
:10E5F00002C0039AB2F802900433B9F1000F20D0A0
:10E60000296804F1140CAE464FF0000ABCF800B0C3
:10E61000BEF8022009FB0B22924489B241EA0A416A
:10E620004EF8041B5CF8042BBEF80010120C09FB1A
:10E63000021101EB1A4167454FEA114AE6D8019AE7
:10E64000A95004359AE7013E9CE700BFCD7E030840
:10E650007C7F03082DE9F843154612F003020646B5
:10E660000F4607D0254C013A002354F82220FFF72B
:10E6700051FE0746AD103DD0746A7CB91020FAF700
:10E6800045FA0246706228B91D4B1E484FF4D771F7
:10E6900000F0B8FAC0E901440460C460D6F82480F0
:10E6A000D8F808404CB940F271213046FFF712FF0C
:10E6B0000023C8F80800044603604FF00009EB0788
:10E6C0000AD5394622463046FFF71AFF39468046BA
:10E6D0003046FFF7FDFD47466D100BD0206838B976
:10E6E000224621463046FFF70BFF2060C0F800901D
:10E6F0000446E4E73846BDE8F88300BFEC80030831
:10E70000397E03087C7F03082DE9F0470C464968F1
:10E71000236903EB6218A368074691464FEA621A21
:10E7200008F10106B3420BDB3846FFF791FD0546C1
:10E7300048B902462A4B2B4840F2D91100F062FA40
:10E7400001315B00EEE7002300F1140100F110023B
:10E750001846534537DB20692AEAEA7A04F11403A4
:10E7600019F01F0901EB8A0103EB80002FD0C9F1DA
:10E77000200E8A464FF0000C1A6802FA09F242EAAB
:10E780000C024AF8042B53F8042B984222FA0EFC90
:10E79000F2D8031B153B23F00303043304F11502E5
:10E7A000904238BF042341F803C0BCF1000F01D0F0
:10E7B00008F10206013E38462E612146FFF788FD2A
:10E7C0002846BDE8F08742F8040F0133C1E7043959
:10E7D00053F8042B41F8042F9842F9D8EAE700BF18
:10E7E000CD7E03087C7F030830B502690C69121BDB
:10E7F0000ED100F11403143103EB840001EB84010A
:10E8000050F8045D51F8044DA54203D005D3012210
:10E81000104630BD8342F3D3FAE74FF0FF32F7E7FB
:10E820002DE9F84F0C460646114620469046FFF764
:10E83000DBFF051E10D129463046FFF709FD30B930
:10E840003A4B024640F23221394800F0DBF901230D
:10E85000C0E90435BDE8F88FA4BF4346A046304662
:10E86000D8F80410A6BF1C4600250125FFF7F0FCD0
:10E8700020B92E4B02464FF41071E5E7D8F810701E
:10E880002669C56004F1140908F1140500F1140E9D
:10E8900005EB870C09EB860608F11002F246002111
:10E8A00059F8043B52F804BF1FFA83F811FA8BF1B0
:10E8B0001B0CA1EB0808C3EB1B4303EB28431FFA17
:10E8C00088F819144E4548EA03434AF8043BE7D850
:10E8D000331B153B23F0030304331534A64238BF22
:10E8E00004231D4473449E462E4666450ED30CF108
:10E8F0000302521B22F00302033DAC4538BF002245
:10E900001A4452F8043D7BB10761A3E756F8048B23
:10E9100011FA88F2141404EB184492B242EA044249
:10E920004EF8042B2114E0E7013FEAE7CD7E03080F
:10E930007C7F030882B08DED000B019B12491940CA
:10E94000A1F15071002905DD00220B4643EC102B8C
:10E9500002B070474942B1F1A07F4FEA21504FF019
:10E9600000024FF0000304DA4FF4002141FA00F3F3
:10E97000ECE7A0F114011E29DABF4FF0004020FAA5
:10E9800001F101210A46E1E70000F07FF8B50569D1
:10E9900000F1140707EB85052E1F55F8044C20469F
:10E9A000FFF748FDC0F120030A28DFF87CC00B60A8
:10E9B00014DCC0F10B0E24FA0EF1B74241EA0C034D
:10E9C00034BF55F8081C0021153004FA00F021FA74
:10E9D0000EF140EA010243EC102BF8BDB7423ABFFA
:10E9E00055F8081CA5F1080600210B3817D0C0F116
:10E9F000200C04FA00F5BE4221FA0CF445EA0405A5
:10EA00008CBF56F8044C002445F07F5301FA00F007
:10EA100024FA0CF443F4401340EA0402DBE744EA2E
:10EA20000C030A46D7E700BF0000F03F2DE9F7438B
:10EA30008946012157EC106B9046FFF709FC04460C
:10EA400030B90246254B264840F20A3100F0DAF888
:10EA5000C7F30A55C7F3130335BB002E019328D023
:10EA600068460096FFF706FD009900B3019AC0F1D1
:10EA7000200302FA03F30B43C24063610192019B3E
:10EA8000A361002B14BF022201222261D5B1A5F29D
:10EA900033450544C9F80050C0F13500C8F80000FE
:10EAA000204603B0BDE8F08343F48013D5E76161ED
:10EAB000E5E701A8FFF7DEFC019B6361012222610B
:10EAC0002030E3E704EB8203A0F23240C9F80000F3
:10EAD0001869FFF7AFFCC0EB4210DFE7CD7E0308FB
:10EAE0007C7F03082DE9F74F884669468146FFF78A
:10EAF0004DFF01A9404655EC104BFFF747FFD9F8F1
:10EB00001030D8F81020A3EB020CDDE900329B1A7C
:10EB100003EB4C1351EC100B002BD6BF0A462A46D0
:10EB2000C3EB03338B462F46D4BF02EB035B02EBF0
:10EB30000357204610EE102A5B463946DBF740FEAD
:10EB400041EC100B03B0BDE8F08F0000013970B547
:10EB500049111469013102F1140300EB810103EB47
:10EB60008404051FA3420CD3A31A113B23F0030313
:10EB70001132A24288BF002318440023884205D3E3
:10EB800070BD53F8046B45F8046FEBE740F8043BA5
:10EB9000F4E7000000F1140200694B11984210B52F
:10EBA00011DB0ADD11F01F0107D052F8234024FACF
:10EBB00001F000FA01F18C420BD102EB8303934286
:10EBC00003D8002010BD0346F7E753F8041D0029C1
:10EBD000F5D00120F6E700009FED010B704700BF64
:10EBE000000000000000F87F49B1FF2A85BF8A239A
:10EBF00003600A704FF0FF3098BF0120704708464D
:10EC0000704700001FB514461A46094B1B6805469D
:10EC1000D8684CB1074B0091CDE9013406492B4629
:10EC200000F00EF800F038FA044B1C46F3E700BF82
:10EC3000F40E0020F8800308058103080AFF02088B
:10EC40000EB403B5014603AB054853F8042B006826
:10EC5000019300F031F802B05DF804EB03B07047A7
:10EC6000F40E00209368013B002B10B4936008DA87
:10EC70009469A34201DB0A2903D15DF8044B00F03B
:10EC80004BB91368581C1060197008465DF8044BA6
:10EC900070470000F8B506460F461446D518AC423A
:10ECA00001D1002007E014F8011B3A463046FFF777
:10ECB000D9FF431CF3D1F8BD2DE9F04F0D469DB0AF
:10ECC00014469846064618B183690BB900F006FB56
:10ECD000894B9D421BD175686B6ED90705D4AB89F2
:10ECE0009A0502D4A86D00F099FBAB891B0701D5EA
:10ECF0002B69EBB92946304600F060F9C0B16B6E64
:10ED0000DC070ED54FF0FF301DB0BDE8F08F7B4B18
:10ED10009D4201D1B568DFE7794B9D4208BFF56898
:10ED2000DAE7AB899805EDD4A86D00F079FBE9E747
:10ED30000023099320238DF82930CDF80C8030234F
:10ED4000DFF8C0818DF82A304FF0010923469A463A
:10ED500013F8012B0AB1252AF9D1BAEB040B0BD019
:10ED60005B46224629463046FFF794FF013000F00B
:10ED7000AA80099A5A4409929AF80030002B00F0B0
:10ED8000A28000234FF0FF32CDE905230AF1010AEA
:10ED9000049307938DF853301A935446052214F8C0
:10EDA000011B5848DCF7CAFA049AD8B9D10644BF07
:10EDB00020238DF85330130744BF2B238DF8533095
:10EDC0009AF800302A2B15D0079A544600204FF0AD
:10EDD0000A0C214611F8013B303B092B4ED9B0B14A
:10EDE000079214E0A0EB080309FA03F3134304931A
:10EDF000A246D2E7039B191D1B680391002BBBBFE2
:10EE00005B4242F0020207930793B8BF0492237853
:10EE10002E2B0CD163782A2B35D1039B1A1D1B682E
:10EE20000392002BB8BF4FF0FF3302340593DFF895
:10EE3000E4A0217803225046DCF780FA40B1402359
:10EE4000A0EB0A0003FA00F0049B0343013404938F
:10EE500014F8011B2C488DF828100622DCF76EFAF6
:10EE600000283FD0294B1BBB039B073323F007032C
:10EE700008330393099B3B44099367E70CFB023279
:10EE80000C460120A5E700230134059319464FF0F5
:10EE90000A0C204610F8012B303A092A03D9002B1E
:10EEA000C5D00591C3E70CFB012104460123F0E71F
:10EEB00003AB00932A46164B04A93046FCF7D0FB5F
:10EEC0000746781CD6D16B6ED90705D4AB899A0555
:10EED00002D4A86D00F0A4FAAB895B063FF512AF2F
:10EEE000099811E703AB00932A46094B04A9304661
:10EEF000FCF75AFEE4E700BF688103088881030835
:10EF000048810308348103083E81030861B6020882
:10EF100095EC02083A810308F8B50E4614460546FA
:10EF200018B183690BB900F0D9F9214B9C422BD160
:10EF30006C68A369A360A3891A072FD523696BB3F3
:10EF400023692068C01A6369F6B28342374604DC3D
:10EF50002146284600F02EF930BBA368013BA36090
:10EF600023685A1C22601E7063690130834204D0FA
:10EF7000A389DB0706D50A2E04D12146284600F0D6
:10EF800019F988B93846F8BD0A4B9C4201D1AC68E2
:10EF9000CFE7094B9C4208BFEC68CAE721462846E8
:10EFA00000F00CF80028CBD04FF0FF37EAE700BFA5
:10EFB000688103088881030848810308324B70B5D3
:10EFC0001D6806460C4625B1AB6913B9284600F00A
:10EFD00085F92E4B9C420FD16C68A389B4F90C20A3
:10EFE00019072CD4DD0611D40923336042F0400305
:10EFF000A3814FF0FF303EE0254B9C4201D1AC682D
:10F00000EBE7244B9C4208BFEC68E6E7580712D5B3
:10F01000616B41B104F14403994202D03046F9F7E3
:10F02000EDFD00236363A38923F02403A381002360
:10F03000636023692360A38943F00803A3812369E4
:10F040004BB9A38903F42073B3F5007F03D02146A5
:10F05000304600F00DFAA089B4F90C2010F001033D
:10F060000AD00023A36063695B42A361236943B9AB
:10F0700010F08000BAD170BD810758BF6369A360EA
:10F08000F4E70020F7E700BFF40E002068810308D2
:10F09000888103084881030808B5062000F050FA6B
:10F0A0000120F9F7EDFB00008A892DE9F0410546C2
:10F0B00010070C4658D44B68002B05DC0B6C002B5A
:10F0C00002DC0020BDE8F081E66A002EF9D00023C2
:10F0D00012F480522F682B6032D0606DA3895A07DA
:10F0E00005D56368C01A636B0BB1236CC01A00238B
:10F0F0000246E66A216A2846B047431CA38906D126
:10F1000029681D292CD82A4ACA40D60728D50022AA
:10F110006260D9042269226004D5421C01D12B68A7
:10F1200003B96065616B2F600029CAD004F1440304
:10F13000994202D02846F9F761FD00206063C1E7DB
:10F14000216A01232846B047411CC7D12B68002BF8
:10F15000C4D01D2B01D0162B01D12F60B1E7A3899C
:10F1600043F04003A381ADE70F69002FA9D09307B7
:10F170000E6808BF4B690F6018BF0023A6EB070895
:10F180008B60B8F1000F9CDD216AA66A43463A46BF
:10F190002846B047002806DCA38943F04003A3813A
:10F1A0004FF0FF308EE70744A8EB0008E9E700BF07
:10F1B0000100402038B50B6905460C4613B90025FF
:10F1C000284638BD18B183690BB900F087F8144B95
:10F1D0009C421BD16C68B4F90C30002BEFD0626EEE
:10F1E000D00704D4990502D4A06D00F017F9284681
:10F1F0002146FFF759FF636EDA070546E0D4A3897D
:10F200009B05DDD4A06D00F00BF9D9E7054B9C42BE
:10F2100001D1AC68DFE7044B9C4208BFEC68DAE739
:10F22000688103088881030848810308002310B51A
:10F230000446C0E90033C0E904338360818143663A
:10F24000C2818361194608225C30FCF761F9054BE5
:10F250006362054BA362054BE362054B24622363A3
:10F2600010BD00BF79F502089DF50208D5F502082A
:10F27000F9F50208014900F0AFB800BFB5F1020886
:10F2800070B568224D1E55430E4605F17401F9F71D
:10F29000B1FC044640B10021C0E900160C30A0606A
:10F2A00005F16802FCF734F9204670BD014800F012
:10F2B000B5B800BFE8740020014800F0B1B800BF45
:10F2C000E8740020014800F0A9B800BFE9740020EC
:10F2D000014800F0A5B800BFE974002010B504464D
:10F2E000FFF7F0FFA3691BB1BDE81040FFF7F0BFC7
:10F2F000C4E912332365134B134A1B68A262A3426D
:10F3000004BF0123A361204600F020F8606020467E
:10F3100000F01CF8A060204600F018F80022E06021
:10F3200004216068FFF782FFA06801220921FFF72E
:10F330007DFFE06802221221FFF778FF0123A3611D
:10F34000D2E700BFA87C030875F20208F8B50746AB
:10F35000FFF7ACFF1E4B1E68B36913B93046FFF7C9
:10F36000BDFF4836D6E90134013B03D533680BB302
:10F370003668F7E7B4F90C50D5B9164BE36004F1E1
:10F380005800656600F048F8FFF796FFC4E901559C
:10F39000C4E904552560A5610822294604F15C00F2
:10F3A000FCF7B6F8C4E90D55C4E912552046F8BD7E
:10F3B0006834D9E704213846FFF762FF044630601D
:10F3C0000028D5D1FFF778FF0C233B60EEE700BFA4
:10F3D000A87C03080100FFFF2DE9F8430646884694
:10F3E00000F148040027D4E90195B9F1010905D5D8
:10F3F0002468002CF7D13846BDE8F883AB89012B8F
:10F4000007D9B5F90E30013303D029463046C0473D
:10F4100007436835E9E700007047000070470000C7
:10F420007047000070B50E46B1F90E10002996B075
:10F4300014461D4608DAB6F90C3000222A601A0676
:10F4400010D44FF480630EE06A4600F0FBF8002809
:10F45000F1DB019A02F47042A2F500535A425A417C
:10F460002A60EEE740230020236016B070BD000044
:10F470008B8973B59D0706460C4607D504F14703F3
:10F48000236023610123636102B070BD01AB6A4652
:10F49000FFF7C8FF009905463046F9F7ABFB48B9BE
:10F4A000B4F90C309A05EFD423F0030343F00203C0
:10F4B000A381E3E70D4BB362A389206043F080038F
:10F4C000A381009B6361019B20615BB1B4F90E10C5
:10F4D000304600F0C9F828B1A38923F0030343F0B4
:10F4E0000103A381A0890543A581CDE775F2020838
:10F4F0001F2938B504460D4604D9162303604FF082
:10F50000FF3038BD426C12B152F821304BB9204661
:10F5100000F030F82A4601462046BDE8384000F0A9
:10F5200017B8012B0AD0591C03D116230360012000
:10F53000E7E7002442F82540284698470020E0E706
:10F54000024B01461868FFF7D3BF00BFF40E00203E
:10F5500038B5074D00230446084611462B60F9F7DD
:10F5600093F9431C02D12B6803B1236038BD00BF5F
:10F57000EC740020F9F782B910B50C46B1F90E1001
:10F5800000F094F80028ABBF636DA3891B1823F427
:10F590008053ACBF6365A38110BD00002DE9F0412D
:10F5A0001F468B89DB0505460C46164605D5B1F985
:10F5B0000E100223002200F067F8A389B4F90E10A0
:10F5C00023F48053A38132463B462846BDE8F041F0
:10F5D00000F016B810B50C46B1F90E1000F054F852
:10F5E000431CA38915BF606523F4805343F4805303
:10F5F000A38118BFA38110BDB1F90E1000F012B89D
:10F6000038B5074D04460846114600222A601A46BE
:10F61000F9F728F9431C02D12B6803B1236038BDE8
:10F62000EC74002038B5064D0023044608462B60D4
:10F63000F9F71CF9431C02D12B6803B1236038BDD4
:10F64000EC74002038B5074D0023044608461146E7
:10F650002B60F9F70DF9431C02D12B6803B123602D
:10F6600038BD00BFEC74002038B5064D00230446B9
:10F6700008462B60F9F700F9431C02D12B6803B14F
:10F68000236038BDEC74002038B5074D04460846A9
:10F69000114600222A601A46F9F7E2F8431C02D10B
:10F6A0002B6803B1236038BDEC74002038B5074DDA
:10F6B00004460846114600222A601A46F9F7CCF89B
:10F6C000431C02D12B6803B1236038BDEC740020C9
:10F6D000020000000100000020FD020803000000FD
:10F6E0000100000029FD02080400000004000000E1
:10F6F00032FD020805000000040000003CFD020885
:10F70000060000000400000047FD0208140000008D
:10F710000100000052FD020801000200080009007B
:10F720000C000000000000000B00000001000000C1
:10F7300006FB02080800000013000000040000009F
:10F74000E81303081800000019000000030000007F
:10F75000F21303081F0000001C0000001F0000003F
:10F760001E0000001F0000001E0000001F0000001F
:10F770001F0000001E0000001F0000001E0000000F
:10F780001F00000041505F506172616D206D757304
:10F79000742062652073696E676C65746F6E0041DA
:10F7A000505F5065726970685F4657206D7573745D
:10F7B0002062652073696E676C65746F6E0000006F
:10F7C0005265626F6F742061667465722077617430
:10F7D0006368646F672072657365740A00000000D7
:10F7E0004953522025752F25750025732053544108
:10F7F000434B3D25752F25750A000000494552529F
:10F80000203078257820257500000000464F524DA5
:10F8100041545F56455253494F4E0043414E5F4E4F
:10F820004F44450043414E5F424155445241544587
:10F8300000464C4153485F424F4F544C4F41444562
:10F8400052004445425547004252445F5345524995
:10F85000414C5F4E554D00475053004750535F5049
:10F860004F5254004750535F4D425F4F4E4C595FCB
:10F87000504F5254004241545400424154545F4846
:10F880004944455F4D41534B004152535044004F52
:10F890005554004553435F52415445004553435F1F
:10F8A00050574D5F54595045004553435F434D44B5
:10F8B0005F54494D4F0052454C4159000CF8020825
:10F8C000F010002000000000000000000200000016
:10F8D0001BF80208F21000200000000000000300E6
:10F8E0000200000024F80208F410002000247449EB
:10F8F000000004000300000031F80208F8100020A6
:10F900000000000000000A000100000042F80208A8
:10F9100002110020000000000000120001000000A1
:10F9200048F8020804110020000000000000130045
:10F930000300000057F80208381100209003030864
:10F9400000000100060000005BF80208F91000202A
:10F9500000000040000017000100000064F80208E9
:10F96000FA10002000000000000024000100000048
:10F9700075F802087814002034FE02080000110017
:10F98000060000007AF802080811002000000000BC
:10F99000000044000300000089F802082C15002034
:10F9A0005814030800000800060000008FF8020841
:10F9B0009C150020D85A030800001500060000001E
:10F9C00093F80208FC1000200000C843000051001A
:10F9D000020000009CF80208FE1000200000000059
:10F9E00000001A0001000000A9F802080011002020
:10F9F000000048430000320002000000B6F8020890
:10FA00004A160020B05B030800004B00060000000F
:10FA1000FC1203080C1100200000000000004F0041
:10FA2000030000000AFF02080000000000000000C0
:10FA30000000000000000000257320256C64006FAA
:10FA400072672E6172647570696C6F742E4265798D
:10FA50006F6E64526F626F7469784D2D5065726974
:10FA600070680000416C6C6F636174696F6E207226
:10FA70006571756573742066726F6D20616E6F7449
:10FA800068657220616C6C6F63617465650A004D16
:10FA900069736D61746368696E6720616C6C6F6314
:10FAA0006174696F6E20726573706F6E73650A00A2
:10FAB0004D61746368696E6720616C6C6F6361741B
:10FAC000696F6E20726573706F6E73653A2025647E
:10FAD0000A0049462564204E6F6465204944206130
:10FAE0006C6C6F63617465643A2025640A000000E1
:10FAF00025732825752900004750535F54595045F8
:10FB000000475053315F545950450000526573749B
:10FB10006172744E6F64650A000000005761697479
:10FB2000696E6720666F722064796E616D6963200B
:10FB30006E6F646520494420616C6C6F6361746909
:10FB40006F6E2025782E2E2E2028706F6F6C20254A
:10FB500075290A005741524E494E473A20454E4CAE
:10FB600041524745204D454D4F525920504F4F4C23
:10FB70000A00656E746572696E67206C6F636B75E1
:10FB8000700A00656E746572696E67206661756CD7
:10FB9000740A00466C61736820626F6F746C6F61E9
:10FBA000646572204F4B0A00426F6F746C6F616422
:10FBB000657220756E6368616E6765640A00466CE5
:10FBC00061736820626F6F746C6F61646572204648
:10FBD00041494C45440A00000303030302020100AB
:10FBE00041505F5065726970682056312E382E3052
:10FBF0002D64657620286666633862663038290091
:10FC000066666338626630380041505F50657269DD
:10FC100070682056312E382E302D6465760043688A
:10FC20006962694F530034663334653231370000FE
:10FC3000FB7265767766706100020400090A911311
:10FC40000108000000000000E0FB020800FC0208C0
:10FC500008BFC8FF0000000009FC02080000000007
:10FC6000000000001EFC020826FC02080000000044
:10FC700000000000BDEE000819C00108CDEE00082C
:10FC8000D1EE0008D1EF000821EF0008D5EE000802
:10FC9000D9EE0008DDEE0008E1EE0008E5EE000810
:10FCA000E9EE0008EDEE0008F1EE000819C00108C9
:10FCB0007DEF0008F5EE000819C0010819C0010821
:10FCC000000000000000000045F1000849F10008B4
:10FCD000737461636B206F766572666C6F77202535
:10FCE0007300000000000000000000007DF5000827
:10FCF00099F5000809F4000821F400089DF50008B2
:10FD000045F4000835F5000849F4000851F40008EE
:10FD100055F500084DF40008696E66006E616E00CE
:10FD2000564F4C545F50494E00435552525F504914
:10FD30004E00564F4C545F4D554C5400414D505F52
:10FD4000504552564C5400414D505F4F4646534526
:10FD500054004932435F42555300000041505F4216
:10FD60006174744D6F6E69746F72206D7573742059
:10FD700062652073696E676C65746F6E00000000C9
:10FD80004241545425580025735F2573004D4F4E52
:10FD900049544F5200000000637269746963616CDA
:10FDA000006C6F77006D697373696E672C206C61EE
:10FDB00073743A0042617474657279202564206915
:10FDC0007320257320252E326656207573656420B6
:10FDD000252E3066206D4168000000000000000004
:10FDE00000000000B9020108BD02010861CE01084F
:10FDF000C9CE01088D02010891020108AD02010877
:10FE00009D020108A502010881C90108B5CB0108BE
:10FE1000B1CE010809CA01086DCD0108B10201087F
:10FE20009502010899020108B502010885D0010870
:10FE300051D20108E0020308040000007CFE020821
:10FE400001001706E002030890000000B02E002019
:10FE5000120029060AFF020800000000000000004E
:10FE60000000FF000000000000000000C9020108BF
:10FE70004341504143495459000000008DFD0208A0
:10FE800024000000000000000400010170FE0208D0
:10FE90000000000000000000000007034CF802080A
:10FEA00004000000000080BF000009030AFF0208F0
:10FEB00000000000000000000000FF00426164201C
:10FEC000706172616D65746572207461626C650049
:10FED000556E6B6E6F776E20636F6E7665727369A9
:10FEE0006F6E20272573270A0042616420636F6EBE
:10FEF00076657273696F6E2074797065202725733B
:10FF0000270A00002C203D090D0A004052454144BB
:10FF10004F4E4C590000000041505F506172616DBE
:10FF20003A204661696C656420746F20616C6C6F67
:10FF300063617465206F7665727269646573000031
:10FF4000454550524F4D2066756C6C0A000000000C
:10FF50004552524F523A20556E61626C6520746F63
:10FF60002066696E6420706172616D20706F696EC9
:10FF70007465720A00000000010204040C00000015
:10FF80005041524D444546005537F4A0385D485B1A
:10FF9000000200000000000000000000000000005F
:10FFA0000000000000000000000000000000000051
:10FFB0000000000000000000000000000000000041
:10FFC0000000000000000000000000000000000031
:10FFD0000000000000000000000000000000000021
:10FFE0000000000000000000000000000000000011
:10FFF0000000000000000000000000000000000001
:020000040803EF
:1000000000000000000000000000000000000000F0
:1000100000000000000000000000000000000000E0
:1000200000000000000000000000000000000000D0
:1000300000000000000000000000000000000000C0
:1000400000000000000000000000000000000000B0
:1000500000000000000000000000000000000000A0
:100060000000000000000000000000000000000090
:100070000000000000000000000000000000000080
:100080000000000000000000000000000000000070
:100090000000000000000000000000000000000060
:1000A0000000000000000000000000000000000050
:1000B0000000000000000000000000000000000040
:1000C0000000000000000000000000000000000030
:1000D0000000000000000000000000000000000020
:1000E0000000000000000000000000000000000010
:1000F0000000000000000000000000000000000000
:1001000000000000000000000000000000000000EF
:1001100000000000000000000000000000000000DF
:1001200000000000000000000000000000000000CF
:1001300000000000000000000000000000000000BF
:1001400000000000000000000000000000000000AF
:10015000000000000000000000000000000000009F
:10016000000000000000000000000000000000008F
:10017000000000000000000000000000000000007F
:10018000000000000000000000000000000000006F
:100190000000000053746F726167654D616E6167A6
:1001A00065723A206572617365206661696C656489
:1001B0000A00000041505F475053206D7573742052
:1001C00062652073696E676C65746F6E0000000075
:1001D0004750532025643A206465746563746564F0
:1001E00020257300475053325F5459504500475003
:1001F00053315F474E53535F4D4F44450047505373
:10020000325F474E53535F4D4F4445004750533183
:100210005F524154455F4D5300475053325F524146
:1002200054455F4D5300475053315F504F53004783
:100230005053325F504F5300475053315F44454C49
:1002400041595F4D5300475053325F44454C41592B
:100250005F4D5300475053315F434F4D5F504F52F6
:100260005400475053325F434F4D5F504F5254003C
:100270005F4E415646494C544552005F4155544FDC
:100280005F535749544348005F534241535F4D4FBA
:100290004445005F4D494E5F454C4556005F494E11
:1002A0004A4543545F544F005F5241575F444154A5
:1002B00041005F534156455F434647005F415554F7
:1002C0004F5F434F4E464947005F4452565F4F5081
:1002D00054494F4E53005F5052494D4152590031DD
:1002E0005F00325F000000008025000000C20100B6
:1002F000C0120000004B00000096000000E100006A
:100300000084030000080700B5620601030001062F
:1003100001124F24505542582C34312C312C30309E
:1003200032332C303030312C3233303430302C30CA
:100330002A31450D0A434F4E46494720434F4D3120
:10034000203233303430302038206E20310D0A43D3
:100350004F4E46494720434F4D32203233303430E0
:10036000302038206E20310D0A434F4E4649472039
:10037000434F4D33203233303430302038206E201C
:10038000310D0A475047474120302E320D0A0000F8
:10039000700203086C000000000000410000020130
:1003A0007B0203086D0000000000803F0000030195
:1003B00088020308780000000000004000000501EA
:1003C00093020308790000000000C8C20000060183
:1003D0009D020308700000000000FE4200000701BB
:1003E000A80203087A0000000000000000000901D4
:1003F000B20203087B0000000000004000000B0177
:10040000BC0203087C0000000000803F00000D01DA
:10041000C90203087E000000000000000000160270
:10042000D6020308800000000000000000001B014D
:10043000DF020308000000000C080308010020068A
:10044000E2020308240000000C0803080100210652
:100450000AFF020800000000000000000000FF008A
:10046000B56206010300010601124F24505542589F
:100470002C34312C312C303032332C303030312C84
:100480003131353230302C302A31430D0A00000032
:10049000B56206010300010601124F24505542586F
:1004A0002C34312C312C303032332C303030312C54
:1004B0003436303830302C302A31310D0A0000000B
:1004C00047534F460000000047534F4620696E7364
:1004D00074616E636520256420686173206E6F20EF
:1004E000706F72740047534F4620696E7374616E6B
:1004F00063652025642068617320696E76616C698C
:100500006420434F4D20706F72742073657474695A
:100510006E67206F66202564000000000000000068
:1005200000000000ED3A0108F13A0108613E0108BF
:10053000E13A0108B13A0108957E0108B53A01088F
:10054000B93A0108C53A0108C93A0108E53A010873
:10055000CD3A0108D13A0108D53A0108D93A010843
:10056000DD3A01084E4D4541000000004E4D454129
:1005700020257320257320257300504844004B53D9
:100580005854004147524943410056455253494F40
:100590004E4100554E4948454144494E474100525D
:1005A0004D430047474100484454005448530056C7
:1005B000544700000D0A434F4E46494720484541E5
:1005C00044494E47204649584C454E4754480D0A29
:1005D000434F4E46494720554E44554C4154494F90
:1005E0004E204155544F0D0A434F4E4649470D0A80
:1005F000554E4948454144494E474120252E3366D2
:100600000D0A000D0A41475249434120252E336609
:100610000D0A4D4F4445204D4F56494E47424153D8
:10062000450D0A474E47474120252E33660D0A47A0
:100630004E524D4320252E33660D0A005645525327
:10064000494F4E410D0A0053415645434F4E4649CE
:10065000470D0A00244A4154542C4E4D454148450B
:100660002C300D0A244A4153432C47504747412C14
:1006700025750D0A244A4153432C4750524D432CB3
:1006800025750D0A244A4153432C47505654472C94
:1006900025750D0A244A4153432C47504844542C95
:1006A00025750D0A244A4D4F44452C53424153525F
:1006B0002C5945530D0A00245048442C30362C3414
:1006C000322C55555555545454542C42422C302CF0
:1006D00025752C35352C302C25752C302C302C30B4
:1006E0000000000000000000000000005D3F010865
:1006F000613F0108A14F0108513F0108B13A0108CB
:10070000957E0108B53A0108C53F0108853F0108FB
:10071000C93A0108553F0108CD3A0108D13A01080C
:10072000D53A0108D93A0108DD3A01084E4F564141
:10073000000000000D0A0D0A756E6C6F67616C6C2D
:100740000D0A006C6F672062657374706F736220AE
:100750006F6E74696D6520302E322030206E6F68A8
:100760006F6C640D0A0000006C6F67206265737423
:1007700076656C62206F6E74696D6520302E322054
:1007800030206E6F686F6C640D0A006C6F672070AC
:100790007372646F7062206F6E74696D6520302EA5
:1007A000322030206E6F686F6C640D0A000000000C
:1007B0003407030843070308680703088B07030887
:1007C0000000000000000000E54F0108E94F0108AB
:1007D000A9530108D94F0108B13A0108957E0108D3
:1007E000B53A0108B93A0108C53A0108C93A010801
:1007F000DD4F0108CD3A0108D13A0108D53A010888
:10080000D93A0108DD3A01084D425F0006FB0208B3
:10081000000000000000000004000101F3010308D3
:1008200001000000000000000000020111020308A6
:100830000200000000004843000003022B020308EE
:100840000400000000000000000004053D02030851
:10085000100000000000000000000502590203081B
:10086000120000000000803F000006010808030895
:10087000140000006C120308010007060AFF0208BA
:1008800000000000000000000000FF00534246008E
:100890004750532025753A20534246206973206EF5
:1008A0006F742066756C6C7920636F6E666967750E
:1008B000726564202825752F25752F25752F2575C0
:1008C000290000000A535353535353535353530AAD
:1008D000000000004750532025753A20534246201F
:1008E0006572726F72206368616E6765642028307C
:1008F00078253038782F3078253038782900000076
:10090000656D642C2044534B312C204D6F756E74F3
:100910000A0000004750532025643A2053424620E5
:100920006469736B206973206E6F74206D6F756ED0
:10093000746564004750532025643A2041747465FF
:100940006D7074696E6720746F206D6F756E7420A2
:100950006469736B004750532025643A2053424624
:10096000206469736B2069732066756C6C00475056
:10097000532025643A20534246206973206E6F74D9
:100980002063757272656E746C79206C6F6767692D
:100990006E67000053424620756E6D6F756E746908
:1009A0006E67206469736B00656D642C2044534B43
:1009B000312C20556E6D6F756E740A006E6F6E650A
:1009C000005254537C435453002B417474436F764C
:1009D00045756C65722B417578416E74506F736903
:1009E00074696F6E73002B47414C494C454F002B87
:1009F000424549444F55002B515A5353002B474C05
:100A00004F4E415353004D756C7469416E74656E61
:100A10006E61007363732C434F4D25642C626175C6
:100A20006425642C62697473382C4E6F2C6269746F
:100A3000312C25730A0073736F2C53747265616DCA
:100A400025642C434F4D25642C50565447656F64E4
:100A5000657469632B444F502B52656365697665F5
:100A6000725374617475732B56656C436F7647656A
:100A70006F64657469632B42617365566563746F57
:100A80007247656F6425732C6D7365633130300A6E
:100A9000007373742C2025732573257325732573B8
:100AA00025730A007373742C202D53424153007335
:100AB00067612C2025730A00736E742C2B47454FF9
:100AC0004C312B47454F4C35007373742C2B5342DC
:100AD000415300737362632C6175746F2C4F7065A2
:100AE000726174696F6E616C2C4D697865645379BD
:100AF0007374656D732C6175746F007372642C4D23
:100B00006F6465726174652C5541560073656D2C78
:100B10005056542C350073706D2C526F7665722CC4
:100B2000616C6C0073736F2C53747265616D322C41
:100B300044736B312C706F737470726F6365737371
:100B40002B6576656E742B636F6D6D656E742B52BD
:100B5000656365697665725374617475732C6D7322
:100B6000656331303000434F4D00555342004950CA
:100B700031004E5452004950530049505200000079
:100B8000B80A0308C90A0308D30A0308660B030856
:100B90006A0B03086E0B0308720B0308760B03083D
:100BA0007A0B0308FB0A03080C0B0308160B030857
:100BB000240B030800000000000000009954010805
:100BC000A9540108B95E01084D5401087154010887
:100BD000957E0108FD540108595401088954010803
:100BE000BD540108515401081D5E0108D13A0108A5
:100BF000D53A010865540108DD3A0108752D626C8B
:100C00006F7800004750532025753A20752D626C8F
:100C10006F7820257320636F6E66696775726174E3
:100C2000696F6E20307825303278000047505320AD
:100C300025643A20752D626C6F7820736176696E39
:100C40006720636F6E66696700000000752D626C37
:100C50006F782025643A206661696C65642052547F
:100C6000434D76332070617273657220616C6C6FD6
:100C7000636174696F6E00004750532025753A20F8
:100C8000756E61626C6520746F20636F6E66696754
:100C90007572652062616E6420307825303278008C
:100CA0004D4F443D00752D626C6F78202573257380
:100CB00025642048573A2025732053573A2025733E
:100CC0000030303139303030300045585420434FF7
:100CD00052452031005A45442D463950004E454F6B
:100CE0002D4639500045585420434F52452034007A
:100CF0003030304130303030004C314C3500752DC3
:100D0000626C6F7820737570706F727473204C35DD
:100D10002042616E6400556E657870656374656429
:100D20002073746174652025640057726F6E6720AC
:100D300055626C6F782048617264776172652056E5
:100D4000657273696F6E25750A0000006E617669C1
:100D5000676174696F6E207261746500706F736C87
:100D60006C682072617465007374617475732072AD
:100D700061746500736F6C7574696F6E2072617455
:100D8000650076656C6E6564207261746500646FE1
:100D9000702072617465006877206D6F6E69746F82
:100DA00072207261746500687732206D6F6E6974AD
:100DB0006F72207261746500726177207261746570
:100DC0000076657273696F6E006E61766967617433
:100DD000696F6E2073657474696E677300474E5354
:100DE000532073657474696E6773005342415320D6
:100DF00073657474696E6773005056542072617421
:100E0000650074696D652070756C73652073657419
:100E100074696E67730054494D45475053207261A1
:100E200074650054696D65206D6F64652073657429
:100E300074696E67730052544B204D420054494D03
:100E400020544D32004639004D3130004C3520459C
:100E50006E61626C652044697361626C65000000BC
:100E600001010204080000004C0D03085C0D03089A
:100E7000680D0308740D0308820D03088E0D030826
:100E8000970D0308A70D0308B80D0308C10D03084B
:100E9000C90D0308DD0D0308EB0D0308F90D030868
:100EA000020E0308160E0308230E0308360E03086D
:100EB0003D0E0308450E0308480E03084C0E0308B8
:100EC00022003110010000000D0031100000000070
:100ED0000F0031100100000025003110000000005B
:100EE0002400311001000000120031100100000048
:100EF0001400311001000000210011200800000042
:100F0000010032100000000001003210010000005A
:100F10000400311001000000040074100100000002
:100F200004007610000000008E00912000000000F8
:100F30008F00912000000000FF02912001000000BE
:100F40008203912001000000CD02912001000000E9
:100F5000D20291200100000019039120010000003D
:100F6000D70291200100000004039120010000003D
:100F70000003912000000000830391200000000086
:100F8000CE02912000000000D3029120000000005A
:100F90001A03912000000000D802912000000000F8
:100FA000050391200000000005005310010000001F
:100FB0000100534000080700040076100100000003
:100FC0000400741000000000040073100100000011
:100FD0008F009120000000008E0091200000000092
:100FE0000003912001000000830391200100000014
:100FF000CE02912001000000D302912001000000E8
:101000001A03912001000000D80291200100000085
:101010000503912001000000FF0291200000000064
:101020008203912000000000CD029120000000000A
:10103000D20291200000000019039120000000005E
:10104000D70291200000000004039120000000005E
:10105000040076100000000004007310010000007E
:1010600004007510000000008E00912001000000B7
:101070008F00912000000000FF029120000000007E
:101080008203912000000000CD02912000000000AA
:10109000D2029120000000001903912000000000FE
:1010A000D7029120000000000403912000000000FE
:1010B0000003912000000000830391200000000045
:1010C000CE02912000000000D30291200000000019
:1010D0001A03912000000000D802912000000000B7
:1010E00005039120000000000500531001000000DE
:1010F00001005340000807000400761000000000C3
:1011000004007510010000000400731000000000CE
:101110008E009120010000008F009120000000004F
:1011200000039120000000008303912000000000D4
:10113000CE02912000000000D302912000000000A8
:101140001A03912000000000D80291200000000046
:101150000503912000000000FF0291200000000024
:101160008203912000000000CD02912000000000C9
:10117000D20291200000000019039120000000001D
:10118000D70291200000000004039120000000001D
:101190000000000000000000116201083562010833
:1011A000597C0108A5610108A9610108957E010823
:1011B000D56101086D620108C96A0108C93A0108D0
:1011C000CD610108CD3A0108496201086162010858
:1011D000C1610108DD3A0108000000001F0600009F
:1011E000000000004750532025643A2070726F625F
:1011F000696E6720666F72202573206174202564F4
:101200002062617564004750532025643A20737052
:101210006563696669656420617320257300000059
:1012200000000000000000000000000000000000BE
:1012300019C00108513F0108B13A0108957E010823
:10124000B53A0108B93A0108C53A0108C93A010896
:1012500019C00108CD3A0108D13A0108D53A010870
:10126000D93A0108DD3A01084F46530006FB02084F
:1012700000000000000000000400010168120308E3
:101280000400000000000000000002050AFF020840
:1012900000000000000000000000FF00556E6162C9
:1012A0006C6520746F207365747570206F7074693D
:1012B0006F6E7320666F722053657269616C25755D
:1012C0000A000000305F4241554400305F50524FE9
:1012D000544F434F4C00315F50524F544F434F4C8B
:1012E00000315F4241554400325F50524F544F43EA
:1012F0004F4C00325F4241554400315F4F505449DA
:101300004F4E5300325F4F5054494F4E53005F5081
:1013100041535331005F5041535332005F504153AA
:101320005354494D4F000000C41203080000000050
:101330000000E64200000003CB1203080600000094
:101340000000004000000B01D61203080E00000050
:10135000000080BF00000101E11203080800000046
:101360000000644200000203E812030816000000B7
:10137000000080BF00000301F3120308100000000A
:101380000000644200000403FA1203080C0000008D
:101390000000000000000E02041303081400000007
:1013A0000000000000000F020E13030820000000E0
:1013B00000000000000014011513030821000000C4
:1013C000000080BF000015011C130308220000006C
:1013D00000007041000016010AFF02080000000032
:1013E000000000000000FF005053495F52414E478B
:1013F000450044455649440041505F41697273704D
:10140000656564206D7573742062652073696E670D
:101410006C65746F6E000000546F6F206D616E79A3
:1014200020616972737065656420647269766572A3
:101430007300416972737065656420257520696E5B
:101440006974206661696C65640000004152535004
:10145000445F257300000000E00203081400000050
:101460007814030801001C060AFF020800000000AF
:10147000000000000000FF0006FB0208080000005A
:101480000000000004000101E8130308040000004C
:101490000000803F00000904F21303080000000070
:1014A0000000000020000B030AFF020800000000FB
:1014B000000000000000FF00626F6F746C6F6164D9
:1014C00065722E62696E000000090020B1010008FB
:1014D000952300084D230008752300084D230008BC
:1014E0006D230008B3010008B3010008B301000830
:1014F000B301000841340008B3010008B30100083B
:10150000B3010008B3010008B3010008B3010008EB
:10151000B3010008B3010008B3010008B3010008DB
:1015200099410008C1410008E94100081142000842
:1015300039420008B3010008B3010008B3010008F4
:10154000B3010008B3010008B3010008B3010008AB
:10155000B3010008012300082D2300083D230008E3
:10156000B301000861420008B3010008B30100089C
:10157000B3010008B301000835430008B3010008B7
:10158000B3010008B3010008B3010008B30100086B
:10159000B3010008B3010008B3010008B30100085B
:1015A000B3010008B3010008C5420008B3010008F8
:1015B000B3010008B3010008B3010008B30100083B
:1015C000B3010008B3010008B3010008B30100082B
:1015D000B3010008B3010008B3010008B30100081B
:1015E000B3010008B3010008B3010008B30100080B
:1015F000B3010008B3010008B3010008B3010008FB
:10160000B3010008B3010008B3010008B3010008EA
:10161000B3010008B3010008B3010008B3010008DA
:10162000B3010008B3010008B3010008B3010008CA
:10163000B3010008B3010008B3010008B3010008BA
:10164000B3010008B3010008B3010008B3010008AA
:10165000B3010008B3010008B3010008B30100089A
:10166000B3010008B3010008010F000800000000EA
:10167000000000000000000002E000F000F8FEE7BB
:1016800072B6374880F30888364880F309883648B0
:101690003649086040F20000CCF200004EF634718A
:1016A000CEF200010860BFF34F8FBFF36F8F40F29F
:1016B0000000C0F2F0004EF68851CEF20001086042
:1016C000BFF34F8FBFF36F8F4FF00000E1EE100AB2
:1016D0004EF63C71CEF200010860062080F31488BB
:1016E000BFF36F8F03F0D8FD03F05AFE4FF0553073
:1016F0001F491B4A91423CBF41F8040BFAE71D49C0
:10170000184A91423CBF41F8040BFAE71A491B4AB8
:101710001B4B9A423EBF51F8040B42F8040BF8E70A
:1017200000201849184A91423CBF41F8040BFAE7DF
:1017300003F0B6FD03F086FE144C154DAC4203DAFF
:1017400054F8041B8847F9E700F042F8114C124D99
:10175000AC4203DA54F8041B8847F9E703F09EBD56
:1017600000090020001100200000000808ED00E042
:101770000001002000090020404500080011002061
:101780007C11002080110020043B0020A0010008F3
:10179000A4010008A4010008A40100082DE9F04FED
:1017A0002DED108AC1F80CD0C3689D46BDEC108A9F
:1017B000BDE8F08F002383F311882846A04700205E
:1017C00003F012FAFEE703F09BF900DFFEE70000EA
:1017D000F8B500F00BFE03F001FD074603F052FDE3
:1017E0000646C0BB274B9F4235D001339F4235D0C0
:1017F000254B27F0FF029A4233D1F8B200F03AFCB1
:10180000354642F2107400F03BFC08B10024254636
:1018100001F0E2F848B3032000F03AF8002425462E
:1018200036B11A4B9F4203D003F024FD0024254615
:10183000002003F0DDFC0DB100F040F800F054FC96
:1018400002F014F80546ACB900F096FC4FF47A703B
:1018500003F0D0F9F7E735460024D4E70446012524
:10186000D1E705464FF47A74CDE7B4F57A7F08BF27
:101870000125D5E701F0FAFF431BA342E4D900F0AC
:101880001DF8DDE7010007B0000008B0263A09B0F6
:10189000084B187003280CD8DFE800F00805020890
:1018A000022000F001BE022000F0F4BD024B002235
:1018B0005A607047801100208411002010B501F09B
:1018C0008BF830B1234B03221A70234B00225A604D
:1018D00010BD224B224A1C4619680131F8D004334E
:1018E0009342F9D16268A242F2D31E4B9B6803F186
:1018F000006303F520439A42EAD203F08DFC03F023
:101900009FFC002000F08CFD0220FFF7C1FF164B6A
:101910009A6D00229A65996F9A67996FD96DDA6509
:10192000D96FDA67D96F196E1A66D3F88010C3F8C9
:101930008020D3F8803072B64FF0E0233021C3F816
:10194000084DD4E9003281F311889D4683F308885D
:101950001047BDE7801100208411002000A000087E
:1019600020A000080011002000100240094A13685E
:1019700049F2690099B21B0C00FB01331360064B5E
:10198000186844F2506182B2000C01FB020018603A
:1019900080B27047141100201011002010B50021F2
:1019A0001022044600F09AFD034B03CB20606160D7
:1019B0001868A06010BD00BF9075FF1FF0B5ADF5B1
:1019C000517D6EAC4FF4C47207460D46204600218F
:1019D00000F084FD01F04AFF264B4FF47A72B0FB11
:1019E000F2F0186093E80700022384E807000DF581
:1019F000ED702382FFF7D2FF4FF611031E492384B7
:101A000006A803F097FF232384F832310DF2EB226E
:101A100006AB0DF1380C1E4603CE664510605160D2
:101A2000334602F10802F6D13188B37893700FAED5
:101A3000118020463146012200F09CFD00230393D3
:101A4000AB7E029305F11903019380B20123CDE926
:101A500004600093E97E05A3D3E90023384602F031
:101A600023FB0DF5517DF0BDAFF300809E6AC421CC
:101A7000818A46EE8C1100207C4400082DE9F0415B
:101A80002C4C237ADAB080460D465BBB27A928464A
:101A900000F096FE0746002842D19DF89D60C82EB2
:101AA0003ED801464FF4A662204600F017FD4FF4E1
:101AB0008073C4F8F8314FF40073C4F80C334FF45A
:101AC0004073C4F8203432460DF19E0104F1090040
:101AD00000F0F2FC26449DF89C30777223720BB91B
:101AE000EB7E23728122002106AC27A800F0F6FCD1
:101AF0000122214627A800F0A9FE00230393AB7E14
:101B0000029305F1190380B201932823CDE9044023
:101B10000093E97E05A3D3E90023404602F0C4FA0E
:101B20005AB0BDE8F08100BFAFF300802641727269
:101B3000DF25D7B7D4210020F0B5254E4FF48A75A4
:101B400005FB0065F1B096F8D83085F8DC3000244C
:101B5000D822214685F8E8403AA800F0BFFC06F1FB
:101B6000090000F0B3FCD5F8E4308DF8F000C2B203
:101B700006AF06F109010DF1F100CDE93A3400F0AC
:101B80009BFC394601223AA800F096FE80B2CDE9CE
:101B9000047008230127CDE9023706F1D803019329
:101BA00030230093317A0B4807A3D3E9002302F0D6
:101BB0007BFAA04206DD01F059FEC5F8E000384688
:101BC00071B0F0BD2046FBE778F6339F93CACD8D08
:101BD000D4210020A42100202DE9F0411D4D1E4EEE
:101BE0001E4F86B0284602F08BFA034658B30024F5
:101BF000CDE90344ADF81440027B8DF814209968B8
:101C00004068029403AA03C21B68DFF8548043F0C3
:101C10000043029301F02CFE821941F1000300946D
:101C200002A9384601F0C0F8A04205DD284602F0BE
:101C30006BFA88F80040D5E798F80030072B05D8F4
:101C4000013388F8003006B0BDE8F081014802F0A9
:101C50005BFAF8E7A421002040420F001027002083
:101C60000927002070B50D4614461E4602F078F98B
:101C700050B9022E10D1012C0ED112A3D3E90023AA
:101C8000C5E90023012007E0282C10D005D8012C3D
:101C900009D0052C0FD0002070BD302CFBD10BA338
:101CA000D3E90023ECE70BA3D3E90023E8E70BA378
:101CB000D3E90023E4E70BA3D3E90023E0E700BF67
:101CC000AFF30080401DA12026812A0B78F6339FB8
:101CD00093CACD8D9E6AC421818A46EE26417272D6
:101CE000DF25D7B7F017304A39059E5638B5054677
:101CF0000E4C0021013500F0B5FBA4F82C55B4F8CA
:101D00002C0500F097FB78B1B4F82C0500F0A2FB8D
:101D1000014648B9B4F82C0500F0A4FBB4F82C3502
:101D20000133A4F82C35EAE738BD00BFD4210020E8
:101D300010B50A4B0A4A1A6003F5805393F87020D5
:101D40003AB9DC6E2CB1204600F0C4FE204601F00A
:101D500001F8BDE81040034800F0BCBE1027002089
:101D6000DC440008683700202DE9F04F8FB000AF49
:101D700005460C4602F0F4F800284BD1237E022BD6
:101D80001BD1E38A012B18D101F070FD0646FFF745
:101D9000EDFD03464FF4C870DFF8D482B3FBF0F2D8
:101DA00006F5167602FB103316FA83F3C8F80030F6
:101DB000E37E33B9A74B00221A703C37BD46BDE81D
:101DC000F08F07F12401204600F0AEFC0028F4D18A
:101DD00007F11400FFF7E2FD97F8264007F1140120
:101DE000224607F1270003F073FD0028E2D10F2CF3
:101DF00008D8984B1C70D8F80030A3F51673C8F8B3
:101E00000030DAE797F824100029D6D0284602F0EF
:101E10009FF8D2E7E38A282B33D010D8012B2BD0A0
:101E2000052BCAD1BFF34F8F8B498C4BCA6802F484
:101E3000E0621343CB60BFF34F8F00BFFDE7302B51
:101E4000BBD1874EE17E327A9142B6D1607E314677
:101E5000002291F8DC50854200F0AD800132042A66
:101E600001F58A71F5D1326840F6B831FA328A420A
:101E700094BF32603160A0E721462846FFF79EFDFF
:101E80009BE721462846FFF7F9FD96E7B2F8EC50AC
:101E90007B6005F103094FEA99094FEA8902D11DD8
:101EA000C908A8EBC1039D46EB460021584600F047
:101EB00015FB04F1EE012A463144584600F0FCFAC5
:101EC0007B6813B9012000F0ABFA96F8D20000F05D
:101ED000B1FA044630B9307200F0CCFA204600F076
:101EE0009FFAB0E0D6F8D4203AB996F8D200B6F806
:101EF0002C25824201D8FFF7F9FED6F8D4202A44D7
:101F0000944208D296F8D200B6F82C2501308242CD
:101F100001D8FFF7EBFE70685FFA89F2594600F0CE
:101F2000E5FA08B9C54679E0726896F8D2002A4405
:101F30007260D6F8D42005EB0209C6F8D49000F000
:101F400079FA814509D396F8D220D6F8D400013227
:101F5000001B86F8D220C6F8D400FF2D0FD800242D
:101F6000347200F087FA204600F05AFA00F034FD8F
:101F70003C4B188108B9FFF7A1FCC5461DE7BB68BB
:101F800096F8D9000AFB0362FB68D2F8E41082F8E5
:101F9000E83001F58061C2F8E030C2F8E410FFF7E4
:101FA000CBFDFFF719FE96F8D920013202F00302AB
:101FB00086F8D920B6E74FF48A7A0AFB02F505F1D4
:101FC000EA013144204600F0ABFCF86000287FF4C1
:101FD000F4AE3544012285F8E82001F047FCD5F83D
:101FE000E020D6ED007ADFED206A801A192838BF8C
:101FF000192040F6B832904228BF1046B8EE677AF2
:1020000007EE900AF8EEE77A67EEA67ADFED176A38
:10201000E7EE267AFCEEE77AC6ED007A96F8D9303C
:102020007168BB600AFB03F4321992F8E8505DB1A5
:10203000D2F8E4308B42E8463FF428AF002182F822
:10204000E810C2F8E010C5467368064A9B0A0133DF
:102050001381B2E69D21002000ED00E00400FA05A6
:10206000D42100208C110020CDCCCC3D6666663F8B
:10207000A0210020014B1870704700BF981100206C
:1020800038B54FF00054144B22689A4221D1607D3C
:10209000F0B1124B124918701248237D03724FF4AD
:1020A0008073C0F8F8314FF40073C0F80C3300258A
:1020B0004FF44073C0F82034C0F8E450C92209300E
:1020C00000F0FAF9E0222946204600F007FA012044
:1020D00038BD0020FCE700BF9AAD44C59811002030
:1020E00016000020D421002037B500F075FC194DF2
:1020F000194928810223012218486B7101F050FA16
:1021000000230193164B174900931748174B4FF4C0
:10211000805201F0F5FE164B197811B1124801F00A
:1021200017FF01F0A3FB0446FFF720FC4FF4C87330
:10213000B0FBF3F202FB130304F5167010FA83F000
:102140000C4B186003F09EF808B10F232B8103B0ED
:1021500030BD00BF8C11002040420F00102700202E
:102160009D0700089C110020A4210020A108000860
:1021700098110020A02100202DE9F04F2DED028BB9
:102180000FF23829D9E90089834C93B00BAE9FED4B
:102190007E8BFFF721FD814FDFF828A200230A93F1
:1021A000ADF834300B9373604FF0000B5B468DED50
:1021B000008B01250DF11D0207A938468DF81C5032
:1021C0008DF81DB001F09AF99DF81C30002B40F0FD
:1021D000A580204601F0C4FE0646002845D1704F78
:1021E00001F044FB3B6898423FD301F03FFB82463D
:1021F000FFF7BCFB4FF4C873B0FBF3F202FB130311
:102200000AF5167010FA83F03860664F97F800B040
:10221000CBF1100ABBF1000F14BF33462B465FFA17
:102220008AFA0EA88DF82830FFF7B8FBBAF1060F2E
:1022300028BF4FF0060A0EAB03EB0B0152460DF11F
:10224000290000F039F90AAB0393182302930AF12D
:102250000102554BD2B2CDE90053049220464CA363
:10226000D3E9002301F0C2FE3E7001F0FFFA4F4AAD
:102270004F4D1368C31AB3F57A7F2ED3106001F067
:10228000F7FA02460B46204601F048FF204601F0CF
:1022900067FE10B32B7A474E002B14BF0323022393
:1022A000737101F0E3FA0EAF4FF47A730122B0FBC1
:1022B000F3F039463060304600F00EFA18230293EE
:1022C0003D4B019380B240F25513CDE9037000936A
:1022D00042464B46204601F089FE2B7A93B101F02D
:1022E000C5FA002607464FF48A7A95F8D90030449B
:1022F00000F003000AFB005393F8E82092B3013684
:10230000042EF2D1C82002F075FC2B7A002B7FF44A
:102310003DAF13B0BDEC028BBDE8F08FDAF814309E
:1023200083F00803CAF81430594610220EA800F0B2
:10233000D5F80DF11E0308AA0AA9384600F03AFEA6
:1023400096E803000FAB83E803009DF834308DF866
:1023500044300A9B0E930EA9DDE90823204602F0C3
:10236000B1F821E7D3F8E02042B12B68FA2B38BF4F
:10237000FA23BA1A0533B2EB430FC0D3FFF7DCFBE5
:102380000028BCD1BEE700BF000000000000000034
:10239000401DA12026812A0BA42100201027002007
:1023A000A02100209D2100209C2100200427002046
:1023B000D42100208C11002008270020F1C6A7C1DD
:1023C000D068080F0004004808B5054800F090FEEA
:1023D000BDE80840034A0449002003F055BA00BF95
:1023E00010270020303800206908000870B502F07E
:1023F0009DFD094E094D30800024286833888342B2
:1024000008D902F08FFD2B6804440133B4F5204F46
:102410002B60F2D370BD00BF24380020F8370020B5
:1024200002F036BE00F10060920000F5204002F09C
:10243000B9BD0000054B1A68054B1B889B1A8342E7
:1024400002D9104402F06EBD00207047F83700201A
:1024500024380020024B1B68184402F069BD00BFFD
:10246000F8370020024B1B68184402F073BD00BF10
:10247000F8370020064991F8243033B10023086A68
:1024800081F824300822FFF7CDBF0120704700BF3C
:10249000FC370020022802BF024B4FF400229A6151
:1024A000704700BF00040048022802BF014B082209
:1024B0009A6170470004004810B50023934203D08E
:1024C000CC5CC4540133F9E710BD0000034602465A
:1024D000D01A12F9011B0029FAD1704702440346B1
:1024E000934202D003F8011BFAE770472DE9F84345
:1024F0001F4D144695F824200746884652BBDFF846
:1025000070909CB395F824302BB92022FF214846C7
:102510002F62FFF7E3FF95F82400C0F10802A24202
:1025200028BF2246D6B24146920005EB8000FFF755
:10253000C3FF95F82430A41B1E44F6B2082E17449E
:102540009044E4B285F82460DBD1FFF793FF0028C4
:10255000D7D108E02B6A03EB82038342CFD0FFF789
:1025600089FF0028CBD10020BDE8F8830120FBE7DC
:10257000FC3700202DE9F3470D4604460021904624
:10258000284640F27912FFF7A9FF234620220021B6
:10259000284601F039FF231D02222021284601F0A0
:1025A00033FF631D03222221284601F02DFFA31DC6
:1025B00003222521284601F027FF04F108031022F9
:1025C0002821284601F020FF04F1100308223821B9
:1025D000284601F019FF04F1110308224021284682
:1025E00001F012FF04F1120308224821284601F0ED
:1025F0000BFF04F1140320225021284601F004FFB0
:1026000004F1180340227021284601F0FDFE04F178
:1026100020030822B021284601F0F6FE04F1210330
:102620000822B821284601F0EFFE04F12207C02657
:102630003B46314608222846083601F0E5FEB6F54D
:10264000A07F07F10107F3D194F832308DF80730FD
:1026500031460DF107030822284601F0D5FE002679
:1026600004F1330A9DF807304FEAC6099E4209F586
:10267000A47720D394F83231502B28BF50238DF803
:102680000730B8F1000F08D139460DF107030722D2
:10269000284601F0B9FE09F24F17002604F2331460
:1026A0009DF807309E4207EBC6010DD30731C808DD
:1026B00002B0BDE8F0870AEB060308223946284637
:1026C00001F0A2FE0136CDE7A3190822284601F049
:1026D0009BFE0136E4E7000013B5044608460021DE
:1026E00001602346C0F803102022019001F08CFE07
:1026F0000198231D0222202101F086FE0198631D0E
:102700000322222101F080FE0198A31D032225212E
:1027100001F07AFE019804F108031022282101F04B
:1027200073FE072002B010BDF7B5047F05460E46C4
:102730002CB1838A122B02D9012003B0F0BD0023F3
:10274000194607220096284601F022FD731C0093CB
:10275000012200230721284601F01AFDD4B9B31C39
:102760000093052223460821284601F011FD0D247F
:10277000B378102BE0D83746B278BB1B934210D306
:102780002B7FA88A0734E408B3B9844294BF0020A1
:102790000120D2E7AB8ADB00083BDB08B3700824DA
:1027A000E6E7FB1C0093214600230822284601F09F
:1027B000EFFC08340137DFE7201A18BF0120BCE71F
:1027C000F7B5047F05460E462CB1838ACA2B02D981
:1027D000012003B0F0BD00231946009608222846C8
:1027E00001F0D6FC731CD4B908220093114623468D
:1027F000284601F0CDFC10247378C82BE8D80123BB
:1028000072785F1C013B934210D32B7FA88A073458
:10281000E408B3B9844294BF00200120D9E7AB8A11
:10282000DB00083BDB0873700824E5E7F31900932D
:10283000214600230822284601F0AAFC08343B4622
:10284000DEE7201A18BF0120C3E70000F7B50D46E8
:1028500004460021164628468122FFF73FFE234604
:1028600008220021284601F0CFFD94F90120637869
:10287000002AB8BF7F238DF807309EB90DF10703FA
:1028800007220821284601F0BFFD0F270026023449
:102890009DF807309E4207EBC60105D30731C808F3
:1028A00003B0F0BD0827F1E7A3190822284601F07C
:1028B000ABFD0136ECE70000F7B50E4605460021FA
:1028C00014463046CE22FFF709FE2B46282200216F
:1028D000304601F099FD2B7AC82B28BFC8238DF80C
:1028E00007308CB90DF1070308222821304601F08A
:1028F0008BFD30242F469DF807207B1B934205D388
:10290000E01DC00803B0F0BD2824F3E707F1090378
:1029100021460822304601F077FD08340137EAE706
:10292000F7B5047F05460E4634B1838AB3F5827F3E
:1029300002D9012003B0F0BD00960123102200212E
:10294000284601F025FCDCB9B31C0093092223467C
:102950001021284601F01CFC19247388B3F5807FF0
:10296000E7D837467288BB1B934210D32B7FA88AC7
:102970000734E408B3B9844294BF00200120D9E7AA
:10298000AB8ADB00103BDB0873801024E5E73B1DBE
:102990000093214600230822284601F0F9FB083461
:1029A0000137DFE7201A18BF0120C3E730B5094D12
:1029B0000A4491420DD011F8013B5840082340F3DE
:1029C0000004013B2C4013F0FF0384EA5000F6D1D1
:1029D000EFE730BD2083B8EDF7B5384A106851688D
:1029E0006B4603C36A4636493648082302F080FF27
:1029F0000446002833D10A25334A106851686B46D3
:102A000003C36A4631492F48082302F071FF044688
:102A1000002849D00369B3F5583F45D8B0F866108F
:102A200041F2F81291423FD1294A024402F15C017D
:102A30008B4239D35C3B234900209E1AFFF7B6FF37
:102A40003246074604F164010020FFF7AFFFA36898
:102A50009F4229D1E368984208BF002524E003691A
:102A6000B3F5583F27D8418B41F2F812914220D15B
:102A7000174A024402F110018B4218D3103B11494E
:102A800000209D1AFFF792FF2A46064604F118011E
:102A90000020FFF78BFFA3689E4202D1E3689842B3
:102AA00001D00D25A8E70025284603B0F0BD10256C
:102AB000A2E70C25A0E70B259EE700BFA044000875
:102AC000DC5F030000A00008A9440008905F030039
:102AD0000860FFF710B5037C044613B9006802F0E4
:102AE000EFFE204610BD00000023BFF35B8FC360E4
:102AF000BFF35B8FBFF35B8F8360BFF35B8F704768
:102B0000BFF35B8F0068BFF35B8F704770B50546FE
:102B10000C30FFF7F5FF05F1080604463046FFF7D5
:102B2000EFFFA04206D930466D68FFF7E9FF254464
:102B3000281A70BD3046FFF7E3FF201AF9E70000BE
:102B400070B50546406898B105F10800FFF7D8FF59
:102B500005F10C0604463046FFF7D2FF84423046AA
:102B600094BF6D680025FFF7CBFF013C2C44201A71
:102B700070BD000038B50C460546FFF7C7FFA04200
:102B800010D305F10800FFF7BBFF04446868B4FBED
:102B9000F0F100FB1144BFF35B8F0120AC60BFF389
:102BA0005B8F38BD0020FCE72DE9F0411446074655
:102BB0000D46FFF7C5FF844228BF0446D4B1B8468E
:102BC00058F80C6B4046FFF79BFF304428604046A6
:102BD0007E68FFF795FF331A9C4203D86C60012092
:102BE000BDE8F0816B60A41B3B68AB602044E860EB
:102BF0000220F5E72046F3E738B50C460546FFF717
:102C00009FFFA04210D305F10C00FFF779FF0444A9
:102C10006868B4FBF0F100FB1144BFF35B8F012047
:102C2000EC60BFF35B8F38BD0020FCE72DE9FF416E
:102C3000884669460746FFF7B7FF6C4606B204EBC5
:102C4000C6060025B44209D06268206808EB050179
:102C5000FFF732FC636808341D44F3E72946384621
:102C6000FFF7CAFF284604B0BDE8F081F8B5054675
:102C70000C300F46FFF744FF05F1080604463046C6
:102C8000FFF73EFFA042304688BF6C68FFF738FF71
:102C9000201A386020B130462C68FFF731FF2044FD
:102CA000F8BD000073B5144606460D46FFF72EFF2B
:102CB000844228BF04460190DCB101A93046FFF7E9
:102CC000D5FF019B33B93268C5E90233C5E9002459
:102CD00001200CE09C4238BF019428600198686094
:102CE0008442F5D93368AB60241AEC60022002B04C
:102CF00070BD2046FBE700002DE9FF410F46694605
:102D0000FFF7D0FF6C4600B204EBC0050026AC42D2
:102D100009D0D4F8048054F8081BB8194246FFF7CC
:102D2000CBFB4644F3E7304604B0BDE8F081000039
:102D300038B50546FFF7E0FF044601462846FFF791
:102D400019FF204638BD00000121884238BF0846DF
:102D500002F0A0BD08B102F0B3BD704710B4026824
:102D600054681A4623465DF8044B18470020704704
:102D70000020704770470000002070470E20704709
:102D800000F5805090F8D800C0F340007047000074
:102D900000F5805090F9E0007047000000F5805089
:102DA000C0F8DC1001207047F7B50C68BDF8207042
:102DB00014F0005473D10D7B082D70D8302585F3A5
:102DC0001188456AAE6876010CD4AC68240108D439
:102DD000AC6814F0805460D184F31188204603B0AD
:102DE000F0BD01240E6804F1180C002EB8BFF600E7
:102DF0004FEA0C1CB4BF46F00406760545F80C609B
:102E00000E680FFA84FC16F0804F18BF05EB0C1EFD
:102E100005EB0C1C1EBFDEF8806146F00206CEF802
:102E200080610E7BCCF8846105EB04158E68C5F8D3
:102E30008C614E68C5F88861DCF8805145F0010569
:102E4000CCF8805141F2780500EB441C660105EB9B
:102E50004414AC440444CCE900230D46083401F189
:102E60000C0C55F804EB44F804EB6545F9D12D88BA
:102E70002580841904F5805407F0030594F89460C4
:102E800026F00B06354384F89450002484F311880F
:102E9000009700F03BFD0120A1E70224A2E74FF0DC
:102EA000FF309CE713B500F580540191E06EFFF709
:102EB00047FE1F280AD90199E06E2022FFF7B6FECF
:102EC000A0F120035842584102B010BD0020FBE79A
:102ED00008B5302383F3118800F58050C06EFFF7EA
:102EE00003FE002383F3118808BD00000022026066
:102EF000828142608260704710B500220023C0E9E1
:102F000000230023044603810C30FFF7EFFF204627
:102F100010BD0000F0B5054600F580500C4690F855
:102F2000D83013F0040FC3F3800108BF114661F3DA
:102F3000820380F8D83005EB441303F58453103333
:102F400089B01B79D8074FEA44162FD582B31907E9
:102F50002ED46846FFF7D0FF05EB441303F58453E6
:102F600003AA03F1080718685968144603C4083314
:102F7000BB422246F7D1186820609B88A380DDE918
:102F80000E23CDE900230123ADF808302B686946F4
:102F90001B6C28469847354405F5845510352B7928
:102FA0001A075CBF43F008032B7101E0002AF2D13D
:102FB00009B0F0BD2DE9F0479A4688B0074688462B
:102FC0009146302383F3118807F580546846FFF754
:102FD00093FFE06EFFF79AFD1F282AD9E06E2022AA
:102FE0006946FFF7A5FE202823D103AD444605AB73
:102FF0002E4603CE9E4220606160354604F10804EF
:10300000F6D130682060B388A380DDE90023C9E9E8
:103010000023BDF80830AAF80030002383F311889C
:1030200053464A464146384608B0BDE8F04700F0EE
:103030002BBC002080F3118808B0BDE8F0870000A9
:103040002DE9F84F182204460F4604300021FFF7FF
:1030500045FA2046234B40F8283BFFF747FF04F191
:103060003800FFF749FF04F1580804F58255464639
:10307000183530462036FFF73FFFAE42F9D104F550
:1030800080554FF480534FF00009C5E91739C5F852
:1030900058800123EE6604F5875804F58456C5F878
:1030A000649085F8683085F87030183608F1180893
:1030B0004FF0000A4FF0000B46E908ABA6F11800EC
:1030C000FFF714FF203646F8289C4645F4D185F8D2
:1030D000E07017B1044800F0C3FB044B6362204664
:1030E000BDE8F88FDC440008B444000800640040E8
:1030F00010B5044B197804464A1C1A70FFF7A0FF5C
:10310000204610BD2C3800202DE9F047002950D072
:10311000294B2A4FB7FBF1F599428CBF0A231123A3
:10312000581EB5FBF3FC03FB1C53C4B22BB10228A1
:103130000346F5D80020BDE8F0870CF1FF36B6F560
:10314000806FF7D2C4EBC40E0EF103034FEAE3091C
:10315000C3F3C703A4EB030809F1010A4FF47A751E
:103160005FFA88F009FB05555AFA88F8B5FBF8F5BF
:10317000B5F5617FC1BF0EF1FF33C3F3C703E01A9A
:10318000C0B25C1C50FA84F40CFB04F4B7FBF4F4FA
:10319000A142CFD1013BDBB20F2BCBD80138C0B25B
:1031A0000728C7D80021107116809170D3700120B4
:1031B000C1E70846BFE700BF3F420F0000B4C404A8
:1031C00070B505460E464FF47A746B6A5B6803F07F
:1031D0000103B34207D04FF47A7001F00BFD013CBC
:1031E000F3D1204670BD0120FCE7000070B5426AB3
:1031F000936913F0700F17D000230C4D936141F2C7
:10320000900400EB4312224411794E0709D5890737
:1032100007D5416A55F823608E60117941F00401A9
:1032200011710133032BECD170BD00BFC8440008FD
:1032300073B51D46436A16469A68D207044609D5F7
:103240009A6801219960C2F34002CDE9006500212E
:10325000FFF760FE636A9A68D1050BD59A684FF450
:1032600080719960C2F34022CDE9006501212046BA
:10327000FFF750FE636A9A68D2030BD59A684FF441
:1032800080319960C2F34042CDE9006502212046B9
:10329000FFF740FE04F58053D3F8DC0010B103685B
:1032A0001B699847204602B0BDE87040FFF79EBFFB
:1032B000F8B50446466A002977D106F10C0738684C
:1032C000800775D006EB01153868D5F8B00110F00D
:1032D000040FD5F8B0011ABFC00840F00040400DFF
:1032E000A062D5F8B0C11CF0020F1CBF40F08040B6
:1032F000A062D5F8B40106EB011100F00F0084F8CC
:103300003400D1F8B80184F82C00D1F8B801000AD3
:1033100084F82D00D1F8B801000C84F82E00D1F803
:10332000B801000E84F82F00D1F8BC0184F83000F9
:10333000D1F8BC01000A84F83100D1F8BC01000CBE
:1033400084F83200D1F8BC11090E84F8331038210A
:10335000396004F1440004F1280104F1340551F806
:10336000046B40F8046BA942F9D109880180C4E9D3
:103370000E2321460023A4F8403051F8383B204664
:103380001B6C984704F5805393F8D820D3F8DC00E1
:1033900042F0040283F8D82010B103681B699847F3
:1033A0002046BDE8F840FFF721BF06F1100786E789
:1033B000F8BD000010B5044600F05AFA02460B466C
:1033C00052EA030102D0013A63F10003044908689C
:1033D00020B12146BDE81040FFF76ABF10BD00BF15
:1033E00028380020F0B5302181F31188DFF848E05B
:1033F00000F583511831002441F2900C00EB441584
:1034000065442E7977070ED4F6060CD5D1E90076FF
:1034100097429E4107D2466A5EF82470B7602E79C3
:1034200046F004062E710134032C01F12001E5D190
:10343000002383F31188F0BDC844000808B5302389
:1034400083F31188FFF7D2FE002383F3118808BDB0
:103450002DE9F041436A0446986800F0E050B0F16D
:10346000E05F0E4622D0F8B1302383F311880025A7
:1034700004F5845741F2900804EB451343441B794B
:103480001A0706D50135032D07F12007F4D10120D5
:1034900007E05B07F6D43946304600F08BFA002887
:1034A000F0D1002383F31188BDE8F0810120FBE710
:1034B00008B5302383F3118800F58050C06EFFF704
:1034C00025FB002383F3118843090CBF0120002052
:1034D00008BD0000F8B51D46002313700F460646D0
:1034E0001446FFF7E5FF80F00100387025B129464A
:1034F0003046FFF7ADFF2070F8BD00002DE9B84160
:103500000C4615461F46804600F0B2F90B4621785E
:10351000024609B9287850B14046FFF763FFFFF72C
:103520008DFF3B462A462146FFF7D4FF0120BDE828
:10353000B881000070B5302686F31188174B9A6D5C
:1035400042F000729A659A6B42F000729A639A6B2D
:1035500022F000729A63002383F3118800F58054EF
:1035600094F8D83013F0010516D1A9B186F311886B
:103570000321132001F03AFA0321142001F036FA56
:103580000321152001F032FA94F8D83043F00103FA
:1035900084F8D83085F3118870BD00BF0010024058
:1035A0002DE9F04700F5805588B095F8E030012B03
:1035B00004468846164600F28280824F57F8232040
:1035C0000AB947F82300D7F800A0C4F81C8084F893
:1035D0002060BAF1000F64D095F8E030012B70D074
:1035E00001212046FFF7A6FF302383F31188626A8A
:1035F000136823F002031360626A136843F0010347
:103600001360636A00275F6187F3118801212046F8
:10361000FFF7D6FD002800F09580E86EFFF764FA0A
:1036200004F58359BA4609F1180920220021684699
:10363000FEF754FF02A8FFF759FCCDF818A06A4620
:1036400009EB07030DF1180E9446BCE80300F4459E
:1036500018605960624603F10803F5D1DCF80000F8
:10366000186020379CF804201A71602FDDD195F87E
:10367000D8306FF38203002785F8D8306A46414678
:103680002046ADF80070ADF802708DF80470FFF7B9
:103690003BFD636A48BB4FF400421A6008B0BDE8C6
:1036A000F08741F2E800FFF74FFB814610B1514629
:1036B000FFF7C6FCC7F80090B9F1000F8CD10020CD
:1036C000ECE7386803681B6B98470146002887D1F0
:1036D0003868FFF72FFF3868036832465B68414659
:1036E000984700287FF47CAFE9E761221A609DF8D3
:1036F00002309DF803201B06120402F4702203F02E
:1037000040731343BDF80020C2F3090213439DF830
:1037100004201205022E02F4E0020CBF4FF000411B
:1037200000211343626A0B43D361636A13225A6117
:10373000626A136823F00103136039462046FFF7DD
:103740003FFD08B9636AA6E795F8E03093BB616A6C
:10375000D1F8002242F00102C1F80022616AD1F8DA
:10376000002222F47C5222F00E02C1F80022616A8B
:10377000D1F8002242F46062C1F80022626AC2F805
:103780001432626AC2F80432626A41F6FF71C2F80A
:103790000C12626AC2F84032626AC2F84432636A4A
:1037A0000122C3F81C22626AD2F8003223F001031E
:1037B000C2F8003295F8D83043F0020385F8D830CB
:1037C0006CE700BF2838002008B500F051F850EA37
:1037D0000103024602D0421E61F10001044B186849
:1037E00010B10B46FFF724FDBDE8084001F0C0B85A
:1037F0002838002008B50020FFF7DCFDBDE80840B0
:1038000001F0B6B808B50120FFF7D4FDBDE80840C7
:1038100001F0AEB800B59BB0EFF3098168226846AD
:10382000FEF74AFEEFF30583014B9B6BFEE700BFFB
:1038300000ED00E008B5FFF7EDFF000000B59BB01C
:10384000EFF3098168226846FEF736FEEFF3058341
:10385000014B5B6BFEE700BF00ED00E0FEE7000000
:103860000FB408B5029801F075F9FEE701F050BCFD
:1038700001F032BC0139C9B202299EBF00EBC10080
:103880000023C0E9013370472DE9F8431E461B8829
:103890005B070546884618D4044600F118094C45D4
:1038A00013D063686BB12B682846DB6B984733886D
:1038B000A768C1B243F0040360684246B8470834C1
:1038C000EDE7A368002BEED1F9E70120BDE8F8830E
:1038D00073B56C4684E80600014600224E68D5B2F6
:1038E0006EB98E685EB900EBC200021D94E8030059
:1038F000013582E803001D70012002B070BD013265
:10390000032A01F10801E9D10020F6E72DE9F04F83
:103910002DED028B89B09FED258BBDF850800446BC
:103920008B46054600F11809002708F0040AA9454E
:1039300036D06B680BB9AB6863B1BAF1000F0BD12D
:1039400023682046DB6B98474346C1B25A46D5E907
:103950000106B0470835EAE7002FFBD18DED008B5B
:10396000ADF808705B4603AA0BF1080C186859689B
:10397000174603C7083363453A46F7D118683860DD
:103980009B88BB80FFF774FF0423ADF808302368E1
:10399000CDE900011B6C6946204698470127D9E70D
:1039A000012009B0BDEC028BBDE8F08F00000000E3
:1039B0000000000030B503680968DD0FB5EBD17F6A
:1039C00023F0604421F060424FEAD1700BD0002B0D
:1039D000B8BFA40C0029B8BF920C944202D034BFE7
:1039E0000120002030BD944205D1C1F38070C3F3A3
:1039F00080738342F6D194422CBF00200120F1E76E
:103A00002DE9F041456A15B94162BDE8F0814B6886
:103A100023F06047C3F38A464FEAD37EC3F380782E
:103A200016EA230638BF3E46AC462B465A68BEEB24
:103A3000D27F22F060440AD0002A18DAA40CB442E3
:103A400017D19D420FD10D60DEE71346EEE7A74286
:103A500007D102F08044C2F3807242450BD054B1CA
:103A6000EFE708D2EDE7CCF800100B60CDE7B442E9
:103A700001D0B442E5D81A689C46002AE5D1196005
:103A8000C3E700002DE9F047089D01F007044FEA65
:103A9000D508224405F0070500EBD1004FF47F491B
:103AA000944201D1BDE8F08704F0070705F0070A4A
:103AB00057453E4638BF5646C6F10806111B8E4292
:103AC00028BF0E46E10808EBD50E415C13F80EC086
:103AD000B94029FA06F721FA0AF1FFB28CEA01018E
:103AE00047FA0AF739408CEA010C03F80EC0344457
:103AF0003544D5E780EA0120082341F2210201B2D2
:103B00004000002980B203F1FF33B8BF504013F0EA
:103B1000FF03F4D17047000038B50C468D18A5425C
:103B200000D138BD14F8011BFFF7E4FFF7E70000F0
:103B300042684AB1136843604389818901339BB26B
:103B40009942438138BF83811046704770B588B071
:103B5000202204460D4668460021FEF7BFFC2046A1
:103B60000495FFF7E5FF024658B16B46054608AEDF
:103B70001C4603CCB44228606960234605F1080561
:103B8000F6D1104608B070BD082817D909280CD006
:103B90000A280CD00B280CD00C280CD00D280CD0E7
:103BA0000E2814BF4020302070470C207047102092
:103BB000704714207047182070472020704700007D
:103BC000082817D90C280CD910280CD914280CD97E
:103BD00018280CD920280CD930288CBF0F200E2093
:103BE0007047092070470A2070470B2070470C204F
:103BF00070470D20704700002DE9F843078C072F10
:103C000004461ED9D0E9029800254FF6FF73C5F18E
:103C10002006A5F1200029FA05F108FA06F628FA8F
:103C200000F031430143C9B21846FFF763FF08357E
:103C3000402D0346EBD1E1693A46BDE8F843FFF772
:103C40006BBF4FF6FF70BDE8F883000010B54B68FE
:103C500023B9CA8A63F30902CA8210BD04691A68CB
:103C60001C600361C38A013BC3824A60EFE7000026
:103C70002DE9F84F1D46CB8A0F46C3F309010529EC
:103C8000814692460B4630D00020AAB207F11A04B2
:103C90009EB2042E1FFA80F80FD8904503F101035D
:103CA00006D3FB8A0A4462F30903FB8201201AE06F
:103CB0001AF80060E6540130EAE79045F1D2A1F12C
:103CC000050B1C237C68BBFBF3F203FB12BB1FFA42
:103CD0008BF6002C45D14846FFF72AFF044638B939
:103CE00078606FF00200BDE8F88F4FF00008E6E75B
:103CF000002606607860ADB24FF0000B454510D944
:103D00000AEB0803221D13F8011B9155B1B208F10B
:103D100001081B291FFA88F82BD0454506F101063A
:103D2000F1D8FB8AC3F30902154465F30903BCE724
:103D3000013292B21C462368002BF9D16B1F0B4451
:103D40001C21B3FBF1F301339BB29A42D3D2BBF1F6
:103D5000000FD0D14846FFF7EBFE20B9C4F800B001
:103D6000BFE70122E7E7C0F800B05E4620600446E6
:103D7000C1E74545D5D94846FFF7DAFE08B92060C6
:103D8000AFE7C0F800B0002620600446B6E70000A8
:103D90002DE9F04F2DED028B1C4683B05B6901923B
:103DA00007468846002B00F0A780238C2BB1E269E0
:103DB000002A00F0A180072B35D807F10C00FFF78F
:103DC000B7FE054638B96FF00205284603B0BDECD2
:103DD000028BBDE8F08F14220021FEF77FFB228CBE
:103DE000E16905F10800FEF767FB208C013080B225
:103DF000FFF7E6FEFFF7C8FE013880B220840130ED
:103E000028746369228C1B782A4403F01F0363F033
:103E10003F0348F000411372384669602946FFF7B6
:103E2000EFFD0125D1E702339BB20722C18A063399
:103E3000B3FBF2F3828A521A9BB292B29342C2D877
:103E400000F10C034FF0000908EE103A4FF0800A21
:103E50004E464D4618EE100AFFF76AFE83460028CC
:103E6000B1D014220021FEF739FB002E3AD1019B7C
:103E7000ABF8083002220BF1080E1FFA82FC0CF19D
:103E80000100BCF1060F218C80B201D88E422BD3E9
:103E9000FFF796FEFFF778FE62691278013802F0AC
:103EA0001F028E4208BF4FF0400A42EA49121BFA35
:103EB00080F14AEA020A013048F0004281F808A085
:103EC0008BF81000CBF8042059463846FFF798FDD0
:103ED000238C0135B3422DB289F001094FF0000A5D
:103EE000B8D172E70022C6E7E169895D0EF80210D9
:103EF0000136B6B20132C0E76FF0010565E7000098
:103F0000F8B515460E463022002104461F46FEF73E
:103F1000E5FA069B6360B5F5001F079BA76034BFF9
:103F20006A094FF6FF72A36297B2E66104F11000CE
:103F300000239A4206D800230360A782E3822383EA
:103F4000E360F8BD0660013330462036F1E700003B
:103F500003781BB94BB2002BC8BF0170704700003B
:103F600000787047F8B50C46C969074611B9238C2B
:103F7000002B37D1257E1F2D34D8387828BB228CD2
:103F8000072A2CD8268A36F003032BD14FF6FF7070
:103F9000FFF7C2FD20F001003102400441EA056153
:103FA000400C41EA40254FF6FF7223462946384629
:103FB000FFF7EEFE002807DD626913780133DBB2FC
:103FC0001F2B88BF00231370F8BD218A2D0645EAF8
:103FD000012505432046FFF70FFE0246E5E76FF097
:103FE0000300F1E76FF00100EEE7000070B58AB062
:103FF000044616460021282268461D46FEF76EFA42
:10400000BDF83830ADF810300F9B05939DF8403067
:104010008DF81830119B07936946BDF84830ADF80C
:1040200020302046CDE90265FFF79CFF0AB070BD45
:104030002DE9F041D36905460C4616460BB9138CA1
:104040005BBB377E1F2F28D895F80080B8F1000F92
:1040500026D03046FFF7D0FD3378210241EAC33144
:1040600041EA0801338A41EA076141EA0341024615
:10407000334641F080012846FFF78AFE00280ADD1A
:104080003378012B07D1726913780133DBB21F2B10
:1040900088BF00231370BDE8F0816FF00100FAE7DC
:1040A0006FF00300F7E70000F0B58BB004460D4653
:1040B00017460021282268461E46FEF70FFA9DF893
:1040C0004C305A1E534253418DF800309DF8403019
:1040D000ADF81030119B05939DF848308DF81830DD
:1040E000149B07936A46BDF85430ADF8203029463A
:1040F0002046CDE90276FFF79BFF0BB0F0BD000034
:10410000406A00B104307047436A1A68426202692B
:104110001A600361C38A013BC38270472DE9F041F5
:10412000D0F82080194E14461D464146002709B993
:10413000BDE8F081D1E90223A21A65EB03039642A0
:1041400077EB03031ED2036A8B420DD1FFF77EFD8E
:10415000036A1B68036203690B60C38A0161016A19
:10416000013BC3828846E2E7FFF770FD0B68C8F8A1
:10417000003003690B60C38A0161013BC382D8F838
:104180000010D4E788460968D1E700BF80841E008C
:104190002DE9F04F8BB00D46DDF8509014469B464C
:1041A0008046002800F01981B9F1000F00F0158158
:1041B000531E3F2B00F21181012A03D1BBF1000FE6
:1041C00040F00B810023CDE90833B8F81430B5EB8B
:1041D000C30F4FEAC30703D300200BB0BDE8F08F35
:1041E0002B199F42D8F80C303ABF7F1BFFB22746ED
:1041F0001BB9D8F81030002B7AD0272D4ED8C5F136
:104200002806B7424FF000032CBFF6B23E4600939B
:104210002946D8F8080008AB3246FFF733FCA7EB75
:10422000060A35445FFA8AFAB8F8143003F10053ED
:10423000053BDB000493D8F80C3003932821039B43
:1042400013B1BAF1000F2CD1D8F8100040B1BAF177
:10425000000F05D0009608AB5246691AFFF712FC12
:1042600038B2002FB8D066070AD00AAB03EBD401EE
:10427000624211F8083C02F00702134101F8083CC1
:10428000082C3CD9102C40F2B580202C40F2B7808D
:10429000BBF1000F00F09C80082334E0BA460026F2
:1042A000C2E7049BE02B28BFE02306930B44AB42FC
:1042B000059314D95A1B03980096924534BF524671
:1042C000D2B2691A08AB04300792FFF7DBFB079AFA
:1042D0001644AAEB020A1544F6B25FFA8AFA049B66
:1042E000069A05999B1A0493039B1B680393A6E700
:1042F0000093D8F8080008AB3A462946AEE7BBF170
:10430000000F13D00123B4EBC30F6CD0082C12D8CC
:104310009DF82030621E23FA02F2D50706D54FF031
:10432000FF3202FA04F423438DF820309DF8203048
:1043300089F8003051E7102C12D8BDF82030621EE9
:1043400023FA02F2D10706D54FF0FF3202FA04F445
:104350002343ADF82030BDF82030A9F800303CE709
:10436000202C0FD80899631E21FA03F3DA0705D52C
:104370004FF0FF3202FA04F40C430894089BC9F88A
:1043800000302AE7402C2BD0DDE90865611EC4F11E
:104390002102A4F1210326FA01F105FA02F225FA1D
:1043A00003F311431943CB0712D50122A4F12003D3
:1043B000C4F1200102FA03F322FA01F1A2405242B1
:1043C00043EA010363EB430332432B43CDE9082364
:1043D000DDE90823C9E90023FFE66FF00100FCE6F0
:1043E0006FF00800F9E6082CA0D9102CB3D9202CC6
:1043F000EED8C3E7BBF1000FADD0022383E7BBF1DA
:10440000000FBBD004237EE730B5012A144638BF25
:104410000124402C85B028BF40240025012ACDE985
:10442000025518D81B788DF8083063070AD004AB02
:1044300003EBD405624215F8083C02F007029340F2
:1044400005F8083C009103462246002102A8FFF728
:1044500019FB05B030BD082AE4D9102A03D81B88FF
:10446000ADF80830E1E7202A8DBFD3E900231B68AF
:104470000293CDE90223D8E710B5CB681BB98B6056
:104480000B618B8210BD04691A681C600361C38ACA
:10449000013BC382CA60F0E703064CBFC0F3C030E3
:1044A0000220704708B50246FFF7F6FF022806D142
:1044B0005306C2F30F2001D100F0030008BDC2F380
:1044C0000740FBE72DE9F04F93B0CDE903230A68DD
:1044D00004461046FFF7E0FF022814BFC2F3062689
:1044E0000026002A0D46824680F2F78112F0C0496C
:1044F00040F0F381097B002900F0EF81022803D00E
:104500002378B34240F0EC81C2F304630693104673
:1045100002F07F030593FFF7C5FF059B29444FEA8F
:10452000834848EA0A4848EA4668CE7800230022D1
:10453000CDE90823F309834648EA0008029367D0CF
:10454000059B009302466768534608A92046B84772
:10455000002800F0C881276A4FB9414604F10C00D9
:10456000FFF7F4FA074690B96FF0020054E03B6998
:1045700098450DD03F68002FF9D1414604F10C0059
:10458000FFF7E4FA07460028EED0236A3B60276273
:1045900097F817C006F01F08CCF3840CACEB0800AA
:1045A0001FFA80FE0028B8BF0EF12000A8EB0C0314
:1045B0001FFA83FED7E90221B8BF00B2002B079390
:1045C000BEBF0EF120031BB2079352EA010338D09D
:1045D000039BDFF824E39A1A049B4FF0000C63EB73
:1045E000010196457CEB01032BD36B7B97F81AE016
:1045F000734519D1029B002B78D0012821DC786803
:10460000F8B9DFF8F0C2944570EB010316D337E038
:10461000276A27B96FF00C0013B0BDE8F08F3B6933
:104620009845B5D03F68F4E7B24890427CEB01036F
:1046300001D30020F0E7029B002BFAD0079B0F2B41
:1046400017DCFA7DB30002F0030203F07C0313438E
:10465000FB7539462046FFF7F9FA6B7BBB76029B68
:104660003BB9FB7DC3F38402013262F38603FB7521
:10467000D0E76A7BBB7E9A42DBD1029B002B35D010
:10468000B309022B32D0039BBB60049BFB60142256
:1046900000210DA8FDF722FF039B0A93049B0B93B7
:1046A0002B1D0C932B7BADF83EB0013BDBB2ADF87C
:1046B0003C30069B8DF84230059B8DF8433094F8D2
:1046C0002C308DF840A083F001038DF844308DF834
:1046D0004180A3680AA920469847FB7DC3F3840361
:1046E000013303F01F039B02FB82A2E7FB7DC6F3AD
:1046F0004012B2EBD31F40F0F980C3F3840343456B
:1047000040F0FC80029A2B7BB609002A52D016F0AA
:10471000010661D1032B40F2F480039BBB60049B34
:10472000FB60FB8A66F30903FB822B7BAE1D033B18
:10473000DBB23246394604F10C00FFF799FA002843
:104740000CDA39462046FFF781FAFB7DC3F3840378
:10475000013303F01F039B02FB8205E7DDE90884B8
:10476000AB883B834FF6FF73C9F12000A9F120020B
:1047700028FA09F104FA00F0014324FA02F2114385
:104780001846C9B2FFF7B6F909F10809B9F1400FA7
:104790000346E9D1B8822A7B033AD2B23146FFF709
:1047A000BBF9FB7DB882DA43C2F3C01262F3C713D0
:1047B000FB753EE786B92E1D013BDBB2324639461A
:1047C00004F10C00FFF754FA0028BADB2A7BB88A00
:1047D000013AD2B23146E2E7F98AC1F30901013B5D
:1047E0000429DAB25BD8281D002307F11B069A4280
:1047F00008D910F801CB06F801C0013101330529B1
:10480000DBB2F4D103990A9104990B91934207F119
:104810001B010C9138BF043379680D9134BF55FAF0
:1048200083F300230E93FB8AADF83EB0C3F3090374
:104830001A44069B8DF84230059B8DF8433094F85E
:104840002C30ADF83C2083F001038DF84430002378
:104850008DF840A08DF841807B602A7BB88A013AB0
:10486000291DFFF759F93B8BB882834203D1A36816
:104870000AA92046984720460AA9FFF7FDFDFB7DBF
:10488000BA8AC3F38403013303F01F039B02FB8244
:104890003B8B9A420CBF00206FF01000BCE67B6897
:1048A000002BAFD0052001E01C3033461E68002EDF
:1048B000FAD1091A081D2E1D184401EB090CBCF190
:1048C0001B0F5FFA89F39DD89A429BD916F8013BDA
:1048D00000F8013B09F10109EFE76FF009009BE6E1
:1048E0006FF00A0098E66FF00B0095E66FF00D0090
:1048F00092E600BF40420F0080841E006FF00E0061
:104900008AE66FF00F0087E6EFF3098305494A6BEB
:1049100022F001024A63683383F30988002383F39A
:104920001188704700EF00E0302080F3118862B6F4
:104930000C4B0D4AD96821F4E0610904090C0A43C3
:10494000DA60D3F8FC20094942F08072C3F8FC20F9
:104950000A6842F001020A602022DA7783F8220016
:10496000704700BF00ED00E00003FA05001000E012
:1049700010B5302383F311880E4B5B6813F400638A
:1049800014D0F1EE103AEFF30984683C4FF08073D5
:10499000E361094BDB6B236684F3098800F0A4F81C
:1049A00010B1064BA36110BD054BFBE783F31188E3
:1049B000F9E700BF00ED00E000EF00E0FF020008B3
:1049C000020300084FF0E023002258684FF0FF3147
:1049D000930003F1604303F5614301329042C3F851
:1049E0008010C3F88011F3D27047000000F16043DB
:1049F00003F561430901C9B283F80013012200F0F5
:104A00001F039A4043099B0003F1604303F5614390
:104A1000C3F880211A607047002303758268036918
:104A20001B6899689142FBD25A680360426010602B
:104A30005860704700230375826803691B68996892
:104A40009142FBD85A68036042601060586070471A
:104A500008B50846302383F311880B7D032B05D05E
:104A6000042B0DD02BB983F3118808BD8B6900226C
:104A70001A604FF0FF338361FFF7CEFF0023F2E7A8
:104A8000D1E9003213605A60F3E70000FFF7C4BFBA
:104A9000054BD9680875186802681A6053600122CE
:104AA0000275D860FCF77ABE3838002030B50C4B60
:104AB000DD684B1C87B004460FD02B46094A684678
:104AC00000F02AF92046FFF7E3FF009B13B1684688
:104AD00000F02CF9A86907B030BDFFF7D9FFF9E75E
:104AE0003838002089350008044B1A68DB68906864
:104AF0009B68984294BF00200120704738380020FE
:104B0000084B10B51C68D86822681A6053600122EF
:104B10002275DC60FFF78EFF01462046BDE810409D
:104B2000FCF73CBE3838002038B5074C0749084828
:104B3000012300252370656000F0EAFB0223237047
:104B400085F3118838BD00BF603A00202445000875
:104B50003838002008B572B6044B186500F0ACFA7E
:104B600000F058FB024B03221A70FEE73838002091
:104B7000603A002000F010B98B60022308618B823C
:104B8000084670478368A3F1840243F8142C026935
:104B900043F8442C426943F8402C094A43F8242C3A
:104BA000C26843F8182C022203F80C2C002203F8E8
:104BB0000B2C044A43F8102CA3F12000704700BFCF
:104BC000ED0200083838002008B5FFF7DBFFBDE82C
:104BD0000840FFF75BBF0000024BDB6898610F20C5
:104BE000FFF756BF38380020302383F31188FFF7D2
:104BF000F3BF000008B50146302383F31188082075
:104C0000FFF754FF002383F3118808BD10B5036834
:104C10009C68A2420CD85C688A600B604C60216082
:104C2000596099688A1A9A604FF0FF33836010BD0B
:104C30001B68121BECE700000A2938BF0A2170B577
:104C400004460D460A26601900F05CFB00F048FBA4
:104C5000041BA54203D8751C2E460446F3E70A2E12
:104C600004D9BDE87040012000F092BB70BD000087
:104C7000F8B5144B0D46D96103F1100141600A2AC1
:104C80001969826038BF0A22016048601861A8185B
:104C9000144600F029FB0A2700F022FB431BA34225
:104CA000064606D37C1C281900F02CFB2746354607
:104CB000F2E70A2F04D9BDE8F840012000F068BBF4
:104CC000F8BD00BF38380020F8B506460D4600F0A4
:104CD00007FB0F4A134653F8107F9F4206D12A461E
:104CE00001463046BDE8F840FFF7C2BFD169BB6856
:104CF000441A2C1928BF2C46A34202D92946FFF793
:104D00009BFF224631460348BDE8F840FFF77EBFCF
:104D1000383800204838002010B4C0E903230023AD
:104D20005DF8044B4361FFF7CFBF000010B5194C8D
:104D3000236998420DD0D0E90032816813605A602F
:104D40009A680A449A60002303604FF0FF33A3611E
:104D500010BD2346026843F8102F53600022026002
:104D600022699A4203D1BDE8104000F0C5BA9368A9
:104D700081680B44936000F0B3FA2269E16992689C
:104D8000441AA242E4D91144BDE81040091AFFF7C1
:104D900053BF00BF383800202DE9F047DFF8BC8052
:104DA00008F110072C4ED8F8105000F099FAD8F8F6
:104DB0001C40AA68031B9A423ED81444D5E900322D
:104DC0004FF00009C8F81C4013605A60C5F8009005
:104DD000D8F81030B34201D100F08EFA89F311886F
:104DE000D5E9033128469847302383F311886B694E
:104DF000002BD8D000F074FA6A69A0EB04094A4588
:104E000082460DD2022000F0C3FA0022D8F81030FA
:104E1000B34208D151462846BDE8F047FFF728BF06
:104E2000121A2244F2E712EB090938BF4A46294612
:104E30003846FFF7EBFEB5E7D8F81030B34208D09C
:104E40001444211AC8F81C00A960BDE8F047FFF718
:104E5000F3BEBDE8F08700BF483800203838002096
:104E600038B500F03DFA054AD2E90845031B181988
:104E700045F10001C2E9080138BD00BF3838002003
:104E800000207047FEE70000704700004FF0FF3041
:104E900070470000BFF34F8F024A1369DB03FCD455
:104EA000704700BF0020024008B5094B1B7873B95A
:104EB000FFF7F0FF074B5A69002ABFBF064A9A6006
:104EC00002F188329A601A6822F480621A6008BD82
:104ED000783A0020002002402301674508B50B4BBB
:104EE0001B7893B9FFF7D6FF094B5A6942F000428D
:104EF0005A611A6842F480521A601A6822F4805289
:104F00001A601A6842F480621A6008BD783A00207C
:104F1000002002407F289ABF00F58030C0020020A8
:104F2000704700004FF40060704700008020704719
:104F30007F2808B50BD8FFF7EDFF00F50063026886
:104F4000013204D104308342F9D1012008BD002090
:104F5000FCE700007F2810B504461FD8FFF79AFF32
:104F6000FFF7A2FF0E4BF3221A6102225A615A691F
:104F700042EAC0025A615A6942F480325A61FFF72C
:104F800089FF4FF40061FFF7C5FF00F03FF9FFF71D
:104F9000A5FF2046BDE81040FFF7CABF002010BDA6
:104FA000002002402DE9F84340EA020313F0070312
:104FB000144606D0304B40F282321A600020BDE821
:104FC000F88385182D4A95420CD92B4A40F2873137
:104FD0001160F3E7031D1B684A68934208D1083C3F
:104FE00008300831072C14D902680B689A42F1D0B6
:104FF000FFF75AFFFFF74EFF214E08314FF001082F
:105000004FF00009012CA1F1080706D8FFF766FF51
:1050100001E0002CECD10120D1E7C6F81480054650
:1050200051F8083C45F8043B51F8043C4360FFF755
:1050300031FF336943F001033361C6F8149002680D
:1050400051F8083C9A420CD00B4B40F2AF321A6038
:105050000C4B18600C4B1C600C4B1F60FFF73EFFA5
:10506000ACE72D6851F8043C9D4201F10801EBD1F9
:10507000083C0830C6E700BF743A0020000004086E
:1050800000200240683A0020703A00206C3A00206C
:10509000084908B50B7828B11BB9FFF705FF0123B4
:1050A0000B7008BD002BFCD0BDE808400870FFF76E
:1050B00015BF00BF783A002002484FF47F4100F04E
:1050C000A7B800BF000100200846114600F0E2BB6F
:1050D000084600F0F5BB000038B5EFF311859DB927
:1050E000EFF30584C4F30804302334B183F311884B
:1050F000FFF7B6FE85F3118838BD83F31188FFF7FB
:10510000AFFE84F3118838BDBDE83840FFF7A8BE74
:1051100038B5FFF7E1FF114C114AC00840EA417071
:10512000A0FB025EC908A0FB040C1CEB050CA1FB54
:1051300004404FF000035B41A1FB02121CEB040C86
:1051400043EB000011EB0E0142F10002411842F165
:105150000000090941EA007038BD00BFCFF753E3F2
:10516000A59BC42010B50244064BD2B2904200D198
:1051700010BD441C00B253F8200041F8040BE0B20B
:10518000F4E700BF50280040114B30B5D3F89040F1
:10519000240409D4D3F89040C3F89040D3F8904049
:1051A00044F40044C3F890400A4C236843F48073ED
:1051B00023600244084BD2B2904200D130BD441C5F
:1051C00000B251F8045B43F82050E0B2F4E700BFAE
:1051D00000100240007000405028004007B5012236
:1051E00001A90020FFF7BEFF019803B05DF804FBA2
:1051F00013B50446FFF7F2FFA04205D0012201A932
:1052000000200194FFF7C0FF02B010BD70470000FE
:105210007047000070470000074B45F255521A6076
:1052200003225A6040F2FF729A604CF6CC421A6038
:10523000024B01221A70704700300040803A002073
:10524000034B1B781BB1034B4AF6AA221A60704726
:10525000803A002000300040054B1A6832B902F154
:10526000804202F50432D2F894201A60704700BFE1
:105270007C3A0020024B4FF40002C3F894207047A0
:105280000010024008B5FFF7E7FF024B1868C0F3B3
:10529000407008BD7C3A002070470000FEE7000027
:1052A0000A4B0B480B4A90420BD30B4BDA1C121AD9
:1052B000C11E22F003028B4238BF00220021FDF7FD
:1052C0000DB953F8041B40F8041BECE7BC4500087B
:1052D000043B0020043B0020043B002000F0BEB84B
:1052E0004FF08043586A70474FF080430022586364
:1052F0001A610222DA6070474FF080430022DA60C0
:10530000704700004FF0804358637047FEE700008D
:1053100070B51B4B01630025044686B0586085625A
:105320000E46FFF701FB04F11003C4E904334FF00C
:10533000FF33C4E90635C4E90044A560E562FFF720
:10534000CFFF2B460246C4E9082304F134010D4A7D
:10535000256580232046FFF70FFC0123E0600A4A01
:105360000375009272680192B268CDE90223074B7F
:105370006846CDE90435FFF727FC06B070BD00BFD5
:10538000603A00203045000835450008453E0008D9
:10539000024AD36A1843D062704700BF38380020F1
:1053A000244B2548DA6A42F0070210B4DA62DA6A5E
:1053B000224C22F00702DA62DA6ADA6C42F0070263
:1053C000DA64DA6E42F00702DA664FF09042DB6E82
:1053D0004FF0AA31002353609160D0604FF6FF7008
:1053E00050611362536214601024C2F80434C2F88E
:1053F0000814C2F80C444FF6F774C2F81444992408
:10540000C2F82034C2F824440D4CC2F80044C2F85B
:105410000438C2F80818C2F80C38C2F81408C2F8E8
:105420002038C2F82438C2F800385DF8044B00F088
:1054300055B800BF00100240000100240001002800
:1054400050000A0008B500F005FAFFF76DFBBDE853
:105450000840FFF701BF0000704700000F4B9A6D36
:1054600042F001029A659A6F42F001029A670C4A73
:105470009B6F936843F0010393604FF080434F228A
:105480009A624FF0FF32DA6200229A615A63DA6060
:105490005A6001225A611A60704700BF0010024032
:1054A000002004E04FF0804208B51169D3680B403A
:1054B000D9B2C9439B07116107D5302383F3118803
:1054C000FFF758FB002383F3118808BD08B5FFF7E9
:1054D00079FABDE8084000F099B900005A4B4FF046
:1054E000FF319A6A99629A6A00229A62986AD86A27
:1054F00060F00700D862D86A00F00700D862D86A66
:10550000186B1963186B1A63186B986B9963986B17
:105510009A63986BD86BD963D86BDA63D86B186CC5
:105520001964196C1A641A6C484A4FF4E0611160EE
:105530001A6E474942F001021A66D3F8802022F021
:105540000102C3F88020D3F880209A6D42F0805287
:105550009A659A6F22F080529A679A6F4FF4407260
:105560000A604A6912F48062FBD14A601A6822F02C
:10557000F00242F060021A601A6842F001021A60FA
:105580001A689107FCD500229A609A6812F00C0202
:10559000FBD1D3F8901011F4407F1EBF4FF480313F
:1055A000C3F89010C3F8902061221A601A6892071D
:1055B000FCD500229A609A6812F00C0FFBD1692288
:1055C0001A60D3F8942022F4706242F4C062C3F8E7
:1055D00094201A6842F480321A601A689003FCD54D
:1055E000D3F8902022F00322C3F89020194ADA6001
:1055F0001A6842F080721A601A689101FCD5164A46
:105600001A611A6842F080621A601A681201FCD5A9
:1056100000229A600D49114AC3F888200A6822F0D6
:10562000070242F004020A600A6802F00702042A34
:10563000FAD19A6842F003029A609A6802F00C026A
:105640000C2AFAD1704700BF00100240002002402F
:105650000070004003140001000C10005555013487
:10566000074A08B5536903F00103536123B1054AA2
:1056700013680BB150689847BDE80840FFF778B948
:1056800000040140843A0020074A08B5536903F03A
:105690000203536123B1054A93680BB1D068984760
:1056A000BDE80840FFF764B900040140843A0020D7
:1056B000074A08B5536903F00403536123B1054A4F
:1056C00013690BB150699847BDE80840FFF750B91E
:1056D00000040140843A0020074A08B5536903F0EA
:1056E0000803536123B1054A93690BB1D069984708
:1056F000BDE80840FFF73CB900040140843A0020AF
:10570000074A08B5536903F01003536123B1054AF2
:10571000136A0BB1506A9847BDE80840FFF728B9F3
:1057200000040140843A0020164B10B55C6904F473
:1057300078725A61A30604D5134A936A0BB1D06AF2
:105740009847600604D5104A136B0BB1506B98470D
:10575000210604D50C4A936B0BB1D06B9847E20538
:1057600004D5094A136C0BB1506C9847A30504D5B6
:10577000054A936C0BB1D06C9847BDE81040FFF719
:10578000F7B800BF00040140843A0020194B10B55F
:105790005C6904F47C425A61620504D5164A136DB3
:1057A0000BB1506D9847230504D5134A936D0BB187
:1057B000D06D9847E00404D50F4A136E0BB1506EBC
:1057C0009847A10404D50C4A936E0BB1D06E98474C
:1057D000620404D5084A136F0BB1506F9847230435
:1057E00004D5054A936F0BB1D06F9847BDE81040C0
:1057F000FFF7BEB800040140843A002008B5FFF767
:1058000051FEBDE80840FFF7B3B80000062108B517
:105810000846FFF7EBF806210720FFF7E7F8062117
:105820000820FFF7E3F806210920FFF7DFF806213B
:105830000A20FFF7DBF806211720FFF7D7F806212B
:105840002820FFF7D3F8BDE8084007211C20FFF708
:10585000CDB8000008B5FFF739FE00F007F8FFF7F4
:10586000FBFDBDE80840FFF739BD00000023054AF5
:1058700019460133102BC2E9001102F10802F8D1D8
:10588000704700BF843A00200B460146184600F0DE
:1058900009B80000024B0A4601461868FFF714BC1D
:1058A0001811002010B5054C13462CB10A460146CC
:1058B0000220AFF3008010BD2046FCE7000000008E
:1058C000024B01461868FFF703BC00BF1811002007
:1058D00010B501390244904201D1002005E003785F
:1058E00011F8014FA34201D0181B10BD0130F2E79F
:1058F0002DE9F041A3B1C91A17780144044603F118
:10590000FF3C8C42204601D9002009E00578BD42C9
:1059100004F10104F5D10CEB0405D618A54201D120
:10592000BDE8F08115F8018D16F801EDF045F5D0D0
:10593000E7E70000034611F8012B03F8012B002ACA
:10594000F9D170476F72672E6172647570696C6F00
:10595000742E4265796F6E64526F626F7469784D10
:105960002D5065726970680040A2E4F16468910688
:105970000041A3E5F26569920700000042616420DE
:1059800043414E496661636520696E6465782E0007
:105990008000000000800000000080000000000087
:1059A0000000000095180008D920000835200008E4
:1059B000D5180008E1180008ED1A0008A51800081D
:1059C000B5180008A9180008B1180008AD1800089B
:1059D000091A0008B918000809240008AD230008B6
:1059E000C9180008DD1900086330000020450008D0
:1059F00090380020603A00206D61696E0069646C27
:105A00006500000000000000F81100000000000028
:105A10000060030000000000FE2A0100D204000024
:105A20001C11002000000000000000000000000029
:105A30000000000000000000000000000000000066
:105A40000000000000000000000000000000000056
:105A50000000000000000000000000000000000046
:105A60000000000000000000000000000000000036
:105A70000000000000000000000000000000000026
:105A800000000000FFFFFFFFB8140308C04500003E
:105A9000C0450000A16A4896C8140308335F00346B
:105AA0005F00355F00365F005F4453484F545F52DC
:105AB000415445005F4453484F545F455343005F92
:105AC0004750494F5F4D41534B005F52435F465330
:105AD0005F4D534B00000000DF020308040000008C
:105AE000D46D030801000106E2020308180000005B
:105AF000D46D0308010002069C5A03082C00000024
:105B0000D46D0308010003069F5A030840000000FB
:105B1000D46D030801000406A25A030854000000D3
:105B2000D46D030801000506A55A030868000000AB
:105B3000D46D03080100060696F802087E000000F6
:105B40000000484200001202A85A0308800000002A
:105B50000000000000001701B45A03088100000093
:105B60000000000000001801BF5A03088400000074
:105B70000000000000001A03CA5A03088800000051
:105B80000000000000002C030AFF020800000000D3
:105B9000000000000000FF00426F6F74696E672014
:105BA00025752F25750A0000FFFFFFFFFFFF00008E
:105BB000DF02030800000000486E0308010007062A
:105BC000E202030806000000486E03080100080610
:105BD0009C5A03080C000000486E030801000906E7
:105BE0009F5A030812000000486E030801000A06CD
:105BF000A25A030818000000486E030801000B06B3
:105C0000A55A03081E000000486E030801000C0698
:105C10000AFF020800000000000000000000FF0072
:105C20004261642043414E496661636520696E6448
:105C300065782E00800000000080000000008000D9
:105C40000000000000000000BDEE000839A20108BD
:105C500095A10108019801080D980108CD9B010844
:105C60004D990108D9970108DDEE0008E1EE000822
:105C7000ED970108D5970108EDEE0008C99A0108D3
:105C8000DD9701087DEF0008F5EE0008F5970108A3
:105C9000999A01084932433A25753A2530327800FD
:105CA000493243257520636C6F636B2025756B4803
:105CB0007A0A00004932433A206E6F74206F776E83
:105CC0006572206F66203078257820666F722061BB
:105CD000646472203078253032780A0000000000B9
:105CE000000000000000000000000000BDA401084A
:105CF00019C0010819C00108C1A40108D1A40108F4
:105D0000D5A40108D9A40108DDA4010819C001081F
:105D100019C0010819C00108F5A40108F9A4010877
:105D200011A5010819A5010825A5010829A5010843
:105D30002DA501083C640020020403000D04004866
:105D40000E040048000000000000000071A70108D8
:105D500059A501086DA501085DA501080000000016
:105D600000000000A9A50108C9A5010831A5010886
:105D700041A5010829A90108C1A40108D1A401086D
:105D8000D5A40108D9A40108DDA4010845A501088E
:105D900089A50108A1A50108F5A40108F9A4010835
:105DA00011A5010819A5010825A5010829A50108C3
:105DB00039A5010855A501084DA5010800000000FE
:105DC0000000000001AA0108F9A90108E5A90108DD
:105DD000EDA9010809080108C9270108444D4156E9
:105DE000310A00444D413D2531753A253175205425
:105DF000583D25387520554C434B3D25387520437B
:105E00004C434B3D25387520434F4E543D25342E91
:105E1000316625250A00000049535220666C6F6FD9
:105E200064206F6E2070696E202575005265747253
:105E300079696E672070696E2025642061667465DB
:105E4000722049535220666C6F6F640050696E2057
:105E500025752064697361626C656420284953521A
:105E600020666C6F6F6429000201030000000000CF
:105E70000000000091B0010815AF01082DAF010826
:105E800051AF01080000000000000000B5AF01089C
:105E9000F5AF010899AE0108CDAE010851B0010877
:105EA000EDAE010871AF010885AF0108D9AF010857
:105EB000A5B00108D5B00108E5B30108B5B30108E4
:105EC000FDB2010811AF010855B1010819B201086E
:105ED00041505F506572697068000000000000006A
:105EE0000000000019C001080000000000000000D0
:105EF00045B5010849B501084DB5010851B501087E
:105F000000000000000000009DB60108B5B60108C1
:105F1000BDA4010855B5010859B5010815B501081A
:105F2000D1A40108D5A40108D9A40108DDA4010861
:105F300061B5010865B5010829B50108F5A4010896
:105F4000F9A4010811A5010819A5010825A5010852
:105F500029A501082DA501085DB5010825B5010891
:105F60002DB50108000000000000000019B601086E
:105F700031B5010835B5010839B501080000000048
:105F800000000000F1B50108E9B50108E5B5010818
:105F9000C1B5010895B501088DB5010885B50108A1
:105FA000000000000000000049B8010853746F723F
:105FB0006167653A205573696E6720666C61736826
:105FC00020706167657320257520616E64202575DA
:105FD0000A00556E61626C6520746F20696E697489
:105FE00020666C6173682073746F7261676500006E
:105FF000496E697469616C697365642053746F726A
:1060000061676520747970653D25640A00000000B1
:1060100053746F726167653A206661696C656420CC
:1060200061742025753A257520666F7220257520CC
:106030002D2072652D696E69742025750A00000097
:10604000000000000000000039BB010855BB01083A
:106050002DBC01085DBC0108E9BC01085DBB01085D
:106060003DBB01082A253032580D0A004E6F7420BE
:10607000656E6F75676820636865636B6564207221
:10608000656769737465727320666F7220726567E5
:1060900020307825303278206F6E20646576696311
:1060A0006520307825780A002C76D888674F082339
:1060B000C1DFAE59B1B796E5E453C63A5199769629
:1060C000E6C28426898C9B62407C6FFCBC9C9F400E
:1060D000BAA56FA590055A2A5C936B6C676DC11BBE
:1060E000E0E40D47F520E6B5D0ED902E009435772D
:1060F0000080841E0000204E000000C8333333337C
:10610000986E128341EF8D21893BE655CFFEE6DB89
:10611000D1844B38F77C1D90A4BBE4243284725E9A
:106120008100C9F1ECA1E53DDCDFE1E3E6E8EBED60
:10613000EFF2F4F7F9FCFE000305080A0C0F111446
:1061400016181B1D2022242700000000000000005C
:1061500015C601081DC60108E5A9010809C6010800
:106160002DC6010831C60108000000000000000033
:106170007DF5000899F500086DF20008DDF20008D1
:10618000B9F20008F9F2000899F2000885F2000857
:1061900009F30008C9F300084DC6010845C6010807
:1061A00045C601081DF2000829F200082DF200087A
:1061B00031F2000835F2000839F200083DF200081B
:1061C00041F2000845F20008D9F2000849F200083F
:1061D00051F2000855F2000859F200085DF200087B
:1061E00061F2000865F2000869F200083DC6010886
:1061F00051C6010855C6010841C6010841C601083B
:1062000049C6010845C6010800002110422063303C
:106210008440A550C660E770088129914AA16BB1FE
:106220008CC1ADD1CEE1EFF13112100273325222A6
:10623000B5529442F772D662399318837BB35AA34E
:10624000BDD39CC3FFF3DEE3622443342004011476
:10625000E664C774A44485546AA54BB5288509959E
:10626000EEE5CFF5ACC58DD5533672261116300646
:10627000D776F6669556B4465BB77AA719973887EE
:10628000DFF7FEE79DD7BCC7C448E5588668A77806
:106290004008611802282338CCC9EDD98EE9AFF93E
:1062A000488969990AA92BB9F55AD44AB77A966AE6
:1062B000711A500A333A122AFDDBDCCBBFFB9EEB8E
:1062C000799B588B3BBB1AABA66C877CE44CC55CB6
:1062D000222C033C600C411CAEED8FFDECCDCDDDDE
:1062E0002AAD0BBD688D499D977EB66ED55EF44E86
:1062F000133E322E511E700E9FFFBEEFDDDFFCCF2E
:106300001BBF3AAF599F788F8891A981CAB1EBA181
:106310000CD12DC14EF16FE18010A100C230E320FD
:106320000450254046706760B9839893FBA3DAB3A5
:106330003DC31CD37FE35EF3B1029012F322D2324D
:106340003542145277625672EAB5CBA5A895898575
:106350006EF54FE52CD50DC5E234C324A01481049D
:106360006674476424540544DBA7FAB79987B89745
:106370005FE77EF71DC73CD7D326F2369106B016ED
:1063800057667676154634564CD96DC90EF92FE905
:10639000C899E9898AB9ABA944586548067827683D
:1063A000C018E1088238A3287DCB5CDB3FEB1EFBE5
:1063B000F98BD89BBBAB9ABB754A545A376A167A8D
:1063C000F10AD01AB32A923A2EFD0FED6CDD4DCDB5
:1063D000AABD8BADE89DC98D267C076C645C454CDD
:1063E000A23C832CE01CC10C1FEF3EFF5DCF7CDF85
:1063F0009BAFBABFD98FF89F176E367E554E745E2D
:10640000932EB23ED10EF01E0000000096300777AA
:106410002C610EEEBA51099919C46D078FF46A7098
:1064200035A563E9A395649E3288DB0EA4B8DC79B8
:106430001EE9D5E088D9D2972B4CB609BD7CB17E38
:10644000072DB8E7911DBF906410B71DF220B06A08
:106450004871B9F3DE41BE847DD4DA1AEBE4DD6D18
:1064600051B5D4F4C785D38356986C13C0A86B6418
:106470007AF962FDECC9658A4F5C0114D96C066338
:10648000633D0FFAF50D088DC8206E3B5E10694C18
:10649000E44160D5727167A2D1E4033C47D4044B58
:1064A000FD850DD26BB50AA5FAA8B5356C98B24238
:1064B000D6C9BBDB40F9BCACE36CD832755CDF45B8
:1064C000CF0DD6DC593DD1ABAC30D9263A00DE51E8
:1064D0008051D7C81661D0BFB5F4B42123C4B356D8
:1064E0009995BACF0FA5BDB89EB802280888055F58
:1064F000B2D90CC624E90BB1877C6F2F114C6858B8
:10650000AB1D61C13D2D66B69041DC760671DB01A5
:10651000BC20D2982A10D5EF8985B1711FB5B60677
:10652000A5E4BF9F33D4B8E8A2C9077834F9000FB7
:106530008EA8099618980EE1BB0D6A7F2D3D6D0857
:10654000976C6491015C63E6F4516B6B62616C1C47
:10655000D83065854E0062F2ED95066C7BA5011B77
:10656000C1F4088257C40FF5C6D9B06550E9B71217
:10657000EAB8BE8B7C88B9FCDF1DDD62492DDA15D7
:10658000F37CD38C654CD4FB5861B24DCE51B53AF7
:106590007400BCA3E230BBD441A5DF4AD795D83DF7
:1065A0006DC4D1A4FBF4D6D36AE96943FCD96E3437
:1065B000468867ADD0B860DA732D0444E51D033317
:1065C0005F4C0AAAC97C0DDD3C710550AA41022727
:1065D00010100BBE86200CC925B56857B3856F20F7
:1065E00009D466B99FE461CE0EF9DE5E98C9D92957
:1065F0002298D0B0B4A8D7C7173DB359810DB42E97
:106600003B5CBDB7AD6CBAC02083B8EDB6B3BF9AE2
:106610000CE2B6039AD2B1743947D5EAAF77D29D6E
:106620001526DB048316DC73120B63E3843B64944E
:106630003E6A6D0DA85A6A7A0BCF0EE49DFF09934E
:1066400027AE000AB19E077D44930FF0D2A30887BE
:1066500068F2011EFEC206695D5762F7CB6765806E
:1066600071366C19E7066B6E761BD4FEE02BD3896E
:106670005A7ADA10CC4ADD676FDFB9F9F9EFBE8ECE
:1066800043BEB717D58EB060E8A3D6D67E93D1A10E
:10669000C4C2D83852F2DF4FF167BBD16757BCA6EE
:1066A000DD06B53F4B36B248DA2B0DD84C1B0AAF8E
:1066B000F64A0336607A0441C3EF60DF55DF67A80E
:1066C000EF8E6E3179BE69468CB361CB1A8366BC9E
:1066D000A0D26F2536E2685295770CCC03470BBBEE
:1066E000B91602222F260555BE3BBAC5280BBDB2EE
:1066F000925AB42B046AB35CA7FFD7C231CFD0B58E
:106700008B9ED92C1DAEDE5BB0C2649B26F263EC7F
:106710009CA36A750A936D02A906099C3F360EEB8D
:106720008567077213570005824ABF95147AB8E24D
:10673000AE2BB17B381BB60C9B8ED2920DBED5E52D
:10674000B7EFDC7C21DFDB0BD4D2D38642E2D4F17D
:10675000F8B3DD686E83DA1FCD16BE815B26B9F60D
:10676000E177B06F7747B718E65A0888706A0FFF6D
:10677000CA3B06665C0B0111FF9E658F69AE62F82D
:10678000D3FF6B6145CF6C1678E20AA0EED20DD72D
:106790005483044EC2B30339612667A7F71660D04D
:1067A0004D476949DB776E3E4A6AD1AEDC5AD6D98D
:1067B000660BDF40F03BD83753AEBCA9C59EBBDEAD
:1067C0007FCFB247E9FFB5301CF2BDBD8AC2BACA5D
:1067D0003093B353A6A3B4240536D0BA9306D7CDCD
:1067E0002957DE54BF67D9232E7A66B3B84A61C4ED
:1067F000021B685D942B6F2A37BE0BB4A18E0CC3AD
:106800001BDF055A8DEF022D25733A2025730A00F0
:10681000436F6E666967204572726F7200000000F8
:106820004E6F20616E616C6F6720766F6C7461676C
:1068300065206368616E6E656C20666F72206261B0
:106840007474657279202564004E6F20616E616CEE
:106850006F672063757272656E74206368616E6E17
:10686000656C20666F722062617474657279202590
:1068700064000000564C545F4F4646534554000098
:1068800020FD0208400000000000A04000000101BF
:1068900029FD0208410000000000C0400000020184
:1068A00032FD0208300000000000A841000003048F
:1068B0003CFD0208340000000000204200000404F7
:1068C00047FD020838000000000000000000050439
:1068D000746803083C00000000000000000006048B
:1068E0000AFF020800000000000000000000FF0096
:1068F00000000000000000003DC80108E9C80108D0
:1069000019C8010841C801088D02010811C8010811
:106910001DC8010805C8010809C8010881C9010886
:10692000B5CB01080DC8010809CA01086DCD0108E1
:106930008DC90108950201089902010800000000B4
:106940000000000000000000000000007DC90108F8
:1069500019C001088D0201089102010819C001083F
:1069600005C8010809C8010881C90108B5CB01089B
:106970000DC8010809CA01086DCD01088DC90108BB
:1069800095020108990201084932435F414444528B
:106990000000000052FD020840000000000000005E
:1069A00000000A018869030841000000000030412E
:1069B00000000B010AFF02080000000000000000B8
:1069C0000000FF00000000000000000000000000C8
:1069D0000000000061CE0108C9CE01088D02010847
:1069E00091020108AD0201089D020108A5020108FB
:1069F00081C90108B5CB0108B1CE010809CA010857
:106A00006DCD0108B1020108950201089902010843
:106A10005DCE010885D0010819C00108486974617C
:106A2000636869206D6178656C6C0000000000008F
:106A300000000000B5D10108B9D1010861CE0108FC
:106A4000C9CE01088D02010891020108AD020108BA
:106A50009D020108A502010881C90108B5CB010802
:106A6000B1CE010809CA01086DCD0108B1020108C3
:106A700095020108990201085DCE010885D0010840
:106A800051D201080000000000000000D5D3010829
:106A900009D5010861CE0108C9CE01088D0201089F
:106AA00091020108AD0201089D020108A50201083A
:106AB00081C90108B5CB0108B1CE010809CA010896
:106AC0006DCD0108B1020108950201089902010883
:106AD0005DCE010885D00108D9D30108000000006F
:106AE0000000000035D50108C1D5010861CE0108BC
:106AF000C9CE01088D02010891020108AD0201080A
:106B00009D020108A502010881C90108B5CB010851
:106B1000B1CE010809CA01086DCD0108B102010812
:106B200095020108990201085DCE010839D50108D6
:106B300051D201080000000000000000CDD501087E
:106B4000FDD50108D1D50108C9CE01088D02010883
:106B500091020108AD0201089D020108A502010889
:106B600081C90108B5CB0108B1CE010809CA0108E5
:106B70006DCD0108B10201089502010899020108D2
:106B80005DCE010885D00108ADD7010800000000E6
:106B90000000000025DE0108F1DE010851DF0108D8
:106BA00041DE010899DE010819DE01081DDE010839
:106BB00021DE010841554156204149525350454577
:106BC000445B25755D3A206E6F2073656E736F723E
:106BD00020666F756E64206F6E2062757320257558
:106BE00000415541562041495253504545445B258B
:106BF000755D3A20466F756E642062757320257549
:106C00002061646472203078253032780000000002
:106C10000000000000000000E1E0010891E101082F
:106C2000D9E40108FDE0010861E1010819DE01086D
:106C30001DDE010821DE0108000000000000000048
:106C4000000000000000000019C00108ADE50108C7
:106C500019C0010819DE01081DDE010821DE010846
:106C6000000000000000000029E60108EDE6010830
:106C700089E7010845E6010899E6010819DE0108DF
:106C80001DDE010821DE01084D53343532355B2508
:106C9000755D3A206E6F2073656E736F7220666F3C
:106CA000756E64004D53343532355B25755D3A2081
:106CB000466F756E6420627573202575206164646B
:106CC000722030782530327800000000000000008B
:106CD00000000000D9E801089DE9010889EC0108DD
:106CE000F5E8010849E9010819DE01081DDE01087F
:106CF00021DE0108283646004D53353532353A201D
:106D0000435243206D69736D617463682030782548
:106D1000303478203078253034780A004D533535BA
:106D200032355B25755D3A20466F756E64206F6E57
:106D30002062757320257520616464722030782587
:106D4000303278004D53353532355B25755D3A204C
:106D50006E6F2073656E736F7220666F756E640060
:106D60000000000000000000DDED0108A1EE0108B8
:106D700079EF0108F9ED01084DEE010819DE01086F
:106D80001DDE010821DE0108212223000000000091
:106D900000000000A9F2010819F3010831F601080A
:106DA000C1F40108C5F2010819DE01081DDE010861
:106DB00021DE01084D494E004D4158005452494DC5
:106DC0000052455645525345440046554E4354499A
:106DD0004F4E0000B46D030800000000008089449D
:106DE00000000102B86D0308020000000080ED44BD
:106DF00000000202BC6D0308040000000080BB44D8
:106E000000000302C16D030806000000000000003E
:106E100000000401CA6D0308080000000000000023
:106E2000000005020AFF0208000000000000000048
:106E30000000FF0044454641554C5400494E56451C
:106E40005254454400000000CA6D030800000000D1
:106E500000000000040001012EFD020802000000F5
:106E6000000080BF00000202346E0308040000002E
:106E700000000000000003013C6E03080500000054
:106E800000000000000004010AFF020800000000EA
:106E9000000000000000FF004F7574206F66206145
:106EA0006E616C6F67206368616E6E656C730A005B
:106EB0004661696C656420746F20616C6C6F6361FE
:106EC00074652041444320444D41206275666665E7
:106ED000720000000F0F00003333533A101000000F
:106EE0003333533A000000000000000055FA010857
:106EF0004DFA01081DFB010871FC0108ADFC0108F9
:106F000091FC010800000000000000004DFC010899
:106F1000B1FA01082DFA010835FA01083DFA010815
:106F200045FA01084932432575005350492575003B
:106F30004661696C656420746F2063726561746575
:106F40002062757320746872656164202573000087
:106F50000000000000000000FD000208E50002083B
:106F6000590102080D0102081D01020895010208DD
:106F7000ED000208F5000208E90002080501020818
:106F800052434F75743A20496E697469616C697334
:106F9000696E670052434F75743A204E6F6E6500FC
:106FA00052434F75743A00004368616E2025692C86
:106FB0002025733A202573004368616E20256920DF
:106FC000746F2025692C2025733A2025730000005A
:106FD0006661696C656420746F20616C6C6F6361BD
:106FE000746520444D41006661696C656420746F6E
:106FF00020616C6C6F6361746520444D4120627543
:1070000066666572006661696C656420746F206DE8
:107010006174636820636C6F636B20737065656473
:107020000000000054494D455256310A0054494D64
:10703000252D327520434C4B3D2534754D687A2003
:107040004D4F44453D25357320465245513D253829
:1070500075205447543D2538750A00006661696CF7
:1070600065642C206E6F20444D410000F049020001
:10707000E0930400C0270900804F120000350C0087
:1070800060E3160000350C00000000000000000066
:10709000B1060208790D0208610A0208850A020891
:1070A000B10A020851130208212702081527020815
:1070B000050202082D2702082102020829020208FF
:1070C00021030208B913020891020208E50302082D
:1070D000A9020208B9020208410302082D030208AE
:1070E00039030208CD010208D1010208DD010208BE
:1070F000E101020829030208E5010208E90F02087C
:107100009D1A0208791B0208811F0208091F020844
:10711000E10202081504020839020208A903020864
:1071200015030208292602080D0202082506020896
:10713000E9010208ED010208ED050208FD0102085F
:10714000F9270208F1010208ED0A0208A523020846
:10715000ED0B0208C11C0208F5010208F901020842
:10716000310202084F7574206F662074696D657274
:107170002070726F6365737365730A0072636F7555
:107180007400000050414E49433A207363686564BF
:10719000756C65723A3A7365745F73797374656D73
:1071A0005F696E697469616C697A65642063616C9A
:1071B0006C65646D6F7265207468616E206F6E63BC
:1071C000650000004F7574206F6620494F20707273
:1071D0006F6365737365730A0000000074696D6501
:1071E00072000000696F0000000000000000000055
:1071F000DD280208AD2902088D2B02086929020842
:10720000092D0208452B0208A52B020869F1000888
:107210005DF10008492A0208C52B020895280208DA
:10722000692B020891280208BD2A020865F10008AE
:1072300095290208812B0208852B020871F10008AC
:10724000992C020800B601B402B503B004B205B52A
:1072500006B5073C08B1093A0A3C0B3B0C020D3C51
:10726000554152545F525800436F756C64206E6FE5
:1072700074206372656174652055415254205258E0
:1072800020746872656164004F544725317500555C
:1072900041525425317500436F756C64206E6F74D4
:1072A0002063726561746520554152542054582002
:1072B000746872656164000064697361626C696E10
:1072C0006720666C6F7720636F6E74726F6C206FCF
:1072D0006E2073657269616C2025750A00000000DC
:1072E000C06400200100010D02000000010C00003C
:1072F00002000000060400480704004800000000E7
:1073000000000000FF00FF0000FF000024650020D7
:107310000200000000000000010600000200000062
:1073200002000048030000480000000000000000C8
:10733000FF00FF0000FF0000886500200300000040
:107340000000000000000000000000000A040048E7
:107350000B0400480000000000000000FF00FF00D8
:1073600000FF000000000000000000007DF50008A4
:1073700099F500086DF20008DDF20008B9F2000886
:10738000F9F2000899F2000885F2000809F30008F4
:10739000C9F3000841300208412F0208A12F02085A
:1073A0008D4202089D2F020821310208112F020888
:1073B000A9320208713302082D3002085930020840
:1073C00045F200085D2F0208192F0208312F02082C
:1073D000352F0208653402081D340208552F0208B3
:1073E000592F02087132020875360208D533020897
:1073F000453E0208D12F0208C5330208B12F02080A
:10740000F53D020840524F4D46532F646566617545
:107410006C74732E7061726D000000006661696C9F
:10742000656420746F2066696E642025730A0042CB
:107430006F6F746C6F616465722075702D746F2D41
:10744000646174650A0045726173696E670A00457C
:1074500072617365202575206661696C65640A0038
:10746000466C617368696E6720257320402530384B
:10747000780A00466C617368206661696C656421F6
:107480002028617474656D70743D25752F257529EC
:107490000A00466C617368204F4B0A00466C6173AA
:1074A00068206661696C6564206166746572202578
:1074B0007520617474656D7074730A0025732025DE
:1074C0003032582530325825303258253032582045
:1074D0002530325825303258253032582530325830
:1074E0002025303258253032582530325825303258
:1074F000580000005468726561647356320A49533B
:107500005220202020202020202020205052493DA1
:107510003235352073703D257020535441434B3D27
:1075200025752F25750A00252D31332E3133732013
:107530005052493D2533752073703D2570205354BA
:1075400041434B3D25752F25750A00004D656D495A
:107550006E666F56310A0053544152543D307825BF
:10756000303878204C454E3D2533756B20465245CA
:10757000453D253675204C52473D253675205459DA
:1075800050453D2531750A00000000000000000054
:1075900081490208B1470208DDF30008E1F3000861
:1075A000E5F3000859440208E9F30008B944020869
:1075B0007945020881450208854502080947020805
:1075C00099440208EDF3000861440208C944020826
:1075D000F5F30008F9F30008B94802088D440208E1
:1075E000D548020889440208FDF30008B54702089F
:1075F000414802084948020801F4000805F400085F
:107600006D440208194902088144020885440208B1
:10761000556E6B6E6F776E0025732025733A257556
:107620000025732025733A25752D2575000000006F
:1076300050574D004F6E6553004F53313235004265
:107640007275736800445331353000445333303021
:1076500000445336303000445331323030004E65F0
:107660006F500050726F66694C4544009B6F030871
:107670003076030834760308397603083F7603082A
:10768000457603084B7603085176030857760308BE
:107690005E760308637603085E760308286E756CD1
:1076A0006C2900000A00000064000000E8030000EC
:1076B00010270000A086010040420F00809698002D
:1076C00000E1F50500CA9A3B0000000000000240FE
:1076D0000800024001000000A800024000000B006A
:1076E000000002401C00024002000000A80002400E
:1076F00004010C00000002403000024004000000C1
:10770000A800024008020D000000024044000240B0
:1077100008000000A80002400C030E000000024018
:107720005800024010000000A800024010040F00A2
:10773000000002406C00024020000000A80002404F
:1077400014051000000002408000024040000000CC
:10775000A80002401806110000040240080402407C
:1077600080000000A8040240000738000004024026
:107770001C04024000010000A80402400408390073
:10778000000402403004024000020000A80402404D
:1077900008093A00000402404404024000040000CA
:1077A000A80402400C0A3B000004024058040240B6
:1077B00000080000A8040240100B3C000004024036
:1077C0006C04024000100000A8040240140C4400A5
:1077D000000402408004024000200000A80402408F
:1077E000180D450000960000000000000000000099
:1077F0000000000000000000000000000000000089
:10780000B5790208A1790208DD790208C979020870
:10781000D5790208C1790208AD7902089979020880
:10782000E97902086D61696E002C043804023C0895
:107830000C10141C20242526000000000000640207
:107840000100040000000000000C0010283034008B
:10785000633000005078030800040020000E002070
:1078600090720020807400206E6F6E616D65000064
:107870000001002000FF00000100000069646C6549
:10788000000000000000004B000000CBDB0F49BFF0
:10789000E4CB1640E4CB16C000000080DB0F49406B
:1078A000DB0F49C000000000000000800000000065
:1078B000000FC93F000F494000CB9640000FC94060
:1078C0000053FB4000CB164100ED2F41000F494112
:1078D0000031624100537B41003A8A4100CB96411E
:1078E000005CA34100EDAF41007EBC41000FC941E7
:1078F00000A0D5410031E24100C2EE410053FB41FE
:1079000000F20342003A0A420083104200CB1642C2
:1079100000141D42005C234200A5294200ED2F42C5
:1079200000363642007E3C4200C74242000F4942C8
:10793000A2000000F9000000830000006E000000BB
:107940004E00000044000000150000002900000067
:10795000FC0000002700000057000000D1000000DC
:10796000F500000034000000DD000000C000000051
:10797000DB0000006200000095000000990000009C
:107980003C000000430000009000000041000000A7
:10799000FE0000005100000063000000AB0000008A
:1079A000DE000000BB000000C50000006100000018
:1079B000B7000000240000006E0000003A00000044
:1079C000420000004D000000D2000000E000000076
:1079D00006000000490000002E000000EA00000040
:1079E00009000000D1000000920000001C0000000F
:1079F000FE0000001D000000EB0000001C00000065
:107A0000B100000029000000A70000003E000000B7
:107A1000E80000008200000035000000F5000000D2
:107A20002E000000BB0000004400000084000000A5
:107A3000E90000009C00000070000000260000002B
:107A4000B40000005F0000007E0000004100000064
:107A50003900000091000000D6000000390000004D
:107A6000830000005300000039000000F400000013
:107A70009C000000840000005F0000008B000000FC
:107A8000BD000000F9000000280000003B000000DD
:107A90001F000000F800000097000000FF00000039
:107AA000DE00000005000000980000000F0000004C
:107AB000EF0000002F000000110000008B0000000C
:107AC0005A0000000A0000006D0000001F000000C6
:107AD0006D000000360000007E000000CF000000B6
:107AE00027000000CB00000009000000B7000000E4
:107AF0004F000000460000003F000000660000004C
:107B00009E0000005F000000EA0000002D00000061
:107B10007500000027000000BA000000C700000048
:107B2000EB000000E5000000F10000007B00000019
:107B30003D0000000700000039000000F7000000D1
:107B40008A0000005200000092000000EA000000DD
:107B50006B000000FB0000005F000000B1000000AF
:107B60001F0000008D0000005D0000000800000004
:107B70005600000003000000300000004600000036
:107B8000FC0000007B0000006B000000AB00000068
:107B9000F0000000CF000000BC000000200000004A
:107BA0009A000000F4000000360000001D000000F4
:107BB000A9000000E3000000910000006100000047
:107BC0005E000000E60000001B000000080000004E
:107BD0006500000099000000850000005F000000C3
:107BE00014000000A0000000680000004000000039
:107BF0008D000000FF000000D800000080000000A1
:107C00004D0000007300000027000000310000005C
:107C100006000000060000001500000056000000ED
:107C2000CA00000073000000A8000000C9000000A6
:107C300060000000E20000007B000000C0000000C7
:107C40008C0000006B0000000000C93F0000F0390C
:107C50000000DA370000A2330000842E0000502B11
:107C60000000C2270000D0220000C41F0000C61B75
:107C70000000441704000000070000000900000095
:107C80003863ED3EDA0F493F5E987B3FDA0FC93F1C
:107C90006937AC3168212233B40F14336821A23321
:107CA0000000004B000000CBF80E0020494E4600BB
:107CB0004E414E0030313233343536373839414257
:107CC0004344454600303132333435363738396134
:107CD000626364656600000035000000CEFBFFFFB4
:107CE000CB03000001000000000000003400000091
:107CF000CEFBFFFFCB0300000100000000000000EE
:107D0000BC89D897B2D29C3C33A7A8D523F6493971
:107D10003DA7F444FD0FA5329D978CCF08BA5B2593
:107D2000436FAC642806681100202020202020200A
:107D3000202028282828282020202020202020201B
:107D4000202020202020202020881010101010102B
:107D50001010101010101010100404040404040477
:107D60000404041010101010101041414141414111
:107D700001010101010101010101010101010101F3
:107D80000101010110101010101042424242424203
:107D900002020202020202020202020202020202C3
:107DA000020202021010101020000000000000006B
:107DB00000000000000000000000000000000000C3
:107DC00000000000000000000000000000000000B3
:107DD00000000000000000000000000000000000A3
:107DE0000000000000000000000000000000000093
:107DF0000000000000000000000000000000000083
:107E00000000000000000000000000000000000072
:107E10000000000000000000000000000000000062
:107E2000000000000000000000000000496E6669CC
:107E30006E697479004E614E005245454E54206D76
:107E4000616C6C6F63207375636365656465640062
:107E50002F6D6E742F776F726B73706163652F7700
:107E60006F726B73706163652F4743432D31302D03
:107E7000706970656C696E652F6A656E6B696E738B
:107E80002D4743432D31302D706970656C696E65E7
:107E90002D34385F32303230313132345F31363068
:107EA000363138303634312F7372632F6E65776C0C
:107EB00069622F6E65776C69622F6C6962632F73DC
:107EC00074646C69622F64746F612E630042616C2C
:107ED0006C6F63207375636365656465640000009F
:107EE0002F6D6E742F776F726B73706163652F7770
:107EF0006F726B73706163652F4743432D31302D73
:107F0000706970656C696E652F6A656E6B696E73FA
:107F10002D4743432D31302D706970656C696E6556
:107F20002D34385F32303230313132345F313630D7
:107F3000363138303634312F7372632F6E65776C7B
:107F400069622F6E65776C69622F6C6962632F734B
:107F500074646C69622F6764746F612D67657468FF
:107F600065782E6300000000325C03080AFF0208F7
:107F7000580F0020504F5349580000002F6D6E7469
:107F80002F776F726B73706163652F776F726B738E
:107F9000706163652F4743432D31302D70697065E3
:107FA0006C696E652F6A656E6B696E732D4743430E
:107FB0002D31302D706970656C696E652D34385FB8
:107FC00032303230313132345F3136303631383060
:107FD0003634312F7372632F6E65776C69622F6E42
:107FE00065776C69622F6C6962632F7374646C6966
:107FF000622F6D707265632E630000000080E037B1
:1080000079C34143176E05B5B5B89346F5F93FE915
:10801000034F384D321D30F94877825A3CBF737F89
:10802000DD4F1575000000000000F03F000000006B
:108030000000244000000000000059400000000043
:1080400000408F40000000000088C3400000000096
:10805000006AF8400000000080842E41000000000B
:10806000D01263410000000084D797410000000057
:1080700065CDCD41000000205FA00242000000E875
:1080800076483742000000A2941A6D42000040E595
:108090009C30A2420000901EC4BCD6420000342690
:1080A000F56B0C430080E03779C3414300A0D885CD
:1080B0005734764300C84E676DC1AB43003D9160B5
:1080C000E458E143408CB5781DAF154450EFE2D63B
:1080D000E41A4B4492D54D06CFF08044F64AE1C7EE
:1080E000022DB544B49DD9794378EA4405000000D7
:1080F000190000007D0000002C2066756E63746915
:108100006F6E3A2000617373657274696F6E20221E
:10811000257322206661696C65643A2066696C6526
:1081200020222573222C206C696E6520256425731E
:1081300025730A00232D302B2000686C4C006566E7
:1081400067454647000000000000000000000000F6
:10815000000000000000000000000000000000001F
:10816000000000000000000000000000000000000F
:1081700000000000000000000000000000000000FF
:1081800000000000000000000000000000000000EF
:1081900000000000000000000000000000000000DF
:1081A0000000000000000000682DFD7F01000000BD
:1081B00001000000FE2A0100D204000001000000BE
:1081C00000000000000000000100000001FB0208A8
:1081D000000000000100000001000000E4010308AD
:1081E000000000000A00000001000000EE0103088A
:1081F000000000000C00000001000000FD01030869
:10820000000000000E000000020000000C02030845
:10821000000000000F000000020000001902030827
:108220000000000010000000050000002602030806
:108230000000000011000000050000002F020308EC
:1082400000000000120000000200000038020308D5
:1082500000000000130000000200000046020308B6
:108260000000000017000000010000005402030895
:108270000000000018000000010000006202030876
:1082800069AE0108F05E03083F3E3D3C3B3A393899
:1082900037363534030000000600000008000000F7
:1082A000FF000000F80E00200000000068810308B5
:1082B00088810308488103080000000000000000D6
:1082C00000000000000000000000000000000000AE
:1082D000000000000000000000000000000000009E
:1082E000000000000000000000000000000000008E
:1082F000000000000000000000000000000000007E
:108300000000000000000000FF000000430000002B
:10831000000000000000000000000000000000005D
:10832000000000000000000000000000430000000A
:10833000000000000000000000000000000000003D
:1083400000000000000000000000000043000000EA
:10835000000000000000000000000000000000001D
:1083600000000000000000000000000043000000CA
:1083700000000000000000000000000000000000FD
:1083800000000000000000000000000043000000AA
:1083900000000000000000000000000000000000DD
:1083A000000000000000000000000000430000008A
:1083B00000000000000000000000000000000000BD
:1083C000000000000000000000000000430000006A
:1083D000000000000000000000000000000000009D
:1083E000000000000000000000000000E9EB0208AF
:1083F0002DE2020800000000287D0308325C03081B
:108400000AFF02080AFF02080AFF02080AFF020820
:108410000AFF02080AFF02080AFF02080AFF020810
:108420000AFF0208FFFFFFFFFFFFFFFFFFFFFFFF45
:10843000FFFF0000010041534349490000000000D4
:10844000000000000000000000000000000000002C
:1084500000000000000041534349490000000000B3
:10846000000000000000000000000000000000000C
:08847000000000000000000004
:00000001FF
