:020000040800F2
:1000000000090020B1010008952300084D230008D5
:10001000752300084D2300086D230008B301000874
:10002000B3010008B3010008B3010008413400081F
:10003000B3010008B3010008B3010008B3010008D0
:10004000B3010008B3010008B3010008B3010008C0
:10005000B3010008B301000899410008C14100083C
:10006000E94100081142000839420008B3010008C4
:10007000B3010008B3010008B3010008B301000890
:10008000B3010008B3010008B30100080123000810
:100090002D2300083D230008B30100086142000839
:1000A000B3010008B3010008B3010008B301000860
:1000B00035430008B3010008B3010008B30100088C
:1000C000B3010008B3010008B3010008B301000840
:1000D000B3010008B3010008B3010008B301000830
:1000E000C5420008B3010008B3010008B3010008CD
:1000F000B3010008B3010008B3010008B301000810
:10010000B3010008B3010008B3010008B3010008FF
:10011000B3010008B3010008B3010008B3010008EF
:10012000B3010008B3010008B3010008B3010008DF
:10013000B3010008B3010008B3010008B3010008CF
:10014000B3010008B3010008B3010008B3010008BF
:10015000B3010008B3010008B3010008B3010008AF
:10016000B3010008B3010008B3010008B30100089F
:10017000B3010008B3010008B3010008B30100088F
:10018000B3010008B3010008B3010008B30100087F
:10019000B3010008B3010008B3010008B30100086F
:1001A000010F000800000000000000000000000037
:1001B00002E000F000F8FEE772B6374880F30888E6
:1001C000364880F3098836483649086040F2000016
:1001D000CCF200004EF63471CEF200010860BFF39D
:1001E0004F8FBFF36F8F40F20000C0F2F0004EF669
:1001F0008851CEF200010860BFF34F8FBFF36F8FBD
:100200004FF00000E1EE100A4EF63C71CEF2000114
:100210000860062080F31488BFF36F8F03F0D8FDC9
:1002200003F05AFE4FF055301F491B4A91423CBF24
:1002300041F8040BFAE71D49184A91423CBF41F8C6
:10024000040BFAE71A491B4A1B4B9A423EBF51F86E
:10025000040B42F8040BF8E700201849184A9142B1
:100260003CBF41F8040BFAE703F0B6FD03F086FE4D
:10027000144C154DAC4203DA54F8041B8847F9E7D7
:1002800000F042F8114C124DAC4203DA54F8041B52
:100290008847F9E703F09EBD000900200011002007
:1002A0000000000808ED00E0000100200009002027
:1002B00040450008001100207C1100208011002022
:1002C000043B0020A0010008A4010008A4010008CC
:1002D000A40100082DE9F04F2DED108AC1F80CD0D3
:1002E000C3689D46BDEC108ABDE8F08F002383F300
:1002F00011882846A047002003F012FAFEE703F019
:100300009BF900DFFEE70000F8B500F00BFE03F0FC
:1003100001FD074603F052FD0646C0BB274B9F4236
:1003200035D001339F4235D0254B27F0FF029A424A
:1003300033D1F8B200F03AFC354642F2107400F0C6
:100340003BFC08B10024254601F0E2F848B3032045
:1003500000F03AF80024254636B11A4B9F4203D0EC
:1003600003F024FD00242546002003F0DDFC0DB140
:1003700000F040F800F054FC02F014F80546ACB967
:1003800000F096FC4FF47A7003F0D0F9F7E73546A9
:100390000024D4E704460125D1E705464FF47A74DA
:1003A000CDE7B4F57A7F08BF0125D5E701F0FAFF64
:1003B000431BA342E4D900F01DF8DDE7010007B0BC
:1003C000000008B0263A09B0084B187003280CD872
:1003D000DFE800F008050208022000F001BE02205C
:1003E00000F0F4BD024B00225A60704780110020DB
:1003F0008411002010B501F08BF830B1234B03229B
:100400001A70234B00225A6010BD224B224A1C4610
:1004100019680131F8D004339342F9D16268A242DD
:10042000F2D31E4B9B6803F1006303F520439A420D
:10043000EAD203F08DFC03F09FFC002000F08CFD5D
:100440000220FFF7C1FF164B9A6D00229A65996F43
:100450009A67996FD96DDA65D96FDA67D96F196EB6
:100460001A66D3F88010C3F88020D3F8803072B6B3
:100470004FF0E0233021C3F8084DD4E9003281F376
:1004800011889D4683F308881047BDE7801100203E
:100490008411002000A0000820A000080011002006
:1004A00000100240094A136849F2690099B21B0C16
:1004B00000FB01331360064B186844F2506182B2AE
:1004C000000C01FB0200186080B27047141100207C
:1004D0001011002010B500211022044600F09AFDF2
:1004E000034B03CB206061601868A06010BD00BFA3
:1004F0009075FF1FF0B5ADF5517D6EAC4FF4C47231
:1005000007460D462046002100F084FD01F04AFF19
:10051000264B4FF47A72B0FBF2F0186093E80700B4
:10052000022384E807000DF5ED702382FFF7D2FF68
:100530004FF611031E49238406A803F097FF2323D7
:1005400084F832310DF2EB2206AB0DF1380C1E4669
:1005500003CE664510605160334602F10802F6D1C1
:100560003188B37893700FAE118020463146012256
:1005700000F09CFD00230393AB7E029305F1190369
:10058000019380B20123CDE904600093E97E05A3C5
:10059000D3E90023384602F023FB0DF5517DF0BD71
:1005A000AFF300809E6AC421818A46EE8C11002040
:1005B0007C4400082DE9F0412C4C237ADAB08046C7
:1005C0000D465BBB27A9284600F096FE074600288B
:1005D00042D19DF89D60C82E3ED801464FF4A662D8
:1005E000204600F017FD4FF48073C4F8F8314FF443
:1005F0000073C4F80C334FF44073C4F8203432460F
:100600000DF19E0104F1090000F0F2FC26449DF872
:100610009C30777223720BB9EB7E2372812200210A
:1006200006AC27A800F0F6FC0122214627A800F01E
:10063000A9FE00230393AB7E029305F1190380B258
:1006400001932823CDE904400093E97E05A3D3E973
:100650000023404602F0C4FA5AB0BDE8F08100BF62
:10066000AFF3008026417272DF25D7B7D421002076
:10067000F0B5254E4FF48A7505FB0065F1B096F88C
:10068000D83085F8DC300024D822214685F8E840AF
:100690003AA800F0BFFC06F1090000F0B3FCD5F861
:1006A000E4308DF8F000C2B206AF06F109010DF199
:1006B000F100CDE93A3400F09BFC394601223AA81A
:1006C00000F096FE80B2CDE9047008230127CDE941
:1006D000023706F1D803019330230093317A0B4897
:1006E00007A3D3E9002302F07BFAA04206DD01F064
:1006F00059FEC5F8E000384671B0F0BD2046FBE772
:1007000078F6339F93CACD8DD4210020A4210020F8
:100710002DE9F0411D4D1E4E1E4F86B0284602F0B9
:100720008BFA034658B30024CDE90344ADF81440D6
:10073000027B8DF8142099684068029403AA03C2D2
:100740001B68DFF8548043F00043029301F02CFE55
:10075000821941F10003009402A9384601F0C0F863
:10076000A04205DD284602F06BFA88F80040D5E784
:1007700098F80030072B05D8013388F8003006B010
:10078000BDE8F081014802F05BFAF8E7A4210020FF
:1007900040420F00102700200927002070B50D46A9
:1007A00014461E4602F078F950B9022E10D1012CE1
:1007B0000ED112A3D3E90023C5E90023012007E0ED
:1007C000282C10D005D8012C09D0052C0FD00020E2
:1007D00070BD302CFBD10BA3D3E90023ECE70BA3B6
:1007E000D3E90023E8E70BA3D3E90023E4E70BA355
:1007F000D3E90023E0E700BFAFF30080401DA12054
:1008000026812A0B78F6339F93CACD8D9E6AC42128
:10081000818A46EE26417272DF25D7B7F017304A3B
:1008200039059E5638B505460E4C0021013500F0BD
:10083000B5FBA4F82C55B4F82C0500F097FB78B163
:10084000B4F82C0500F0A2FB014648B9B4F82C0519
:1008500000F0A4FBB4F82C350133A4F82C35EAE7FA
:1008600038BD00BFD421002010B50A4B0A4A1A60D7
:1008700003F5805393F870203AB9DC6E2CB1204612
:1008800000F0C4FE204601F001F8BDE81040034826
:1008900000F0BCBE10270020DC44000868370020B0
:1008A0002DE9F04F8FB000AF05460C4602F0F4F88A
:1008B00000284BD1237E022B1BD1E38A012B18D1B8
:1008C00001F070FD0646FFF7EDFD03464FF4C870DA
:1008D000DFF8D482B3FBF0F206F5167602FB103394
:1008E00016FA83F3C8F80030E37E33B9A74B002231
:1008F0001A703C37BD46BDE8F08F07F12401204651
:1009000000F0AEFC0028F4D107F11400FFF7E2FD7F
:1009100097F8264007F11401224607F1270003F05B
:1009200073FD0028E2D10F2C08D8984B1C70D8F822
:100930000030A3F51673C8F80030DAE797F82410F2
:100940000029D6D0284602F09FF8D2E7E38A282B68
:1009500033D010D8012B2BD0052BCAD1BFF34F8F2A
:100960008B498C4BCA6802F4E0621343CB60BFF33F
:100970004F8F00BFFDE7302BBBD1874EE17E327A2F
:100980009142B6D1607E3146002291F8DC5085421A
:1009900000F0AD800132042A01F58A71F5D1326888
:1009A00040F6B831FA328A4294BF32603160A0E733
:1009B00021462846FFF79EFD9BE721462846FFF784
:1009C000F9FD96E7B2F8EC507B6005F103094FEAB8
:1009D00099094FEA8902D11DC908A8EBC1039D46B8
:1009E000EB460021584600F015FB04F1EE012A46C3
:1009F0003144584600F0FCFA7B6813B9012000F03E
:100A0000ABFA96F8D20000F0B1FA044630B9307271
:100A100000F0CCFA204600F09FFAB0E0D6F8D420DF
:100A20003AB996F8D200B6F82C25824201D8FFF7E1
:100A3000F9FED6F8D4202A44944208D296F8D2007F
:100A4000B6F82C250130824201D8FFF7EBFE706822
:100A50005FFA89F2594600F0E5FA08B9C54679E02F
:100A6000726896F8D2002A447260D6F8D42005EB5A
:100A70000209C6F8D49000F079FA814509D396F8B6
:100A8000D220D6F8D4000132001B86F8D220C6F856
:100A9000D400FF2D0FD80024347200F087FA2046CE
:100AA00000F05AFA00F034FD3C4B188108B9FFF70A
:100AB000A1FCC5461DE7BB6896F8D9000AFB036296
:100AC000FB68D2F8E41082F8E83001F58061C2F8E2
:100AD000E030C2F8E410FFF7CBFDFFF719FE96F8FF
:100AE000D920013202F0030286F8D920B6E74FF48C
:100AF0008A7A0AFB02F505F1EA013144204600F04A
:100B0000ABFCF86000287FF4F4AE3544012285F890
:100B1000E82001F047FCD5F8E020D6ED007ADFEDC3
:100B2000206A801A192838BF192040F6B83290423E
:100B300028BF1046B8EE677A07EE900AF8EEE77A1B
:100B400067EEA67ADFED176AE7EE267AFCEEE77A23
:100B5000C6ED007A96F8D9307168BB600AFB03F4E1
:100B6000321992F8E8505DB1D2F8E4308B42E84691
:100B70003FF428AF002182F8E810C2F8E010C54623
:100B80007368064A9B0A01331381B2E69D21002057
:100B900000ED00E00400FA05D42100208C110020B3
:100BA000CDCCCC3D6666663FA0210020014B18707D
:100BB000704700BF9811002038B54FF00054144B17
:100BC00022689A4221D1607DF0B1124B124918700F
:100BD0001248237D03724FF48073C0F8F8314FF44C
:100BE0000073C0F80C3300254FF44073C0F8203474
:100BF000C0F8E450C922093000F0FAF9E022294691
:100C0000204600F007FA012038BD0020FCE700BFB5
:100C10009AAD44C59811002016000020D421002070
:100C200037B500F075FC194D1949288102230122BE
:100C300018486B7101F050FA00230193164B1749C5
:100C400000931748174B4FF4805201F0F5FE164BF6
:100C5000197811B1124801F017FF01F0A3FB044607
:100C6000FFF720FC4FF4C873B0FBF3F202FB130351
:100C700004F5167010FA83F00C4B186003F09EF820
:100C800008B10F232B8103B030BD00BF8C110020B1
:100C900040420F00102700209D0700089C110020F3
:100CA000A4210020A108000898110020A021002004
:100CB0002DE9F04F2DED028B0FF23829D9E900898B
:100CC000834C93B00BAE9FED7E8BFFF721FD814FE0
:100CD000DFF828A200230A93ADF834300B93736039
:100CE0004FF0000B5B468DED008B01250DF11D02D1
:100CF00007A938468DF81C508DF81DB001F09AF9FF
:100D00009DF81C30002B40F0A580204601F0C4FE69
:100D10000646002845D1704F01F044FB3B689842DD
:100D20003FD301F03FFB8246FFF7BCFB4FF4C87393
:100D3000B0FBF3F202FB13030AF5167010FA83F00E
:100D40003860664F97F800B0CBF1100ABBF1000F86
:100D500014BF33462B465FFA8AFA0EA88DF8283066
:100D6000FFF7B8FBBAF1060F28BF4FF0060A0EAB2B
:100D700003EB0B0152460DF1290000F039F90AABE3
:100D80000393182302930AF10102554BD2B2CDE925
:100D90000053049220464CA3D3E9002301F0C2FE85
:100DA0003E7001F0FFFA4F4A4F4D1368C31AB3F576
:100DB0007A7F2ED3106001F0F7FA02460B462046E8
:100DC00001F048FF204601F067FE10B32B7A474E32
:100DD000002B14BF03230223737101F0E3FA0EAF5B
:100DE0004FF47A730122B0FBF3F03946306030469D
:100DF00000F00EFA182302933D4B019380B240F2AB
:100E00005513CDE90370009342464B46204601F04E
:100E100089FE2B7A93B101F0C5FA002607464FF4FC
:100E20008A7A95F8D900304400F003000AFB005399
:100E300093F8E82092B30136042EF2D1C82002F0D4
:100E400075FC2B7A002B7FF43DAF13B0BDEC028B09
:100E5000BDE8F08FDAF8143083F00803CAF81430D4
:100E6000594610220EA800F0D5F80DF11E0308AA6D
:100E70000AA9384600F03AFE96E803000FAB83E873
:100E800003009DF834308DF844300A9B0E930EA970
:100E9000DDE90823204602F0B1F821E7D3F8E0208D
:100EA00042B12B68FA2B38BFFA23BA1A0533B2EBDA
:100EB000430FC0D3FFF7DCFB0028BCD1BEE700BF67
:100EC0000000000000000000401DA12026812A0B28
:100ED000A421002010270020A02100209D21002017
:100EE0009C21002004270020D42100208C11002008
:100EF00008270020F1C6A7C1D068080F00040048E9
:100F000008B5054800F090FEBDE80840034A0449D2
:100F1000002003F055BA00BF102700203038002011
:100F20006908000870B502F09DFD094E094D30803A
:100F3000002428683388834208D902F08FFD2B688B
:100F400004440133B4F5204F2B60F2D370BD00BFD1
:100F500024380020F837002002F036BE00F100608F
:100F6000920000F5204002F0B9BD0000054B1A6860
:100F7000054B1B889B1A834202D9104402F06EBDB8
:100F800000207047F837002024380020024B1B68EF
:100F9000184402F069BD00BFF8370020024B1B68FF
:100FA000184402F073BD00BFF8370020064991F8DD
:100FB000243033B10023086A81F824300822FFF777
:100FC000CDBF0120704700BFFC370020022802BFC0
:100FD000024B4FF400229A61704700BF00040048A2
:100FE000022802BF014B08229A61704700040048A2
:100FF00010B50023934203D0CC5CC4540133F9E70D
:1010000010BD000003460246D01A12F9011B002948
:10101000FAD1704702440346934202D003F8011B01
:10102000FAE770472DE9F8431F4D144695F8242040
:101030000746884652BBDFF870909CB395F8243081
:101040002BB92022FF2148462F62FFF7E3FF95F8D6
:101050002400C0F10802A24228BF2246D6B241466F
:10106000920005EB8000FFF7C3FF95F82430A41B26
:101070001E44F6B2082E17449044E4B285F824606A
:10108000DBD1FFF793FF0028D7D108E02B6A03EBF1
:1010900082038342CFD0FFF789FF0028CBD1002005
:1010A000BDE8F8830120FBE7FC3700202DE9F3477A
:1010B0000D46044600219046284640F27912FFF77B
:1010C000A9FF234620220021284601F039FF231DD5
:1010D00002222021284601F033FF631D0322222132
:1010E000284601F02DFFA31D03222521284601F0EB
:1010F00027FF04F1080310222821284601F020FFD1
:1011000004F1100308223821284601F019FF04F1E8
:10111000110308224021284601F012FF04F11203B6
:1011200008224821284601F00BFF04F11403202275
:101130005021284601F004FF04F1180340227021D9
:10114000284601F0FDFE04F120030822B0212846C4
:1011500001F0F6FE04F121030822B821284601F02F
:10116000EFFE04F12207C0263B46314608222846FE
:10117000083601F0E5FEB6F5A07F07F10107F3D1CF
:1011800094F832308DF8073031460DF1070308220C
:10119000284601F0D5FE002604F1330A9DF80730F9
:1011A0004FEAC6099E4209F5A47720D394F832315C
:1011B000502B28BF50238DF80730B8F1000F08D10D
:1011C00039460DF107030722284601F0B9FE09F25E
:1011D0004F17002604F233149DF807309E4207EBA8
:1011E000C6010DD30731C80802B0BDE8F0870AEB8D
:1011F000060308223946284601F0A2FE0136CDE753
:10120000A3190822284601F09BFE0136E4E70000FE
:1012100013B504460846002101602346C0F80310B8
:101220002022019001F08CFE0198231D0222202132
:1012300001F086FE0198631D0322222101F080FE49
:101240000198A31D0322252101F07AFE019804F1E3
:1012500008031022282101F073FE072002B010BD00
:10126000F7B5047F05460E462CB1838A122B02D9AE
:10127000012003B0F0BD002319460722009628463E
:1012800001F022FD731C0093012200230721284650
:1012900001F01AFDD4B9B31C00930522234608219E
:1012A000284601F011FD0D24B378102BE0D8374605
:1012B000B278BB1B934210D32B7FA88A0734E40873
:1012C000B3B9844294BF00200120D2E7AB8ADB008F
:1012D000083BDB08B3700824E6E7FB1C00932146BB
:1012E00000230822284601F0EFFC08340137DFE72D
:1012F000201A18BF0120BCE7F7B5047F05460E464B
:101300002CB1838ACA2B02D9012003B0F0BD00237F
:10131000194600960822284601F0D6FC731CD4B961
:101320000822009311462346284601F0CDFC1024E4
:101330007378C82BE8D8012372785F1C013B934275
:1013400010D32B7FA88A0734E408B3B9844294BF32
:1013500000200120D9E7AB8ADB00083BDB08737073
:101360000824E5E7F31900932146002308222846C4
:1013700001F0AAFC08343B46DEE7201A18BF012022
:10138000C3E70000F7B50D4604460021164628467F
:101390008122FFF73FFE234608220021284601F064
:1013A000CFFD94F901206378002AB8BF7F238DF820
:1013B00007309EB90DF1070307220821284601F0E6
:1013C000BFFD0F27002602349DF807309E4207EB31
:1013D000C60105D30731C80803B0F0BD0827F1E7FF
:1013E000A3190822284601F0ABFD0136ECE7000006
:1013F000F7B50E460546002114463046CE22FFF7CB
:1014000009FE2B4628220021304601F099FD2B7A57
:10141000C82B28BFC8238DF807308CB90DF10703FE
:1014200008222821304601F08BFD30242F469DF8FC
:1014300007207B1B934205D3E01DC00803B0F0BD1D
:101440002824F3E707F1090321460822304601F07A
:1014500077FD08340137EAE7F7B5047F05460E4605
:1014600034B1838AB3F5827F02D9012003B0F0BD85
:101470000096012310220021284601F025FCDCB94A
:10148000B31C0093092223461021284601F01CFCBE
:1014900019247388B3F5807FE7D837467288BB1B61
:1014A000934210D32B7FA88A0734E408B3B984424F
:1014B00094BF00200120D9E7AB8ADB00103BDB089A
:1014C00073801024E5E73B1D00932146002308228A
:1014D000284601F0F9FB08340137DFE7201A18BF6E
:1014E0000120C3E730B5094D0A4491420DD011F8EF
:1014F000013B5840082340F30004013B2C4013F00B
:10150000FF0384EA5000F6D1EFE730BD2083B8ED49
:10151000F7B5384A106851686B4603C36A463649C6
:101520003648082302F080FF0446002833D10A25FC
:10153000334A106851686B4603C36A4631492F48E5
:10154000082302F071FF0446002849D00369B3F56F
:10155000583F45D8B0F8661041F2F81291423FD199
:10156000294A024402F15C018B4239D35C3B234996
:1015700000209E1AFFF7B6FF3246074604F16401C9
:101580000020FFF7AFFFA3689F4229D1E36898428C
:1015900008BF002524E00369B3F5583F27D8418BE5
:1015A00041F2F812914220D1174A024402F110018F
:1015B0008B4218D3103B114900209D1AFFF792FF70
:1015C0002A46064604F118010020FFF78BFFA368A6
:1015D0009E4202D1E368984201D00D25A8E700257C
:1015E000284603B0F0BD1025A2E70C25A0E70B2587
:1015F0009EE700BFA0440008DC5F030000A00008D5
:10160000A9440008905F03000860FFF710B5037C51
:10161000044613B9006802F0EFFE204610BD00003A
:101620000023BFF35B8FC360BFF35B8FBFF35B8FA0
:101630008360BFF35B8F7047BFF35B8F0068BFF3BE
:101640005B8F704770B505460C30FFF7F5FF05F16D
:10165000080604463046FFF7EFFFA04206D93046A1
:101660006D68FFF7E9FF2544281A70BD3046FFF783
:10167000E3FF201AF9E7000070B50546406898B10D
:1016800005F10800FFF7D8FF05F10C0604463046C7
:10169000FFF7D2FF8442304694BF6D680025FFF704
:1016A000CBFF013C2C44201A70BD000038B50C461D
:1016B0000546FFF7C7FFA04210D305F10800FFF76A
:1016C000BBFF04446868B4FBF0F100FB1144BFF3B6
:1016D0005B8F0120AC60BFF35B8F38BD0020FCE75F
:1016E0002DE9F041144607460D46FFF7C5FF844239
:1016F00028BF0446D4B1B84658F80C6B4046FFF7F3
:101700009BFF3044286040467E68FFF795FF331A00
:101710009C4203D86C600120BDE8F0816B60A41B83
:101720003B68AB602044E8600220F5E72046F3E721
:1017300038B50C460546FFF79FFFA04210D305F1D0
:101740000C00FFF779FF04446868B4FBF0F100FB7C
:101750001144BFF35B8F0120EC60BFF35B8F38BD9A
:101760000020FCE72DE9FF41884669460746FFF760
:10177000B7FF6C4606B204EBC6060025B44209D09A
:101780006268206808EB0501FFF732FC63680834E3
:101790001D44F3E729463846FFF7CAFF284604B040
:1017A000BDE8F081F8B505460C300F46FFF744FF61
:1017B00005F1080604463046FFF73EFFA0423046DA
:1017C00088BF6C68FFF738FF201A386020B13046B8
:1017D0002C68FFF731FF2044F8BD000073B51446B4
:1017E00006460D46FFF72EFF844228BF04460190AF
:1017F000DCB101A93046FFF7D5FF019B33B9326850
:10180000C5E90233C5E9002401200CE09C4238BF41
:1018100001942860019868608442F5D93368AB6010
:10182000241AEC60022002B070BD2046FBE70000E5
:101830002DE9FF410F466946FFF7D0FF6C4600B225
:1018400004EBC0050026AC4209D0D4F8048054F85B
:10185000081BB8194246FFF7CBFB4644F3E7304676
:1018600004B0BDE8F081000038B50546FFF7E0FFA1
:10187000044601462846FFF719FF204638BD000000
:101880000121884238BF084602F0A0BD08B102F02D
:10189000B3BD704710B4026854681A4623465DF819
:1018A000044B184700207047002070477047000025
:1018B000002070470E20704700F5805090F8D80047
:1018C000C0F340007047000000F5805090F9E00040
:1018D0007047000000F58050C0F8DC100120704710
:1018E000F7B50C68BDF8207014F0005473D10D7B6F
:1018F000082D70D8302585F31188456AAE687601C9
:101900000CD4AC68240108D4AC6814F0805460D1C5
:1019100084F31188204603B0F0BD01240E6804F161
:10192000180C002EB8BFF6004FEA0C1CB4BF46F0EE
:101930000406760545F80C600E680FFA84FC16F074
:10194000804F18BF05EB0C1E05EB0C1C1EBFDEF80C
:10195000806146F00206CEF880610E7BCCF884618F
:1019600005EB04158E68C5F88C614E68C5F8886172
:10197000DCF8805145F00105CCF8805141F2780542
:1019800000EB441C660105EB4414AC440444CCE970
:1019900000230D46083401F10C0C55F804EB44F813
:1019A00004EB6545F9D12D882580841904F5805410
:1019B00007F0030594F8946026F00B06354384F88D
:1019C0009450002484F31188009700F03BFD01201F
:1019D000A1E70224A2E74FF0FF309CE713B500F522
:1019E00080540191E06EFFF747FE1F280AD9019944
:1019F000E06E2022FFF7B6FEA0F1200358425841C6
:101A000002B010BD0020FBE708B5302383F3118836
:101A100000F58050C06EFFF703FE002383F31188AA
:101A200008BD00000022026082814260826070472F
:101A300010B500220023C0E90023002304460381DF
:101A40000C30FFF7EFFF204610BD0000F0B5054653
:101A500000F580500C4690F8D83013F0040FC3F313
:101A6000800108BF114661F3820380F8D83005EB8E
:101A7000441303F58453103389B01B79D8074FEA18
:101A800044162FD582B319072ED46846FFF7D0FF2E
:101A900005EB441303F5845303AA03F10807186800
:101AA0005968144603C40833BB422246F7D118686C
:101AB00020609B88A380DDE90E23CDE9002301236C
:101AC000ADF808302B6869461B6C284698473544AA
:101AD00005F5845510352B791A075CBF43F00803D0
:101AE0002B7101E0002AF2D109B0F0BD2DE9F047D9
:101AF0009A4688B0074688469146302383F311887A
:101B000007F580546846FFF793FFE06EFFF79AFDF4
:101B10001F282AD9E06E20226946FFF7A5FE20285B
:101B200023D103AD444605AB2E4603CE9E42206032
:101B30006160354604F10804F6D130682060B3884E
:101B4000A380DDE90023C9E90023BDF80830AAF825
:101B50000030002383F3118853464A4641463846F5
:101B600008B0BDE8F04700F02BBC002080F31188DE
:101B700008B0BDE8F08700002DE9F84F18220446B0
:101B80000F4604300021FFF745FA2046234B40F86A
:101B9000283BFFF747FF04F13800FFF749FF04F146
:101BA000580804F582554646183530462036FFF76A
:101BB0003FFFAE42F9D104F580554FF480534FF00A
:101BC0000009C5E91739C5F858800123EE6604F508
:101BD000875804F58456C5F8649085F8683085F810
:101BE0007030183608F118084FF0000A4FF0000B5B
:101BF00046E908ABA6F11800FFF714FF203646F8B7
:101C0000289C4645F4D185F8E07017B1044800F0EF
:101C1000C3FB044B63622046BDE8F88FDC44000838
:101C2000B44400080064004010B5044B1978044621
:101C30004A1C1A70FFF7A0FF204610BD2C38002068
:101C40002DE9F047002950D0294B2A4FB7FBF1F579
:101C500099428CBF0A231123581EB5FBF3FC03FBEA
:101C60001C53C4B22BB102280346F5D80020BDE8AE
:101C7000F0870CF1FF36B6F5806FF7D2C4EBC40ED7
:101C80000EF103034FEAE309C3F3C703A4EB030810
:101C900009F1010A4FF47A755FFA88F009FB0555DE
:101CA0005AFA88F8B5FBF8F5B5F5617FC1BF0EF1BA
:101CB000FF33C3F3C703E01AC0B25C1C50FA84F4CC
:101CC0000CFB04F4B7FBF4F4A142CFD1013BDBB22F
:101CD0000F2BCBD80138C0B20728C7D8002110710C
:101CE00016809170D3700120C1E70846BFE700BF9E
:101CF0003F420F0000B4C40470B505460E464FF4D1
:101D00007A746B6A5B6803F00103B34207D04FF447
:101D10007A7001F00BFD013CF3D1204670BD01202B
:101D2000FCE7000070B5426A936913F0700F17D09A
:101D300000230C4D936141F2900400EB43122244C6
:101D400011794E0709D5890707D5416A55F82360EF
:101D50008E60117941F0040111710133032BECD134
:101D600070BD00BFC844000873B51D46436A1646DF
:101D70009A68D207044609D59A6801219960C2F38E
:101D80004002CDE900650021FFF760FE636A9A68B2
:101D9000D1050BD59A684FF480719960C2F3402247
:101DA000CDE9006501212046FFF750FE636A9A687D
:101DB000D2030BD59A684FF480319960C2F3404248
:101DC000CDE9006502212046FFF740FE04F580536F
:101DD000D3F8DC0010B103681B699847204602B0B5
:101DE000BDE87040FFF79EBFF8B50446466A00297B
:101DF00077D106F10C073868800775D006EB01151E
:101E00003868D5F8B00110F0040FD5F8B0011ABF4A
:101E1000C00840F00040400DA062D5F8B0C11CF0F1
:101E2000020F1CBF40F08040A062D5F8B40106EB61
:101E3000011100F00F0084F83400D1F8B80184F8E3
:101E40002C00D1F8B801000A84F82D00D1F8B801AF
:101E5000000C84F82E00D1F8B801000E84F82F0091
:101E6000D1F8BC0184F83000D1F8BC01000A84F834
:101E70003100D1F8BC01000C84F83200D1F8BC115B
:101E8000090E84F833103821396004F1440004F15C
:101E9000280104F1340551F8046B40F8046BA942A1
:101EA000F9D109880180C4E90E2321460023A4F852
:101EB000403051F8383B20461B6C984704F580535E
:101EC00093F8D820D3F8DC0042F0040283F8D8203D
:101ED00010B103681B6998472046BDE8F840FFF73A
:101EE00021BF06F1100786E7F8BD000010B50446D3
:101EF00000F05AFA02460B4652EA030102D0013AB8
:101F000063F100030449086820B12146BDE8104090
:101F1000FFF76ABF10BD00BF28380020F0B53021A0
:101F200081F31188DFF848E000F58351183100246F
:101F300041F2900C00EB441565442E7977070ED4DE
:101F4000F6060CD5D1E9007697429E4107D2466A43
:101F50005EF82470B7602E7946F004062E710134C5
:101F6000032C01F12001E5D1002383F31188F0BD9A
:101F7000C844000808B5302383F31188FFF7D2FE68
:101F8000002383F3118808BD2DE9F041436A04461C
:101F9000986800F0E050B0F1E05F0E4622D0F8B152
:101FA000302383F31188002504F5845741F290080B
:101FB00004EB451343441B791A0706D50135032D5D
:101FC00007F12007F4D1012007E05B07F6D439467A
:101FD000304600F08BFA0028F0D1002383F31188FB
:101FE000BDE8F0810120FBE708B5302383F31188B9
:101FF00000F58050C06EFFF725FB002383F31188A6
:1020000043090CBF0120002008BD0000F8B51D46A3
:10201000002313700F4606461446FFF7E5FF80F0D5
:102020000100387025B129463046FFF7ADFF20701A
:10203000F8BD00002DE9B8410C4615461F46804604
:1020400000F0B2F90B462178024609B9287850B160
:102050004046FFF763FFFFF78DFF3B462A462146C8
:10206000FFF7D4FF0120BDE8B881000070B530262D
:1020700086F31188174B9A6D42F000729A659A6B3D
:1020800042F000729A639A6B22F000729A63002306
:1020900083F3118800F5805494F8D83013F00105CB
:1020A00016D1A9B186F311880321132001F03AFA61
:1020B0000321142001F036FA0321152001F032FA31
:1020C00094F8D83043F0010384F8D83085F31188B0
:1020D00070BD00BF001002402DE9F04700F58055AB
:1020E00088B095F8E030012B04468846164600F289
:1020F0008280824F57F823200AB947F82300D7F887
:1021000000A0C4F81C8084F82060BAF1000F64D0ED
:1021100095F8E030012B70D001212046FFF7A6FF93
:10212000302383F31188626A136823F0020313607B
:10213000626A136843F001031360636A00275F61FA
:1021400087F3118801212046FFF7D6FD002800F013
:102150009580E86EFFF764FA04F58359BA4609F1F1
:102160001809202200216846FEF754FF02A8FFF755
:1021700059FCCDF818A06A4609EB07030DF1180EBB
:102180009446BCE80300F44518605960624603F1C8
:102190000803F5D1DCF80000186020379CF8042013
:1021A0001A71602FDDD195F8D8306FF382030027C4
:1021B00085F8D8306A4641462046ADF80070ADF843
:1021C00002708DF80470FFF73BFD636A48BB4FF463
:1021D00000421A6008B0BDE8F08741F2E800FFF75E
:1021E0004FFB814610B15146FFF7C6FCC7F800907F
:1021F000B9F1000F8CD10020ECE7386803681B6B45
:1022000098470146002887D13868FFF72FFF3868C4
:10221000036832465B684146984700287FF47CAFEC
:10222000E9E761221A609DF802309DF803201B0641
:10223000120402F4702203F040731343BDF800202F
:10224000C2F3090213439DF804201205022E02F482
:10225000E0020CBF4FF0004100211343626A0B43C0
:10226000D361636A13225A61626A136823F001031F
:10227000136039462046FFF73FFD08B9636AA6E7B9
:1022800095F8E03093BB616AD1F8002242F0010278
:10229000C1F80022616AD1F8002222F47C5222F0B7
:1022A0000E02C1F80022616AD1F8002242F4606295
:1022B000C1F80022626AC2F81432626AC2F80432BB
:1022C000626A41F6FF71C2F80C12626AC2F84032CB
:1022D000626AC2F84432636A0122C3F81C22626A4D
:1022E000D2F8003223F00103C2F8003295F8D8305A
:1022F00043F0020385F8D8306CE700BF283800208F
:1023000008B500F051F850EA0103024602D0421E1F
:1023100061F10001044B186810B10B46FFF724FD72
:10232000BDE8084001F0C0B82838002008B50020FA
:10233000FFF7DCFDBDE8084001F0B6B808B50120A4
:10234000FFF7D4FDBDE8084001F0AEB800B59BB082
:10235000EFF3098168226846FEF74AFEEFF3058332
:10236000014B9B6BFEE700BF00ED00E008B5FFF7F7
:10237000EDFF000000B59BB0EFF3098168226846CD
:10238000FEF736FEEFF30583014B5B6BFEE700BF04
:1023900000ED00E0FEE700000FB408B5029801F080
:1023A00075F9FEE701F050BC01F032BC0139C9B249
:1023B00002299EBF00EBC1000023C0E90133704732
:1023C0002DE9F8431E461B885B070546884618D44E
:1023D000044600F118094C4513D063686BB12B68B3
:1023E0002846DB6B98473388A768C1B243F00403E3
:1023F00060684246B8470834EDE7A368002BEED189
:10240000F9E70120BDE8F88373B56C4684E806005F
:10241000014600224E68D5B26EB98E685EB900EBF7
:10242000C200021D94E80300013582E803001D701C
:10243000012002B070BD0132032A01F10801E9D187
:102440000020F6E72DE9F04F2DED028B89B09FEDCE
:10245000258BBDF8508004468B46054600F11809CF
:10246000002708F0040AA94536D06B680BB9AB68A1
:1024700063B1BAF1000F0BD123682046DB6B98479C
:102480004346C1B25A46D5E90106B0470835EAE7E6
:10249000002FFBD18DED008BADF808705B4603AAD1
:1024A0000BF1080C18685968174603C708336345D1
:1024B0003A46F7D1186838609B88BB80FFF774FFF5
:1024C0000423ADF808302368CDE900011B6C694690
:1024D000204698470127D9E7012009B0BDEC028BBF
:1024E000BDE8F08F000000000000000030B5036878
:1024F0000968DD0FB5EBD17F23F0604421F0604225
:102500004FEAD1700BD0002BB8BFA40C0029B8BF84
:10251000920C944202D034BF0120002030BD94427E
:1025200005D1C1F38070C3F380738342F6D1944226
:102530002CBF00200120F1E72DE9F041456A15B9D3
:102540004162BDE8F0814B6823F06047C3F38A46DF
:102550004FEAD37EC3F3807816EA230638BF3E469F
:10256000AC462B465A68BEEBD27F22F060440AD0BC
:10257000002A18DAA40CB44217D19D420FD10D6085
:10258000DEE71346EEE7A74207D102F08044C2F32C
:10259000807242450BD054B1EFE708D2EDE7CCF89A
:1025A00000100B60CDE7B44201D0B442E5D81A6800
:1025B0009C46002AE5D11960C3E700002DE9F047E9
:1025C000089D01F007044FEAD508224405F00705ED
:1025D00000EBD1004FF47F49944201D1BDE8F08770
:1025E00004F0070705F0070A57453E4638BF564630
:1025F000C6F10806111B8E4228BF0E46E10808EB03
:10260000D50E415C13F80EC0B94029FA06F721FA3D
:102610000AF1FFB28CEA010147FA0AF739408CEA65
:10262000010C03F80EC034443544D5E780EA01209C
:10263000082341F2210201B24000002980B203F1D7
:10264000FF33B8BF504013F0FF03F4D170470000D0
:1026500038B50C468D18A54200D138BD14F8011BC1
:10266000FFF7E4FFF7E7000042684AB113684360F0
:102670004389818901339BB29942438138BF838169
:102680001046704770B588B0202204460D46684653
:102690000021FEF7BFFC20460495FFF7E5FF024648
:1026A00058B16B46054608AE1C4603CCB4422860C0
:1026B0006960234605F10805F6D1104608B070BDE3
:1026C000082817D909280CD00A280CD00B280CD0C0
:1026D0000C280CD00D280CD00E2814BF4020302020
:1026E00070470C2070471020704714207047182046
:1026F0007047202070470000082817D90C280CD9F3
:1027000010280CD914280CD918280CD920280CD939
:1027100030288CBF0F200E207047092070470A20F8
:1027200070470B2070470C2070470D207047000049
:102730002DE9F843078C072F04461ED9D0E90298EB
:1027400000254FF6FF73C5F12006A5F1200029FAF8
:1027500005F108FA06F628FA00F031430143C9B240
:102760001846FFF763FF0835402D0346EBD1E169BA
:102770003A46BDE8F843FFF76BBF4FF6FF70BDE880
:10278000F883000010B54B6823B9CA8A63F30902C5
:10279000CA8210BD04691A681C600361C38A013BC8
:1027A000C3824A60EFE700002DE9F84F1D46CB8A4F
:1027B0000F46C3F309010529814692460B4630D0E6
:1027C0000020AAB207F11A049EB2042E1FFA80F864
:1027D0000FD8904503F1010306D3FB8A0A4462F344
:1027E0000903FB8201201AE01AF80060E654013068
:1027F000EAE79045F1D2A1F1050B1C237C68BBFBF5
:10280000F3F203FB12BB1FFA8BF6002C45D14846AE
:10281000FFF72AFF044638B978606FF00200BDE880
:10282000F88F4FF00008E6E7002606607860ADB24A
:102830004FF0000B454510D90AEB0803221D13F891
:10284000011B9155B1B208F101081B291FFA88F844
:102850002BD0454506F10106F1D8FB8AC3F30902E6
:10286000154465F30903BCE7013292B21C462368A4
:10287000002BF9D16B1F0B441C21B3FBF1F3013387
:102880009BB29A42D3D2BBF1000FD0D14846FFF79A
:10289000EBFE20B9C4F800B0BFE70122E7E7C0F8BB
:1028A00000B05E4620600446C1E74545D5D948469C
:1028B000FFF7DAFE08B92060AFE7C0F800B00026E5
:1028C00020600446B6E700002DE9F04F2DED028BA5
:1028D0001C4683B05B69019207468846002B00F0D6
:1028E000A780238C2BB1E269002A00F0A180072B7E
:1028F00035D807F10C00FFF7B7FE054638B96FF081
:102900000205284603B0BDEC028BBDE8F08F14220F
:102910000021FEF77FFB228CE16905F10800FEF73C
:1029200067FB208C013080B2FFF7E6FEFFF7C8FEA0
:10293000013880B22084013028746369228C1B78AE
:102940002A4403F01F0363F03F0348F00041137271
:10295000384669602946FFF7EFFD0125D1E70233CC
:102960009BB20722C18A0633B3FBF2F3828A521A62
:102970009BB292B29342C2D800F10C034FF000090F
:1029800008EE103A4FF0800A4E464D4618EE100AF7
:10299000FFF76AFE83460028B1D014220021FEF71B
:1029A00039FB002E3AD1019BABF8083002220BF123
:1029B000080E1FFA82FC0CF10100BCF1060F218CFD
:1029C00080B201D88E422BD3FFF796FEFFF778FE38
:1029D00062691278013802F01F028E4208BF4FF080
:1029E000400A42EA49121BFA80F14AEA020A01301F
:1029F00048F0004281F808A08BF81000CBF80420C2
:102A000059463846FFF798FD238C0135B3422DB265
:102A100089F001094FF0000AB8D172E70022C6E739
:102A2000E169895D0EF802100136B6B20132C0E7E5
:102A30006FF0010565E70000F8B515460E46302237
:102A4000002104461F46FEF7E5FA069B6360B5F5D4
:102A5000001F079BA76034BF6A094FF6FF72A3628D
:102A600097B2E66104F1100000239A4206D80023D1
:102A70000360A782E3822383E360F8BD066001332D
:102A800030462036F1E7000003781BB94BB2002B2B
:102A9000C8BF01707047000000787047F8B50C4659
:102AA000C969074611B9238C002B37D1257E1F2D0C
:102AB00034D8387828BB228C072A2CD8268A36F0BE
:102AC00003032BD14FF6FF70FFF7C2FD20F001008A
:102AD0003102400441EA0561400C41EA40254FF6CD
:102AE000FF72234629463846FFF7EEFE002807DD31
:102AF000626913780133DBB21F2B88BF0023137088
:102B0000F8BD218A2D0645EA012505432046FFF739
:102B10000FFE0246E5E76FF00300F1E76FF00100FA
:102B2000EEE7000070B58AB0044616460021282260
:102B300068461D46FEF76EFABDF83830ADF8103025
:102B40000F9B05939DF840308DF81830119B07932B
:102B50006946BDF84830ADF820302046CDE9026521
:102B6000FFF79CFF0AB070BD2DE9F041D36905461F
:102B70000C4616460BB9138C5BBB377E1F2F28D82B
:102B800095F80080B8F1000F26D03046FFF7D0FD51
:102B90003378210241EAC33141EA0801338A41EA2C
:102BA000076141EA03410246334641F0800128466D
:102BB000FFF78AFE00280ADD3378012B07D17269FE
:102BC00013780133DBB21F2B88BF00231370BDE8DD
:102BD000F0816FF00100FAE76FF00300F7E7000003
:102BE000F0B58BB004460D461746002128226846F2
:102BF0001E46FEF70FFA9DF84C305A1E53425341C1
:102C00008DF800309DF84030ADF81030119B0593E1
:102C10009DF848308DF81830149B07936A46BDF82C
:102C20005430ADF8203029462046CDE90276FFF732
:102C30009BFF0BB0F0BD0000406A00B1043070474C
:102C4000436A1A68426202691A600361C38A013BDF
:102C5000C38270472DE9F041D0F82080194E144608
:102C60001D464146002709B9BDE8F081D1E902239C
:102C7000A21A65EB0303964277EB03031ED2036AA5
:102C80008B420DD1FFF77EFD036A1B680362036967
:102C90000B60C38A0161016A013BC3828846E2E797
:102CA000FFF770FD0B68C8F8003003690B60C38A3A
:102CB0000161013BC382D8F80010D4E78846096857
:102CC000D1E700BF80841E002DE9F04F8BB00D4688
:102CD000DDF8509014469B468046002800F019818C
:102CE000B9F1000F00F01581531E3F2B00F2118146
:102CF000012A03D1BBF1000F40F00B810023CDE985
:102D00000833B8F81430B5EBC30F4FEAC30703D349
:102D100000200BB0BDE8F08F2B199F42D8F80C3083
:102D20003ABF7F1BFFB227461BB9D8F81030002BE3
:102D30007AD0272D4ED8C5F12806B7424FF00003B0
:102D40002CBFF6B23E4600932946D8F8080008ABDF
:102D50003246FFF733FCA7EB060A35445FFA8AFADE
:102D6000B8F8143003F10053053BDB000493D8F8A6
:102D70000C3003932821039B13B1BAF1000F2CD11F
:102D8000D8F8100040B1BAF1000F05D0009608AB9A
:102D90005246691AFFF712FC38B2002FB8D0660706
:102DA0000AD00AAB03EBD401624211F8083C02F0EE
:102DB0000702134101F8083C082C3CD9102C40F2C2
:102DC000B580202C40F2B780BBF1000F00F09C8052
:102DD000082334E0BA460026C2E7049BE02B28BF54
:102DE000E02306930B44AB42059314D95A1B039876
:102DF0000096924534BF5246D2B2691A08AB0430ED
:102E00000792FFF7DBFB079A1644AAEB020A154468
:102E1000F6B25FFA8AFA049B069A05999B1A049304
:102E2000039B1B680393A6E70093D8F8080008AB40
:102E30003A462946AEE7BBF1000F13D00123B4EBAD
:102E4000C30F6CD0082C12D89DF82030621E23FAD4
:102E500002F2D50706D54FF0FF3202FA04F42343FD
:102E60008DF820309DF8203089F8003051E7102C83
:102E700012D8BDF82030621E23FA02F2D10706D51F
:102E80004FF0FF3202FA04F42343ADF82030BDF8CE
:102E90002030A9F800303CE7202C0FD80899631E99
:102EA00021FA03F3DA0705D54FF0FF3202FA04F4F2
:102EB0000C430894089BC9F800302AE7402C2BD01B
:102EC000DDE90865611EC4F12102A4F1210326FA9F
:102ED00001F105FA02F225FA03F311431943CB0776
:102EE00012D50122A4F12003C4F1200102FA03F358
:102EF00022FA01F1A240524243EA010363EB430389
:102F000032432B43CDE90823DDE90823C9E9002337
:102F1000FFE66FF00100FCE66FF00800F9E6082C10
:102F2000A0D9102CB3D9202CEED8C3E7BBF1000FE9
:102F3000ADD0022383E7BBF1000FBBD004237EE7B3
:102F400030B5012A144638BF0124402C85B028BF73
:102F500040240025012ACDE9025518D81B788DF8A8
:102F6000083063070AD004AB03EBD405624215F8BE
:102F7000083C02F00702934005F8083C0091034624
:102F80002246002102A8FFF719FB05B030BD082A30
:102F9000E4D9102A03D81B88ADF80830E1E7202ACD
:102FA0008DBFD3E900231B680293CDE90223D8E744
:102FB00010B5CB681BB98B600B618B8210BD0469A7
:102FC0001A681C600361C38A013BC382CA60F0E7D0
:102FD00003064CBFC0F3C0300220704708B502465C
:102FE000FFF7F6FF022806D15306C2F30F2001D1E6
:102FF00000F0030008BDC2F30740FBE72DE9F04FE6
:1030000093B0CDE903230A6804461046FFF7E0FFBA
:10301000022814BFC2F306260026002A0D46824667
:1030200080F2F78112F0C04940F0F381097B00295A
:1030300000F0EF81022803D02378B34240F0EC8106
:10304000C2F304630693104602F07F030593FFF773
:10305000C5FF059B29444FEA834848EA0A4848EAE5
:103060004668CE7800230022CDE90823F309834681
:1030700048EA0008029367D0059B00930246676800
:10308000534608A92046B847002800F0C881276A9F
:103090004FB9414604F10C00FFF7F4FA074690B926
:1030A0006FF0020054E03B6998450DD03F68002F57
:1030B000F9D1414604F10C00FFF7E4FA0746002875
:1030C000EED0236A3B60276297F817C006F01F080E
:1030D000CCF3840CACEB08001FFA80FE0028B8BFCC
:1030E0000EF12000A8EB0C031FFA83FED7E90221A2
:1030F000B8BF00B2002B0793BEBF0EF120031BB276
:10310000079352EA010338D0039BDFF824E39A1AAD
:10311000049B4FF0000C63EB010196457CEB01032F
:103120002BD36B7B97F81AE0734519D1029B002BC8
:1031300078D0012821DC7868F8B9DFF8F0C294452E
:1031400070EB010316D337E0276A27B96FF00C0044
:1031500013B0BDE8F08F3B699845B5D03F68F4E700
:10316000B24890427CEB010301D30020F0E7029BC0
:10317000002BFAD0079B0F2B17DCFA7DB30002F06F
:10318000030203F07C031343FB7539462046FFF727
:10319000F9FA6B7BBB76029B3BB9FB7DC3F38402E0
:1031A000013262F38603FB75D0E76A7BBB7E9A42ED
:1031B000DBD1029B002B35D0B309022B32D0039B0D
:1031C000BB60049BFB60142200210DA8FDF722FFC9
:1031D000039B0A93049B0B932B1D0C932B7BADF845
:1031E0003EB0013BDBB2ADF83C30069B8DF842307F
:1031F000059B8DF8433094F82C308DF840A083F077
:1032000001038DF844308DF84180A3680AA9204657
:103210009847FB7DC3F38403013303F01F039B0234
:10322000FB82A2E7FB7DC6F34012B2EBD31F40F056
:10323000F980C3F38403434540F0FC80029A2B7B62
:10324000B609002A52D016F0010661D1032B40F2D4
:10325000F480039BBB60049BFB60FB8A66F309035D
:10326000FB822B7BAE1D033BDBB23246394604F1B9
:103270000C00FFF799FA00280CDA39462046FFF7D0
:1032800081FAFB7DC3F38403013303F01F039B0228
:10329000FB8205E7DDE90884AB883B834FF6FF73CB
:1032A000C9F12000A9F1200228FA09F104FA00F07E
:1032B000014324FA02F211431846C9B2FFF7B6F9E6
:1032C00009F10809B9F1400F0346E9D1B8822A7B18
:1032D000033AD2B23146FFF7BBF9FB7DB882DA433D
:1032E000C2F3C01262F3C713FB753EE786B92E1D09
:1032F000013BDBB23246394604F10C00FFF754FAC9
:103300000028BADB2A7BB88A013AD2B23146E2E71A
:10331000F98AC1F30901013B0429DAB25BD8281DFF
:10332000002307F11B069A4208D910F801CB06F8D2
:1033300001C0013101330529DBB2F4D103990A91AF
:1033400004990B91934207F11B010C9138BF043390
:1033500079680D9134BF55FA83F300230E93FB8AED
:10336000ADF83EB0C3F309031A44069B8DF8423012
:10337000059B8DF8433094F82C30ADF83C2083F059
:1033800001038DF8443000238DF840A08DF8418072
:103390007B602A7BB88A013A291DFFF759F93B8BDC
:1033A000B882834203D1A3680AA9204698472046E1
:1033B0000AA9FFF7FDFDFB7DBA8AC3F3840301333D
:1033C00003F01F039B02FB823B8B9A420CBF002041
:1033D0006FF01000BCE67B68002BAFD0052001E049
:1033E0001C3033461E68002EFAD1091A081D2E1D06
:1033F000184401EB090CBCF11B0F5FFA89F39DD84F
:103400009A429BD916F8013B00F8013B09F10109EA
:10341000EFE76FF009009BE66FF00A0098E66FF0A7
:103420000B0095E66FF00D0092E600BF40420F00E2
:1034300080841E006FF00E008AE66FF00F0087E6B2
:10344000EFF3098305494A6B22F001024A636833AE
:1034500083F30988002383F31188704700EF00E0AD
:10346000302080F3118862B60C4B0D4AD96821F4E4
:10347000E0610904090C0A43DA60D3F8FC20094929
:1034800042F08072C3F8FC200A6842F001020A6030
:103490002022DA7783F82200704700BF00ED00E0B9
:1034A0000003FA05001000E010B5302383F3118803
:1034B0000E4B5B6813F4006314D0F1EE103AEFF397
:1034C0000984683C4FF08073E361094BDB6B236632
:1034D00084F3098800F0A4F810B1064BA36110BD75
:1034E000054BFBE783F31188F9E700BF00ED00E02F
:1034F00000EF00E0FF020008020300084FF0E023A5
:10350000002258684FF0FF31930003F1604303F548
:10351000614301329042C3F88010C3F88011F3D2A6
:103520007047000000F1604303F561430901C9B22F
:1035300083F80013012200F01F039A4043099B0007
:1035400003F1604303F56143C3F880211A607047BB
:1035500000230375826803691B6899689142FBD256
:103560005A6803604260106058607047002303751A
:10357000826803691B6899689142FBD85A680360A6
:10358000426010605860704708B50846302383F3E6
:1035900011880B7D032B05D0042B0DD02BB983F3A1
:1035A000118808BD8B6900221A604FF0FF338361D8
:1035B000FFF7CEFF0023F2E7D1E9003213605A6033
:1035C000F3E70000FFF7C4BF054BD968087518681A
:1035D00002681A60536001220275D860FCF77ABE57
:1035E0003838002030B50C4BDD684B1C87B00446E2
:1035F0000FD02B46094A684600F02AF92046FFF70B
:10360000E3FF009B13B1684600F02CF9A86907B0EE
:1036100030BDFFF7D9FFF9E73838002089350008B9
:10362000044B1A68DB6890689B68984294BF00203E
:103630000120704738380020084B10B51C68D86846
:1036400022681A60536001222275DC60FFF78EFF4A
:1036500001462046BDE81040FCF73CBE383800204B
:1036600038B5074C074908480123002523706560D9
:1036700000F0EAFB0223237085F3118838BD00BFF8
:10368000603A0020244500083838002008B572B69A
:10369000044B186500F0ACFA00F058FB024B032213
:1036A0001A70FEE738380020603A002000F010B9A8
:1036B0008B60022308618B82084670478368A3F100
:1036C000840243F8142C026943F8442C426943F8FD
:1036D000402C094A43F8242CC26843F8182C0222D3
:1036E00003F80C2C002203F80B2C044A43F8102C8E
:1036F000A3F12000704700BFED0200083838002019
:1037000008B5FFF7DBFFBDE80840FFF75BBF00002F
:10371000024BDB6898610F20FFF756BF3838002056
:10372000302383F31188FFF7F3BF000008B501468B
:10373000302383F311880820FFF754FF002383F31D
:10374000118808BD10B503689C68A2420CD85C685B
:103750008A600B604C602160596099688A1A9A608F
:103760004FF0FF33836010BD1B68121BECE70000B5
:103770000A2938BF0A2170B504460D460A26601989
:1037800000F05CFB00F048FB041BA54203D8751C4D
:103790002E460446F3E70A2E04D9BDE87040012006
:1037A00000F092BB70BD0000F8B5144B0D46D96116
:1037B00003F1100141600A2A1969826038BF0A22A8
:1037C000016048601861A818144600F029FB0A2718
:1037D00000F022FB431BA342064606D37C1C28199B
:1037E00000F02CFB27463546F2E70A2F04D9BDE846
:1037F000F840012000F068BBF8BD00BF3838002059
:10380000F8B506460D4600F007FB0F4A134653F87D
:10381000107F9F4206D12A4601463046BDE8F84057
:10382000FFF7C2BFD169BB68441A2C1928BF2C46C8
:10383000A34202D92946FFF79BFF2246314603489F
:10384000BDE8F840FFF77EBF383800204838002038
:1038500010B4C0E9032300235DF8044B4361FFF774
:10386000CFBF000010B5194C236998420DD0D0E9A4
:103870000032816813605A609A680A449A60002393
:1038800003604FF0FF33A36110BD2346026843F885
:10389000102F53600022026022699A4203D1BDE8D2
:1038A000104000F0C5BA936881680B44936000F043
:1038B000B3FA2269E1699268441AA242E4D9114438
:1038C000BDE81040091AFFF753BF00BF3838002089
:1038D0002DE9F047DFF8BC8008F110072C4ED8F82E
:1038E000105000F099FAD8F81C40AA68031B9A42BD
:1038F0003ED81444D5E900324FF00009C8F81C4006
:1039000013605A60C5F80090D8F81030B34201D166
:1039100000F08EFA89F31188D5E9033128469847DB
:10392000302383F311886B69002BD8D000F074FA30
:103930006A69A0EB04094A4582460DD2022000F0D4
:10394000C3FA0022D8F81030B34208D151462846B5
:10395000BDE8F047FFF728BF121A2244F2E712EB46
:10396000090938BF4A4629463846FFF7EBFEB5E756
:10397000D8F81030B34208D01444211AC8F81C00FB
:10398000A960BDE8F047FFF7F3BEBDE8F08700BFD0
:10399000483800203838002038B500F03DFA054A94
:1039A000D2E90845031B181945F10001C2E90801D5
:1039B00038BD00BF3838002000207047FEE7000007
:1039C000704700004FF0FF3070470000BFF34F8F8B
:1039D000024A1369DB03FCD4704700BF0020024099
:1039E00008B5094B1B7873B9FFF7F0FF074B5A690D
:1039F000002ABFBF064A9A6002F188329A601A68AC
:103A000022F480621A6008BD783A0020002002404B
:103A10002301674508B50B4B1B7893B9FFF7D6FF19
:103A2000094B5A6942F000425A611A6842F48052C6
:103A30001A601A6822F480521A601A6842F480628E
:103A40001A6008BD783A0020002002407F289ABF03
:103A500000F58030C0020020704700004FF4006085
:103A600070470000802070477F2808B50BD8FFF70B
:103A7000EDFF00F500630268013204D10430834297
:103A8000F9D1012008BD0020FCE700007F2810B517
:103A900004461FD8FFF79AFFFFF7A2FF0E4BF32251
:103AA0001A6102225A615A6942EAC0025A615A698D
:103AB00042F480325A61FFF789FF4FF40061FFF74B
:103AC000C5FF00F03FF9FFF7A5FF2046BDE8104015
:103AD000FFF7CABF002010BD002002402DE9F843C7
:103AE00040EA020313F00703144606D0304B40F2BD
:103AF00082321A600020BDE8F88385182D4A95426D
:103B00000CD92B4A40F287311160F3E7031D1B6883
:103B10004A68934208D1083C08300831072C14D970
:103B200002680B689A42F1D0FFF75AFFFFF74EFF89
:103B3000214E08314FF001084FF00009012CA1F18E
:103B4000080706D8FFF766FF01E0002CECD1012042
:103B5000D1E7C6F81480054651F8083C45F8043B07
:103B600051F8043C4360FFF731FF336943F0010330
:103B70003361C6F81490026851F8083C9A420CD0A0
:103B80000B4B40F2AF321A600C4B18600C4B1C60B0
:103B90000C4B1F60FFF73EFFACE72D6851F8043C6B
:103BA0009D4201F10801EBD1083C0830C6E700BF97
:103BB000743A00200000040800200240683A002007
:103BC000703A00206C3A0020084908B50B7828B1FB
:103BD0001BB9FFF705FF01230B7008BD002BFCD0BC
:103BE000BDE808400870FFF715BF00BF783A002015
:103BF00002484FF47F4100F0A7B800BF0001002049
:103C00000846114600F0E2BB084600F0F5BB000094
:103C100038B5EFF311859DB9EFF30584C4F30804BB
:103C2000302334B183F31188FFF7B6FE85F3118892
:103C300038BD83F31188FFF7AFFE84F3118838BDD8
:103C4000BDE83840FFF7A8BE38B5FFF7E1FF114CDB
:103C5000114AC00840EA4170A0FB025EC908A0FBFF
:103C6000040C1CEB050CA1FB04404FF000035B416E
:103C7000A1FB02121CEB040C43EB000011EB0E0144
:103C800042F10002411842F10000090941EA0070C6
:103C900038BD00BFCFF753E3A59BC42010B5024445
:103CA000064BD2B2904200D110BD441C00B253F872
:103CB000200041F8040BE0B2F4E700BF50280040B8
:103CC000114B30B5D3F89040240409D4D3F8904078
:103CD000C3F89040D3F8904044F40044C3F89040B7
:103CE0000A4C236843F4807323600244084BD2B229
:103CF000904200D130BD441C00B251F8045B43F83F
:103D00002050E0B2F4E700BF001002400070004015
:103D10005028004007B5012201A90020FFF7BEFF8F
:103D2000019803B05DF804FB13B50446FFF7F2FFFA
:103D3000A04205D0012201A900200194FFF7C0FF95
:103D400002B010BD704700007047000070470000CF
:103D5000074B45F255521A6003225A6040F2FF7237
:103D60009A604CF6CC421A60024B01221A707047DE
:103D700000300040803A0020034B1B781BB1034BFE
:103D80004AF6AA221A607047803A002000300040AC
:103D9000054B1A6832B902F1804202F50432D2F8BA
:103DA00094201A60704700BF7C3A0020024B4FF409
:103DB0000002C3F8942070470010024008B5FFF7D6
:103DC000E7FF024B1868C0F3407008BD7C3A002042
:103DD00070470000FEE700000A4B0B480B4A904278
:103DE0000BD30B4BDA1C121AC11E22F003028B42BA
:103DF00038BF00220021FDF70DB953F8041B40F82D
:103E0000041BECE7BC450008043B0020043B0020F9
:103E1000043B002000F0BEB84FF08043586A704762
:103E20004FF08043002258631A610222DA60704723
:103E30004FF080430022DA60704700004FF080436B
:103E400058637047FEE7000070B51B4B0163002507
:103E5000044686B0586085620E46FFF701FB04F108
:103E60001003C4E904334FF0FF33C4E90635C4E955
:103E70000044A560E562FFF7CFFF2B460246C4E988
:103E8000082304F134010D4A256580232046FFF7FD
:103E90000FFC0123E0600A4A0375009272680192E8
:103EA000B268CDE90223074B6846CDE90435FFF738
:103EB00027FC06B070BD00BF603A00203045000806
:103EC00035450008453E0008024AD36A1843D062CF
:103ED000704700BF38380020244B2548DA6A42F08A
:103EE000070210B4DA62DA6A224C22F00702DA62C0
:103EF000DA6ADA6C42F00702DA64DA6E42F007023C
:103F0000DA664FF09042DB6E4FF0AA310023536027
:103F10009160D0604FF6FF7050611362536214607D
:103F20001024C2F80434C2F80814C2F80C444FF646
:103F3000F774C2F814449924C2F82034C2F8244417
:103F40000D4CC2F80044C2F80438C2F80818C2F890
:103F50000C38C2F81408C2F82038C2F82438C2F865
:103F600000385DF8044B00F055B800BF0010024067
:103F7000000100240001002850000A0008B500F0EC
:103F800005FAFFF76DFBBDE80840FFF701BF000031
:103F9000704700000F4B9A6D42F001029A659A6FCC
:103FA00042F001029A670C4A9B6F936843F0010349
:103FB00093604FF080434F229A624FF0FF32DA62F3
:103FC00000229A615A63DA605A6001225A611A60CB
:103FD000704700BF00100240002004E04FF0804214
:103FE00008B51169D3680B40D9B2C9439B07116169
:103FF00007D5302383F31188FFF758FB002383F3A1
:10400000118808BD08B5FFF779FABDE8084000F04F
:1040100099B900005A4B4FF0FF319A6A99629A6A37
:1040200000229A62986AD86A60F00700D862D86A5B
:1040300000F00700D862D86A186B1963186B1A630E
:10404000186B986B9963986B9A63986BD86BD9636C
:10405000D86BDA63D86B186C1964196C1A641A6C13
:10406000484A4FF4E06111601A6E474942F001027C
:104070001A66D3F8802022F00102C3F88020D3F81A
:1040800080209A6D42F080529A659A6F22F0805299
:104090009A679A6F4FF440720A604A6912F480621C
:1040A000FBD14A601A6822F0F00242F060021A6006
:1040B0001A6842F001021A601A689107FCD50022C2
:1040C0009A609A6812F00C02FBD1D3F8901011F4A8
:1040D000407F1EBF4FF48031C3F89010C3F890208A
:1040E00061221A601A689207FCD500229A609A68C9
:1040F00012F00C0FFBD169221A60D3F8942022F43D
:10410000706242F4C062C3F894201A6842F48032AC
:104110001A601A689003FCD5D3F8902022F003228D
:10412000C3F89020194ADA601A6842F080721A6067
:104130001A689101FCD5164A1A611A6842F0806229
:104140001A601A681201FCD500229A600D49114AC2
:10415000C3F888200A6822F0070242F004020A60CD
:104160000A6802F00702042AFAD19A6842F00302B0
:104170009A609A6802F00C020C2AFAD1704700BFCC
:1041800000100240002002400070004003140001B3
:10419000000C100055550134074A08B5536903F067
:1041A0000103536123B1054A13680BB15068984766
:1041B000BDE80840FFF778B900040140843A0020C8
:1041C000074A08B5536903F00203536123B1054A56
:1041D00093680BB1D0689847BDE80840FFF764B911
:1041E00000040140843A0020074A08B5536903F0EF
:1041F0000403536123B1054A13690BB15069984711
:10420000BDE80840FFF750B900040140843A00209F
:10421000074A08B5536903F00803536123B1054AFF
:1042200093690BB1D0699847BDE80840FFF73CB9E6
:1042300000040140843A0020074A08B5536903F09E
:104240001003536123B1054A136A0BB1506A9847B2
:10425000BDE80840FFF728B900040140843A002077
:10426000164B10B55C6904F478725A61A30604D544
:10427000134A936A0BB1D06A9847600604D5104A76
:10428000136B0BB1506B9847210604D50C4A936B06
:104290000BB1D06B9847E20504D5094A136C0BB1FA
:1042A000506C9847A30504D5054A936C0BB1D06CAC
:1042B0009847BDE81040FFF7F7B800BF0004014081
:1042C000843A0020194B10B55C6904F47C425A61B1
:1042D000620504D5164A136D0BB1506D984723053E
:1042E00004D5134A936D0BB1D06D9847E00404D503
:1042F0000F4A136E0BB1506E9847A10404D50C4AB7
:10430000936E0BB1D06E9847620404D5084A136FC0
:104310000BB1506F9847230404D5054A936F0BB136
:10432000D06F9847BDE81040FFF7BEB800040140C9
:10433000843A002008B5FFF751FEBDE80840FFF7BA
:10434000B3B80000062108B50846FFF7EBF80621D0
:104350000720FFF7E7F806210820FFF7E3F806211A
:104360000920FFF7DFF806210A20FFF7DBF8062116
:104370001720FFF7D7F806212820FFF7D3F8BDE86C
:10438000084007211C20FFF7CDB8000008B5FFF753
:1043900039FE00F007F8FFF7FBFDBDE80840FFF726
:1043A00039BD00000023054A19460133102BC2E92C
:1043B000001102F10802F8D1704700BF843A0020D2
:1043C0000B460146184600F009B80000024B0A46A9
:1043D00001461868FFF714BC1811002010B5054CF1
:1043E00013462CB10A4601460220AFF3008010BDEF
:1043F0002046FCE700000000024B01461868FFF76A
:1044000003BC00BF1811002010B5013902449042CE
:1044100001D1002005E0037811F8014FA34201D03B
:10442000181B10BD0130F2E72DE9F041A3B1C91A04
:1044300017780144044603F1FF3C8C42204601D921
:10444000002009E00578BD4204F10104F5D10CEB30
:104450000405D618A54201D1BDE8F08115F8018DFB
:1044600016F801EDF045F5D0E7E70000034611F836
:10447000012B03F8012B002AF9D170476F72672EC8
:104480006172647570696C6F742E4265796F6E64C9
:10449000526F626F7469784D2D5065726970680053
:1044A00040A2E4F1646891060041A3E5F2656992D7
:1044B000070000004261642043414E496661636524
:1044C00020696E6465782E00800000000080000086
:1044D00000008000000000000000000095180008A7
:1044E000D920000835200008D5180008E118000878
:1044F000ED1A0008A5180008B5180008A91800084A
:10450000B1180008AD180008091A0008B918000809
:1045100009240008AD230008C9180008DD190008A7
:10452000633000002045000890380020603A0020E9
:104530006D61696E0069646C650000000000000038
:10454000F8110000000000000060030000000000FF
:10455000FE2A0100D20400001C110020000000000F
:10456000000000000000000000000000000000004B
:10457000000000000000000000000000000000003B
:10458000000000000000000000000000000000002B
:10459000000000000000000000000000000000001B
:1045A000000000000000000000000000000000000B
:1045B000000000000000000000000000FFFFFFFFFF
:1045C000FFFFFFFFFFFFFFFFFFFFFFFFFFFFFFFFFB
:1045D000FFFFFFFFFFFFFFFFFFFFFFFFFFFFFFFFEB
:1045E000FFFFFFFFFFFFFFFFFFFFFFFFFFFFFFFFDB
:1045F000FFFFFFFFFFFFFFFFFFFFFFFFFFFFFFFFCB
:10460000FFFFFFFFFFFFFFFFFFFFFFFFFFFFFFFFBA
:10461000FFFFFFFFFFFFFFFFFFFFFFFFFFFFFFFFAA
:10462000FFFFFFFFFFFFFFFFFFFFFFFFFFFFFFFF9A
:10463000FFFFFFFFFFFFFFFFFFFFFFFFFFFFFFFF8A
:10464000FFFFFFFFFFFFFFFFFFFFFFFFFFFFFFFF7A
:10465000FFFFFFFFFFFFFFFFFFFFFFFFFFFFFFFF6A
:10466000FFFFFFFFFFFFFFFFFFFFFFFFFFFFFFFF5A
:10467000FFFFFFFFFFFFFFFFFFFFFFFFFFFFFFFF4A
:10468000FFFFFFFFFFFFFFFFFFFFFFFFFFFFFFFF3A
:10469000FFFFFFFFFFFFFFFFFFFFFFFFFFFFFFFF2A
:1046A000FFFFFFFFFFFFFFFFFFFFFFFFFFFFFFFF1A
:1046B000FFFFFFFFFFFFFFFFFFFFFFFFFFFFFFFF0A
:1046C000FFFFFFFFFFFFFFFFFFFFFFFFFFFFFFFFFA
:1046D000FFFFFFFFFFFFFFFFFFFFFFFFFFFFFFFFEA
:1046E000FFFFFFFFFFFFFFFFFFFFFFFFFFFFFFFFDA
:1046F000FFFFFFFFFFFFFFFFFFFFFFFFFFFFFFFFCA
:10470000FFFFFFFFFFFFFFFFFFFFFFFFFFFFFFFFB9
:10471000FFFFFFFFFFFFFFFFFFFFFFFFFFFFFFFFA9
:10472000FFFFFFFFFFFFFFFFFFFFFFFFFFFFFFFF99
:10473000FFFFFFFFFFFFFFFFFFFFFFFFFFFFFFFF89
:10474000FFFFFFFFFFFFFFFFFFFFFFFFFFFFFFFF79
:10475000FFFFFFFFFFFFFFFFFFFFFFFFFFFFFFFF69
:10476000FFFFFFFFFFFFFFFFFFFFFFFFFFFFFFFF59
:10477000FFFFFFFFFFFFFFFFFFFFFFFFFFFFFFFF49
:10478000FFFFFFFFFFFFFFFFFFFFFFFFFFFFFFFF39
:10479000FFFFFFFFFFFFFFFFFFFFFFFFFFFFFFFF29
:1047A000FFFFFFFFFFFFFFFFFFFFFFFFFFFFFFFF19
:1047B000FFFFFFFFFFFFFFFFFFFFFFFFFFFFFFFF09
:1047C000FFFFFFFFFFFFFFFFFFFFFFFFFFFFFFFFF9
:1047D000FFFFFFFFFFFFFFFFFFFFFFFFFFFFFFFFE9
:1047E000FFFFFFFFFFFFFFFFFFFFFFFFFFFFFFFFD9
:1047F000FFFFFFFFFFFFFFFFFFFFFFFFFFFFFFFFC9
:10480000FFFFFFFFFFFFFFFFFFFFFFFFFFFFFFFFB8
:10481000FFFFFFFFFFFFFFFFFFFFFFFFFFFFFFFFA8
:10482000FFFFFFFFFFFFFFFFFFFFFFFFFFFFFFFF98
:10483000FFFFFFFFFFFFFFFFFFFFFFFFFFFFFFFF88
:10484000FFFFFFFFFFFFFFFFFFFFFFFFFFFFFFFF78
:10485000FFFFFFFFFFFFFFFFFFFFFFFFFFFFFFFF68
:10486000FFFFFFFFFFFFFFFFFFFFFFFFFFFFFFFF58
:10487000FFFFFFFFFFFFFFFFFFFFFFFFFFFFFFFF48
:10488000FFFFFFFFFFFFFFFFFFFFFFFFFFFFFFFF38
:10489000FFFFFFFFFFFFFFFFFFFFFFFFFFFFFFFF28
:1048A000FFFFFFFFFFFFFFFFFFFFFFFFFFFFFFFF18
:1048B000FFFFFFFFFFFFFFFFFFFFFFFFFFFFFFFF08
:1048C000FFFFFFFFFFFFFFFFFFFFFFFFFFFFFFFFF8
:1048D000FFFFFFFFFFFFFFFFFFFFFFFFFFFFFFFFE8
:1048E000FFFFFFFFFFFFFFFFFFFFFFFFFFFFFFFFD8
:1048F000FFFFFFFFFFFFFFFFFFFFFFFFFFFFFFFFC8
:10490000FFFFFFFFFFFFFFFFFFFFFFFFFFFFFFFFB7
:10491000FFFFFFFFFFFFFFFFFFFFFFFFFFFFFFFFA7
:10492000FFFFFFFFFFFFFFFFFFFFFFFFFFFFFFFF97
:10493000FFFFFFFFFFFFFFFFFFFFFFFFFFFFFFFF87
:10494000FFFFFFFFFFFFFFFFFFFFFFFFFFFFFFFF77
:10495000FFFFFFFFFFFFFFFFFFFFFFFFFFFFFFFF67
:10496000FFFFFFFFFFFFFFFFFFFFFFFFFFFFFFFF57
:10497000FFFFFFFFFFFFFFFFFFFFFFFFFFFFFFFF47
:10498000FFFFFFFFFFFFFFFFFFFFFFFFFFFFFFFF37
:10499000FFFFFFFFFFFFFFFFFFFFFFFFFFFFFFFF27
:1049A000FFFFFFFFFFFFFFFFFFFFFFFFFFFFFFFF17
:1049B000FFFFFFFFFFFFFFFFFFFFFFFFFFFFFFFF07
:1049C000FFFFFFFFFFFFFFFFFFFFFFFFFFFFFFFFF7
:1049D000FFFFFFFFFFFFFFFFFFFFFFFFFFFFFFFFE7
:1049E000FFFFFFFFFFFFFFFFFFFFFFFFFFFFFFFFD7
:1049F000FFFFFFFFFFFFFFFFFFFFFFFFFFFFFFFFC7
:104A0000FFFFFFFFFFFFFFFFFFFFFFFFFFFFFFFFB6
:104A1000FFFFFFFFFFFFFFFFFFFFFFFFFFFFFFFFA6
:104A2000FFFFFFFFFFFFFFFFFFFFFFFFFFFFFFFF96
:104A3000FFFFFFFFFFFFFFFFFFFFFFFFFFFFFFFF86
:104A4000FFFFFFFFFFFFFFFFFFFFFFFFFFFFFFFF76
:104A5000FFFFFFFFFFFFFFFFFFFFFFFFFFFFFFFF66
:104A6000FFFFFFFFFFFFFFFFFFFFFFFFFFFFFFFF56
:104A7000FFFFFFFFFFFFFFFFFFFFFFFFFFFFFFFF46
:104A8000FFFFFFFFFFFFFFFFFFFFFFFFFFFFFFFF36
:104A9000FFFFFFFFFFFFFFFFFFFFFFFFFFFFFFFF26
:104AA000FFFFFFFFFFFFFFFFFFFFFFFFFFFFFFFF16
:104AB000FFFFFFFFFFFFFFFFFFFFFFFFFFFFFFFF06
:104AC000FFFFFFFFFFFFFFFFFFFFFFFFFFFFFFFFF6
:104AD000FFFFFFFFFFFFFFFFFFFFFFFFFFFFFFFFE6
:104AE000FFFFFFFFFFFFFFFFFFFFFFFFFFFFFFFFD6
:104AF000FFFFFFFFFFFFFFFFFFFFFFFFFFFFFFFFC6
:104B0000FFFFFFFFFFFFFFFFFFFFFFFFFFFFFFFFB5
:104B1000FFFFFFFFFFFFFFFFFFFFFFFFFFFFFFFFA5
:104B2000FFFFFFFFFFFFFFFFFFFFFFFFFFFFFFFF95
:104B3000FFFFFFFFFFFFFFFFFFFFFFFFFFFFFFFF85
:104B4000FFFFFFFFFFFFFFFFFFFFFFFFFFFFFFFF75
:104B5000FFFFFFFFFFFFFFFFFFFFFFFFFFFFFFFF65
:104B6000FFFFFFFFFFFFFFFFFFFFFFFFFFFFFFFF55
:104B7000FFFFFFFFFFFFFFFFFFFFFFFFFFFFFFFF45
:104B8000FFFFFFFFFFFFFFFFFFFFFFFFFFFFFFFF35
:104B9000FFFFFFFFFFFFFFFFFFFFFFFFFFFFFFFF25
:104BA000FFFFFFFFFFFFFFFFFFFFFFFFFFFFFFFF15
:104BB000FFFFFFFFFFFFFFFFFFFFFFFFFFFFFFFF05
:104BC000FFFFFFFFFFFFFFFFFFFFFFFFFFFFFFFFF5
:104BD000FFFFFFFFFFFFFFFFFFFFFFFFFFFFFFFFE5
:104BE000FFFFFFFFFFFFFFFFFFFFFFFFFFFFFFFFD5
:104BF000FFFFFFFFFFFFFFFFFFFFFFFFFFFFFFFFC5
:104C0000FFFFFFFFFFFFFFFFFFFFFFFFFFFFFFFFB4
:104C1000FFFFFFFFFFFFFFFFFFFFFFFFFFFFFFFFA4
:104C2000FFFFFFFFFFFFFFFFFFFFFFFFFFFFFFFF94
:104C3000FFFFFFFFFFFFFFFFFFFFFFFFFFFFFFFF84
:104C4000FFFFFFFFFFFFFFFFFFFFFFFFFFFFFFFF74
:104C5000FFFFFFFFFFFFFFFFFFFFFFFFFFFFFFFF64
:104C6000FFFFFFFFFFFFFFFFFFFFFFFFFFFFFFFF54
:104C7000FFFFFFFFFFFFFFFFFFFFFFFFFFFFFFFF44
:104C8000FFFFFFFFFFFFFFFFFFFFFFFFFFFFFFFF34
:104C9000FFFFFFFFFFFFFFFFFFFFFFFFFFFFFFFF24
:104CA000FFFFFFFFFFFFFFFFFFFFFFFFFFFFFFFF14
:104CB000FFFFFFFFFFFFFFFFFFFFFFFFFFFFFFFF04
:104CC000FFFFFFFFFFFFFFFFFFFFFFFFFFFFFFFFF4
:104CD000FFFFFFFFFFFFFFFFFFFFFFFFFFFFFFFFE4
:104CE000FFFFFFFFFFFFFFFFFFFFFFFFFFFFFFFFD4
:104CF000FFFFFFFFFFFFFFFFFFFFFFFFFFFFFFFFC4
:104D0000FFFFFFFFFFFFFFFFFFFFFFFFFFFFFFFFB3
:104D1000FFFFFFFFFFFFFFFFFFFFFFFFFFFFFFFFA3
:104D2000FFFFFFFFFFFFFFFFFFFFFFFFFFFFFFFF93
:104D3000FFFFFFFFFFFFFFFFFFFFFFFFFFFFFFFF83
:104D4000FFFFFFFFFFFFFFFFFFFFFFFFFFFFFFFF73
:104D5000FFFFFFFFFFFFFFFFFFFFFFFFFFFFFFFF63
:104D6000FFFFFFFFFFFFFFFFFFFFFFFFFFFFFFFF53
:104D7000FFFFFFFFFFFFFFFFFFFFFFFFFFFFFFFF43
:104D8000FFFFFFFFFFFFFFFFFFFFFFFFFFFFFFFF33
:104D9000FFFFFFFFFFFFFFFFFFFFFFFFFFFFFFFF23
:104DA000FFFFFFFFFFFFFFFFFFFFFFFFFFFFFFFF13
:104DB000FFFFFFFFFFFFFFFFFFFFFFFFFFFFFFFF03
:104DC000FFFFFFFFFFFFFFFFFFFFFFFFFFFFFFFFF3
:104DD000FFFFFFFFFFFFFFFFFFFFFFFFFFFFFFFFE3
:104DE000FFFFFFFFFFFFFFFFFFFFFFFFFFFFFFFFD3
:104DF000FFFFFFFFFFFFFFFFFFFFFFFFFFFFFFFFC3
:104E0000FFFFFFFFFFFFFFFFFFFFFFFFFFFFFFFFB2
:104E1000FFFFFFFFFFFFFFFFFFFFFFFFFFFFFFFFA2
:104E2000FFFFFFFFFFFFFFFFFFFFFFFFFFFFFFFF92
:104E3000FFFFFFFFFFFFFFFFFFFFFFFFFFFFFFFF82
:104E4000FFFFFFFFFFFFFFFFFFFFFFFFFFFFFFFF72
:104E5000FFFFFFFFFFFFFFFFFFFFFFFFFFFFFFFF62
:104E6000FFFFFFFFFFFFFFFFFFFFFFFFFFFFFFFF52
:104E7000FFFFFFFFFFFFFFFFFFFFFFFFFFFFFFFF42
:104E8000FFFFFFFFFFFFFFFFFFFFFFFFFFFFFFFF32
:104E9000FFFFFFFFFFFFFFFFFFFFFFFFFFFFFFFF22
:104EA000FFFFFFFFFFFFFFFFFFFFFFFFFFFFFFFF12
:104EB000FFFFFFFFFFFFFFFFFFFFFFFFFFFFFFFF02
:104EC000FFFFFFFFFFFFFFFFFFFFFFFFFFFFFFFFF2
:104ED000FFFFFFFFFFFFFFFFFFFFFFFFFFFFFFFFE2
:104EE000FFFFFFFFFFFFFFFFFFFFFFFFFFFFFFFFD2
:104EF000FFFFFFFFFFFFFFFFFFFFFFFFFFFFFFFFC2
:104F0000FFFFFFFFFFFFFFFFFFFFFFFFFFFFFFFFB1
:104F1000FFFFFFFFFFFFFFFFFFFFFFFFFFFFFFFFA1
:104F2000FFFFFFFFFFFFFFFFFFFFFFFFFFFFFFFF91
:104F3000FFFFFFFFFFFFFFFFFFFFFFFFFFFFFFFF81
:104F4000FFFFFFFFFFFFFFFFFFFFFFFFFFFFFFFF71
:104F5000FFFFFFFFFFFFFFFFFFFFFFFFFFFFFFFF61
:104F6000FFFFFFFFFFFFFFFFFFFFFFFFFFFFFFFF51
:104F7000FFFFFFFFFFFFFFFFFFFFFFFFFFFFFFFF41
:104F8000FFFFFFFFFFFFFFFFFFFFFFFFFFFFFFFF31
:104F9000FFFFFFFFFFFFFFFFFFFFFFFFFFFFFFFF21
:104FA000FFFFFFFFFFFFFFFFFFFFFFFFFFFFFFFF11
:104FB000FFFFFFFFFFFFFFFFFFFFFFFFFFFFFFFF01
:104FC000FFFFFFFFFFFFFFFFFFFFFFFFFFFFFFFFF1
:104FD000FFFFFFFFFFFFFFFFFFFFFFFFFFFFFFFFE1
:104FE000FFFFFFFFFFFFFFFFFFFFFFFFFFFFFFFFD1
:104FF000FFFFFFFFFFFFFFFFFFFFFFFFFFFFFFFFC1
:10500000FFFFFFFFFFFFFFFFFFFFFFFFFFFFFFFFB0
:10501000FFFFFFFFFFFFFFFFFFFFFFFFFFFFFFFFA0
:10502000FFFFFFFFFFFFFFFFFFFFFFFFFFFFFFFF90
:10503000FFFFFFFFFFFFFFFFFFFFFFFFFFFFFFFF80
:10504000FFFFFFFFFFFFFFFFFFFFFFFFFFFFFFFF70
:10505000FFFFFFFFFFFFFFFFFFFFFFFFFFFFFFFF60
:10506000FFFFFFFFFFFFFFFFFFFFFFFFFFFFFFFF50
:10507000FFFFFFFFFFFFFFFFFFFFFFFFFFFFFFFF40
:10508000FFFFFFFFFFFFFFFFFFFFFFFFFFFFFFFF30
:10509000FFFFFFFFFFFFFFFFFFFFFFFFFFFFFFFF20
:1050A000FFFFFFFFFFFFFFFFFFFFFFFFFFFFFFFF10
:1050B000FFFFFFFFFFFFFFFFFFFFFFFFFFFFFFFF00
:1050C000FFFFFFFFFFFFFFFFFFFFFFFFFFFFFFFFF0
:1050D000FFFFFFFFFFFFFFFFFFFFFFFFFFFFFFFFE0
:1050E000FFFFFFFFFFFFFFFFFFFFFFFFFFFFFFFFD0
:1050F000FFFFFFFFFFFFFFFFFFFFFFFFFFFFFFFFC0
:10510000FFFFFFFFFFFFFFFFFFFFFFFFFFFFFFFFAF
:10511000FFFFFFFFFFFFFFFFFFFFFFFFFFFFFFFF9F
:10512000FFFFFFFFFFFFFFFFFFFFFFFFFFFFFFFF8F
:10513000FFFFFFFFFFFFFFFFFFFFFFFFFFFFFFFF7F
:10514000FFFFFFFFFFFFFFFFFFFFFFFFFFFFFFFF6F
:10515000FFFFFFFFFFFFFFFFFFFFFFFFFFFFFFFF5F
:10516000FFFFFFFFFFFFFFFFFFFFFFFFFFFFFFFF4F
:10517000FFFFFFFFFFFFFFFFFFFFFFFFFFFFFFFF3F
:10518000FFFFFFFFFFFFFFFFFFFFFFFFFFFFFFFF2F
:10519000FFFFFFFFFFFFFFFFFFFFFFFFFFFFFFFF1F
:1051A000FFFFFFFFFFFFFFFFFFFFFFFFFFFFFFFF0F
:1051B000FFFFFFFFFFFFFFFFFFFFFFFFFFFFFFFFFF
:1051C000FFFFFFFFFFFFFFFFFFFFFFFFFFFFFFFFEF
:1051D000FFFFFFFFFFFFFFFFFFFFFFFFFFFFFFFFDF
:1051E000FFFFFFFFFFFFFFFFFFFFFFFFFFFFFFFFCF
:1051F000FFFFFFFFFFFFFFFFFFFFFFFFFFFFFFFFBF
:10520000FFFFFFFFFFFFFFFFFFFFFFFFFFFFFFFFAE
:10521000FFFFFFFFFFFFFFFFFFFFFFFFFFFFFFFF9E
:10522000FFFFFFFFFFFFFFFFFFFFFFFFFFFFFFFF8E
:10523000FFFFFFFFFFFFFFFFFFFFFFFFFFFFFFFF7E
:10524000FFFFFFFFFFFFFFFFFFFFFFFFFFFFFFFF6E
:10525000FFFFFFFFFFFFFFFFFFFFFFFFFFFFFFFF5E
:10526000FFFFFFFFFFFFFFFFFFFFFFFFFFFFFFFF4E
:10527000FFFFFFFFFFFFFFFFFFFFFFFFFFFFFFFF3E
:10528000FFFFFFFFFFFFFFFFFFFFFFFFFFFFFFFF2E
:10529000FFFFFFFFFFFFFFFFFFFFFFFFFFFFFFFF1E
:1052A000FFFFFFFFFFFFFFFFFFFFFFFFFFFFFFFF0E
:1052B000FFFFFFFFFFFFFFFFFFFFFFFFFFFFFFFFFE
:1052C000FFFFFFFFFFFFFFFFFFFFFFFFFFFFFFFFEE
:1052D000FFFFFFFFFFFFFFFFFFFFFFFFFFFFFFFFDE
:1052E000FFFFFFFFFFFFFFFFFFFFFFFFFFFFFFFFCE
:1052F000FFFFFFFFFFFFFFFFFFFFFFFFFFFFFFFFBE
:10530000FFFFFFFFFFFFFFFFFFFFFFFFFFFFFFFFAD
:10531000FFFFFFFFFFFFFFFFFFFFFFFFFFFFFFFF9D
:10532000FFFFFFFFFFFFFFFFFFFFFFFFFFFFFFFF8D
:10533000FFFFFFFFFFFFFFFFFFFFFFFFFFFFFFFF7D
:10534000FFFFFFFFFFFFFFFFFFFFFFFFFFFFFFFF6D
:10535000FFFFFFFFFFFFFFFFFFFFFFFFFFFFFFFF5D
:10536000FFFFFFFFFFFFFFFFFFFFFFFFFFFFFFFF4D
:10537000FFFFFFFFFFFFFFFFFFFFFFFFFFFFFFFF3D
:10538000FFFFFFFFFFFFFFFFFFFFFFFFFFFFFFFF2D
:10539000FFFFFFFFFFFFFFFFFFFFFFFFFFFFFFFF1D
:1053A000FFFFFFFFFFFFFFFFFFFFFFFFFFFFFFFF0D
:1053B000FFFFFFFFFFFFFFFFFFFFFFFFFFFFFFFFFD
:1053C000FFFFFFFFFFFFFFFFFFFFFFFFFFFFFFFFED
:1053D000FFFFFFFFFFFFFFFFFFFFFFFFFFFFFFFFDD
:1053E000FFFFFFFFFFFFFFFFFFFFFFFFFFFFFFFFCD
:1053F000FFFFFFFFFFFFFFFFFFFFFFFFFFFFFFFFBD
:10540000FFFFFFFFFFFFFFFFFFFFFFFFFFFFFFFFAC
:10541000FFFFFFFFFFFFFFFFFFFFFFFFFFFFFFFF9C
:10542000FFFFFFFFFFFFFFFFFFFFFFFFFFFFFFFF8C
:10543000FFFFFFFFFFFFFFFFFFFFFFFFFFFFFFFF7C
:10544000FFFFFFFFFFFFFFFFFFFFFFFFFFFFFFFF6C
:10545000FFFFFFFFFFFFFFFFFFFFFFFFFFFFFFFF5C
:10546000FFFFFFFFFFFFFFFFFFFFFFFFFFFFFFFF4C
:10547000FFFFFFFFFFFFFFFFFFFFFFFFFFFFFFFF3C
:10548000FFFFFFFFFFFFFFFFFFFFFFFFFFFFFFFF2C
:10549000FFFFFFFFFFFFFFFFFFFFFFFFFFFFFFFF1C
:1054A000FFFFFFFFFFFFFFFFFFFFFFFFFFFFFFFF0C
:1054B000FFFFFFFFFFFFFFFFFFFFFFFFFFFFFFFFFC
:1054C000FFFFFFFFFFFFFFFFFFFFFFFFFFFFFFFFEC
:1054D000FFFFFFFFFFFFFFFFFFFFFFFFFFFFFFFFDC
:1054E000FFFFFFFFFFFFFFFFFFFFFFFFFFFFFFFFCC
:1054F000FFFFFFFFFFFFFFFFFFFFFFFFFFFFFFFFBC
:10550000FFFFFFFFFFFFFFFFFFFFFFFFFFFFFFFFAB
:10551000FFFFFFFFFFFFFFFFFFFFFFFFFFFFFFFF9B
:10552000FFFFFFFFFFFFFFFFFFFFFFFFFFFFFFFF8B
:10553000FFFFFFFFFFFFFFFFFFFFFFFFFFFFFFFF7B
:10554000FFFFFFFFFFFFFFFFFFFFFFFFFFFFFFFF6B
:10555000FFFFFFFFFFFFFFFFFFFFFFFFFFFFFFFF5B
:10556000FFFFFFFFFFFFFFFFFFFFFFFFFFFFFFFF4B
:10557000FFFFFFFFFFFFFFFFFFFFFFFFFFFFFFFF3B
:10558000FFFFFFFFFFFFFFFFFFFFFFFFFFFFFFFF2B
:10559000FFFFFFFFFFFFFFFFFFFFFFFFFFFFFFFF1B
:1055A000FFFFFFFFFFFFFFFFFFFFFFFFFFFFFFFF0B
:1055B000FFFFFFFFFFFFFFFFFFFFFFFFFFFFFFFFFB
:1055C000FFFFFFFFFFFFFFFFFFFFFFFFFFFFFFFFEB
:1055D000FFFFFFFFFFFFFFFFFFFFFFFFFFFFFFFFDB
:1055E000FFFFFFFFFFFFFFFFFFFFFFFFFFFFFFFFCB
:1055F000FFFFFFFFFFFFFFFFFFFFFFFFFFFFFFFFBB
:10560000FFFFFFFFFFFFFFFFFFFFFFFFFFFFFFFFAA
:10561000FFFFFFFFFFFFFFFFFFFFFFFFFFFFFFFF9A
:10562000FFFFFFFFFFFFFFFFFFFFFFFFFFFFFFFF8A
:10563000FFFFFFFFFFFFFFFFFFFFFFFFFFFFFFFF7A
:10564000FFFFFFFFFFFFFFFFFFFFFFFFFFFFFFFF6A
:10565000FFFFFFFFFFFFFFFFFFFFFFFFFFFFFFFF5A
:10566000FFFFFFFFFFFFFFFFFFFFFFFFFFFFFFFF4A
:10567000FFFFFFFFFFFFFFFFFFFFFFFFFFFFFFFF3A
:10568000FFFFFFFFFFFFFFFFFFFFFFFFFFFFFFFF2A
:10569000FFFFFFFFFFFFFFFFFFFFFFFFFFFFFFFF1A
:1056A000FFFFFFFFFFFFFFFFFFFFFFFFFFFFFFFF0A
:1056B000FFFFFFFFFFFFFFFFFFFFFFFFFFFFFFFFFA
:1056C000FFFFFFFFFFFFFFFFFFFFFFFFFFFFFFFFEA
:1056D000FFFFFFFFFFFFFFFFFFFFFFFFFFFFFFFFDA
:1056E000FFFFFFFFFFFFFFFFFFFFFFFFFFFFFFFFCA
:1056F000FFFFFFFFFFFFFFFFFFFFFFFFFFFFFFFFBA
:10570000FFFFFFFFFFFFFFFFFFFFFFFFFFFFFFFFA9
:10571000FFFFFFFFFFFFFFFFFFFFFFFFFFFFFFFF99
:10572000FFFFFFFFFFFFFFFFFFFFFFFFFFFFFFFF89
:10573000FFFFFFFFFFFFFFFFFFFFFFFFFFFFFFFF79
:10574000FFFFFFFFFFFFFFFFFFFFFFFFFFFFFFFF69
:10575000FFFFFFFFFFFFFFFFFFFFFFFFFFFFFFFF59
:10576000FFFFFFFFFFFFFFFFFFFFFFFFFFFFFFFF49
:10577000FFFFFFFFFFFFFFFFFFFFFFFFFFFFFFFF39
:10578000FFFFFFFFFFFFFFFFFFFFFFFFFFFFFFFF29
:10579000FFFFFFFFFFFFFFFFFFFFFFFFFFFFFFFF19
:1057A000FFFFFFFFFFFFFFFFFFFFFFFFFFFFFFFF09
:1057B000FFFFFFFFFFFFFFFFFFFFFFFFFFFFFFFFF9
:1057C000FFFFFFFFFFFFFFFFFFFFFFFFFFFFFFFFE9
:1057D000FFFFFFFFFFFFFFFFFFFFFFFFFFFFFFFFD9
:1057E000FFFFFFFFFFFFFFFFFFFFFFFFFFFFFFFFC9
:1057F000FFFFFFFFFFFFFFFFFFFFFFFFFFFFFFFFB9
:10580000FFFFFFFFFFFFFFFFFFFFFFFFFFFFFFFFA8
:10581000FFFFFFFFFFFFFFFFFFFFFFFFFFFFFFFF98
:10582000FFFFFFFFFFFFFFFFFFFFFFFFFFFFFFFF88
:10583000FFFFFFFFFFFFFFFFFFFFFFFFFFFFFFFF78
:10584000FFFFFFFFFFFFFFFFFFFFFFFFFFFFFFFF68
:10585000FFFFFFFFFFFFFFFFFFFFFFFFFFFFFFFF58
:10586000FFFFFFFFFFFFFFFFFFFFFFFFFFFFFFFF48
:10587000FFFFFFFFFFFFFFFFFFFFFFFFFFFFFFFF38
:10588000FFFFFFFFFFFFFFFFFFFFFFFFFFFFFFFF28
:10589000FFFFFFFFFFFFFFFFFFFFFFFFFFFFFFFF18
:1058A000FFFFFFFFFFFFFFFFFFFFFFFFFFFFFFFF08
:1058B000FFFFFFFFFFFFFFFFFFFFFFFFFFFFFFFFF8
:1058C000FFFFFFFFFFFFFFFFFFFFFFFFFFFFFFFFE8
:1058D000FFFFFFFFFFFFFFFFFFFFFFFFFFFFFFFFD8
:1058E000FFFFFFFFFFFFFFFFFFFFFFFFFFFFFFFFC8
:1058F000FFFFFFFFFFFFFFFFFFFFFFFFFFFFFFFFB8
:10590000FFFFFFFFFFFFFFFFFFFFFFFFFFFFFFFFA7
:10591000FFFFFFFFFFFFFFFFFFFFFFFFFFFFFFFF97
:10592000FFFFFFFFFFFFFFFFFFFFFFFFFFFFFFFF87
:10593000FFFFFFFFFFFFFFFFFFFFFFFFFFFFFFFF77
:10594000FFFFFFFFFFFFFFFFFFFFFFFFFFFFFFFF67
:10595000FFFFFFFFFFFFFFFFFFFFFFFFFFFFFFFF57
:10596000FFFFFFFFFFFFFFFFFFFFFFFFFFFFFFFF47
:10597000FFFFFFFFFFFFFFFFFFFFFFFFFFFFFFFF37
:10598000FFFFFFFFFFFFFFFFFFFFFFFFFFFFFFFF27
:10599000FFFFFFFFFFFFFFFFFFFFFFFFFFFFFFFF17
:1059A000FFFFFFFFFFFFFFFFFFFFFFFFFFFFFFFF07
:1059B000FFFFFFFFFFFFFFFFFFFFFFFFFFFFFFFFF7
:1059C000FFFFFFFFFFFFFFFFFFFFFFFFFFFFFFFFE7
:1059D000FFFFFFFFFFFFFFFFFFFFFFFFFFFFFFFFD7
:1059E000FFFFFFFFFFFFFFFFFFFFFFFFFFFFFFFFC7
:1059F000FFFFFFFFFFFFFFFFFFFFFFFFFFFFFFFFB7
:105A0000FFFFFFFFFFFFFFFFFFFFFFFFFFFFFFFFA6
:105A1000FFFFFFFFFFFFFFFFFFFFFFFFFFFFFFFF96
:105A2000FFFFFFFFFFFFFFFFFFFFFFFFFFFFFFFF86
:105A3000FFFFFFFFFFFFFFFFFFFFFFFFFFFFFFFF76
:105A4000FFFFFFFFFFFFFFFFFFFFFFFFFFFFFFFF66
:105A5000FFFFFFFFFFFFFFFFFFFFFFFFFFFFFFFF56
:105A6000FFFFFFFFFFFFFFFFFFFFFFFFFFFFFFFF46
:105A7000FFFFFFFFFFFFFFFFFFFFFFFFFFFFFFFF36
:105A8000FFFFFFFFFFFFFFFFFFFFFFFFFFFFFFFF26
:105A9000FFFFFFFFFFFFFFFFFFFFFFFFFFFFFFFF16
:105AA000FFFFFFFFFFFFFFFFFFFFFFFFFFFFFFFF06
:105AB000FFFFFFFFFFFFFFFFFFFFFFFFFFFFFFFFF6
:105AC000FFFFFFFFFFFFFFFFFFFFFFFFFFFFFFFFE6
:105AD000FFFFFFFFFFFFFFFFFFFFFFFFFFFFFFFFD6
:105AE000FFFFFFFFFFFFFFFFFFFFFFFFFFFFFFFFC6
:105AF000FFFFFFFFFFFFFFFFFFFFFFFFFFFFFFFFB6
:105B0000FFFFFFFFFFFFFFFFFFFFFFFFFFFFFFFFA5
:105B1000FFFFFFFFFFFFFFFFFFFFFFFFFFFFFFFF95
:105B2000FFFFFFFFFFFFFFFFFFFFFFFFFFFFFFFF85
:105B3000FFFFFFFFFFFFFFFFFFFFFFFFFFFFFFFF75
:105B4000FFFFFFFFFFFFFFFFFFFFFFFFFFFFFFFF65
:105B5000FFFFFFFFFFFFFFFFFFFFFFFFFFFFFFFF55
:105B6000FFFFFFFFFFFFFFFFFFFFFFFFFFFFFFFF45
:105B7000FFFFFFFFFFFFFFFFFFFFFFFFFFFFFFFF35
:105B8000FFFFFFFFFFFFFFFFFFFFFFFFFFFFFFFF25
:105B9000FFFFFFFFFFFFFFFFFFFFFFFFFFFFFFFF15
:105BA000FFFFFFFFFFFFFFFFFFFFFFFFFFFFFFFF05
:105BB000FFFFFFFFFFFFFFFFFFFFFFFFFFFFFFFFF5
:105BC000FFFFFFFFFFFFFFFFFFFFFFFFFFFFFFFFE5
:105BD000FFFFFFFFFFFFFFFFFFFFFFFFFFFFFFFFD5
:105BE000FFFFFFFFFFFFFFFFFFFFFFFFFFFFFFFFC5
:105BF000FFFFFFFFFFFFFFFFFFFFFFFFFFFFFFFFB5
:105C0000FFFFFFFFFFFFFFFFFFFFFFFFFFFFFFFFA4
:105C1000FFFFFFFFFFFFFFFFFFFFFFFFFFFFFFFF94
:105C2000FFFFFFFFFFFFFFFFFFFFFFFFFFFFFFFF84
:105C3000FFFFFFFFFFFFFFFFFFFFFFFFFFFFFFFF74
:105C4000FFFFFFFFFFFFFFFFFFFFFFFFFFFFFFFF64
:105C5000FFFFFFFFFFFFFFFFFFFFFFFFFFFFFFFF54
:105C6000FFFFFFFFFFFFFFFFFFFFFFFFFFFFFFFF44
:105C7000FFFFFFFFFFFFFFFFFFFFFFFFFFFFFFFF34
:105C8000FFFFFFFFFFFFFFFFFFFFFFFFFFFFFFFF24
:105C9000FFFFFFFFFFFFFFFFFFFFFFFFFFFFFFFF14
:105CA000FFFFFFFFFFFFFFFFFFFFFFFFFFFFFFFF04
:105CB000FFFFFFFFFFFFFFFFFFFFFFFFFFFFFFFFF4
:105CC000FFFFFFFFFFFFFFFFFFFFFFFFFFFFFFFFE4
:105CD000FFFFFFFFFFFFFFFFFFFFFFFFFFFFFFFFD4
:105CE000FFFFFFFFFFFFFFFFFFFFFFFFFFFFFFFFC4
:105CF000FFFFFFFFFFFFFFFFFFFFFFFFFFFFFFFFB4
:105D0000FFFFFFFFFFFFFFFFFFFFFFFFFFFFFFFFA3
:105D1000FFFFFFFFFFFFFFFFFFFFFFFFFFFFFFFF93
:105D2000FFFFFFFFFFFFFFFFFFFFFFFFFFFFFFFF83
:105D3000FFFFFFFFFFFFFFFFFFFFFFFFFFFFFFFF73
:105D4000FFFFFFFFFFFFFFFFFFFFFFFFFFFFFFFF63
:105D5000FFFFFFFFFFFFFFFFFFFFFFFFFFFFFFFF53
:105D6000FFFFFFFFFFFFFFFFFFFFFFFFFFFFFFFF43
:105D7000FFFFFFFFFFFFFFFFFFFFFFFFFFFFFFFF33
:105D8000FFFFFFFFFFFFFFFFFFFFFFFFFFFFFFFF23
:105D9000FFFFFFFFFFFFFFFFFFFFFFFFFFFFFFFF13
:105DA000FFFFFFFFFFFFFFFFFFFFFFFFFFFFFFFF03
:105DB000FFFFFFFFFFFFFFFFFFFFFFFFFFFFFFFFF3
:105DC000FFFFFFFFFFFFFFFFFFFFFFFFFFFFFFFFE3
:105DD000FFFFFFFFFFFFFFFFFFFFFFFFFFFFFFFFD3
:105DE000FFFFFFFFFFFFFFFFFFFFFFFFFFFFFFFFC3
:105DF000FFFFFFFFFFFFFFFFFFFFFFFFFFFFFFFFB3
:105E0000FFFFFFFFFFFFFFFFFFFFFFFFFFFFFFFFA2
:105E1000FFFFFFFFFFFFFFFFFFFFFFFFFFFFFFFF92
:105E2000FFFFFFFFFFFFFFFFFFFFFFFFFFFFFFFF82
:105E3000FFFFFFFFFFFFFFFFFFFFFFFFFFFFFFFF72
:105E4000FFFFFFFFFFFFFFFFFFFFFFFFFFFFFFFF62
:105E5000FFFFFFFFFFFFFFFFFFFFFFFFFFFFFFFF52
:105E6000FFFFFFFFFFFFFFFFFFFFFFFFFFFFFFFF42
:105E7000FFFFFFFFFFFFFFFFFFFFFFFFFFFFFFFF32
:105E8000FFFFFFFFFFFFFFFFFFFFFFFFFFFFFFFF22
:105E9000FFFFFFFFFFFFFFFFFFFFFFFFFFFFFFFF12
:105EA000FFFFFFFFFFFFFFFFFFFFFFFFFFFFFFFF02
:105EB000FFFFFFFFFFFFFFFFFFFFFFFFFFFFFFFFF2
:105EC000FFFFFFFFFFFFFFFFFFFFFFFFFFFFFFFFE2
:105ED000FFFFFFFFFFFFFFFFFFFFFFFFFFFFFFFFD2
:105EE000FFFFFFFFFFFFFFFFFFFFFFFFFFFFFFFFC2
:105EF000FFFFFFFFFFFFFFFFFFFFFFFFFFFFFFFFB2
:105F0000FFFFFFFFFFFFFFFFFFFFFFFFFFFFFFFFA1
:105F1000FFFFFFFFFFFFFFFFFFFFFFFFFFFFFFFF91
:105F2000FFFFFFFFFFFFFFFFFFFFFFFFFFFFFFFF81
:105F3000FFFFFFFFFFFFFFFFFFFFFFFFFFFFFFFF71
:105F4000FFFFFFFFFFFFFFFFFFFFFFFFFFFFFFFF61
:105F5000FFFFFFFFFFFFFFFFFFFFFFFFFFFFFFFF51
:105F6000FFFFFFFFFFFFFFFFFFFFFFFFFFFFFFFF41
:105F7000FFFFFFFFFFFFFFFFFFFFFFFFFFFFFFFF31
:105F8000FFFFFFFFFFFFFFFFFFFFFFFFFFFFFFFF21
:105F9000FFFFFFFFFFFFFFFFFFFFFFFFFFFFFFFF11
:105FA000FFFFFFFFFFFFFFFFFFFFFFFFFFFFFFFF01
:105FB000FFFFFFFFFFFFFFFFFFFFFFFFFFFFFFFFF1
:105FC000FFFFFFFFFFFFFFFFFFFFFFFFFFFFFFFFE1
:105FD000FFFFFFFFFFFFFFFFFFFFFFFFFFFFFFFFD1
:105FE000FFFFFFFFFFFFFFFFFFFFFFFFFFFFFFFFC1
:105FF000FFFFFFFFFFFFFFFFFFFFFFFFFFFFFFFFB1
:10600000FFFFFFFFFFFFFFFFFFFFFFFFFFFFFFFFA0
:10601000FFFFFFFFFFFFFFFFFFFFFFFFFFFFFFFF90
:10602000FFFFFFFFFFFFFFFFFFFFFFFFFFFFFFFF80
:10603000FFFFFFFFFFFFFFFFFFFFFFFFFFFFFFFF70
:10604000FFFFFFFFFFFFFFFFFFFFFFFFFFFFFFFF60
:10605000FFFFFFFFFFFFFFFFFFFFFFFFFFFFFFFF50
:10606000FFFFFFFFFFFFFFFFFFFFFFFFFFFFFFFF40
:10607000FFFFFFFFFFFFFFFFFFFFFFFFFFFFFFFF30
:10608000FFFFFFFFFFFFFFFFFFFFFFFFFFFFFFFF20
:10609000FFFFFFFFFFFFFFFFFFFFFFFFFFFFFFFF10
:1060A000FFFFFFFFFFFFFFFFFFFFFFFFFFFFFFFF00
:1060B000FFFFFFFFFFFFFFFFFFFFFFFFFFFFFFFFF0
:1060C000FFFFFFFFFFFFFFFFFFFFFFFFFFFFFFFFE0
:1060D000FFFFFFFFFFFFFFFFFFFFFFFFFFFFFFFFD0
:1060E000FFFFFFFFFFFFFFFFFFFFFFFFFFFFFFFFC0
:1060F000FFFFFFFFFFFFFFFFFFFFFFFFFFFFFFFFB0
:10610000FFFFFFFFFFFFFFFFFFFFFFFFFFFFFFFF9F
:10611000FFFFFFFFFFFFFFFFFFFFFFFFFFFFFFFF8F
:10612000FFFFFFFFFFFFFFFFFFFFFFFFFFFFFFFF7F
:10613000FFFFFFFFFFFFFFFFFFFFFFFFFFFFFFFF6F
:10614000FFFFFFFFFFFFFFFFFFFFFFFFFFFFFFFF5F
:10615000FFFFFFFFFFFFFFFFFFFFFFFFFFFFFFFF4F
:10616000FFFFFFFFFFFFFFFFFFFFFFFFFFFFFFFF3F
:10617000FFFFFFFFFFFFFFFFFFFFFFFFFFFFFFFF2F
:10618000FFFFFFFFFFFFFFFFFFFFFFFFFFFFFFFF1F
:10619000FFFFFFFFFFFFFFFFFFFFFFFFFFFFFFFF0F
:1061A000FFFFFFFFFFFFFFFFFFFFFFFFFFFFFFFFFF
:1061B000FFFFFFFFFFFFFFFFFFFFFFFFFFFFFFFFEF
:1061C000FFFFFFFFFFFFFFFFFFFFFFFFFFFFFFFFDF
:1061D000FFFFFFFFFFFFFFFFFFFFFFFFFFFFFFFFCF
:1061E000FFFFFFFFFFFFFFFFFFFFFFFFFFFFFFFFBF
:1061F000FFFFFFFFFFFFFFFFFFFFFFFFFFFFFFFFAF
:10620000FFFFFFFFFFFFFFFFFFFFFFFFFFFFFFFF9E
:10621000FFFFFFFFFFFFFFFFFFFFFFFFFFFFFFFF8E
:10622000FFFFFFFFFFFFFFFFFFFFFFFFFFFFFFFF7E
:10623000FFFFFFFFFFFFFFFFFFFFFFFFFFFFFFFF6E
:10624000FFFFFFFFFFFFFFFFFFFFFFFFFFFFFFFF5E
:10625000FFFFFFFFFFFFFFFFFFFFFFFFFFFFFFFF4E
:10626000FFFFFFFFFFFFFFFFFFFFFFFFFFFFFFFF3E
:10627000FFFFFFFFFFFFFFFFFFFFFFFFFFFFFFFF2E
:10628000FFFFFFFFFFFFFFFFFFFFFFFFFFFFFFFF1E
:10629000FFFFFFFFFFFFFFFFFFFFFFFFFFFFFFFF0E
:1062A000FFFFFFFFFFFFFFFFFFFFFFFFFFFFFFFFFE
:1062B000FFFFFFFFFFFFFFFFFFFFFFFFFFFFFFFFEE
:1062C000FFFFFFFFFFFFFFFFFFFFFFFFFFFFFFFFDE
:1062D000FFFFFFFFFFFFFFFFFFFFFFFFFFFFFFFFCE
:1062E000FFFFFFFFFFFFFFFFFFFFFFFFFFFFFFFFBE
:1062F000FFFFFFFFFFFFFFFFFFFFFFFFFFFFFFFFAE
:10630000FFFFFFFFFFFFFFFFFFFFFFFFFFFFFFFF9D
:10631000FFFFFFFFFFFFFFFFFFFFFFFFFFFFFFFF8D
:10632000FFFFFFFFFFFFFFFFFFFFFFFFFFFFFFFF7D
:10633000FFFFFFFFFFFFFFFFFFFFFFFFFFFFFFFF6D
:10634000FFFFFFFFFFFFFFFFFFFFFFFFFFFFFFFF5D
:10635000FFFFFFFFFFFFFFFFFFFFFFFFFFFFFFFF4D
:10636000FFFFFFFFFFFFFFFFFFFFFFFFFFFFFFFF3D
:10637000FFFFFFFFFFFFFFFFFFFFFFFFFFFFFFFF2D
:10638000FFFFFFFFFFFFFFFFFFFFFFFFFFFFFFFF1D
:10639000FFFFFFFFFFFFFFFFFFFFFFFFFFFFFFFF0D
:1063A000FFFFFFFFFFFFFFFFFFFFFFFFFFFFFFFFFD
:1063B000FFFFFFFFFFFFFFFFFFFFFFFFFFFFFFFFED
:1063C000FFFFFFFFFFFFFFFFFFFFFFFFFFFFFFFFDD
:1063D000FFFFFFFFFFFFFFFFFFFFFFFFFFFFFFFFCD
:1063E000FFFFFFFFFFFFFFFFFFFFFFFFFFFFFFFFBD
:1063F000FFFFFFFFFFFFFFFFFFFFFFFFFFFFFFFFAD
:10640000FFFFFFFFFFFFFFFFFFFFFFFFFFFFFFFF9C
:10641000FFFFFFFFFFFFFFFFFFFFFFFFFFFFFFFF8C
:10642000FFFFFFFFFFFFFFFFFFFFFFFFFFFFFFFF7C
:10643000FFFFFFFFFFFFFFFFFFFFFFFFFFFFFFFF6C
:10644000FFFFFFFFFFFFFFFFFFFFFFFFFFFFFFFF5C
:10645000FFFFFFFFFFFFFFFFFFFFFFFFFFFFFFFF4C
:10646000FFFFFFFFFFFFFFFFFFFFFFFFFFFFFFFF3C
:10647000FFFFFFFFFFFFFFFFFFFFFFFFFFFFFFFF2C
:10648000FFFFFFFFFFFFFFFFFFFFFFFFFFFFFFFF1C
:10649000FFFFFFFFFFFFFFFFFFFFFFFFFFFFFFFF0C
:1064A000FFFFFFFFFFFFFFFFFFFFFFFFFFFFFFFFFC
:1064B000FFFFFFFFFFFFFFFFFFFFFFFFFFFFFFFFEC
:1064C000FFFFFFFFFFFFFFFFFFFFFFFFFFFFFFFFDC
:1064D000FFFFFFFFFFFFFFFFFFFFFFFFFFFFFFFFCC
:1064E000FFFFFFFFFFFFFFFFFFFFFFFFFFFFFFFFBC
:1064F000FFFFFFFFFFFFFFFFFFFFFFFFFFFFFFFFAC
:10650000FFFFFFFFFFFFFFFFFFFFFFFFFFFFFFFF9B
:10651000FFFFFFFFFFFFFFFFFFFFFFFFFFFFFFFF8B
:10652000FFFFFFFFFFFFFFFFFFFFFFFFFFFFFFFF7B
:10653000FFFFFFFFFFFFFFFFFFFFFFFFFFFFFFFF6B
:10654000FFFFFFFFFFFFFFFFFFFFFFFFFFFFFFFF5B
:10655000FFFFFFFFFFFFFFFFFFFFFFFFFFFFFFFF4B
:10656000FFFFFFFFFFFFFFFFFFFFFFFFFFFFFFFF3B
:10657000FFFFFFFFFFFFFFFFFFFFFFFFFFFFFFFF2B
:10658000FFFFFFFFFFFFFFFFFFFFFFFFFFFFFFFF1B
:10659000FFFFFFFFFFFFFFFFFFFFFFFFFFFFFFFF0B
:1065A000FFFFFFFFFFFFFFFFFFFFFFFFFFFFFFFFFB
:1065B000FFFFFFFFFFFFFFFFFFFFFFFFFFFFFFFFEB
:1065C000FFFFFFFFFFFFFFFFFFFFFFFFFFFFFFFFDB
:1065D000FFFFFFFFFFFFFFFFFFFFFFFFFFFFFFFFCB
:1065E000FFFFFFFFFFFFFFFFFFFFFFFFFFFFFFFFBB
:1065F000FFFFFFFFFFFFFFFFFFFFFFFFFFFFFFFFAB
:10660000FFFFFFFFFFFFFFFFFFFFFFFFFFFFFFFF9A
:10661000FFFFFFFFFFFFFFFFFFFFFFFFFFFFFFFF8A
:10662000FFFFFFFFFFFFFFFFFFFFFFFFFFFFFFFF7A
:10663000FFFFFFFFFFFFFFFFFFFFFFFFFFFFFFFF6A
:10664000FFFFFFFFFFFFFFFFFFFFFFFFFFFFFFFF5A
:10665000FFFFFFFFFFFFFFFFFFFFFFFFFFFFFFFF4A
:10666000FFFFFFFFFFFFFFFFFFFFFFFFFFFFFFFF3A
:10667000FFFFFFFFFFFFFFFFFFFFFFFFFFFFFFFF2A
:10668000FFFFFFFFFFFFFFFFFFFFFFFFFFFFFFFF1A
:10669000FFFFFFFFFFFFFFFFFFFFFFFFFFFFFFFF0A
:1066A000FFFFFFFFFFFFFFFFFFFFFFFFFFFFFFFFFA
:1066B000FFFFFFFFFFFFFFFFFFFFFFFFFFFFFFFFEA
:1066C000FFFFFFFFFFFFFFFFFFFFFFFFFFFFFFFFDA
:1066D000FFFFFFFFFFFFFFFFFFFFFFFFFFFFFFFFCA
:1066E000FFFFFFFFFFFFFFFFFFFFFFFFFFFFFFFFBA
:1066F000FFFFFFFFFFFFFFFFFFFFFFFFFFFFFFFFAA
:10670000FFFFFFFFFFFFFFFFFFFFFFFFFFFFFFFF99
:10671000FFFFFFFFFFFFFFFFFFFFFFFFFFFFFFFF89
:10672000FFFFFFFFFFFFFFFFFFFFFFFFFFFFFFFF79
:10673000FFFFFFFFFFFFFFFFFFFFFFFFFFFFFFFF69
:10674000FFFFFFFFFFFFFFFFFFFFFFFFFFFFFFFF59
:10675000FFFFFFFFFFFFFFFFFFFFFFFFFFFFFFFF49
:10676000FFFFFFFFFFFFFFFFFFFFFFFFFFFFFFFF39
:10677000FFFFFFFFFFFFFFFFFFFFFFFFFFFFFFFF29
:10678000FFFFFFFFFFFFFFFFFFFFFFFFFFFFFFFF19
:10679000FFFFFFFFFFFFFFFFFFFFFFFFFFFFFFFF09
:1067A000FFFFFFFFFFFFFFFFFFFFFFFFFFFFFFFFF9
:1067B000FFFFFFFFFFFFFFFFFFFFFFFFFFFFFFFFE9
:1067C000FFFFFFFFFFFFFFFFFFFFFFFFFFFFFFFFD9
:1067D000FFFFFFFFFFFFFFFFFFFFFFFFFFFFFFFFC9
:1067E000FFFFFFFFFFFFFFFFFFFFFFFFFFFFFFFFB9
:1067F000FFFFFFFFFFFFFFFFFFFFFFFFFFFFFFFFA9
:10680000FFFFFFFFFFFFFFFFFFFFFFFFFFFFFFFF98
:10681000FFFFFFFFFFFFFFFFFFFFFFFFFFFFFFFF88
:10682000FFFFFFFFFFFFFFFFFFFFFFFFFFFFFFFF78
:10683000FFFFFFFFFFFFFFFFFFFFFFFFFFFFFFFF68
:10684000FFFFFFFFFFFFFFFFFFFFFFFFFFFFFFFF58
:10685000FFFFFFFFFFFFFFFFFFFFFFFFFFFFFFFF48
:10686000FFFFFFFFFFFFFFFFFFFFFFFFFFFFFFFF38
:10687000FFFFFFFFFFFFFFFFFFFFFFFFFFFFFFFF28
:10688000FFFFFFFFFFFFFFFFFFFFFFFFFFFFFFFF18
:10689000FFFFFFFFFFFFFFFFFFFFFFFFFFFFFFFF08
:1068A000FFFFFFFFFFFFFFFFFFFFFFFFFFFFFFFFF8
:1068B000FFFFFFFFFFFFFFFFFFFFFFFFFFFFFFFFE8
:1068C000FFFFFFFFFFFFFFFFFFFFFFFFFFFFFFFFD8
:1068D000FFFFFFFFFFFFFFFFFFFFFFFFFFFFFFFFC8
:1068E000FFFFFFFFFFFFFFFFFFFFFFFFFFFFFFFFB8
:1068F000FFFFFFFFFFFFFFFFFFFFFFFFFFFFFFFFA8
:10690000FFFFFFFFFFFFFFFFFFFFFFFFFFFFFFFF97
:10691000FFFFFFFFFFFFFFFFFFFFFFFFFFFFFFFF87
:10692000FFFFFFFFFFFFFFFFFFFFFFFFFFFFFFFF77
:10693000FFFFFFFFFFFFFFFFFFFFFFFFFFFFFFFF67
:10694000FFFFFFFFFFFFFFFFFFFFFFFFFFFFFFFF57
:10695000FFFFFFFFFFFFFFFFFFFFFFFFFFFFFFFF47
:10696000FFFFFFFFFFFFFFFFFFFFFFFFFFFFFFFF37
:10697000FFFFFFFFFFFFFFFFFFFFFFFFFFFFFFFF27
:10698000FFFFFFFFFFFFFFFFFFFFFFFFFFFFFFFF17
:10699000FFFFFFFFFFFFFFFFFFFFFFFFFFFFFFFF07
:1069A000FFFFFFFFFFFFFFFFFFFFFFFFFFFFFFFFF7
:1069B000FFFFFFFFFFFFFFFFFFFFFFFFFFFFFFFFE7
:1069C000FFFFFFFFFFFFFFFFFFFFFFFFFFFFFFFFD7
:1069D000FFFFFFFFFFFFFFFFFFFFFFFFFFFFFFFFC7
:1069E000FFFFFFFFFFFFFFFFFFFFFFFFFFFFFFFFB7
:1069F000FFFFFFFFFFFFFFFFFFFFFFFFFFFFFFFFA7
:106A0000FFFFFFFFFFFFFFFFFFFFFFFFFFFFFFFF96
:106A1000FFFFFFFFFFFFFFFFFFFFFFFFFFFFFFFF86
:106A2000FFFFFFFFFFFFFFFFFFFFFFFFFFFFFFFF76
:106A3000FFFFFFFFFFFFFFFFFFFFFFFFFFFFFFFF66
:106A4000FFFFFFFFFFFFFFFFFFFFFFFFFFFFFFFF56
:106A5000FFFFFFFFFFFFFFFFFFFFFFFFFFFFFFFF46
:106A6000FFFFFFFFFFFFFFFFFFFFFFFFFFFFFFFF36
:106A7000FFFFFFFFFFFFFFFFFFFFFFFFFFFFFFFF26
:106A8000FFFFFFFFFFFFFFFFFFFFFFFFFFFFFFFF16
:106A9000FFFFFFFFFFFFFFFFFFFFFFFFFFFFFFFF06
:106AA000FFFFFFFFFFFFFFFFFFFFFFFFFFFFFFFFF6
:106AB000FFFFFFFFFFFFFFFFFFFFFFFFFFFFFFFFE6
:106AC000FFFFFFFFFFFFFFFFFFFFFFFFFFFFFFFFD6
:106AD000FFFFFFFFFFFFFFFFFFFFFFFFFFFFFFFFC6
:106AE000FFFFFFFFFFFFFFFFFFFFFFFFFFFFFFFFB6
:106AF000FFFFFFFFFFFFFFFFFFFFFFFFFFFFFFFFA6
:106B0000FFFFFFFFFFFFFFFFFFFFFFFFFFFFFFFF95
:106B1000FFFFFFFFFFFFFFFFFFFFFFFFFFFFFFFF85
:106B2000FFFFFFFFFFFFFFFFFFFFFFFFFFFFFFFF75
:106B3000FFFFFFFFFFFFFFFFFFFFFFFFFFFFFFFF65
:106B4000FFFFFFFFFFFFFFFFFFFFFFFFFFFFFFFF55
:106B5000FFFFFFFFFFFFFFFFFFFFFFFFFFFFFFFF45
:106B6000FFFFFFFFFFFFFFFFFFFFFFFFFFFFFFFF35
:106B7000FFFFFFFFFFFFFFFFFFFFFFFFFFFFFFFF25
:106B8000FFFFFFFFFFFFFFFFFFFFFFFFFFFFFFFF15
:106B9000FFFFFFFFFFFFFFFFFFFFFFFFFFFFFFFF05
:106BA000FFFFFFFFFFFFFFFFFFFFFFFFFFFFFFFFF5
:106BB000FFFFFFFFFFFFFFFFFFFFFFFFFFFFFFFFE5
:106BC000FFFFFFFFFFFFFFFFFFFFFFFFFFFFFFFFD5
:106BD000FFFFFFFFFFFFFFFFFFFFFFFFFFFFFFFFC5
:106BE000FFFFFFFFFFFFFFFFFFFFFFFFFFFFFFFFB5
:106BF000FFFFFFFFFFFFFFFFFFFFFFFFFFFFFFFFA5
:106C0000FFFFFFFFFFFFFFFFFFFFFFFFFFFFFFFF94
:106C1000FFFFFFFFFFFFFFFFFFFFFFFFFFFFFFFF84
:106C2000FFFFFFFFFFFFFFFFFFFFFFFFFFFFFFFF74
:106C3000FFFFFFFFFFFFFFFFFFFFFFFFFFFFFFFF64
:106C4000FFFFFFFFFFFFFFFFFFFFFFFFFFFFFFFF54
:106C5000FFFFFFFFFFFFFFFFFFFFFFFFFFFFFFFF44
:106C6000FFFFFFFFFFFFFFFFFFFFFFFFFFFFFFFF34
:106C7000FFFFFFFFFFFFFFFFFFFFFFFFFFFFFFFF24
:106C8000FFFFFFFFFFFFFFFFFFFFFFFFFFFFFFFF14
:106C9000FFFFFFFFFFFFFFFFFFFFFFFFFFFFFFFF04
:106CA000FFFFFFFFFFFFFFFFFFFFFFFFFFFFFFFFF4
:106CB000FFFFFFFFFFFFFFFFFFFFFFFFFFFFFFFFE4
:106CC000FFFFFFFFFFFFFFFFFFFFFFFFFFFFFFFFD4
:106CD000FFFFFFFFFFFFFFFFFFFFFFFFFFFFFFFFC4
:106CE000FFFFFFFFFFFFFFFFFFFFFFFFFFFFFFFFB4
:106CF000FFFFFFFFFFFFFFFFFFFFFFFFFFFFFFFFA4
:106D0000FFFFFFFFFFFFFFFFFFFFFFFFFFFFFFFF93
:106D1000FFFFFFFFFFFFFFFFFFFFFFFFFFFFFFFF83
:106D2000FFFFFFFFFFFFFFFFFFFFFFFFFFFFFFFF73
:106D3000FFFFFFFFFFFFFFFFFFFFFFFFFFFFFFFF63
:106D4000FFFFFFFFFFFFFFFFFFFFFFFFFFFFFFFF53
:106D5000FFFFFFFFFFFFFFFFFFFFFFFFFFFFFFFF43
:106D6000FFFFFFFFFFFFFFFFFFFFFFFFFFFFFFFF33
:106D7000FFFFFFFFFFFFFFFFFFFFFFFFFFFFFFFF23
:106D8000FFFFFFFFFFFFFFFFFFFFFFFFFFFFFFFF13
:106D9000FFFFFFFFFFFFFFFFFFFFFFFFFFFFFFFF03
:106DA000FFFFFFFFFFFFFFFFFFFFFFFFFFFFFFFFF3
:106DB000FFFFFFFFFFFFFFFFFFFFFFFFFFFFFFFFE3
:106DC000FFFFFFFFFFFFFFFFFFFFFFFFFFFFFFFFD3
:106DD000FFFFFFFFFFFFFFFFFFFFFFFFFFFFFFFFC3
:106DE000FFFFFFFFFFFFFFFFFFFFFFFFFFFFFFFFB3
:106DF000FFFFFFFFFFFFFFFFFFFFFFFFFFFFFFFFA3
:106E0000FFFFFFFFFFFFFFFFFFFFFFFFFFFFFFFF92
:106E1000FFFFFFFFFFFFFFFFFFFFFFFFFFFFFFFF82
:106E2000FFFFFFFFFFFFFFFFFFFFFFFFFFFFFFFF72
:106E3000FFFFFFFFFFFFFFFFFFFFFFFFFFFFFFFF62
:106E4000FFFFFFFFFFFFFFFFFFFFFFFFFFFFFFFF52
:106E5000FFFFFFFFFFFFFFFFFFFFFFFFFFFFFFFF42
:106E6000FFFFFFFFFFFFFFFFFFFFFFFFFFFFFFFF32
:106E7000FFFFFFFFFFFFFFFFFFFFFFFFFFFFFFFF22
:106E8000FFFFFFFFFFFFFFFFFFFFFFFFFFFFFFFF12
:106E9000FFFFFFFFFFFFFFFFFFFFFFFFFFFFFFFF02
:106EA000FFFFFFFFFFFFFFFFFFFFFFFFFFFFFFFFF2
:106EB000FFFFFFFFFFFFFFFFFFFFFFFFFFFFFFFFE2
:106EC000FFFFFFFFFFFFFFFFFFFFFFFFFFFFFFFFD2
:106ED000FFFFFFFFFFFFFFFFFFFFFFFFFFFFFFFFC2
:106EE000FFFFFFFFFFFFFFFFFFFFFFFFFFFFFFFFB2
:106EF000FFFFFFFFFFFFFFFFFFFFFFFFFFFFFFFFA2
:106F0000FFFFFFFFFFFFFFFFFFFFFFFFFFFFFFFF91
:106F1000FFFFFFFFFFFFFFFFFFFFFFFFFFFFFFFF81
:106F2000FFFFFFFFFFFFFFFFFFFFFFFFFFFFFFFF71
:106F3000FFFFFFFFFFFFFFFFFFFFFFFFFFFFFFFF61
:106F4000FFFFFFFFFFFFFFFFFFFFFFFFFFFFFFFF51
:106F5000FFFFFFFFFFFFFFFFFFFFFFFFFFFFFFFF41
:106F6000FFFFFFFFFFFFFFFFFFFFFFFFFFFFFFFF31
:106F7000FFFFFFFFFFFFFFFFFFFFFFFFFFFFFFFF21
:106F8000FFFFFFFFFFFFFFFFFFFFFFFFFFFFFFFF11
:106F9000FFFFFFFFFFFFFFFFFFFFFFFFFFFFFFFF01
:106FA000FFFFFFFFFFFFFFFFFFFFFFFFFFFFFFFFF1
:106FB000FFFFFFFFFFFFFFFFFFFFFFFFFFFFFFFFE1
:106FC000FFFFFFFFFFFFFFFFFFFFFFFFFFFFFFFFD1
:106FD000FFFFFFFFFFFFFFFFFFFFFFFFFFFFFFFFC1
:106FE000FFFFFFFFFFFFFFFFFFFFFFFFFFFFFFFFB1
:106FF000FFFFFFFFFFFFFFFFFFFFFFFFFFFFFFFFA1
:10700000FFFFFFFFFFFFFFFFFFFFFFFFFFFFFFFF90
:10701000FFFFFFFFFFFFFFFFFFFFFFFFFFFFFFFF80
:10702000FFFFFFFFFFFFFFFFFFFFFFFFFFFFFFFF70
:10703000FFFFFFFFFFFFFFFFFFFFFFFFFFFFFFFF60
:10704000FFFFFFFFFFFFFFFFFFFFFFFFFFFFFFFF50
:10705000FFFFFFFFFFFFFFFFFFFFFFFFFFFFFFFF40
:10706000FFFFFFFFFFFFFFFFFFFFFFFFFFFFFFFF30
:10707000FFFFFFFFFFFFFFFFFFFFFFFFFFFFFFFF20
:10708000FFFFFFFFFFFFFFFFFFFFFFFFFFFFFFFF10
:10709000FFFFFFFFFFFFFFFFFFFFFFFFFFFFFFFF00
:1070A000FFFFFFFFFFFFFFFFFFFFFFFFFFFFFFFFF0
:1070B000FFFFFFFFFFFFFFFFFFFFFFFFFFFFFFFFE0
:1070C000FFFFFFFFFFFFFFFFFFFFFFFFFFFFFFFFD0
:1070D000FFFFFFFFFFFFFFFFFFFFFFFFFFFFFFFFC0
:1070E000FFFFFFFFFFFFFFFFFFFFFFFFFFFFFFFFB0
:1070F000FFFFFFFFFFFFFFFFFFFFFFFFFFFFFFFFA0
:10710000FFFFFFFFFFFFFFFFFFFFFFFFFFFFFFFF8F
:10711000FFFFFFFFFFFFFFFFFFFFFFFFFFFFFFFF7F
:10712000FFFFFFFFFFFFFFFFFFFFFFFFFFFFFFFF6F
:10713000FFFFFFFFFFFFFFFFFFFFFFFFFFFFFFFF5F
:10714000FFFFFFFFFFFFFFFFFFFFFFFFFFFFFFFF4F
:10715000FFFFFFFFFFFFFFFFFFFFFFFFFFFFFFFF3F
:10716000FFFFFFFFFFFFFFFFFFFFFFFFFFFFFFFF2F
:10717000FFFFFFFFFFFFFFFFFFFFFFFFFFFFFFFF1F
:10718000FFFFFFFFFFFFFFFFFFFFFFFFFFFFFFFF0F
:10719000FFFFFFFFFFFFFFFFFFFFFFFFFFFFFFFFFF
:1071A000FFFFFFFFFFFFFFFFFFFFFFFFFFFFFFFFEF
:1071B000FFFFFFFFFFFFFFFFFFFFFFFFFFFFFFFFDF
:1071C000FFFFFFFFFFFFFFFFFFFFFFFFFFFFFFFFCF
:1071D000FFFFFFFFFFFFFFFFFFFFFFFFFFFFFFFFBF
:1071E000FFFFFFFFFFFFFFFFFFFFFFFFFFFFFFFFAF
:1071F000FFFFFFFFFFFFFFFFFFFFFFFFFFFFFFFF9F
:10720000FFFFFFFFFFFFFFFFFFFFFFFFFFFFFFFF8E
:10721000FFFFFFFFFFFFFFFFFFFFFFFFFFFFFFFF7E
:10722000FFFFFFFFFFFFFFFFFFFFFFFFFFFFFFFF6E
:10723000FFFFFFFFFFFFFFFFFFFFFFFFFFFFFFFF5E
:10724000FFFFFFFFFFFFFFFFFFFFFFFFFFFFFFFF4E
:10725000FFFFFFFFFFFFFFFFFFFFFFFFFFFFFFFF3E
:10726000FFFFFFFFFFFFFFFFFFFFFFFFFFFFFFFF2E
:10727000FFFFFFFFFFFFFFFFFFFFFFFFFFFFFFFF1E
:10728000FFFFFFFFFFFFFFFFFFFFFFFFFFFFFFFF0E
:10729000FFFFFFFFFFFFFFFFFFFFFFFFFFFFFFFFFE
:1072A000FFFFFFFFFFFFFFFFFFFFFFFFFFFFFFFFEE
:1072B000FFFFFFFFFFFFFFFFFFFFFFFFFFFFFFFFDE
:1072C000FFFFFFFFFFFFFFFFFFFFFFFFFFFFFFFFCE
:1072D000FFFFFFFFFFFFFFFFFFFFFFFFFFFFFFFFBE
:1072E000FFFFFFFFFFFFFFFFFFFFFFFFFFFFFFFFAE
:1072F000FFFFFFFFFFFFFFFFFFFFFFFFFFFFFFFF9E
:10730000FFFFFFFFFFFFFFFFFFFFFFFFFFFFFFFF8D
:10731000FFFFFFFFFFFFFFFFFFFFFFFFFFFFFFFF7D
:10732000FFFFFFFFFFFFFFFFFFFFFFFFFFFFFFFF6D
:10733000FFFFFFFFFFFFFFFFFFFFFFFFFFFFFFFF5D
:10734000FFFFFFFFFFFFFFFFFFFFFFFFFFFFFFFF4D
:10735000FFFFFFFFFFFFFFFFFFFFFFFFFFFFFFFF3D
:10736000FFFFFFFFFFFFFFFFFFFFFFFFFFFFFFFF2D
:10737000FFFFFFFFFFFFFFFFFFFFFFFFFFFFFFFF1D
:10738000FFFFFFFFFFFFFFFFFFFFFFFFFFFFFFFF0D
:10739000FFFFFFFFFFFFFFFFFFFFFFFFFFFFFFFFFD
:1073A000FFFFFFFFFFFFFFFFFFFFFFFFFFFFFFFFED
:1073B000FFFFFFFFFFFFFFFFFFFFFFFFFFFFFFFFDD
:1073C000FFFFFFFFFFFFFFFFFFFFFFFFFFFFFFFFCD
:1073D000FFFFFFFFFFFFFFFFFFFFFFFFFFFFFFFFBD
:1073E000FFFFFFFFFFFFFFFFFFFFFFFFFFFFFFFFAD
:1073F000FFFFFFFFFFFFFFFFFFFFFFFFFFFFFFFF9D
:10740000FFFFFFFFFFFFFFFFFFFFFFFFFFFFFFFF8C
:10741000FFFFFFFFFFFFFFFFFFFFFFFFFFFFFFFF7C
:10742000FFFFFFFFFFFFFFFFFFFFFFFFFFFFFFFF6C
:10743000FFFFFFFFFFFFFFFFFFFFFFFFFFFFFFFF5C
:10744000FFFFFFFFFFFFFFFFFFFFFFFFFFFFFFFF4C
:10745000FFFFFFFFFFFFFFFFFFFFFFFFFFFFFFFF3C
:10746000FFFFFFFFFFFFFFFFFFFFFFFFFFFFFFFF2C
:10747000FFFFFFFFFFFFFFFFFFFFFFFFFFFFFFFF1C
:10748000FFFFFFFFFFFFFFFFFFFFFFFFFFFFFFFF0C
:10749000FFFFFFFFFFFFFFFFFFFFFFFFFFFFFFFFFC
:1074A000FFFFFFFFFFFFFFFFFFFFFFFFFFFFFFFFEC
:1074B000FFFFFFFFFFFFFFFFFFFFFFFFFFFFFFFFDC
:1074C000FFFFFFFFFFFFFFFFFFFFFFFFFFFFFFFFCC
:1074D000FFFFFFFFFFFFFFFFFFFFFFFFFFFFFFFFBC
:1074E000FFFFFFFFFFFFFFFFFFFFFFFFFFFFFFFFAC
:1074F000FFFFFFFFFFFFFFFFFFFFFFFFFFFFFFFF9C
:10750000FFFFFFFFFFFFFFFFFFFFFFFFFFFFFFFF8B
:10751000FFFFFFFFFFFFFFFFFFFFFFFFFFFFFFFF7B
:10752000FFFFFFFFFFFFFFFFFFFFFFFFFFFFFFFF6B
:10753000FFFFFFFFFFFFFFFFFFFFFFFFFFFFFFFF5B
:10754000FFFFFFFFFFFFFFFFFFFFFFFFFFFFFFFF4B
:10755000FFFFFFFFFFFFFFFFFFFFFFFFFFFFFFFF3B
:10756000FFFFFFFFFFFFFFFFFFFFFFFFFFFFFFFF2B
:10757000FFFFFFFFFFFFFFFFFFFFFFFFFFFFFFFF1B
:10758000FFFFFFFFFFFFFFFFFFFFFFFFFFFFFFFF0B
:10759000FFFFFFFFFFFFFFFFFFFFFFFFFFFFFFFFFB
:1075A000FFFFFFFFFFFFFFFFFFFFFFFFFFFFFFFFEB
:1075B000FFFFFFFFFFFFFFFFFFFFFFFFFFFFFFFFDB
:1075C000FFFFFFFFFFFFFFFFFFFFFFFFFFFFFFFFCB
:1075D000FFFFFFFFFFFFFFFFFFFFFFFFFFFFFFFFBB
:1075E000FFFFFFFFFFFFFFFFFFFFFFFFFFFFFFFFAB
:1075F000FFFFFFFFFFFFFFFFFFFFFFFFFFFFFFFF9B
:10760000FFFFFFFFFFFFFFFFFFFFFFFFFFFFFFFF8A
:10761000FFFFFFFFFFFFFFFFFFFFFFFFFFFFFFFF7A
:10762000FFFFFFFFFFFFFFFFFFFFFFFFFFFFFFFF6A
:10763000FFFFFFFFFFFFFFFFFFFFFFFFFFFFFFFF5A
:10764000FFFFFFFFFFFFFFFFFFFFFFFFFFFFFFFF4A
:10765000FFFFFFFFFFFFFFFFFFFFFFFFFFFFFFFF3A
:10766000FFFFFFFFFFFFFFFFFFFFFFFFFFFFFFFF2A
:10767000FFFFFFFFFFFFFFFFFFFFFFFFFFFFFFFF1A
:10768000FFFFFFFFFFFFFFFFFFFFFFFFFFFFFFFF0A
:10769000FFFFFFFFFFFFFFFFFFFFFFFFFFFFFFFFFA
:1076A000FFFFFFFFFFFFFFFFFFFFFFFFFFFFFFFFEA
:1076B000FFFFFFFFFFFFFFFFFFFFFFFFFFFFFFFFDA
:1076C000FFFFFFFFFFFFFFFFFFFFFFFFFFFFFFFFCA
:1076D000FFFFFFFFFFFFFFFFFFFFFFFFFFFFFFFFBA
:1076E000FFFFFFFFFFFFFFFFFFFFFFFFFFFFFFFFAA
:1076F000FFFFFFFFFFFFFFFFFFFFFFFFFFFFFFFF9A
:10770000FFFFFFFFFFFFFFFFFFFFFFFFFFFFFFFF89
:10771000FFFFFFFFFFFFFFFFFFFFFFFFFFFFFFFF79
:10772000FFFFFFFFFFFFFFFFFFFFFFFFFFFFFFFF69
:10773000FFFFFFFFFFFFFFFFFFFFFFFFFFFFFFFF59
:10774000FFFFFFFFFFFFFFFFFFFFFFFFFFFFFFFF49
:10775000FFFFFFFFFFFFFFFFFFFFFFFFFFFFFFFF39
:10776000FFFFFFFFFFFFFFFFFFFFFFFFFFFFFFFF29
:10777000FFFFFFFFFFFFFFFFFFFFFFFFFFFFFFFF19
:10778000FFFFFFFFFFFFFFFFFFFFFFFFFFFFFFFF09
:10779000FFFFFFFFFFFFFFFFFFFFFFFFFFFFFFFFF9
:1077A000FFFFFFFFFFFFFFFFFFFFFFFFFFFFFFFFE9
:1077B000FFFFFFFFFFFFFFFFFFFFFFFFFFFFFFFFD9
:1077C000FFFFFFFFFFFFFFFFFFFFFFFFFFFFFFFFC9
:1077D000FFFFFFFFFFFFFFFFFFFFFFFFFFFFFFFFB9
:1077E000FFFFFFFFFFFFFFFFFFFFFFFFFFFFFFFFA9
:1077F000FFFFFFFFFFFFFFFFFFFFFFFFFFFFFFFF99
:10780000FFFFFFFFFFFFFFFFFFFFFFFFFFFFFFFF88
:10781000FFFFFFFFFFFFFFFFFFFFFFFFFFFFFFFF78
:10782000FFFFFFFFFFFFFFFFFFFFFFFFFFFFFFFF68
:10783000FFFFFFFFFFFFFFFFFFFFFFFFFFFFFFFF58
:10784000FFFFFFFFFFFFFFFFFFFFFFFFFFFFFFFF48
:10785000FFFFFFFFFFFFFFFFFFFFFFFFFFFFFFFF38
:10786000FFFFFFFFFFFFFFFFFFFFFFFFFFFFFFFF28
:10787000FFFFFFFFFFFFFFFFFFFFFFFFFFFFFFFF18
:10788000FFFFFFFFFFFFFFFFFFFFFFFFFFFFFFFF08
:10789000FFFFFFFFFFFFFFFFFFFFFFFFFFFFFFFFF8
:1078A000FFFFFFFFFFFFFFFFFFFFFFFFFFFFFFFFE8
:1078B000FFFFFFFFFFFFFFFFFFFFFFFFFFFFFFFFD8
:1078C000FFFFFFFFFFFFFFFFFFFFFFFFFFFFFFFFC8
:1078D000FFFFFFFFFFFFFFFFFFFFFFFFFFFFFFFFB8
:1078E000FFFFFFFFFFFFFFFFFFFFFFFFFFFFFFFFA8
:1078F000FFFFFFFFFFFFFFFFFFFFFFFFFFFFFFFF98
:10790000FFFFFFFFFFFFFFFFFFFFFFFFFFFFFFFF87
:10791000FFFFFFFFFFFFFFFFFFFFFFFFFFFFFFFF77
:10792000FFFFFFFFFFFFFFFFFFFFFFFFFFFFFFFF67
:10793000FFFFFFFFFFFFFFFFFFFFFFFFFFFFFFFF57
:10794000FFFFFFFFFFFFFFFFFFFFFFFFFFFFFFFF47
:10795000FFFFFFFFFFFFFFFFFFFFFFFFFFFFFFFF37
:10796000FFFFFFFFFFFFFFFFFFFFFFFFFFFFFFFF27
:10797000FFFFFFFFFFFFFFFFFFFFFFFFFFFFFFFF17
:10798000FFFFFFFFFFFFFFFFFFFFFFFFFFFFFFFF07
:10799000FFFFFFFFFFFFFFFFFFFFFFFFFFFFFFFFF7
:1079A000FFFFFFFFFFFFFFFFFFFFFFFFFFFFFFFFE7
:1079B000FFFFFFFFFFFFFFFFFFFFFFFFFFFFFFFFD7
:1079C000FFFFFFFFFFFFFFFFFFFFFFFFFFFFFFFFC7
:1079D000FFFFFFFFFFFFFFFFFFFFFFFFFFFFFFFFB7
:1079E000FFFFFFFFFFFFFFFFFFFFFFFFFFFFFFFFA7
:1079F000FFFFFFFFFFFFFFFFFFFFFFFFFFFFFFFF97
:107A0000FFFFFFFFFFFFFFFFFFFFFFFFFFFFFFFF86
:107A1000FFFFFFFFFFFFFFFFFFFFFFFFFFFFFFFF76
:107A2000FFFFFFFFFFFFFFFFFFFFFFFFFFFFFFFF66
:107A3000FFFFFFFFFFFFFFFFFFFFFFFFFFFFFFFF56
:107A4000FFFFFFFFFFFFFFFFFFFFFFFFFFFFFFFF46
:107A5000FFFFFFFFFFFFFFFFFFFFFFFFFFFFFFFF36
:107A6000FFFFFFFFFFFFFFFFFFFFFFFFFFFFFFFF26
:107A7000FFFFFFFFFFFFFFFFFFFFFFFFFFFFFFFF16
:107A8000FFFFFFFFFFFFFFFFFFFFFFFFFFFFFFFF06
:107A9000FFFFFFFFFFFFFFFFFFFFFFFFFFFFFFFFF6
:107AA000FFFFFFFFFFFFFFFFFFFFFFFFFFFFFFFFE6
:107AB000FFFFFFFFFFFFFFFFFFFFFFFFFFFFFFFFD6
:107AC000FFFFFFFFFFFFFFFFFFFFFFFFFFFFFFFFC6
:107AD000FFFFFFFFFFFFFFFFFFFFFFFFFFFFFFFFB6
:107AE000FFFFFFFFFFFFFFFFFFFFFFFFFFFFFFFFA6
:107AF000FFFFFFFFFFFFFFFFFFFFFFFFFFFFFFFF96
:107B0000FFFFFFFFFFFFFFFFFFFFFFFFFFFFFFFF85
:107B1000FFFFFFFFFFFFFFFFFFFFFFFFFFFFFFFF75
:107B2000FFFFFFFFFFFFFFFFFFFFFFFFFFFFFFFF65
:107B3000FFFFFFFFFFFFFFFFFFFFFFFFFFFFFFFF55
:107B4000FFFFFFFFFFFFFFFFFFFFFFFFFFFFFFFF45
:107B5000FFFFFFFFFFFFFFFFFFFFFFFFFFFFFFFF35
:107B6000FFFFFFFFFFFFFFFFFFFFFFFFFFFFFFFF25
:107B7000FFFFFFFFFFFFFFFFFFFFFFFFFFFFFFFF15
:107B8000FFFFFFFFFFFFFFFFFFFFFFFFFFFFFFFF05
:107B9000FFFFFFFFFFFFFFFFFFFFFFFFFFFFFFFFF5
:107BA000FFFFFFFFFFFFFFFFFFFFFFFFFFFFFFFFE5
:107BB000FFFFFFFFFFFFFFFFFFFFFFFFFFFFFFFFD5
:107BC000FFFFFFFFFFFFFFFFFFFFFFFFFFFFFFFFC5
:107BD000FFFFFFFFFFFFFFFFFFFFFFFFFFFFFFFFB5
:107BE000FFFFFFFFFFFFFFFFFFFFFFFFFFFFFFFFA5
:107BF000FFFFFFFFFFFFFFFFFFFFFFFFFFFFFFFF95
:107C0000FFFFFFFFFFFFFFFFFFFFFFFFFFFFFFFF84
:107C1000FFFFFFFFFFFFFFFFFFFFFFFFFFFFFFFF74
:107C2000FFFFFFFFFFFFFFFFFFFFFFFFFFFFFFFF64
:107C3000FFFFFFFFFFFFFFFFFFFFFFFFFFFFFFFF54
:107C4000FFFFFFFFFFFFFFFFFFFFFFFFFFFFFFFF44
:107C5000FFFFFFFFFFFFFFFFFFFFFFFFFFFFFFFF34
:107C6000FFFFFFFFFFFFFFFFFFFFFFFFFFFFFFFF24
:107C7000FFFFFFFFFFFFFFFFFFFFFFFFFFFFFFFF14
:107C8000FFFFFFFFFFFFFFFFFFFFFFFFFFFFFFFF04
:107C9000FFFFFFFFFFFFFFFFFFFFFFFFFFFFFFFFF4
:107CA000FFFFFFFFFFFFFFFFFFFFFFFFFFFFFFFFE4
:107CB000FFFFFFFFFFFFFFFFFFFFFFFFFFFFFFFFD4
:107CC000FFFFFFFFFFFFFFFFFFFFFFFFFFFFFFFFC4
:107CD000FFFFFFFFFFFFFFFFFFFFFFFFFFFFFFFFB4
:107CE000FFFFFFFFFFFFFFFFFFFFFFFFFFFFFFFFA4
:107CF000FFFFFFFFFFFFFFFFFFFFFFFFFFFFFFFF94
:107D0000FFFFFFFFFFFFFFFFFFFFFFFFFFFFFFFF83
:107D1000FFFFFFFFFFFFFFFFFFFFFFFFFFFFFFFF73
:107D2000FFFFFFFFFFFFFFFFFFFFFFFFFFFFFFFF63
:107D3000FFFFFFFFFFFFFFFFFFFFFFFFFFFFFFFF53
:107D4000FFFFFFFFFFFFFFFFFFFFFFFFFFFFFFFF43
:107D5000FFFFFFFFFFFFFFFFFFFFFFFFFFFFFFFF33
:107D6000FFFFFFFFFFFFFFFFFFFFFFFFFFFFFFFF23
:107D7000FFFFFFFFFFFFFFFFFFFFFFFFFFFFFFFF13
:107D8000FFFFFFFFFFFFFFFFFFFFFFFFFFFFFFFF03
:107D9000FFFFFFFFFFFFFFFFFFFFFFFFFFFFFFFFF3
:107DA000FFFFFFFFFFFFFFFFFFFFFFFFFFFFFFFFE3
:107DB000FFFFFFFFFFFFFFFFFFFFFFFFFFFFFFFFD3
:107DC000FFFFFFFFFFFFFFFFFFFFFFFFFFFFFFFFC3
:107DD000FFFFFFFFFFFFFFFFFFFFFFFFFFFFFFFFB3
:107DE000FFFFFFFFFFFFFFFFFFFFFFFFFFFFFFFFA3
:107DF000FFFFFFFFFFFFFFFFFFFFFFFFFFFFFFFF93
:107E0000FFFFFFFFFFFFFFFFFFFFFFFFFFFFFFFF82
:107E1000FFFFFFFFFFFFFFFFFFFFFFFFFFFFFFFF72
:107E2000FFFFFFFFFFFFFFFFFFFFFFFFFFFFFFFF62
:107E3000FFFFFFFFFFFFFFFFFFFFFFFFFFFFFFFF52
:107E4000FFFFFFFFFFFFFFFFFFFFFFFFFFFFFFFF42
:107E5000FFFFFFFFFFFFFFFFFFFFFFFFFFFFFFFF32
:107E6000FFFFFFFFFFFFFFFFFFFFFFFFFFFFFFFF22
:107E7000FFFFFFFFFFFFFFFFFFFFFFFFFFFFFFFF12
:107E8000FFFFFFFFFFFFFFFFFFFFFFFFFFFFFFFF02
:107E9000FFFFFFFFFFFFFFFFFFFFFFFFFFFFFFFFF2
:107EA000FFFFFFFFFFFFFFFFFFFFFFFFFFFFFFFFE2
:107EB000FFFFFFFFFFFFFFFFFFFFFFFFFFFFFFFFD2
:107EC000FFFFFFFFFFFFFFFFFFFFFFFFFFFFFFFFC2
:107ED000FFFFFFFFFFFFFFFFFFFFFFFFFFFFFFFFB2
:107EE000FFFFFFFFFFFFFFFFFFFFFFFFFFFFFFFFA2
:107EF000FFFFFFFFFFFFFFFFFFFFFFFFFFFFFFFF92
:107F0000FFFFFFFFFFFFFFFFFFFFFFFFFFFFFFFF81
:107F1000FFFFFFFFFFFFFFFFFFFFFFFFFFFFFFFF71
:107F2000FFFFFFFFFFFFFFFFFFFFFFFFFFFFFFFF61
:107F3000FFFFFFFFFFFFFFFFFFFFFFFFFFFFFFFF51
:107F4000FFFFFFFFFFFFFFFFFFFFFFFFFFFFFFFF41
:107F5000FFFFFFFFFFFFFFFFFFFFFFFFFFFFFFFF31
:107F6000FFFFFFFFFFFFFFFFFFFFFFFFFFFFFFFF21
:107F7000FFFFFFFFFFFFFFFFFFFFFFFFFFFFFFFF11
:107F8000FFFFFFFFFFFFFFFFFFFFFFFFFFFFFFFF01
:107F9000FFFFFFFFFFFFFFFFFFFFFFFFFFFFFFFFF1
:107FA000FFFFFFFFFFFFFFFFFFFFFFFFFFFFFFFFE1
:107FB000FFFFFFFFFFFFFFFFFFFFFFFFFFFFFFFFD1
:107FC000FFFFFFFFFFFFFFFFFFFFFFFFFFFFFFFFC1
:107FD000FFFFFFFFFFFFFFFFFFFFFFFFFFFFFFFFB1
:107FE000FFFFFFFFFFFFFFFFFFFFFFFFFFFFFFFFA1
:107FF000FFFFFFFFFFFFFFFFFFFFFFFFFFFFFFFF91
:10800000FFFFFFFFFFFFFFFFFFFFFFFFFFFFFFFF80
:10801000FFFFFFFFFFFFFFFFFFFFFFFFFFFFFFFF70
:10802000FFFFFFFFFFFFFFFFFFFFFFFFFFFFFFFF60
:10803000FFFFFFFFFFFFFFFFFFFFFFFFFFFFFFFF50
:10804000FFFFFFFFFFFFFFFFFFFFFFFFFFFFFFFF40
:10805000FFFFFFFFFFFFFFFFFFFFFFFFFFFFFFFF30
:10806000FFFFFFFFFFFFFFFFFFFFFFFFFFFFFFFF20
:10807000FFFFFFFFFFFFFFFFFFFFFFFFFFFFFFFF10
:10808000FFFFFFFFFFFFFFFFFFFFFFFFFFFFFFFF00
:10809000FFFFFFFFFFFFFFFFFFFFFFFFFFFFFFFFF0
:1080A000FFFFFFFFFFFFFFFFFFFFFFFFFFFFFFFFE0
:1080B000FFFFFFFFFFFFFFFFFFFFFFFFFFFFFFFFD0
:1080C000FFFFFFFFFFFFFFFFFFFFFFFFFFFFFFFFC0
:1080D000FFFFFFFFFFFFFFFFFFFFFFFFFFFFFFFFB0
:1080E000FFFFFFFFFFFFFFFFFFFFFFFFFFFFFFFFA0
:1080F000FFFFFFFFFFFFFFFFFFFFFFFFFFFFFFFF90
:10810000FFFFFFFFFFFFFFFFFFFFFFFFFFFFFFFF7F
:10811000FFFFFFFFFFFFFFFFFFFFFFFFFFFFFFFF6F
:10812000FFFFFFFFFFFFFFFFFFFFFFFFFFFFFFFF5F
:10813000FFFFFFFFFFFFFFFFFFFFFFFFFFFFFFFF4F
:10814000FFFFFFFFFFFFFFFFFFFFFFFFFFFFFFFF3F
:10815000FFFFFFFFFFFFFFFFFFFFFFFFFFFFFFFF2F
:10816000FFFFFFFFFFFFFFFFFFFFFFFFFFFFFFFF1F
:10817000FFFFFFFFFFFFFFFFFFFFFFFFFFFFFFFF0F
:10818000FFFFFFFFFFFFFFFFFFFFFFFFFFFFFFFFFF
:10819000FFFFFFFFFFFFFFFFFFFFFFFFFFFFFFFFEF
:1081A000FFFFFFFFFFFFFFFFFFFFFFFFFFFFFFFFDF
:1081B000FFFFFFFFFFFFFFFFFFFFFFFFFFFFFFFFCF
:1081C000FFFFFFFFFFFFFFFFFFFFFFFFFFFFFFFFBF
:1081D000FFFFFFFFFFFFFFFFFFFFFFFFFFFFFFFFAF
:1081E000FFFFFFFFFFFFFFFFFFFFFFFFFFFFFFFF9F
:1081F000FFFFFFFFFFFFFFFFFFFFFFFFFFFFFFFF8F
:10820000FFFFFFFFFFFFFFFFFFFFFFFFFFFFFFFF7E
:10821000FFFFFFFFFFFFFFFFFFFFFFFFFFFFFFFF6E
:10822000FFFFFFFFFFFFFFFFFFFFFFFFFFFFFFFF5E
:10823000FFFFFFFFFFFFFFFFFFFFFFFFFFFFFFFF4E
:10824000FFFFFFFFFFFFFFFFFFFFFFFFFFFFFFFF3E
:10825000FFFFFFFFFFFFFFFFFFFFFFFFFFFFFFFF2E
:10826000FFFFFFFFFFFFFFFFFFFFFFFFFFFFFFFF1E
:10827000FFFFFFFFFFFFFFFFFFFFFFFFFFFFFFFF0E
:10828000FFFFFFFFFFFFFFFFFFFFFFFFFFFFFFFFFE
:10829000FFFFFFFFFFFFFFFFFFFFFFFFFFFFFFFFEE
:1082A000FFFFFFFFFFFFFFFFFFFFFFFFFFFFFFFFDE
:1082B000FFFFFFFFFFFFFFFFFFFFFFFFFFFFFFFFCE
:1082C000FFFFFFFFFFFFFFFFFFFFFFFFFFFFFFFFBE
:1082D000FFFFFFFFFFFFFFFFFFFFFFFFFFFFFFFFAE
:1082E000FFFFFFFFFFFFFFFFFFFFFFFFFFFFFFFF9E
:1082F000FFFFFFFFFFFFFFFFFFFFFFFFFFFFFFFF8E
:10830000FFFFFFFFFFFFFFFFFFFFFFFFFFFFFFFF7D
:10831000FFFFFFFFFFFFFFFFFFFFFFFFFFFFFFFF6D
:10832000FFFFFFFFFFFFFFFFFFFFFFFFFFFFFFFF5D
:10833000FFFFFFFFFFFFFFFFFFFFFFFFFFFFFFFF4D
:10834000FFFFFFFFFFFFFFFFFFFFFFFFFFFFFFFF3D
:10835000FFFFFFFFFFFFFFFFFFFFFFFFFFFFFFFF2D
:10836000FFFFFFFFFFFFFFFFFFFFFFFFFFFFFFFF1D
:10837000FFFFFFFFFFFFFFFFFFFFFFFFFFFFFFFF0D
:10838000FFFFFFFFFFFFFFFFFFFFFFFFFFFFFFFFFD
:10839000FFFFFFFFFFFFFFFFFFFFFFFFFFFFFFFFED
:1083A000FFFFFFFFFFFFFFFFFFFFFFFFFFFFFFFFDD
:1083B000FFFFFFFFFFFFFFFFFFFFFFFFFFFFFFFFCD
:1083C000FFFFFFFFFFFFFFFFFFFFFFFFFFFFFFFFBD
:1083D000FFFFFFFFFFFFFFFFFFFFFFFFFFFFFFFFAD
:1083E000FFFFFFFFFFFFFFFFFFFFFFFFFFFFFFFF9D
:1083F000FFFFFFFFFFFFFFFFFFFFFFFFFFFFFFFF8D
:10840000FFFFFFFFFFFFFFFFFFFFFFFFFFFFFFFF7C
:10841000FFFFFFFFFFFFFFFFFFFFFFFFFFFFFFFF6C
:10842000FFFFFFFFFFFFFFFFFFFFFFFFFFFFFFFF5C
:10843000FFFFFFFFFFFFFFFFFFFFFFFFFFFFFFFF4C
:10844000FFFFFFFFFFFFFFFFFFFFFFFFFFFFFFFF3C
:10845000FFFFFFFFFFFFFFFFFFFFFFFFFFFFFFFF2C
:10846000FFFFFFFFFFFFFFFFFFFFFFFFFFFFFFFF1C
:10847000FFFFFFFFFFFFFFFFFFFFFFFFFFFFFFFF0C
:10848000FFFFFFFFFFFFFFFFFFFFFFFFFFFFFFFFFC
:10849000FFFFFFFFFFFFFFFFFFFFFFFFFFFFFFFFEC
:1084A000FFFFFFFFFFFFFFFFFFFFFFFFFFFFFFFFDC
:1084B000FFFFFFFFFFFFFFFFFFFFFFFFFFFFFFFFCC
:1084C000FFFFFFFFFFFFFFFFFFFFFFFFFFFFFFFFBC
:1084D000FFFFFFFFFFFFFFFFFFFFFFFFFFFFFFFFAC
:1084E000FFFFFFFFFFFFFFFFFFFFFFFFFFFFFFFF9C
:1084F000FFFFFFFFFFFFFFFFFFFFFFFFFFFFFFFF8C
:10850000FFFFFFFFFFFFFFFFFFFFFFFFFFFFFFFF7B
:10851000FFFFFFFFFFFFFFFFFFFFFFFFFFFFFFFF6B
:10852000FFFFFFFFFFFFFFFFFFFFFFFFFFFFFFFF5B
:10853000FFFFFFFFFFFFFFFFFFFFFFFFFFFFFFFF4B
:10854000FFFFFFFFFFFFFFFFFFFFFFFFFFFFFFFF3B
:10855000FFFFFFFFFFFFFFFFFFFFFFFFFFFFFFFF2B
:10856000FFFFFFFFFFFFFFFFFFFFFFFFFFFFFFFF1B
:10857000FFFFFFFFFFFFFFFFFFFFFFFFFFFFFFFF0B
:10858000FFFFFFFFFFFFFFFFFFFFFFFFFFFFFFFFFB
:10859000FFFFFFFFFFFFFFFFFFFFFFFFFFFFFFFFEB
:1085A000FFFFFFFFFFFFFFFFFFFFFFFFFFFFFFFFDB
:1085B000FFFFFFFFFFFFFFFFFFFFFFFFFFFFFFFFCB
:1085C000FFFFFFFFFFFFFFFFFFFFFFFFFFFFFFFFBB
:1085D000FFFFFFFFFFFFFFFFFFFFFFFFFFFFFFFFAB
:1085E000FFFFFFFFFFFFFFFFFFFFFFFFFFFFFFFF9B
:1085F000FFFFFFFFFFFFFFFFFFFFFFFFFFFFFFFF8B
:10860000FFFFFFFFFFFFFFFFFFFFFFFFFFFFFFFF7A
:10861000FFFFFFFFFFFFFFFFFFFFFFFFFFFFFFFF6A
:10862000FFFFFFFFFFFFFFFFFFFFFFFFFFFFFFFF5A
:10863000FFFFFFFFFFFFFFFFFFFFFFFFFFFFFFFF4A
:10864000FFFFFFFFFFFFFFFFFFFFFFFFFFFFFFFF3A
:10865000FFFFFFFFFFFFFFFFFFFFFFFFFFFFFFFF2A
:10866000FFFFFFFFFFFFFFFFFFFFFFFFFFFFFFFF1A
:10867000FFFFFFFFFFFFFFFFFFFFFFFFFFFFFFFF0A
:10868000FFFFFFFFFFFFFFFFFFFFFFFFFFFFFFFFFA
:10869000FFFFFFFFFFFFFFFFFFFFFFFFFFFFFFFFEA
:1086A000FFFFFFFFFFFFFFFFFFFFFFFFFFFFFFFFDA
:1086B000FFFFFFFFFFFFFFFFFFFFFFFFFFFFFFFFCA
:1086C000FFFFFFFFFFFFFFFFFFFFFFFFFFFFFFFFBA
:1086D000FFFFFFFFFFFFFFFFFFFFFFFFFFFFFFFFAA
:1086E000FFFFFFFFFFFFFFFFFFFFFFFFFFFFFFFF9A
:1086F000FFFFFFFFFFFFFFFFFFFFFFFFFFFFFFFF8A
:10870000FFFFFFFFFFFFFFFFFFFFFFFFFFFFFFFF79
:10871000FFFFFFFFFFFFFFFFFFFFFFFFFFFFFFFF69
:10872000FFFFFFFFFFFFFFFFFFFFFFFFFFFFFFFF59
:10873000FFFFFFFFFFFFFFFFFFFFFFFFFFFFFFFF49
:10874000FFFFFFFFFFFFFFFFFFFFFFFFFFFFFFFF39
:10875000FFFFFFFFFFFFFFFFFFFFFFFFFFFFFFFF29
:10876000FFFFFFFFFFFFFFFFFFFFFFFFFFFFFFFF19
:10877000FFFFFFFFFFFFFFFFFFFFFFFFFFFFFFFF09
:10878000FFFFFFFFFFFFFFFFFFFFFFFFFFFFFFFFF9
:10879000FFFFFFFFFFFFFFFFFFFFFFFFFFFFFFFFE9
:1087A000FFFFFFFFFFFFFFFFFFFFFFFFFFFFFFFFD9
:1087B000FFFFFFFFFFFFFFFFFFFFFFFFFFFFFFFFC9
:1087C000FFFFFFFFFFFFFFFFFFFFFFFFFFFFFFFFB9
:1087D000FFFFFFFFFFFFFFFFFFFFFFFFFFFFFFFFA9
:1087E000FFFFFFFFFFFFFFFFFFFFFFFFFFFFFFFF99
:1087F000FFFFFFFFFFFFFFFFFFFFFFFFFFFFFFFF89
:10880000FFFFFFFFFFFFFFFFFFFFFFFFFFFFFFFF78
:10881000FFFFFFFFFFFFFFFFFFFFFFFFFFFFFFFF68
:10882000FFFFFFFFFFFFFFFFFFFFFFFFFFFFFFFF58
:10883000FFFFFFFFFFFFFFFFFFFFFFFFFFFFFFFF48
:10884000FFFFFFFFFFFFFFFFFFFFFFFFFFFFFFFF38
:10885000FFFFFFFFFFFFFFFFFFFFFFFFFFFFFFFF28
:10886000FFFFFFFFFFFFFFFFFFFFFFFFFFFFFFFF18
:10887000FFFFFFFFFFFFFFFFFFFFFFFFFFFFFFFF08
:10888000FFFFFFFFFFFFFFFFFFFFFFFFFFFFFFFFF8
:10889000FFFFFFFFFFFFFFFFFFFFFFFFFFFFFFFFE8
:1088A000FFFFFFFFFFFFFFFFFFFFFFFFFFFFFFFFD8
:1088B000FFFFFFFFFFFFFFFFFFFFFFFFFFFFFFFFC8
:1088C000FFFFFFFFFFFFFFFFFFFFFFFFFFFFFFFFB8
:1088D000FFFFFFFFFFFFFFFFFFFFFFFFFFFFFFFFA8
:1088E000FFFFFFFFFFFFFFFFFFFFFFFFFFFFFFFF98
:1088F000FFFFFFFFFFFFFFFFFFFFFFFFFFFFFFFF88
:10890000FFFFFFFFFFFFFFFFFFFFFFFFFFFFFFFF77
:10891000FFFFFFFFFFFFFFFFFFFFFFFFFFFFFFFF67
:10892000FFFFFFFFFFFFFFFFFFFFFFFFFFFFFFFF57
:10893000FFFFFFFFFFFFFFFFFFFFFFFFFFFFFFFF47
:10894000FFFFFFFFFFFFFFFFFFFFFFFFFFFFFFFF37
:10895000FFFFFFFFFFFFFFFFFFFFFFFFFFFFFFFF27
:10896000FFFFFFFFFFFFFFFFFFFFFFFFFFFFFFFF17
:10897000FFFFFFFFFFFFFFFFFFFFFFFFFFFFFFFF07
:10898000FFFFFFFFFFFFFFFFFFFFFFFFFFFFFFFFF7
:10899000FFFFFFFFFFFFFFFFFFFFFFFFFFFFFFFFE7
:1089A000FFFFFFFFFFFFFFFFFFFFFFFFFFFFFFFFD7
:1089B000FFFFFFFFFFFFFFFFFFFFFFFFFFFFFFFFC7
:1089C000FFFFFFFFFFFFFFFFFFFFFFFFFFFFFFFFB7
:1089D000FFFFFFFFFFFFFFFFFFFFFFFFFFFFFFFFA7
:1089E000FFFFFFFFFFFFFFFFFFFFFFFFFFFFFFFF97
:1089F000FFFFFFFFFFFFFFFFFFFFFFFFFFFFFFFF87
:108A0000FFFFFFFFFFFFFFFFFFFFFFFFFFFFFFFF76
:108A1000FFFFFFFFFFFFFFFFFFFFFFFFFFFFFFFF66
:108A2000FFFFFFFFFFFFFFFFFFFFFFFFFFFFFFFF56
:108A3000FFFFFFFFFFFFFFFFFFFFFFFFFFFFFFFF46
:108A4000FFFFFFFFFFFFFFFFFFFFFFFFFFFFFFFF36
:108A5000FFFFFFFFFFFFFFFFFFFFFFFFFFFFFFFF26
:108A6000FFFFFFFFFFFFFFFFFFFFFFFFFFFFFFFF16
:108A7000FFFFFFFFFFFFFFFFFFFFFFFFFFFFFFFF06
:108A8000FFFFFFFFFFFFFFFFFFFFFFFFFFFFFFFFF6
:108A9000FFFFFFFFFFFFFFFFFFFFFFFFFFFFFFFFE6
:108AA000FFFFFFFFFFFFFFFFFFFFFFFFFFFFFFFFD6
:108AB000FFFFFFFFFFFFFFFFFFFFFFFFFFFFFFFFC6
:108AC000FFFFFFFFFFFFFFFFFFFFFFFFFFFFFFFFB6
:108AD000FFFFFFFFFFFFFFFFFFFFFFFFFFFFFFFFA6
:108AE000FFFFFFFFFFFFFFFFFFFFFFFFFFFFFFFF96
:108AF000FFFFFFFFFFFFFFFFFFFFFFFFFFFFFFFF86
:108B0000FFFFFFFFFFFFFFFFFFFFFFFFFFFFFFFF75
:108B1000FFFFFFFFFFFFFFFFFFFFFFFFFFFFFFFF65
:108B2000FFFFFFFFFFFFFFFFFFFFFFFFFFFFFFFF55
:108B3000FFFFFFFFFFFFFFFFFFFFFFFFFFFFFFFF45
:108B4000FFFFFFFFFFFFFFFFFFFFFFFFFFFFFFFF35
:108B5000FFFFFFFFFFFFFFFFFFFFFFFFFFFFFFFF25
:108B6000FFFFFFFFFFFFFFFFFFFFFFFFFFFFFFFF15
:108B7000FFFFFFFFFFFFFFFFFFFFFFFFFFFFFFFF05
:108B8000FFFFFFFFFFFFFFFFFFFFFFFFFFFFFFFFF5
:108B9000FFFFFFFFFFFFFFFFFFFFFFFFFFFFFFFFE5
:108BA000FFFFFFFFFFFFFFFFFFFFFFFFFFFFFFFFD5
:108BB000FFFFFFFFFFFFFFFFFFFFFFFFFFFFFFFFC5
:108BC000FFFFFFFFFFFFFFFFFFFFFFFFFFFFFFFFB5
:108BD000FFFFFFFFFFFFFFFFFFFFFFFFFFFFFFFFA5
:108BE000FFFFFFFFFFFFFFFFFFFFFFFFFFFFFFFF95
:108BF000FFFFFFFFFFFFFFFFFFFFFFFFFFFFFFFF85
:108C0000FFFFFFFFFFFFFFFFFFFFFFFFFFFFFFFF74
:108C1000FFFFFFFFFFFFFFFFFFFFFFFFFFFFFFFF64
:108C2000FFFFFFFFFFFFFFFFFFFFFFFFFFFFFFFF54
:108C3000FFFFFFFFFFFFFFFFFFFFFFFFFFFFFFFF44
:108C4000FFFFFFFFFFFFFFFFFFFFFFFFFFFFFFFF34
:108C5000FFFFFFFFFFFFFFFFFFFFFFFFFFFFFFFF24
:108C6000FFFFFFFFFFFFFFFFFFFFFFFFFFFFFFFF14
:108C7000FFFFFFFFFFFFFFFFFFFFFFFFFFFFFFFF04
:108C8000FFFFFFFFFFFFFFFFFFFFFFFFFFFFFFFFF4
:108C9000FFFFFFFFFFFFFFFFFFFFFFFFFFFFFFFFE4
:108CA000FFFFFFFFFFFFFFFFFFFFFFFFFFFFFFFFD4
:108CB000FFFFFFFFFFFFFFFFFFFFFFFFFFFFFFFFC4
:108CC000FFFFFFFFFFFFFFFFFFFFFFFFFFFFFFFFB4
:108CD000FFFFFFFFFFFFFFFFFFFFFFFFFFFFFFFFA4
:108CE000FFFFFFFFFFFFFFFFFFFFFFFFFFFFFFFF94
:108CF000FFFFFFFFFFFFFFFFFFFFFFFFFFFFFFFF84
:108D0000FFFFFFFFFFFFFFFFFFFFFFFFFFFFFFFF73
:108D1000FFFFFFFFFFFFFFFFFFFFFFFFFFFFFFFF63
:108D2000FFFFFFFFFFFFFFFFFFFFFFFFFFFFFFFF53
:108D3000FFFFFFFFFFFFFFFFFFFFFFFFFFFFFFFF43
:108D4000FFFFFFFFFFFFFFFFFFFFFFFFFFFFFFFF33
:108D5000FFFFFFFFFFFFFFFFFFFFFFFFFFFFFFFF23
:108D6000FFFFFFFFFFFFFFFFFFFFFFFFFFFFFFFF13
:108D7000FFFFFFFFFFFFFFFFFFFFFFFFFFFFFFFF03
:108D8000FFFFFFFFFFFFFFFFFFFFFFFFFFFFFFFFF3
:108D9000FFFFFFFFFFFFFFFFFFFFFFFFFFFFFFFFE3
:108DA000FFFFFFFFFFFFFFFFFFFFFFFFFFFFFFFFD3
:108DB000FFFFFFFFFFFFFFFFFFFFFFFFFFFFFFFFC3
:108DC000FFFFFFFFFFFFFFFFFFFFFFFFFFFFFFFFB3
:108DD000FFFFFFFFFFFFFFFFFFFFFFFFFFFFFFFFA3
:108DE000FFFFFFFFFFFFFFFFFFFFFFFFFFFFFFFF93
:108DF000FFFFFFFFFFFFFFFFFFFFFFFFFFFFFFFF83
:108E0000FFFFFFFFFFFFFFFFFFFFFFFFFFFFFFFF72
:108E1000FFFFFFFFFFFFFFFFFFFFFFFFFFFFFFFF62
:108E2000FFFFFFFFFFFFFFFFFFFFFFFFFFFFFFFF52
:108E3000FFFFFFFFFFFFFFFFFFFFFFFFFFFFFFFF42
:108E4000FFFFFFFFFFFFFFFFFFFFFFFFFFFFFFFF32
:108E5000FFFFFFFFFFFFFFFFFFFFFFFFFFFFFFFF22
:108E6000FFFFFFFFFFFFFFFFFFFFFFFFFFFFFFFF12
:108E7000FFFFFFFFFFFFFFFFFFFFFFFFFFFFFFFF02
:108E8000FFFFFFFFFFFFFFFFFFFFFFFFFFFFFFFFF2
:108E9000FFFFFFFFFFFFFFFFFFFFFFFFFFFFFFFFE2
:108EA000FFFFFFFFFFFFFFFFFFFFFFFFFFFFFFFFD2
:108EB000FFFFFFFFFFFFFFFFFFFFFFFFFFFFFFFFC2
:108EC000FFFFFFFFFFFFFFFFFFFFFFFFFFFFFFFFB2
:108ED000FFFFFFFFFFFFFFFFFFFFFFFFFFFFFFFFA2
:108EE000FFFFFFFFFFFFFFFFFFFFFFFFFFFFFFFF92
:108EF000FFFFFFFFFFFFFFFFFFFFFFFFFFFFFFFF82
:108F0000FFFFFFFFFFFFFFFFFFFFFFFFFFFFFFFF71
:108F1000FFFFFFFFFFFFFFFFFFFFFFFFFFFFFFFF61
:108F2000FFFFFFFFFFFFFFFFFFFFFFFFFFFFFFFF51
:108F3000FFFFFFFFFFFFFFFFFFFFFFFFFFFFFFFF41
:108F4000FFFFFFFFFFFFFFFFFFFFFFFFFFFFFFFF31
:108F5000FFFFFFFFFFFFFFFFFFFFFFFFFFFFFFFF21
:108F6000FFFFFFFFFFFFFFFFFFFFFFFFFFFFFFFF11
:108F7000FFFFFFFFFFFFFFFFFFFFFFFFFFFFFFFF01
:108F8000FFFFFFFFFFFFFFFFFFFFFFFFFFFFFFFFF1
:108F9000FFFFFFFFFFFFFFFFFFFFFFFFFFFFFFFFE1
:108FA000FFFFFFFFFFFFFFFFFFFFFFFFFFFFFFFFD1
:108FB000FFFFFFFFFFFFFFFFFFFFFFFFFFFFFFFFC1
:108FC000FFFFFFFFFFFFFFFFFFFFFFFFFFFFFFFFB1
:108FD000FFFFFFFFFFFFFFFFFFFFFFFFFFFFFFFFA1
:108FE000FFFFFFFFFFFFFFFFFFFFFFFFFFFFFFFF91
:108FF000FFFFFFFFFFFFFFFFFFFFFFFFFFFFFFFF81
:10900000FFFFFFFFFFFFFFFFFFFFFFFFFFFFFFFF70
:10901000FFFFFFFFFFFFFFFFFFFFFFFFFFFFFFFF60
:10902000FFFFFFFFFFFFFFFFFFFFFFFFFFFFFFFF50
:10903000FFFFFFFFFFFFFFFFFFFFFFFFFFFFFFFF40
:10904000FFFFFFFFFFFFFFFFFFFFFFFFFFFFFFFF30
:10905000FFFFFFFFFFFFFFFFFFFFFFFFFFFFFFFF20
:10906000FFFFFFFFFFFFFFFFFFFFFFFFFFFFFFFF10
:10907000FFFFFFFFFFFFFFFFFFFFFFFFFFFFFFFF00
:10908000FFFFFFFFFFFFFFFFFFFFFFFFFFFFFFFFF0
:10909000FFFFFFFFFFFFFFFFFFFFFFFFFFFFFFFFE0
:1090A000FFFFFFFFFFFFFFFFFFFFFFFFFFFFFFFFD0
:1090B000FFFFFFFFFFFFFFFFFFFFFFFFFFFFFFFFC0
:1090C000FFFFFFFFFFFFFFFFFFFFFFFFFFFFFFFFB0
:1090D000FFFFFFFFFFFFFFFFFFFFFFFFFFFFFFFFA0
:1090E000FFFFFFFFFFFFFFFFFFFFFFFFFFFFFFFF90
:1090F000FFFFFFFFFFFFFFFFFFFFFFFFFFFFFFFF80
:10910000FFFFFFFFFFFFFFFFFFFFFFFFFFFFFFFF6F
:10911000FFFFFFFFFFFFFFFFFFFFFFFFFFFFFFFF5F
:10912000FFFFFFFFFFFFFFFFFFFFFFFFFFFFFFFF4F
:10913000FFFFFFFFFFFFFFFFFFFFFFFFFFFFFFFF3F
:10914000FFFFFFFFFFFFFFFFFFFFFFFFFFFFFFFF2F
:10915000FFFFFFFFFFFFFFFFFFFFFFFFFFFFFFFF1F
:10916000FFFFFFFFFFFFFFFFFFFFFFFFFFFFFFFF0F
:10917000FFFFFFFFFFFFFFFFFFFFFFFFFFFFFFFFFF
:10918000FFFFFFFFFFFFFFFFFFFFFFFFFFFFFFFFEF
:10919000FFFFFFFFFFFFFFFFFFFFFFFFFFFFFFFFDF
:1091A000FFFFFFFFFFFFFFFFFFFFFFFFFFFFFFFFCF
:1091B000FFFFFFFFFFFFFFFFFFFFFFFFFFFFFFFFBF
:1091C000FFFFFFFFFFFFFFFFFFFFFFFFFFFFFFFFAF
:1091D000FFFFFFFFFFFFFFFFFFFFFFFFFFFFFFFF9F
:1091E000FFFFFFFFFFFFFFFFFFFFFFFFFFFFFFFF8F
:1091F000FFFFFFFFFFFFFFFFFFFFFFFFFFFFFFFF7F
:10920000FFFFFFFFFFFFFFFFFFFFFFFFFFFFFFFF6E
:10921000FFFFFFFFFFFFFFFFFFFFFFFFFFFFFFFF5E
:10922000FFFFFFFFFFFFFFFFFFFFFFFFFFFFFFFF4E
:10923000FFFFFFFFFFFFFFFFFFFFFFFFFFFFFFFF3E
:10924000FFFFFFFFFFFFFFFFFFFFFFFFFFFFFFFF2E
:10925000FFFFFFFFFFFFFFFFFFFFFFFFFFFFFFFF1E
:10926000FFFFFFFFFFFFFFFFFFFFFFFFFFFFFFFF0E
:10927000FFFFFFFFFFFFFFFFFFFFFFFFFFFFFFFFFE
:10928000FFFFFFFFFFFFFFFFFFFFFFFFFFFFFFFFEE
:10929000FFFFFFFFFFFFFFFFFFFFFFFFFFFFFFFFDE
:1092A000FFFFFFFFFFFFFFFFFFFFFFFFFFFFFFFFCE
:1092B000FFFFFFFFFFFFFFFFFFFFFFFFFFFFFFFFBE
:1092C000FFFFFFFFFFFFFFFFFFFFFFFFFFFFFFFFAE
:1092D000FFFFFFFFFFFFFFFFFFFFFFFFFFFFFFFF9E
:1092E000FFFFFFFFFFFFFFFFFFFFFFFFFFFFFFFF8E
:1092F000FFFFFFFFFFFFFFFFFFFFFFFFFFFFFFFF7E
:10930000FFFFFFFFFFFFFFFFFFFFFFFFFFFFFFFF6D
:10931000FFFFFFFFFFFFFFFFFFFFFFFFFFFFFFFF5D
:10932000FFFFFFFFFFFFFFFFFFFFFFFFFFFFFFFF4D
:10933000FFFFFFFFFFFFFFFFFFFFFFFFFFFFFFFF3D
:10934000FFFFFFFFFFFFFFFFFFFFFFFFFFFFFFFF2D
:10935000FFFFFFFFFFFFFFFFFFFFFFFFFFFFFFFF1D
:10936000FFFFFFFFFFFFFFFFFFFFFFFFFFFFFFFF0D
:10937000FFFFFFFFFFFFFFFFFFFFFFFFFFFFFFFFFD
:10938000FFFFFFFFFFFFFFFFFFFFFFFFFFFFFFFFED
:10939000FFFFFFFFFFFFFFFFFFFFFFFFFFFFFFFFDD
:1093A000FFFFFFFFFFFFFFFFFFFFFFFFFFFFFFFFCD
:1093B000FFFFFFFFFFFFFFFFFFFFFFFFFFFFFFFFBD
:1093C000FFFFFFFFFFFFFFFFFFFFFFFFFFFFFFFFAD
:1093D000FFFFFFFFFFFFFFFFFFFFFFFFFFFFFFFF9D
:1093E000FFFFFFFFFFFFFFFFFFFFFFFFFFFFFFFF8D
:1093F000FFFFFFFFFFFFFFFFFFFFFFFFFFFFFFFF7D
:10940000FFFFFFFFFFFFFFFFFFFFFFFFFFFFFFFF6C
:10941000FFFFFFFFFFFFFFFFFFFFFFFFFFFFFFFF5C
:10942000FFFFFFFFFFFFFFFFFFFFFFFFFFFFFFFF4C
:10943000FFFFFFFFFFFFFFFFFFFFFFFFFFFFFFFF3C
:10944000FFFFFFFFFFFFFFFFFFFFFFFFFFFFFFFF2C
:10945000FFFFFFFFFFFFFFFFFFFFFFFFFFFFFFFF1C
:10946000FFFFFFFFFFFFFFFFFFFFFFFFFFFFFFFF0C
:10947000FFFFFFFFFFFFFFFFFFFFFFFFFFFFFFFFFC
:10948000FFFFFFFFFFFFFFFFFFFFFFFFFFFFFFFFEC
:10949000FFFFFFFFFFFFFFFFFFFFFFFFFFFFFFFFDC
:1094A000FFFFFFFFFFFFFFFFFFFFFFFFFFFFFFFFCC
:1094B000FFFFFFFFFFFFFFFFFFFFFFFFFFFFFFFFBC
:1094C000FFFFFFFFFFFFFFFFFFFFFFFFFFFFFFFFAC
:1094D000FFFFFFFFFFFFFFFFFFFFFFFFFFFFFFFF9C
:1094E000FFFFFFFFFFFFFFFFFFFFFFFFFFFFFFFF8C
:1094F000FFFFFFFFFFFFFFFFFFFFFFFFFFFFFFFF7C
:10950000FFFFFFFFFFFFFFFFFFFFFFFFFFFFFFFF6B
:10951000FFFFFFFFFFFFFFFFFFFFFFFFFFFFFFFF5B
:10952000FFFFFFFFFFFFFFFFFFFFFFFFFFFFFFFF4B
:10953000FFFFFFFFFFFFFFFFFFFFFFFFFFFFFFFF3B
:10954000FFFFFFFFFFFFFFFFFFFFFFFFFFFFFFFF2B
:10955000FFFFFFFFFFFFFFFFFFFFFFFFFFFFFFFF1B
:10956000FFFFFFFFFFFFFFFFFFFFFFFFFFFFFFFF0B
:10957000FFFFFFFFFFFFFFFFFFFFFFFFFFFFFFFFFB
:10958000FFFFFFFFFFFFFFFFFFFFFFFFFFFFFFFFEB
:10959000FFFFFFFFFFFFFFFFFFFFFFFFFFFFFFFFDB
:1095A000FFFFFFFFFFFFFFFFFFFFFFFFFFFFFFFFCB
:1095B000FFFFFFFFFFFFFFFFFFFFFFFFFFFFFFFFBB
:1095C000FFFFFFFFFFFFFFFFFFFFFFFFFFFFFFFFAB
:1095D000FFFFFFFFFFFFFFFFFFFFFFFFFFFFFFFF9B
:1095E000FFFFFFFFFFFFFFFFFFFFFFFFFFFFFFFF8B
:1095F000FFFFFFFFFFFFFFFFFFFFFFFFFFFFFFFF7B
:10960000FFFFFFFFFFFFFFFFFFFFFFFFFFFFFFFF6A
:10961000FFFFFFFFFFFFFFFFFFFFFFFFFFFFFFFF5A
:10962000FFFFFFFFFFFFFFFFFFFFFFFFFFFFFFFF4A
:10963000FFFFFFFFFFFFFFFFFFFFFFFFFFFFFFFF3A
:10964000FFFFFFFFFFFFFFFFFFFFFFFFFFFFFFFF2A
:10965000FFFFFFFFFFFFFFFFFFFFFFFFFFFFFFFF1A
:10966000FFFFFFFFFFFFFFFFFFFFFFFFFFFFFFFF0A
:10967000FFFFFFFFFFFFFFFFFFFFFFFFFFFFFFFFFA
:10968000FFFFFFFFFFFFFFFFFFFFFFFFFFFFFFFFEA
:10969000FFFFFFFFFFFFFFFFFFFFFFFFFFFFFFFFDA
:1096A000FFFFFFFFFFFFFFFFFFFFFFFFFFFFFFFFCA
:1096B000FFFFFFFFFFFFFFFFFFFFFFFFFFFFFFFFBA
:1096C000FFFFFFFFFFFFFFFFFFFFFFFFFFFFFFFFAA
:1096D000FFFFFFFFFFFFFFFFFFFFFFFFFFFFFFFF9A
:1096E000FFFFFFFFFFFFFFFFFFFFFFFFFFFFFFFF8A
:1096F000FFFFFFFFFFFFFFFFFFFFFFFFFFFFFFFF7A
:10970000FFFFFFFFFFFFFFFFFFFFFFFFFFFFFFFF69
:10971000FFFFFFFFFFFFFFFFFFFFFFFFFFFFFFFF59
:10972000FFFFFFFFFFFFFFFFFFFFFFFFFFFFFFFF49
:10973000FFFFFFFFFFFFFFFFFFFFFFFFFFFFFFFF39
:10974000FFFFFFFFFFFFFFFFFFFFFFFFFFFFFFFF29
:10975000FFFFFFFFFFFFFFFFFFFFFFFFFFFFFFFF19
:10976000FFFFFFFFFFFFFFFFFFFFFFFFFFFFFFFF09
:10977000FFFFFFFFFFFFFFFFFFFFFFFFFFFFFFFFF9
:10978000FFFFFFFFFFFFFFFFFFFFFFFFFFFFFFFFE9
:10979000FFFFFFFFFFFFFFFFFFFFFFFFFFFFFFFFD9
:1097A000FFFFFFFFFFFFFFFFFFFFFFFFFFFFFFFFC9
:1097B000FFFFFFFFFFFFFFFFFFFFFFFFFFFFFFFFB9
:1097C000FFFFFFFFFFFFFFFFFFFFFFFFFFFFFFFFA9
:1097D000FFFFFFFFFFFFFFFFFFFFFFFFFFFFFFFF99
:1097E000FFFFFFFFFFFFFFFFFFFFFFFFFFFFFFFF89
:1097F000FFFFFFFFFFFFFFFFFFFFFFFFFFFFFFFF79
:10980000FFFFFFFFFFFFFFFFFFFFFFFFFFFFFFFF68
:10981000FFFFFFFFFFFFFFFFFFFFFFFFFFFFFFFF58
:10982000FFFFFFFFFFFFFFFFFFFFFFFFFFFFFFFF48
:10983000FFFFFFFFFFFFFFFFFFFFFFFFFFFFFFFF38
:10984000FFFFFFFFFFFFFFFFFFFFFFFFFFFFFFFF28
:10985000FFFFFFFFFFFFFFFFFFFFFFFFFFFFFFFF18
:10986000FFFFFFFFFFFFFFFFFFFFFFFFFFFFFFFF08
:10987000FFFFFFFFFFFFFFFFFFFFFFFFFFFFFFFFF8
:10988000FFFFFFFFFFFFFFFFFFFFFFFFFFFFFFFFE8
:10989000FFFFFFFFFFFFFFFFFFFFFFFFFFFFFFFFD8
:1098A000FFFFFFFFFFFFFFFFFFFFFFFFFFFFFFFFC8
:1098B000FFFFFFFFFFFFFFFFFFFFFFFFFFFFFFFFB8
:1098C000FFFFFFFFFFFFFFFFFFFFFFFFFFFFFFFFA8
:1098D000FFFFFFFFFFFFFFFFFFFFFFFFFFFFFFFF98
:1098E000FFFFFFFFFFFFFFFFFFFFFFFFFFFFFFFF88
:1098F000FFFFFFFFFFFFFFFFFFFFFFFFFFFFFFFF78
:10990000FFFFFFFFFFFFFFFFFFFFFFFFFFFFFFFF67
:10991000FFFFFFFFFFFFFFFFFFFFFFFFFFFFFFFF57
:10992000FFFFFFFFFFFFFFFFFFFFFFFFFFFFFFFF47
:10993000FFFFFFFFFFFFFFFFFFFFFFFFFFFFFFFF37
:10994000FFFFFFFFFFFFFFFFFFFFFFFFFFFFFFFF27
:10995000FFFFFFFFFFFFFFFFFFFFFFFFFFFFFFFF17
:10996000FFFFFFFFFFFFFFFFFFFFFFFFFFFFFFFF07
:10997000FFFFFFFFFFFFFFFFFFFFFFFFFFFFFFFFF7
:10998000FFFFFFFFFFFFFFFFFFFFFFFFFFFFFFFFE7
:10999000FFFFFFFFFFFFFFFFFFFFFFFFFFFFFFFFD7
:1099A000FFFFFFFFFFFFFFFFFFFFFFFFFFFFFFFFC7
:1099B000FFFFFFFFFFFFFFFFFFFFFFFFFFFFFFFFB7
:1099C000FFFFFFFFFFFFFFFFFFFFFFFFFFFFFFFFA7
:1099D000FFFFFFFFFFFFFFFFFFFFFFFFFFFFFFFF97
:1099E000FFFFFFFFFFFFFFFFFFFFFFFFFFFFFFFF87
:1099F000FFFFFFFFFFFFFFFFFFFFFFFFFFFFFFFF77
:109A0000FFFFFFFFFFFFFFFFFFFFFFFFFFFFFFFF66
:109A1000FFFFFFFFFFFFFFFFFFFFFFFFFFFFFFFF56
:109A2000FFFFFFFFFFFFFFFFFFFFFFFFFFFFFFFF46
:109A3000FFFFFFFFFFFFFFFFFFFFFFFFFFFFFFFF36
:109A4000FFFFFFFFFFFFFFFFFFFFFFFFFFFFFFFF26
:109A5000FFFFFFFFFFFFFFFFFFFFFFFFFFFFFFFF16
:109A6000FFFFFFFFFFFFFFFFFFFFFFFFFFFFFFFF06
:109A7000FFFFFFFFFFFFFFFFFFFFFFFFFFFFFFFFF6
:109A8000FFFFFFFFFFFFFFFFFFFFFFFFFFFFFFFFE6
:109A9000FFFFFFFFFFFFFFFFFFFFFFFFFFFFFFFFD6
:109AA000FFFFFFFFFFFFFFFFFFFFFFFFFFFFFFFFC6
:109AB000FFFFFFFFFFFFFFFFFFFFFFFFFFFFFFFFB6
:109AC000FFFFFFFFFFFFFFFFFFFFFFFFFFFFFFFFA6
:109AD000FFFFFFFFFFFFFFFFFFFFFFFFFFFFFFFF96
:109AE000FFFFFFFFFFFFFFFFFFFFFFFFFFFFFFFF86
:109AF000FFFFFFFFFFFFFFFFFFFFFFFFFFFFFFFF76
:109B0000FFFFFFFFFFFFFFFFFFFFFFFFFFFFFFFF65
:109B1000FFFFFFFFFFFFFFFFFFFFFFFFFFFFFFFF55
:109B2000FFFFFFFFFFFFFFFFFFFFFFFFFFFFFFFF45
:109B3000FFFFFFFFFFFFFFFFFFFFFFFFFFFFFFFF35
:109B4000FFFFFFFFFFFFFFFFFFFFFFFFFFFFFFFF25
:109B5000FFFFFFFFFFFFFFFFFFFFFFFFFFFFFFFF15
:109B6000FFFFFFFFFFFFFFFFFFFFFFFFFFFFFFFF05
:109B7000FFFFFFFFFFFFFFFFFFFFFFFFFFFFFFFFF5
:109B8000FFFFFFFFFFFFFFFFFFFFFFFFFFFFFFFFE5
:109B9000FFFFFFFFFFFFFFFFFFFFFFFFFFFFFFFFD5
:109BA000FFFFFFFFFFFFFFFFFFFFFFFFFFFFFFFFC5
:109BB000FFFFFFFFFFFFFFFFFFFFFFFFFFFFFFFFB5
:109BC000FFFFFFFFFFFFFFFFFFFFFFFFFFFFFFFFA5
:109BD000FFFFFFFFFFFFFFFFFFFFFFFFFFFFFFFF95
:109BE000FFFFFFFFFFFFFFFFFFFFFFFFFFFFFFFF85
:109BF000FFFFFFFFFFFFFFFFFFFFFFFFFFFFFFFF75
:109C0000FFFFFFFFFFFFFFFFFFFFFFFFFFFFFFFF64
:109C1000FFFFFFFFFFFFFFFFFFFFFFFFFFFFFFFF54
:109C2000FFFFFFFFFFFFFFFFFFFFFFFFFFFFFFFF44
:109C3000FFFFFFFFFFFFFFFFFFFFFFFFFFFFFFFF34
:109C4000FFFFFFFFFFFFFFFFFFFFFFFFFFFFFFFF24
:109C5000FFFFFFFFFFFFFFFFFFFFFFFFFFFFFFFF14
:109C6000FFFFFFFFFFFFFFFFFFFFFFFFFFFFFFFF04
:109C7000FFFFFFFFFFFFFFFFFFFFFFFFFFFFFFFFF4
:109C8000FFFFFFFFFFFFFFFFFFFFFFFFFFFFFFFFE4
:109C9000FFFFFFFFFFFFFFFFFFFFFFFFFFFFFFFFD4
:109CA000FFFFFFFFFFFFFFFFFFFFFFFFFFFFFFFFC4
:109CB000FFFFFFFFFFFFFFFFFFFFFFFFFFFFFFFFB4
:109CC000FFFFFFFFFFFFFFFFFFFFFFFFFFFFFFFFA4
:109CD000FFFFFFFFFFFFFFFFFFFFFFFFFFFFFFFF94
:109CE000FFFFFFFFFFFFFFFFFFFFFFFFFFFFFFFF84
:109CF000FFFFFFFFFFFFFFFFFFFFFFFFFFFFFFFF74
:109D0000FFFFFFFFFFFFFFFFFFFFFFFFFFFFFFFF63
:109D1000FFFFFFFFFFFFFFFFFFFFFFFFFFFFFFFF53
:109D2000FFFFFFFFFFFFFFFFFFFFFFFFFFFFFFFF43
:109D3000FFFFFFFFFFFFFFFFFFFFFFFFFFFFFFFF33
:109D4000FFFFFFFFFFFFFFFFFFFFFFFFFFFFFFFF23
:109D5000FFFFFFFFFFFFFFFFFFFFFFFFFFFFFFFF13
:109D6000FFFFFFFFFFFFFFFFFFFFFFFFFFFFFFFF03
:109D7000FFFFFFFFFFFFFFFFFFFFFFFFFFFFFFFFF3
:109D8000FFFFFFFFFFFFFFFFFFFFFFFFFFFFFFFFE3
:109D9000FFFFFFFFFFFFFFFFFFFFFFFFFFFFFFFFD3
:109DA000FFFFFFFFFFFFFFFFFFFFFFFFFFFFFFFFC3
:109DB000FFFFFFFFFFFFFFFFFFFFFFFFFFFFFFFFB3
:109DC000FFFFFFFFFFFFFFFFFFFFFFFFFFFFFFFFA3
:109DD000FFFFFFFFFFFFFFFFFFFFFFFFFFFFFFFF93
:109DE000FFFFFFFFFFFFFFFFFFFFFFFFFFFFFFFF83
:109DF000FFFFFFFFFFFFFFFFFFFFFFFFFFFFFFFF73
:109E0000FFFFFFFFFFFFFFFFFFFFFFFFFFFFFFFF62
:109E1000FFFFFFFFFFFFFFFFFFFFFFFFFFFFFFFF52
:109E2000FFFFFFFFFFFFFFFFFFFFFFFFFFFFFFFF42
:109E3000FFFFFFFFFFFFFFFFFFFFFFFFFFFFFFFF32
:109E4000FFFFFFFFFFFFFFFFFFFFFFFFFFFFFFFF22
:109E5000FFFFFFFFFFFFFFFFFFFFFFFFFFFFFFFF12
:109E6000FFFFFFFFFFFFFFFFFFFFFFFFFFFFFFFF02
:109E7000FFFFFFFFFFFFFFFFFFFFFFFFFFFFFFFFF2
:109E8000FFFFFFFFFFFFFFFFFFFFFFFFFFFFFFFFE2
:109E9000FFFFFFFFFFFFFFFFFFFFFFFFFFFFFFFFD2
:109EA000FFFFFFFFFFFFFFFFFFFFFFFFFFFFFFFFC2
:109EB000FFFFFFFFFFFFFFFFFFFFFFFFFFFFFFFFB2
:109EC000FFFFFFFFFFFFFFFFFFFFFFFFFFFFFFFFA2
:109ED000FFFFFFFFFFFFFFFFFFFFFFFFFFFFFFFF92
:109EE000FFFFFFFFFFFFFFFFFFFFFFFFFFFFFFFF82
:109EF000FFFFFFFFFFFFFFFFFFFFFFFFFFFFFFFF72
:109F0000FFFFFFFFFFFFFFFFFFFFFFFFFFFFFFFF61
:109F1000FFFFFFFFFFFFFFFFFFFFFFFFFFFFFFFF51
:109F2000FFFFFFFFFFFFFFFFFFFFFFFFFFFFFFFF41
:109F3000FFFFFFFFFFFFFFFFFFFFFFFFFFFFFFFF31
:109F4000FFFFFFFFFFFFFFFFFFFFFFFFFFFFFFFF21
:109F5000FFFFFFFFFFFFFFFFFFFFFFFFFFFFFFFF11
:109F6000FFFFFFFFFFFFFFFFFFFFFFFFFFFFFFFF01
:109F7000FFFFFFFFFFFFFFFFFFFFFFFFFFFFFFFFF1
:109F8000FFFFFFFFFFFFFFFFFFFFFFFFFFFFFFFFE1
:109F9000FFFFFFFFFFFFFFFFFFFFFFFFFFFFFFFFD1
:109FA000FFFFFFFFFFFFFFFFFFFFFFFFFFFFFFFFC1
:109FB000FFFFFFFFFFFFFFFFFFFFFFFFFFFFFFFFB1
:109FC000FFFFFFFFFFFFFFFFFFFFFFFFFFFFFFFFA1
:109FD000FFFFFFFFFFFFFFFFFFFFFFFFFFFFFFFF91
:109FE000FFFFFFFFFFFFFFFFFFFFFFFFFFFFFFFF81
:109FF000FFFFFFFFFFFFFFFFFFFFFFFFFFFFFFFF71
:10A0000000040020E5B100084DAE0108A9AD01082B
:10A0100015AE0108A9AD0108E1AD0108E7B10008DE
:10A02000E7B10008E7B10008E7B10008714602088F
:10A03000E7B10008E7B10008E7B10008E7B10008A0
:10A04000E7B10008E7B10008E7B10008E7B1000890
:10A05000E7B10008E7B100085981020881810208D0
:10A06000A9810208D1810208F9810208055102087C
:10A07000195102082D510208415102085551020898
:10A08000695102087D510208C54E0208A1920108DB
:10A09000CD920108DD920108E7B100082182020893
:10A0A000318302084183020855830208598302085C
:10A0B0005D830208E7B10008E7B10008E7B10008D6
:10A0C000E7B10008F154020825560208E7B100087C
:10A0D000E7B10008F5820208098302081D8302081F
:10A0E00085820208E7B10008E7B10008E7B100087F
:10A0F000E7B10008E7B10008E7B10008E7B10008E0
:10A10000E7B10008E7B10008E7B10008E7B10008CF
:10A11000E7B10008E7B10008E7B10008E7B10008BF
:10A1200091510208A5510208B9510208CD51020807
:10A13000E1510208E7B10008E7B10008E7B1000803
:10A14000E7B10008E7B10008E7B10008E7B100088F
:10A15000F551020809520208E7B10008E7B100080A
:10A16000E7B10008E7B10008E7B10008E7B100086F
:10A17000E7B10008E7B10008E7B10008E7B100085F
:10A18000E7B10008E7B10008E7B10008E7B100084F
:10A19000E7B10008E7B10008E7B10008E7B100083F
:10A1A00005B80008D527010835840108F197010892
:10A1B000D19B010871A2010891A70108A5AF010870
:10A1C000AD110208000000000000000000000000C7
:10A1D00040A2E4F16468910670735DE69486BC1C4D
:10A1E00038CA020008BFC8FF0000F811FFFFFFFFD8
:10A1F000FFFFFFFF81F0004102E000BF83F000435A
:10A2000030B54FEA41044FEA430594EA050F08BF11
:10A2100090EA020F1FBF54EA000C55EA020C7FEAD5
:10A22000645C7FEA655C00F0E2804FEA5454D4EB52
:10A230005555B8BF6D420CDD2C4480EA020281EA1C
:10A24000030382EA000083EA010180EA020281EA54
:10A250000303362D88BF30BD11F0004F4FEA0131A6
:10A260004FF4801C4CEA113102D0404261EB4101B5
:10A2700013F0004F4FEA03334CEA133302D052423B
:10A2800063EB430394EA050F00F0A780A4F10104F7
:10A29000D5F1200E0DDB02FA0EFC22FA05F2801831
:10A2A00041F1000103FA0EF2801843FA05F3594117
:10A2B0000EE0A5F120050EF1200E012A03FA0EFC96
:10A2C00028BF4CF0020C43FA05F3C01851EBE371C0
:10A2D00001F0004507D54FF0000EDCF1000C7EEBDD
:10A2E00000006EEB0101B1F5801F1BD3B1F5001F1B
:10A2F0000CD349085FEA30004FEA3C0C04F101043A
:10A300004FEA445212F5800F80F09A80BCF1004F62
:10A3100008BF5FEA500C50F1000041EB045141EAE4
:10A32000050130BD5FEA4C0C404141EB0101013CAD
:10A3300028BFB1F5801FE9D291F0000F04BF01469C
:10A340000020B1FA81F308BF2033A3F10B03B3F16E
:10A3500020020CDA0C3208DD02F1140CC2F10C02FE
:10A3600001FA0CF021FA02F10CE002F11402D8BF5C
:10A37000C2F1200C01FA02F120FA0CFCDCBF41EA28
:10A380000C019040E41AA2BF01EB0451294330BDF7
:10A390006FEA04041F3C1CDA0C340EDC04F11404D4
:10A3A000C4F1200220FA04F001FA02F340EA0300AB
:10A3B00021FA04F345EA030130BDC4F10C04C4F1F1
:10A3C000200220FA02F001FA04F340EA03002946D1
:10A3D00030BD21FA04F0294630BD94F0000F83F41B
:10A3E000801306BF81F480110134013D4EE77FEAFE
:10A3F000645C18BF7FEA655C29D094EA050F08BF4A
:10A4000090EA020F05D054EA000C04BF194610462A
:10A4100030BD91EA030F1EBF0021002030BD5FEA6E
:10A42000545C05D14000494128BF41F0004130BD96
:10A4300014F580043CBF01F5801130BD01F00045EA
:10A4400045F0FE4141F470014FF0000030BD7FEA5D
:10A45000645C1ABF194610467FEA655C1CBF0B4658
:10A46000024650EA013406BF52EA033591EA030F6F
:10A4700041F4002130BD00BF90F0000F04BF002167
:10A48000704730B54FF4806404F132044FF000059A
:10A490004FF0000150E700BF90F0000F04BF002113
:10A4A000704730B54FF4806404F1320410F0004579
:10A4B00048BF40424FF000013EE700BF42004FEA74
:10A4C000E2014FEA31014FEA02701FBF12F07F43F1
:10A4D00093F07F4F81F06051704732F07F4208BFA8
:10A4E000704793F07F4F04BF41F40021704730B5AF
:10A4F0004FF4607401F0004521F000411CE700BFFB
:10A5000050EA010208BF704730B54FF000050AE07D
:10A5100050EA010208BF704730B511F0004502D57E
:10A52000404261EB41014FF4806404F132045FEA80
:10A53000915C3FF4D8AE4FF003025FEADC0C18BF29
:10A5400003325FEADC0C18BF033202EBDC02C2F11B
:10A55000200300FA03FC20FA02F001FA03FE40EAAD
:10A560000E0021FA02F11444BDE600BF70B54FF0B1
:10A57000FF0C4CF4E06C1CEA11541DBF1CEA13558F
:10A5800094EA0C0F95EA0C0F00F0DEF82C4481EAF7
:10A59000030621EA4C5123EA4C5350EA013518BF17
:10A5A00052EA033541F4801143F4801338D0A0FB04
:10A5B00002CE4FF00005E1FB02E506F00042E0FBB1
:10A5C00003E54FF00006E1FB03569CF0000F18BFB7
:10A5D0004EF0010EA4F1FF04B6F5007F64F540745F
:10A5E00004D25FEA4E0E6D4146EB060642EAC621F2
:10A5F00041EA55514FEAC52040EA5E504FEACE2E5F
:10A60000B4F1FD0C88BFBCF5E06F1ED8BEF1004F61
:10A6100008BF5FEA500E50F1000041EB045170BDDD
:10A6200006F0004646EA010140EA020081EA030121
:10A63000B4EB5C04C2BFD4EB0C0541EA045170BD1D
:10A6400041F480114FF0000E013C00F3AB8014F197
:10A65000360FDEBF002001F0004170BDC4F10004E0
:10A66000203C35DA0C341BDC04F11404C4F1200561
:10A6700000FA05F320FA04F001FA05F240EA0200BC
:10A6800001F0004221F0004110EBD37021FA04F6F2
:10A6900042EB06015EEA430E08BF20EAD37070BDAC
:10A6A000C4F10C04C4F1200500FA04F320FA05F00B
:10A6B00001FA04F240EA020001F0004110EBD3700D
:10A6C00041F100015EEA430E08BF20EAD37070BD7D
:10A6D000C4F1200500FA05F24EEA020E20FA04F356
:10A6E00001FA05F243EA020321FA04F001F0004105
:10A6F00021FA04F220EA020000EBD3705EEA430E76
:10A7000008BF20EAD37070BD94F0000F0FD101F0A4
:10A710000046400041EB010111F4801F08BF013CDD
:10A72000F7D041EA060195F0000F18BF704703F01B
:10A730000046520043EB030313F4801F08BF013DA2
:10A74000F7D043EA0603704794EA0C0F0CEA13555E
:10A7500018BF95EA0C0F0CD050EA410618BF52EA18
:10A760004306D1D181EA030101F000414FF000001E
:10A7700070BD50EA410606BF1046194652EA43062C
:10A7800019D094EA0C0F02D150EA013613D195EAA0
:10A790000C0F05D152EA03361CBF104619460AD1E8
:10A7A00081EA030101F0004141F0FE4141F47001F2
:10A7B0004FF0000070BD41F0FE4141F4780170BDE2
:10A7C00070B54FF0FF0C4CF4E06C1CEA11541DBF47
:10A7D0001CEA135594EA0C0F95EA0C0F00F0A7F849
:10A7E000A4EB050481EA030E52EA03354FEA013176
:10A7F00000F088804FEA03334FF0805545EA131389
:10A8000043EA12634FEA022245EA111545EA106550
:10A810004FEA00260EF000419D4208BF964244F1E7
:10A82000FD0404F5407402D25B084FEA3202B61A06
:10A8300065EB03055B084FEA32024FF480104FF4DA
:10A84000002CB6EB020E75EB030E22BFB61A75464E
:10A8500040EA0C005B084FEA3202B6EB020E75EBE1
:10A86000030E22BFB61A754640EA5C005B084FEA49
:10A870003202B6EB020E75EB030E22BFB61A754616
:10A8800040EA9C005B084FEA3202B6EB020E75EB21
:10A89000030E22BFB61A754640EADC0055EA060EE2
:10A8A00018D04FEA051545EA16754FEA06164FEA25
:10A8B000C30343EA52734FEAC2025FEA1C1CC0D1D1
:10A8C00011F4801F0BD141EA00014FF000004FF05E
:10A8D000004CB6E711F4801F04BF01430020B4F11F
:10A8E000FD0C88BFBCF5E06F3FF6AFAEB5EB030CD7
:10A8F00004BFB6EB020C5FEA500C50F1000041EBD4
:10A90000045170BD0EF0004E4EEA113114EB5C04A0
:10A91000C2BFD4EB0C0541EA045170BD41F4801173
:10A920004FF0000E013C90E645EA060E8DE60CEA7B
:10A93000135594EA0C0F08BF95EA0C0F3FF43BAF98
:10A9400094EA0C0F0AD150EA01347FF434AF95EA4F
:10A950000C0F7FF425AF104619462CE795EA0C0F33
:10A9600006D152EA03353FF4FDAE1046194622E700
:10A9700050EA410618BF52EA43067FF4C5AE50EADA
:10A9800041047FF40DAF52EA43057FF4EBAE12E7CA
:10A990004FF0FF3C06E000BF4FF0010C02E000BFAB
:10A9A0004FF0010C4DF804CD4FEA410C7FEA6C5C8E
:10A9B0004FEA430C18BF7FEA6C5C1BD001B050EA31
:10A9C000410C0CBF52EA430C91EA030F02BF90EA1C
:10A9D000020F0020704710F1000F91EA030F58BFDB
:10A9E000994208BF90422CBFD8176FEAE37040F03D
:10A9F000010070474FEA410C7FEA6C5C02D150EADB
:10AA0000013C07D14FEA430C7FEA6C5CD6D152EA95
:10AA1000033CD3D05DF8040B704700BF844610465A
:10AA200062468C461946634600E000BF01B5FFF759
:10AA3000B7FF002848BF10F1000F01BD4DF808ED29
:10AA4000FFF7F4FF0CBF012000205DF808FB00BFFA
:10AA50004DF808EDFFF7EAFF34BF012000205DF854
:10AA600008FB00BF4DF808EDFFF7E0FF94BF0120A1
:10AA700000205DF808FB00BF4DF808EDFFF7CEFFA2
:10AA800094BF012000205DF808FB00BF4DF808EDE1
:10AA9000FFF7C4FF34BF012000205DF808FB00BFB2
:10AAA0004FEA410C7FEA6C5C02D150EA013C0AD1CA
:10AAB0004FEA430C7FEA6C5C02D152EA033C02D1BC
:10AAC0004FF0000070474FF0010070474FEA41021D
:10AAD00012F5001215D211D56FF47873B3EB6252F0
:10AAE00012D94FEAC12343F0004343EA505311F017
:10AAF000004F23FA02F018BF404270474FF00000A9
:10AB0000704750EA013005D111F0004008BF6FF0E6
:10AB1000004070474FF00000704700BF4A0011D25C
:10AB200012F5001211D20DD56FF47873B3EB6252A7
:10AB30000ED44FEAC12343F0004343EA505323FAB3
:10AB400002F070474FF00000704750EA013002D128
:10AB50004FF0FF3070474FF0000070474FEA41025E
:10AB6000B2F1E04324BFB3F5001CDCF1FE5C0DD96B
:10AB700001F0004C4FEAC0024CEA5070B2F1004FB5
:10AB800040EB830008BF20F00100704711F0804FB8
:10AB900021D113F13872BCBF01F00040704741F47D
:10ABA00080114FEA5252C2F11802C2F1200C10FA81
:10ABB0000CF320FA02F018BF40F001004FEAC12365
:10ABC0004FEAD32303FA0CFC40EA0C0023FA02F309
:10ABD0004FEA4303CCE77FEA625307D150EA0133DF
:10ABE0001EBF4FF0FE4040F44000704701F00040AF
:10ABF00040F0FE4040F40000704700BF80F000408D
:10AC000002E000BF81F0004142001FBF5FEA410344
:10AC100092EA030F7FEA226C7FEA236C6AD04FEA44
:10AC20001262D2EB1363C1BFD21841404840414089
:10AC3000B8BF5B42192B88BF704710F0004F40F43B
:10AC4000000020F07F4018BF404211F0004F41F457
:10AC5000000121F07F4118BF494292EA030F3FD023
:10AC6000A2F1010241FA03FC10EB0C00C3F1200336
:10AC700001FA03F100F0004302D5494260EB4000C5
:10AC8000B0F5000F13D3B0F1807F06D340084FEA30
:10AC9000310102F10102FE2A51D2B1F1004F40EB25
:10ACA000C25008BF20F0010040EA0300704749008D
:10ACB00040EB0000013A28BFB0F5000FEDD2B0FA2A
:10ACC00080FCACF1080CB2EB0C0200FA0CF0AABF4D
:10ACD00000EBC25052421843BCBFD04018437047EB
:10ACE00092F0000F81F4000106BF80F400000132F1
:10ACF000013BB5E74FEA41037FEA226C18BF7FEAC8
:10AD0000236C21D092EA030F04D092F0000F08BF09
:10AD10000846704790EA010F1CBF0020704712F0F0
:10AD20007F4F04D1400028BF40F00040704712F12F
:10AD300000723CBF00F50000704700F0004343F094
:10AD4000FE4040F4000070477FEA226216BF0846CA
:10AD50007FEA23630146420206BF5FEA412390EA8D
:10AD6000010F40F4800070474FF0000304E000BF83
:10AD700010F0004348BF40425FEA000C08BF704734
:10AD800043F0964301464FF000001CE050EA0102F8
:10AD900008BF70474FF000030AE000BF50EA01020D
:10ADA00008BF704711F0004302D5404261EB4101FA
:10ADB0005FEA010C02BF84460146002043F0B6431F
:10ADC00008BFA3F18053A3F50003BCFA8CF2083A44
:10ADD000A3EBC25310DB01FA02FC634400FA02FC4D
:10ADE000C2F12002BCF1004F20FA02F243EB020054
:10ADF00008BF20F00100704702F1200201FA02FCB6
:10AE0000C2F1200250EA4C0021FA02F243EB0200A8
:10AE100008BF20EADC7070477BB972B90029BEBF59
:10AE200000204FF0004106E008BF00281CBF6FF073
:10AE300000414FF0FF3000F0D3B9ADF1080C6DE9DF
:10AE400004CE002909DB002B1ADB00F061F8DDF8E5
:10AE500004E0DDE9022304B07047404261EB4101A8
:10AE6000002B1BDB00F054F8DDF804E0DDE90223E1
:10AE700004B0404261EB4101524263EB430370472F
:10AE8000524263EB430300F043F8DDF804E0DDE9F0
:10AE9000022304B0404261EB41017047524263EB30
:10AEA000430300F035F8DDF804E0DDE9022304B0E7
:10AEB000524263EB4303704753B94AB9002908BFB4
:10AEC00000281CBF4FF0FF314FF0FF3000F088B971
:10AED000ADF1080C6DE904CE00F01AF8DDF804E0DD
:10AEE000DDE9022304B07047430803F05533C01A6C
:10AEF000830803F0333300F03330184400EB1010B4
:10AF000000F00F3000EB002000EB0040000E704717
:10AF10002DE9F047089D04468E46002B4DD18A420C
:10AF2000944669D9B2FA82F252B101FA02F3C2F13F
:10AF3000200120FA01F10CFA02FC41EA030E9440D0
:10AF40004FEA1C48210CBEFBF8F61FFA8CF708FBF1
:10AF500016E341EA034306FB07F199420AD91CEBC9
:10AF6000030306F1FF3080F01F81994240F21C81FB
:10AF7000023E63445B1AA4B2B3FBF8F008FB103343
:10AF800044EA034400FB07F7A7420AD91CEB040478
:10AF900000F1FF3380F00A81A74240F20781644448
:10AFA000023840EA0640E41B00261DB1D4400023CD
:10AFB000C5E900433146BDE8F0878B4209D9002D31
:10AFC00000F0EF800026C5E9000130463146BDE8BB
:10AFD000F087B3FA83F6002E4AD18B4202D3824225
:10AFE00000F2F980841A61EB030301209E46002DD4
:10AFF000E0D0C5E9004EDDE702B9FFDEB2FA82F229
:10B00000002A40F09280A1EB0C014FEA1C471FFA86
:10B010008CFE0126200CB1FBF7F307FB131140EA6D
:10B0200001410EFB03F0884208D91CEB010103F13A
:10B03000FF3802D2884200F2CB804346091AA4B2FC
:10B04000B1FBF7F007FB101144EA01440EFB00FED0
:10B05000A64508D91CEB040400F1FF3102D2A64535
:10B0600000F2BB800846A4EB0E0440EA03409CE7D4
:10B07000C6F12007B34022FA07FC4CEA030C20FA81
:10B0800007F401FA06F31C43F9404FEA1C4900FAA1
:10B0900006F3B1FBF9F8200C1FFA8CFE09FB18111E
:10B0A00040EA014108FB0EF0884202FA06F20BD991
:10B0B0001CEB010108F1FF3A80F08880884240F2E1
:10B0C0008580A8F102086144091AA4B2B1FBF9F025
:10B0D00009FB101144EA014100FB0EFE8E4508D920
:10B0E0001CEB010100F1FF346CD28E456AD90238A5
:10B0F000614440EA0840A0FB0294A1EB0E01A1428A
:10B10000C846A64656D353D05DB1B3EB080261EBF7
:10B110000E0101FA07F722FA06F3F1401F43C5E9D1
:10B12000007100263146BDE8F087C2F12003D84007
:10B130000CFA02FC21FA03F3914001434FEA1C4749
:10B140001FFA8CFEB3FBF7F007FB10360B0C43EA3B
:10B15000064300FB0EF69E4204FA02F408D91CEBEB
:10B16000030300F1FF382FD29E422DD902386344E9
:10B170009B1B89B2B3FBF7F607FB163341EA034189
:10B1800006FB0EF38B4208D91CEB010106F1FF38D8
:10B1900016D28B4214D9023E6144C91A46EA0046CF
:10B1A00038E72E46284605E70646E3E61846F8E661
:10B1B0004B45A9D2B9EB020864EB0C0E0138A3E7AA
:10B1C0004646EAE7204694E74046D1E7D0467BE78B
:10B1D000023B614432E7304609E76444023842E703
:10B1E000704700BF02E000F000F8FEE772B6374893
:10B1F00080F30888364880F3098836483649086065
:10B2000040F20000CCF200004EF63471CEF20001A4
:10B210000860BFF34F8FBFF36F8F40F20000C0F2A2
:10B22000F0004EF68851CEF200010860BFF34F8F58
:10B23000BFF36F8F4FF00000E1EE100A4EF63C7145
:10B24000CEF200010860062080F31488BFF36F8FF0
:10B250001CF03CFD1CF044FE4FF055301F491B4ACA
:10B2600091423CBF41F8040BFAE71D49184A91424C
:10B270003CBF41F8040BFAE71A491B4A1B4B9A42A0
:10B280003EBF51F8040B42F8040BF8E700201849C0
:10B29000184A91423CBF41F8040BFAE71CF01AFD32
:10B2A0001CF07EFE144C154DAC4203DA54F8041B1E
:10B2B0008847F9E700F096FA114C124DAC4203DAD8
:10B2C00054F8041B8847F9E71CF002BD0004002075
:10B2D000000E002000A0000808ED00E000010020A2
:10B2E0000004002070670308000E0020C810002032
:10B2F000C8100020F0740020A0A10008C4A100081C
:10B30000C4A10008C4A100082DE9F04F2DED108A5A
:10B31000C1F80CD0C3689D46BDEC108ABDE8F08F23
:10B32000002383F311882846A04700201BF0DAFE93
:10B33000FEE71BF06FFD00DFFEE7000001F0FF01FC
:10B34000102A2BDB10F0070F08D010F8013B013A50
:10B350008B422DD010F0070F42B3F6D1F0B441EA82
:10B36000012141EA014122F007047FF00007002398
:10B37000F0E80256083C85EA010586EA010685FAEE
:10B3800047F5A3FA87F586FA47F6A5FA87F68EB948
:10B39000EED1F0BC01F0FF0102F0070232B110F86B
:10B3A000013B013A83EA010313B1F8D10020704751
:10B3B00001387047002D06BF35460338073815F0B1
:10B3C000010F07D1013015F4807F02BF013015F461
:10B3D000C03F0130F0BC0138704700BF10F8012BAE
:10B3E00011F8013B012A28BF9A42F7D0D01A7047C2
:10B3F000034613F8012B002AFBD1181A01387047B5
:10B4000038B50022002304460D46FFF721FB28B97A
:10B4100020462946BDE8384000F00AB8204605F12C
:10B42000004100F005F8404261EB410138BD00BF2A
:10B43000D0B50C4B002206460F46FFF797F8FFF7F2
:10B440006DFB0446FFF718F8074B0022FFF78EF854
:10B4500002460B4630463946FEF7D0FEFFF75EFB4C
:10B460002146D0BD0000F03D0000F04170470000D3
:10B47000704700007FB5044624300CF0ADF804F1AD
:10B48000480007F0F3FA0025214B0393029400953E
:10B4900004AB13E90C00294604F5627004F022FFA6
:10B4A00004F23C400CF0DAFA04F2AC400CF002FF7B
:10B4B00004F25A500CF0DAFF164B174A1A6004F2E5
:10B4C0007E50294614268DB206FB052301311B7CD4
:10B4D000002BF8D1114B1D80114B1A6812B1114885
:10B4E0000FF0B8FC186004F58053012104F5EA5010
:10B4F000C3F8582D83F8561D1C300EF0CDF90A4BB9
:10B500001A680AB10948EBE720461C6004B070BD18
:10B510006DB40008102F0020A4E002080E2F0020B8
:10B52000D02E00206CDF0208C810002087DF020840
:10B53000F7B5364D04461CF07DFB1CF08FFB2868E8
:10B5400020231A46006C4FF4E13103F0E5FE286831
:10B550004FF4807380224FF4E131C06C03F0DCFEC5
:10B56000204600F073F904F124071CF077FB204615
:10B5700001F0BEFA38460CF03DF91CF06FFB0CF000
:10B5800061FF2B68D86A03685B68984710B1204850
:10B590000EF08AFB04F1480601230DF10701304645
:10B5A0008DF8073007F05AF994F948306BB194F9E7
:10B5B0000910002909DB38464FF461330522C9B26E
:10B5C0000CF0D4F9304607F0E9FA04F5627004F0A3
:10B5D0002BFF2B68586A03681B689847204601F0C8
:10B5E00061FF01200DF06AFF58B100200DF03CFF13
:10B5F00004F25A500CF0DEFF03B0BDE8F0400FF04B
:10B6000057BC04F23C400CF05FFBF1E7E81000206F
:10B61000A8DF02080148FFF78BBF00BFF010002031
:10B620002DE9F341144C154EDFF86080144F20468D
:10B630001CF068FA134A0146121B134801F000FB84
:10B640001BF00AFB0446A4B1206AE1690191B042F3
:10B6500014BF251AA8EB06051CF054FA01990246FE
:10B660002B46384601F0ECFA20461BF005FB044659
:10B67000E9E702B0BDE8F0810001002000040020ED
:10B68000D2DF020800040020C8DF0208000E0020FC
:10B6900010B5114C2368586A0368DB6C984705F0B5
:10B6A00093FF2368986A03680522DB6900219847A5
:10B6B0002368986A036864211B6998472368986A1D
:10B6C000036828215B6898472368986A0368BDE887
:10B6D00010401B6900211847E810002038B50546C6
:10B6E0000FF0E6FB314A1368C31AB3F57A7F0446BC
:10B6F0000BD92F4B10601B7823B92E4A536983F066
:10B7000008035361284601F0B9FE0CF0A3F92A4A58
:10B71000136841F28831E31A8B4206D9016821B1DE
:10B7200014600289254801F08BFAAB7CDA070AD550
:10B73000234A136841F28831E31A8B4203D9284621
:10B740001460FFF76DFFAB7C9B0715D4D5F834343C
:10B75000E31A632B05D9C5F8344405F5627005F08A
:10B7600013F8184A1368E31A132B88BF146028468D
:10B77000BDE8384001F0E8BA0FF09AFB43F6982391
:10B780009842E3D91048FFF783FF10481CF066F990
:10B79000BFF34F8F0E490F4BCA6802F4E0621343A8
:10B7A000CB60BFF34F8F00BFFDE700BFCC10002080
:10B7B000000E002000040048D4100020E4DF02083E
:10B7C000D0100020D8100020F0100020010007B099
:10B7D00000ED00E00400FA050148FFF77FBF00BF5D
:10B7E000F010002038B5054B1C6823680A461D6818
:10B7F000034B01462046A847002038BDE810002032
:10B80000DC10002010B50A4C2046FFF733FE094A31
:10B81000094920461CF000FE0EF0B2FF074B084A13
:10B820001860BDE810400749074803F08FBC00BF0F
:10B83000F01000205045002071B40008E8100020EE
:10B84000D9B7000815B60008DC10002013B504466F
:10B8500006F092FD05F02EFB204606F00DFD18B116
:10B86000B4F90030022B0BD007F0A6F804F0F4FF77
:10B8700002230DF106012046ADF8063007F030F83E
:10B8800002230DF106012046ADF8063007F01EF840
:10B8900002B0BDE8104006F02DBC000030B52DED23
:10B8A000048B00F23C4590F89E14ADB00446284647
:10B8B0000CF04EFA002851D00FF0FAFAD4F88C357B
:10B8C000C31A312B4AD9C4F88C0528460CF05AFA11
:10B8D00094F89E1428460CF045FA00283ED094F8BF
:10B8E0009E14DFED248A28460CF068FA94F89E1422
:10B8F00006AA2846B0EE409A0CF0F4F990B39DEDFC
:10B90000068ADFED1D7A38EE278A6022002107AD16
:10B9100014A88DED068A1EF01BFB0122294614A8EF
:10B92000CDED158ACDED178ACDED188ACDED1A8AA9
:10B930008DED169A8DED198A02F0BEFA002380B2C1
:10B940001822049340F20343CDE90250CDE90032BE
:10B95000204606A3D3E9002300F00AFB2DB0BDEC7E
:10B96000048B30BDB0EE688ACFE700BFDAF522A1C4
:10B970008BF37DC70000C07F33938843F0B589B057
:10B9800006464FF48360079103F08AFA04464FF4A9
:10B99000047003F08BFA05463CB1079960B9204664
:10B9A00009B0BDE8F04003F083BA002841D009B0E7
:10B9B000BDE8F04003F080BA06F5627004F0C0FE06
:10B9C0009FED207A023804F10C0101224FF6FF7737
:10B9D00030F8023FBB420BD007EE903AF8EEE77A20
:10B9E00067EE877AE1EC017A227201320D2AEFD1FB
:10B9F00004F20C42144B136004F582622946136072
:10BA00002046012201F09CFF0023049380B244F6FB
:10BA100024631822CDE90250CDE90032304607A355
:10BA2000D3E9002300F0A4FA204603F041FA2846A7
:10BA3000BDE709B0F0BD00BFAFF300808248487594
:10BA4000FC497F7D6F12833A0000C07F2DE9F04FE3
:10BA50000446ADB00FF02CFAD4F83834C31A632B77
:10BA600040F2978094F82034DFF844A1C4F83804F9
:10BA700007934FF0000B079B5FFA8BF5AB4240F248
:10BA80008880A269012707FA0BF705F10108174022
:10BA90005FFA88F80BF1010979D104F5627629463D
:10BAA000304604F06FFD002871D0394648221AA8AC
:10BAB0001EF04EFA2C2202FB0BF304F564713046A3
:10BAC000CF58002FA8BF5FFA87F829468DF88980E4
:10BAD00004F064FD2A460AA930468DED1B0A04F0E5
:10BAE0006BFD08B10A9B1C932A460BA9304604F053
:10BAF00029FE38B1DDED0B7A9FED2A7A77EE877A51
:10BB0000CDED1A7A7F238DF886302A4600230DF179
:10BB1000270130468DF8273004F0D6FB18B19DF888
:10BB200027308DF88730DAF800001F4B019700931B
:10BB30001F221E4BC06ACDF88C900DF1910103F0CD
:10BB4000BFFC1F210DF191001EF0D8FE0CAF39464D
:10BB50008DF8900001221AA802F068FC00230493DB
:10BB600080B240F244431822CDE90270CDE90032A0
:10BB700020460AA3D3E9002300F0FAF9294630460B
:10BB800004F0D2FD18B129462046FFF7F7FECB4658
:10BB900071E72DB0BDE8F08FAFF300806619718AB0
:10BBA00054269C243393884327E2020820E20208AB
:10BBB000E8100020BFF34F8F0549064BCA6802F416
:10BBC000E0621343CB60BFF34F8F00BFFDE700BFC0
:10BBD00000ED00E00400FA0513B510220021044630
:10BBE0008DF807201EF0B4F9054B1B68D86A03686E
:10BBF0000DF107021B6B2146984702B010BD00BF34
:10BC0000E8100020F0B58BB0174604460E460FF042
:10BC10004FF9054604F0EEFA03464FF4C87005F5F7
:10BC2000167504F58054B3FBF0F202FB103315FADD
:10BC300083F3C4F8503DFD7E35B91F480EF034F84B
:10BC400084F8545D0BB0F0BD384605A902F0F4FD50
:10BC500007460028F6D101A8FFF7BEFF9DF8165051
:10BC600001A92A460DF117001EF018F928B1134852
:10BC70000EF01AF884F8547DE4E70F2D0CD8D4F8B0
:10BC8000503D84F8545DA3F51673C4F8503D294621
:10BC90000B480EF009F8D5E79DF814100029D1D013
:10BCA000304617F0CDFF9DF8142094F8561D054836
:10BCB0000DF0FAFFC6E700BF4CE2020877E2020887
:10BCC00098E20208BAE2020813B5044601A9104638
:10BCD00001F0A2FF20B99DF80410204601F082FC7B
:10BCE00002B010BD07B5104601A902F053FC58B9C7
:10BCF000074B9DF804101B68D86AA1F1FF02036886
:10BD000051421B685141984703B05DF804FB00BFE6
:10BD1000E810002010B58CB0044601A9104602F0CE
:10BD20004BF970B99DF804200DF10601204601F091
:10BD30001DFC9DF8043084F858350FF0B9F8C4F8AC
:10BD400054050CB010BD000030B5A1B0054601A9E6
:10BD5000104602F059F80446F0B99DF80420E3B209
:10BD60009A4219D920AA02EBC30313F8772C1AB10F
:10BD7000042A09D00134F0E713ED1D0A13F8781CEA
:10BD8000284601F011FCF5E713ED1D0A13F8781CA5
:10BD9000284601F013FCEDE721B030BD38B5084668
:10BDA00015461C4617F054FF60B99DF81030022B61
:10BDB00007D1012C05D137A3D3E90023C5E900231E
:10BDC000012038BD40F206439C4257D015D80B2CB9
:10BDD0000BD884B1601E0A280DD8DFE800F02F0CC4
:10BDE0000C0C370C0C0C0C3F3B00282C2AD040F2DA
:10BDF000F2339C4246D00020E3E740F6B9339C4240
:10BE000038D00FD840F22E439C423FD040F24C43F2
:10BE10009C422BD040F226439C42ECD11FA3D3E995
:10BE20000023CBE744F620639C421BD044F62563F5
:10BE30009C42E0D11BA3D3E90023BFE71BA3D3E9B6
:10BE40000023BBE71BA3D3E90023B7E71BA3D3E978
:10BE50000023B3E71BA3D3E90023AFE71BA3D3E978
:10BE60000023ABE71BA3D3E90023A7E71BA3D3E978
:10BE70000023A3E71BA3D3E900239FE71BA3D3E978
:10BE800000239BE71BA3D3E9002397E71BA3D3E978
:10BE9000002393E7401DA12026812A0B011517CB13
:10BEA0000E03561F3A13328C7423F3099E6AC42181
:10BEB000818A46EE26417272DF25D7B7F017304AE5
:10BEC00039059E56D5A4D139F922B6A7CDD269EB52
:10BED000C51A133BA1A6A1951A7065E903806A559E
:10BEE00075F30087E9A2A272EAE738B11D95ECD795
:10BEF000875C7F21F33AEC386248A7D855340C8B25
:10BF00002636A0A113B59DF81040CDE900341346A4
:10BF10000A460146806AFFF741FF02B010BD0000EB
:10BF200070B500F580560D46D6F84C4D7CB90C2105
:10BF300001201BF061FCC6F84C0D08B9002070BD53
:10BF4000056084600430FAE72646A46824B12368BB
:10BF5000AB42F9D1201DF2E70C2101201BF04CFC73
:10BF6000B0600028EAD00560B3689C60B068E9E77B
:10BF70002DE9F04190B000F5EA51BDF85870044643
:10BF800016461C3140F22A4201A8984603F01CF9DB
:10BF9000012F0ED146EA07412046FFF7C1FF0546B3
:10BFA00070B9002401A803F031F9204610B0BDE8B3
:10BFB000F08104F2AC5017F04BFE0028EAD1F0E714
:10BFC0003822002102A81DF0C3FF02238DF808309B
:10BFD0009DF85C308DF82030189B0993BDF86430D3
:10BFE000ADF82830CDE90468ADF8187007950EF06B
:10BFF00061FF0D4BC01841F10001CDE90C0104F2C5
:10C00000AC5002A917F026FE084B0028D5BF9A882D
:10C010001A6801321218D4BF9A801A600028D4BF5F
:10C0200000240124BEE700BF40420F00742E002010
:10C0300030B58FB014460D463822002168461DF0F9
:10C0400087FFDDE91223CDE90223BDF85030ADF8BA
:10C05000103004F119030593A37E8DF81830159B59
:10C060000793BDF85830ADF820300EF023FF0D4B8C
:10C07000C31841F100016A46CDE90A312846E17E44
:10C0800017F02CFE084B0028D5BF9A881A68013299
:10C090001218D4BF9A801A600028D4BF0020012053
:10C0A0000FB030BD40420F00742E0020F0B591B0AB
:10C0B00004460E46104608A9154602F085FCB0BBA2
:10C0C0009DF82030012B16D106F076FC04F0C4FB5D
:10C0D00006F010F806F050F9184904F1480006F08F
:10C0E0007FF8174904F2344006F07AF8154904F253
:10C0F0003C4006F075F81022002106AF0CA81DF098
:10C1000027FF012239460CA88DF8382002F080FC68
:10C110000A23029307A3D3E9002380B2CDE9037079
:10C12000CDE9002331462A462046FFF781FF11B0B2
:10C13000F0BD00BFCDD269EBC51A133B20EB02085E
:10C140001CE6020820FA02082DE9F041ADF5487D11
:10C1500066AC05460E46174600214FF4C4722046D1
:10C160001DF0F6FE0EF0A4FE2F4B4FF47A72B0FBDA
:10C17000F2F0186093E8070084E8070002F08CFEF4
:10C18000037C237402F088FE437C63740323A3744E
:10C19000264B5A6962610DF5DD709A68DB68A26111
:10C1A000E361FFF719FD4FF611036A692384204B01
:10C1B000002A18681F4B29DDCDE900320DF2CB2192
:10C1C0001D4BC06A502203F07BF950210DF2CB20A9
:10C1D0001EF094FB0DF11C0884F832014146012247
:10C1E000204602F0F1F9012302930DA3D3E90023C5
:10C1F00080B2CDE90380CDE9002331463A46284696
:10C20000FFF716FF0DF5487DBDE8F0810093502241
:10C210000A4BC06A0DF2CB2103F052F9D5E700BFFB
:10C220009E6AC421818A46EE682E0020D0A10008B3
:10C23000E810002027E20208D8E2020886F202088D
:10C240002DE9F0411546ADF5866D06460F461BF00B
:10C2500005FD08A9284602F0F1FB0446002840F03D
:10C260009F8001464FF4D072A4A81DF071FE9DF886
:10C27000B880B8F1100F7ED808F1FF330F2B2BD800
:10C2800042460DF1B9010DF2D1301DF017FE4246C4
:10C2900051490DF1B9001EF009FB0246B0B94F48F3
:10C2A0000DF11F0104F0F4FF0446002C63D09DF84B
:10C2B000B83073B39DF828305BB39DF81F20013A66
:10C2C000032A6DD8DFE802F01C2E384122460DF11A
:10C2D0001F010DF2D130E5E7BDF82000479447AAD1
:10C2E0000DF11F0105F0C0FB0446002843D00123D7
:10C2F00000930DF2D132112347A904F005FFD4E7D2
:10C30000012B4DD10C9B8DF81C3147A9204606F01E
:10C31000C9FA9DF81F30013B032B41D8DFE803F039
:10C320001C444A4F012B3BD10C9BADF81C3147A953
:10C33000204606F0EFFAECE7012B31D10C9B479336
:10C3400047A9204606F028FBE3E7022B28D10CA9D9
:10C35000204606F06FFADCE701238DF8903294F95D
:10C360000030DA17CDE9A6325C210DF2D1301EF093
:10C37000C5FA8DF8D00347AC01222146A4A802F0EB
:10C3800085FC0B23029312A3D3E9002380B2CDE9ED
:10C390000340CDE9002339462A463046FFF748FEE0
:10C3A0000DF5866DBDE8F08101238DF89032B4F96A
:10C3B0000030D6E701238DF890322368D1E70223BD
:10C3C0008DF890322368A693CEE700BFAFF30080CC
:10C3D000D5A4D139F922B6A7E0E20208E9E20208C1
:10C3E0002DE9F04FDFF8D8A08BB0804608F2AC59A9
:10C3F000484617F0AFFC0546002858D00024007EC0
:10C400000694CDE90744ADF8244002F063FE2A7E8D
:10C410008DF8240005F1100107A81DF04FFD2B68D1
:10C4200043F0004306930EF045FD224B0390C218E3
:10C43000DAF804000E4641F1000308F5805760B3B6
:10C440000168009409690D4606A9A847A04224DCAA
:10C45000DAF8040003689B6A9847D0E90A23CDE91B
:10C4600004230EF027FDDDE90423801A61EB0301AC
:10C47000114B834274EB01030FD397F8553D072B03
:10C4800012D90E4A87F8554D938801339380484658
:10C49000039A334617F06CFC09E0484617F05EFC3F
:10C4A000002387F8553DA1E7013387F8553D0BB0D0
:10C4B000BDE8F08F40420F007F841E00742E0020E4
:10C4C000942E00202DE9F0414FF00053DFF8E0807A
:10C4D0001B684345FCB005460C46164604D031485F
:10C4E000DC2200211DF034FD4FF0005749A9C7F8A8
:10C4F0000080304602F0ECF9002849D19DF8243143
:10C500003B750BB9F37E3B759DF8252126480DF54B
:10C5100093711DF0D3FC204617F09AFB4FF00053A7
:10C5200007AF58758122002128A81DF011FD39465A
:10C53000012228A802F012FA2823029317A3D3E9B4
:10C54000002380B2CDE90370CDE9002321463246B5
:10C550002846FFF76DFD154F3326013E16F0FF0606
:10C56000284608D0FFF73CFF3B68986A0368012122
:10C570005B689847F1E7FFF78BF8204617F068FBF8
:10C5800040F0304040F400201BF068FAFFF712FB47
:10C590007CB0BDE8F08100BFAFF30080264172722D
:10C5A000DF25D7B70400002016000020E810002087
:10C5B0009AAD44C5F0B5044689B008460E46154606
:10C5C00017F046FB68B92B7E022B26D1EB8A012B94
:10C5D00023D12A463146204609B0BDE8F040FFF796
:10C5E00011BBEB8A40F20642934200F09B8016D8C2
:10C5F0000B2B0BD88BB1013B0A2B0ED8DFE803F0D5
:10C60000390D0D0D490D0D0D0D726A00282B38D016
:10C6100040F2F232934200F08D8009B0F0BD40F656
:10C62000B932934276D014D840F22E42934200F0B1
:10C63000898040F24C42934264D040F226429342B9
:10C64000EBD12A463146204609B0BDE8F04000F063
:10C650000FBC44F6206293424CD044F625629342CC
:10C66000DBD12A463146204609B0BDE8F04000F053
:10C6700013BC2A463146204609B0BDE8F040FFF71A
:10C6800063BD2A463146204609B0BDE8F040FFF7B9
:10C6900019BF07AF31480DF007FB0122394606A844
:10C6A0008DF8182002F06AF80523029329A3D3E934
:10C6B000002380B2CDE90023CDE903702A4631463C
:10C6C0002046FFF7B5FC0EF0F3FB04F58054C4F8E8
:10C6D000580DA2E72A463146204609B0BDE8F04091
:10C6E000FFF7AEBD2A463146204609B0BDE8F0400E
:10C6F000FFF7DCBC2A463146204609B0BDE8F040D1
:10C70000FFF7E2BA2A463146204609B0BDE8F040BC
:10C71000FFF7E8BA2A463146204609B0BDE8F040A6
:10C7200000F0D2BF2A463146204609B0BDE8F040AD
:10C73000FFF7F0BA2A463146204609B0BDE8F0407E
:10C74000FFF702BB2A463146204609B0BDE8F0405B
:10C7500000F09EBFF017304A39059E56F4E20208F9
:10C760000A460146806AFFF725BF000011311B4BC6
:10C77000112912D8DFE801F02D2925211D151915E1
:10C780001111111111110D1111099A6801329A60DC
:10C7900070479A8901329A817047DA890132DA81C9
:10C7A00070475A8B01325A8370471A8B01321A83B1
:10C7B00070471A8A01321A8270475A8A01325A82A5
:10C7C00070479A8B01329A8370479A8A01329A8213
:10C7D0007047DA8A0132DA82704700BF742E002077
:10C7E0002DE9F04F374E97B00023CDE90B330A9374
:10C7F000ADF8343073680446002B5FD0324D01270A
:10C800004FF0000A4FF0000B70688DF814704FF075
:10C8100000088DF815800368CDE900AB0DF1150215
:10C82000D3F8089005A94346C8479DF81430002B5B
:10C8300044D0414620220EA81DF08AFB7068036890
:10C8400006AAD3F814800AA90DF11603C0470028E0
:10C8500034DD9DF8340002F059FC0BA902468DF836
:10C86000500012A81DF02AFB04F2AC580A9B0E934C
:10C870000EA9DDE90623404617F0CAFC10F10D0FA2
:10C88000014603D02046FFF771FFBDE70E9817F071
:10C89000AFFC03900E9817F0A5FC039BCDE90007B1
:10C8A00008AA41462046FFF779FA18B96B8B013385
:10C8B0006B83A9E72B8A01332B82A5E717B0BDE86C
:10C8C000F08F00BF942E0020742E002007B500F2D8
:10C8D000AC51684617F02EFCBDF8040064235843A1
:10C8E000BDF80030B0FBF3F080B203B05DF804FB9C
:10C8F000F0B597B004460EF0DBFA4FF47A73B0FB54
:10C90000F3F0434B434D1B682860D86A03685B6DA6
:10C9100098474FF6FF73984228BF184628810EA902
:10C920000122284601F002FF0EAB80B202931822CA
:10C9300040F255130025CDE9003203902EA3D3E930
:10C94000002304952046FFF713FBA37C59074ED51F
:10C9500001220EA93048314F01F0CEF90EAB80B262
:10C9600002931F264FF4AB73CDE90036039024A346
:10C97000D3E9002304952046FFF7FAFA78680368A4
:10C980009B6A9847002832D03A788DF838200268A0
:10C990000F924268ADF840208268ADF84220C2682C
:10C9A000ADF844200269ADF846204269ADF8482050
:10C9B00082691392C269ADF85020026AADF8522024
:10C9C00007AF436AADF85430012239460EA801F092
:10C9D0003DF940F2571380B2CDE9027000930495FF
:10C9E00009A3D3E9002301962046FFF7C1FA17B047
:10C9F000F0BD00BFAFF30080F1C6A7C1D068080F3B
:10CA0000D1F886A9B8E33A76753CA33CAE0C08CEC3
:10CA1000E8100020682E0020742E0020942E0020A4
:10CA2000F0B506468DB000F2AC5017F011F92E4D5E
:10CA300020B100232B7001200DB0F0BD0EF038FAAC
:10CA40002B7804463BB13046FFF740FF01210246F8
:10CA500026480DF029F903F0CDFB4FF4C87306F515
:10CA60008057B0FBF3F202FB130304F5167010FAC3
:10CA700083F000238DF8183097F8543DC7F8500D17
:10CA800023B901228DF8182087F8563D08A8FFF732
:10CA9000A3F897F8541DC1F11004E4B2062C28BF86
:10CAA000062408AB224619440DF119001DF006FAC0
:10CAB000013406AB0025029318220123E4B2CDE92C
:10CAC0000032049506A3D3E9002303943046FFF710
:10CAD0004FFA87F8545D2846AEE700BFAFF30080F9
:10CAE000401DA12026812A0B000E002004E302082D
:10CAF00070B5244D244E4FF4807386B0AB8004464D
:10CB00000EF0D6F94FF47A73B0FBF3F02860628828
:10CB1000B4F902307F2A98BF33700DF1170100235A
:10CB200004F108008DF8173005F0BCFE41F2381012
:10CB300002F0B6F9054608B10CF00AF8134B1D6077
:10CB4000134B00225D601A702DB12B6861685B6821
:10CB50000122284698470F4B009304F2AC5004F290
:10CB6000DC510D4B019441F27072039017F03CF8C8
:10CB70003178039821B106B0BDE8704017F060B875
:10CB800006B070BD682E0020A92E00209C2E00202B
:10CB9000942E002005BF000861C7000830B50628A4
:10CBA000134698BF1D4AC7B098BF155C07930C4643
:10CBB0004FF07C024FF0000127A888BF00251DF030
:10CBC000C7F9079B22465A210DF1BE000DF022F84D
:10CBD0005A2828BF5A2008AC8DF8BD0021460122F2
:10CBE00027A88DF89C5001F0D3FD0023049380B258
:10CBF00043F6FF731822CDE90240CDE90032084820
:10CC000004A3D3E90023FFF7B3F947B030BD00BF59
:10CC1000AFF30080759D040C8EA454D6C0E30208C7
:10CC2000F01000200EB403B503AA52F8041B0192C1
:10CC3000FFF7B4FF02B05DF804EB03B070470000EB
:10CC40000FB407B504AA072052F8041B0192FFF79E
:10CC5000A5FF03B05DF804EB04B0704737B5044698
:10CC600000F2AC5017F084F82046FFF72FFE46285C
:10CC700002D92B480DF018F82046FFF739FE94F939
:10CC80000850002D38D0002304F10800EDB201A9AE
:10CC90008DF8043005F006FE2A2D224C0AD1224DD3
:10CCA0002846FFF7CDFF2368986A036864215B6814
:10CCB0009847F5E72B2D04D11C48FFF7C1FF1C4B0B
:10CCC00098474FF4FA6101A802F064FA2468A06A58
:10CCD00003684FF47A715B689847E06A03689B6A5F
:10CCE000984718B1012816D0124800E01248FFF703
:10CCF000A7FF01A802F05AFA104B00225A710EF059
:10CD0000D7F847F23053984207D90D4803B0BDE831
:10CD100030401AF0A3BE0B48E9E703B030BD00BFB6
:10CD20003CE30208E81000205AE302086BE3020823
:10CD300038ED00E0A6E302087BE30208682E00203D
:10CD4000263A09B090E302082DE9F34104460EF0BB
:10CD5000AFF841490B68C31A322B05461AD93F4B2D
:10CD60001B78BBB13E4802780123934023F4AA43C9
:10CD700023F055031B041B0C002B0EBF01260026BD
:10CD8000082343EAC6430132364E02F01F02B36164
:10CD900002700D6004F580560EF08AF8D6F8503D0A
:10CDA000984202D92046FFF73BFE2F4A1368EB1A40
:10CDB000B3F57A7F07D315600EF07CF802460B4678
:10CDC0002046FFF74BFF204600F032F9204600F0E6
:10CDD00025FD2046FEF73AFE2046FEF75FFD204681
:10CDE00000F014FC0EF05CF804F5EA55DFF87C80E6
:10CDF00007461C350EF054F8C01BB0F57A7F17D2E9
:10CE0000D8F80030986A03684FF480619B689847AF
:10CE100040F2BE72294601A802F0D6F92046FFF77B
:10CE2000DFFA2046FFF7DCFC01A802F0EFF9E1E7AA
:10CE3000D6F8583D63B10EF03BF8D6F8583DC01A0D
:10CE4000B0F57A7F04D92046FEF722FCFEF7B2FE49
:10CE500002B0BDE8F08100BFA42E0020000E00202B
:10CE6000A82E002000040048A02E0020E81000207A
:10CE700010B5A2B001A90446104601F06DFA0146B2
:10CE800038B99DF805300DF1060204F1480006F0AE
:10CE900031FC22B010BD000010B5CCB0044669468C
:10CEA000104600F023FE38B9BDF800200DF1020154
:10CEB00004F1480006F0EAF94CB010BD2DE9F0434A
:10CEC00000F14808ADF5217D002305460DF11A0259
:10CED00007A940460793ADF81A3006F091F90028EB
:10CEE00041D0BDF81A30002B3DD0079B002B3AD023
:10CEF00020A7D7E90067BDF81A408CB34FF49772AA
:10CF0000002108A81DF024F8B4F5967F28BF4FF43F
:10CF100096740799ADF8204022460DF5A8790DF1D9
:10CF200022001CF0CBFF0122494608A800F0AEFD0C
:10CF30000023049380B244F625631822CDE9003221
:10CF4000CDE902903B4632462846FFF711F8BDF87E
:10CF50001A301B1BADF81A30079B23440793CAE70E
:10CF6000404606F067F90DF5217DBDE8F08300BF6E
:10CF7000AFF300803A13328C7423F309F0B599B003
:10CF800009AB019308AB04460026009306AA07AB41
:10CF90000AA948300A9606F0F7F800283DD00A9D05
:10CFA000D4F88835AB4238D01827C4F888553A46AB
:10CFB000314612A81CF0CCFFDDED097A9FED1B7AFB
:10CFC000CDED147A4FF47A73A5FB0353CDE91053DA
:10CFD000F0EEE77A069B1393F4EEC77A079B15935E
:10CFE000F1EE10FA089B16930BAD54BF01233346A4
:10CFF0000122294610A88DF8483000F0AFFD44F614
:10D00000266380B2CDE902500093049605A3D3E9CC
:10D01000002301972046FEF7ABFF19B0F0BD00BF1B
:10D02000AFF300807844F995F27A72A100000034E1
:10D030002DE9F04390F94830ADF52D7D0446002BE5
:10D0400000F0F58100F14805284606F071FC204605
:10D05000FFF734FF2046FFF791FF94F83C63D4F8C4
:10D06000802504EB0613D3F8EC309A4200F0DF8100
:10D07000C4F880354FF4D072002144A81CF068FF3A
:10D0800094F8803333B9B02303FB064393F8193186
:10D09000012B0CD894F890754FB90DF00BFF0022BE
:10D0A0000023CDE94401CDE94623002313E0012309
:10D0B00084F890353146284605F0EAFDCDE9440173
:10D0C00094F83C13284605F041FE50EA0103CDE9EF
:10D0D0004601EAD00223B02202FB06428DF820313D
:10D0E000D2F830110A2381FB0310CDE94A10D2F89F
:10D0F0002C11D2F8282181FB0310CDE94C105343A9
:10D1000094F83C1308AA2846CDE94E3306F0A0FA5D
:10D1100078B14E9BDDED086A9FED4F7A079307EEDD
:10D12000903AF8EEE77AE6EEC77AFDEEE77ACDEDD3
:10D130004E7AB02303FB065203FB064602F58272C9
:10D14000D6F84C1150915168519194F83C13926863
:10D15000529203FB014393F84A218DF84C2193F836
:10D16000192194F880333BB9062A0AD8DFE802F087
:10D1700004045D6163696E0000238DF84D31ADF8E4
:10D180004E31062309AA28468DF8503105F06CFD72
:10D1900038B1DDED097A67EEA77ACDED567ACDED9F
:10D1A000557A94F83C130AAA284605F067FD28B181
:10D1B000DDED0A7A67EEA77ACDED577A0BAF94F8DA
:10D1C0003C133A46284605F045FD48B1D7ED007AB4
:10D1D00067EEA77ACDED5A7ACDED597ACDED587A32
:10D1E0009DF850119FED1D7A1D48DFED1E6A9FEDE1
:10D1F0001E6A55AB0022D6B2B14237D9D3ED007AC0
:10D20000F0EEE75AF4EE475AF1EE10FA09DCF4EECC
:10D21000E67AF1EE10FA04D9F4EEC67AF1EE10FADD
:10D2200000DB186001320433E5E702228DF84D215E
:10D23000A5E70322FAE703238DF84D3140F20113ED
:10D240009DE703238DF84D31022398E703238DF8E2
:10D250004D314FF4817392E700007A44FFFF7F7FE6
:10D260000000C07F00EF7FC700EF7F470CAE314664
:10D27000012244A800F054FF4FF0000880B240F2B1
:10D2800027434FF01809CDE90260CDE90039CDF808
:10D29000108072A3D3E900232046FEF769FE202206
:10D2A000414644A81CF054FE94F83C33DFED686A14
:10D2B000B02202FB03433146B3F84621B3F84831AC
:10D2C00007EE102A07EE903AB8EEC77AF8EEE77A42
:10D2D00027EE267A67EEA67A012244A88DED467ADB
:10D2E000CDED477A00F0A6FE40F2254380B2CDE9AD
:10D2F00002600093CDF810804FA3D3E90023CDF84E
:10D3000004902046FEF734FE94F83C13CDF81881C3
:10D310002846CDE9448806F061F994F9C2308DF8C9
:10D3200014013BB1284606F06DF918B9469B43F04D
:10D33000010346939DF8143143B10AA9284606F02B
:10D34000DDF818B9469B43F00203469394F83C136A
:10D350003A46284606F06EF908B13B68449301222C
:10D36000314644A800F03CFC0023049380B244F60C
:10D3700023634FF01809CDE90260CDE9003920465A
:10D380002FA3D3E90023FEF7F3FD94F88133002B9C
:10D390004DD194F83C13B02303FB014393F86C3157
:10D3A000002B44D0D4F88885B8F1000F3FD1009706
:10D3B0000AAB09AA284606F0E1FAC0B33B68D4F8E4
:10D3C00084259A4233D0DDED0A7A9FED227ADFED93
:10D3D000226AC4F88435F4EEC77A9DED097AADF877
:10D3E00012810122F1EE10FA27EE267A67EEA67A74
:10D3F000ACBF13460023314644A88DF810218DF8A8
:10D4000011318DED457ACDED467A00F011FB44F6F1
:10D41000226380B2CDE902600093CDF810800AA3A8
:10D42000D3E90023CDF804902046FEF7A1FD0DF5C9
:10D430002D7DBDE8F08300BFD2BFDBC3C4BDE89B38
:10D44000697F00BBABB43CBA1234EDEC39AE5C3151
:10D450000AD7233C0000003435FA8E3C5F43370F77
:10D4600000E741CA072802D82130C0B270470B2814
:10D4700001D84A30F9E794307047000038B50446C7
:10D480000AF0D2FF0AF000FE002504F2AC44E8B234
:10D49000FFF7E8FF0135014620460AF069FE202D1E
:10D4A000F5D138BD2DE9F7432E4B1E680546706A4D
:10D4B0000368DB6C9847002404F13301E0B209B241
:10D4C00001340AF0D1FE062CF6D1332420B2013407
:10D4D0004FF47A71A4B20AF04DFD532CF6D100241A
:10D4E00027464FF001095FFA84F84046FFF7BAFF7C
:10D4F00041F6FF710AF052FD4046FFF7B3FF0DF110
:10D5000007010AF013FE20B19DF8073009FA03F372
:10D510001F430134202CE6D12846FFF7AFFF124C01
:10D52000706A2268036892F88110D3F8A83098478F
:10D53000706AAA89036839465B6898470AF074FFE5
:10D54000AA7B39460AF0E0FE706A2168036891F808
:10D550008010D3F89C304FF4C87203B0BDE8F0439C
:10D56000184700BFE8100020302F0020F8B507460C
:10D570000E46C1B1202AA8BF202214460025E8B2D9
:10D5800084420DD9FFF76EFF36F9153023EAE373B5
:10D5900007EE903AB8EEE70A0AF0D8FC0135EEE75C
:10D5A000012387F85035F8BD10B5044601F132006B
:10D5B0000AF03CFE012384F8503510BDF6EE007AE7
:10D5C00030EE270A10B5BCEEC00A044610EE103A41
:10D5D0000846323099B20AF00DFE012384F8503526
:10D5E00010BD000010B5084B1B680446586AFF299F
:10D5F000036805D11B6D9847012384F8503510BD91
:10D60000DB6C9847F8E700BFE8100020F0B504464F
:10D6100083B000AF0DF04CFCB4F91030002B35DDB9
:10D62000D4F85425801A984234BF0020012094F881
:10D630005855ADB1A0B16A00D31D03F47E736E4698
:10D64000ADEB030D6B46184600211CF081FC2A4609
:10D6500001462046FFF78AFF012384F85035B5467E
:10D6600094F850357BB1002384F850350AF0DCFE85
:10D6700078600AF04BFE78680AF0AEFE0AF0E8FB2C
:10D6800078680AF0B1FE0C37BD46F0BD0020CEE749
:10D6900013B50023044601A91046019300F0A2FE31
:10D6A00078B9BDF80620012A0BD89DF804100F297F
:10D6B00007D80A3102F00102C9B204F25A500AF046
:10D6C0005FFF02B010BD0000F0B5A5B004460E46E5
:10D6D000104603A9154601F079FB002840F0908020
:10D6E00030469DF80D7016F0B3FA874240F08880FE
:10D6F000D4F89435002B75D09DF90E305A1C01D109
:10D7000094F90930002B7BDB424A092B106877DC47
:10D7100003F1100250F82260002E71D094F9A01588
:10D7200099420BD0D4F89C2542B1C9B209294FF0D7
:10D7300000026DD8103150F821100A6184F8A0352C
:10D74000D4F89C35B34208D0D4F8940501F086FF94
:10D750000023C4F89C65C4F8A435D4F89C050028BF
:10D760004ED09DF80F3094F8A86503F0010284F8BC
:10D77000A82502B1284A114601F0DCFDEB7E84F8B1
:10D78000A1359DF80C30049984F8A235D4F8A4355D
:10D79000994200D17EB994F8A8354BB141B11E4BE6
:10D7A00000934FF40063D4F89C051A4601F0D2FDB3
:10D7B000049BC4F8A435D4F89C35D4F894251A6198
:10D7C0000DF076FB9DF81420C4F89805C2B194F8CA
:10D7D000A835D4F89C05ABB10F4B0DF1150101F044
:10D7E000C7FD0DE0142001F05BFB064618B14FF4B5
:10D7F000806101F0E3FEC4F89465002E7FF47CAFF5
:10D8000025B0F0BD03680DF11501DB689847F7E717
:10D810001261FFDEE8100020E460E4F22DE9F0433D
:10D82000D0F89C35C9B00446D3B190F8A135BBB14E
:10D83000D0F89435A3B1D0F898550DF039FB40F6E7
:10D84000B733401B984294F8A8350CD92BB100226D
:10D85000D4F89C05114601F06DFD0023C4F89C35F9
:10D8600049B0BDE8F08373B1344E0825D4F89C0567
:10D870003346782227A901F08BFD002803DD013D06
:10D8800015F0FF05F2D12BA7D7E900674FF0090883
:10D89000D4F8940501F0F4FE0028E1D008F1FF3837
:10D8A00018F0FF08DCD0D4F8940506A901F098FF21
:10D8B000069D8146002DD3D08422002127A81CF08C
:10D8C00047FB94F8A1358DF89D3094F8A2358DF87A
:10D8D0009C30782DD4F8A43528932A4694F8A035A6
:10D8E0008DF89E3028BF7822494607AD0DF1A5007E
:10D8F00006928DF8A4201CF0E1FA0122294627A8FF
:10D9000001F018FA002380B21022049340F6B933D4
:10D91000CDE90032CDE9025032463B462046FEF7C3
:10D9200027FB00289CD00699D4F8940501F0DCFE72
:10D93000AEE700BFE9A2A272EAE738B1E460E4F220
:10D940002DE9F7430C4606464FF4047200212046A9
:10D950001CF0FEFA334638220021204616F0A2FBC6
:10D96000337A8DF8053008220DF105033821204661
:10D9700016F098FB06F10C09402500279DF80530AC
:10D980009F4205F1100843D306F5816329462046DE
:10D99000102216F087FB414606F20A431022204669
:10D9A00016F080FB06F20C4393ED000A16F0CAFB5A
:10D9B00005F12001ADF806000DF106031022204606
:10D9C00016F070FB06F5826393ED000A16F0BAFBC1
:10D9D0000DF10603ADF8060005F1300120461022D6
:10D9E00016F060FB06F2144305F1400120460122C7
:10D9F00016F058FB204606F21543082205F14101B6
:10DA000016F050FB05F15000C00803B0BDE8F083EC
:10DA1000B9EC010A16F096FB2946ADF806000DF1A7
:10DA200006031022204616F03DFB01374546A5E7C8
:10DA300037B50C46002105462160217103460122BD
:10DA4000204616F02FFB01226B1C1146204616F0D3
:10DA500029FB95ED010A16F075FB0DF10603ADF8F3
:10DA6000060010220221204616F01CFB95ED020A4A
:10DA700016F068FB0DF10603ADF8060010222046F3
:10DA8000122116F00FFB052003B030BDF7B5044698
:10DA90000E46154600214FF4977230461CF058FA96
:10DAA0002388B3F5967F28BF4FF49673ADF8063000
:10DAB0009DB90DF1060309222946304616F0F2FA07
:10DAC000092700250234BDF806309D4207EBC50149
:10DAD00005D30731C80803B0F0BD0027F1E763198B
:10DAE0000822304616F0DEFA0135ECE7F7B5037F81
:10DAF00005460E4633B1838AB3F5977F1CD90120C2
:10DB000003B0F0BD00910922194616F08DF90924E1
:10DB10003388B3F5967FF2D8012332885F1C013B2E
:10DB200093420CD32B7FA88A0734E40893B984422C
:10DB300094BF00200120E3E70B800024E8E7F319FD
:10DB40000093214600230822284616F06DF9083478
:10DB50003B46E2E7201A18BF0120D1E773B50C4617
:10DB6000142605463246002120461CF0F1F92B46CA
:10DB700020463822002116F095FA05F108032046C8
:10DB80000122382116F08EFA05F10C0320462022DE
:10DB9000392116F087FA05F1100320225921204679
:10DBA00016F080FA95ED050A16F0CCFA0DF1060391
:10DBB000ADF8060010227921204616F073FA95ED93
:10DBC000060A16F0BFFA0DF10603ADF806001022A2
:10DBD0002046892116F066FA304602B070BD00007A
:10DBE00013B504460846002101602346C0F803101F
:10DBF0002022019016F056FA0198231D01222021BF
:10DC000016F050FA019804F108031722212116F0AA
:10DC100049FA072002B010BD13B50446007F10B1C9
:10DC2000A38A012B0CD80023009108221946204614
:10DC300016F0FAF8237FA08A23B9B0FA80F04009E1
:10DC400002B010BD013818BF0120F9E770B50C46CD
:10DC5000192605463246002120461CF079F92B464C
:10DC600020460822002116F01DFA2B1D20462022F6
:10DC7000082116F017FA05F1080320461022282182
:10DC800016F010FA05F10A0320461022382116F08A
:10DC900009FA05F10C0320461022482116F002FA79
:10DCA00005F10E0320461022582116F0FBF905F16C
:10DCB000100320461022682116F0F4F905F1140330
:10DCC00020462022782116F0EDF905F118032046B0
:10DCD0001022982116F0E6F905F11A0320461022C9
:10DCE000A82116F0DFF9204605F11C031022B82107
:10DCF00016F0D8F9304670BD70B50C461C260546A6
:10DD00003246002120461CF023F92B4620462022D3
:10DD1000002116F0C7F92B1D20461022202116F0F5
:10DD2000C1F905F1080320462022302116F0BAF986
:10DD300005F10C0320461022502116F0B3F905F12D
:10DD40000E0320461022602116F0ACF905F11003F5
:10DD500020461022702116F0A5F905F11203204685
:10DD60001022802116F09EF905F11403204610229E
:10DD7000902116F097F905F1160320461022A021F4
:10DD800016F090F905F1180320461022B02116F084
:10DD900089F905F11A0320461022C02116F082F9F4
:10DDA0002046AB191022D02116F07CF9304670BD08
:10DDB0007FB50C46009215460968002308220646E6
:10DDC00016F032F821686B1C08312160009308229C
:10DDD0000023304616F028F821680DF10E030831B3
:10DDE0002160009310220123304616F01DF8BDF883
:10DDF0000E0016F0D5F985ED010A236800201033D6
:10DE0000236004B070BD00002DE9F043067F85B0AB
:10DE100005460C4636B1838A3D2B03D9012005B057
:10DE2000BDE8F08300230393002E3BD133460094DA
:10DE300004223146284615F0F7FF039B0433039371
:10DE400023780F2BEAD8271D23789E421BD23A460F
:10DE500003A92846FFF7ACFF08370028DED10136BA
:10DE6000F2E7013FDAD0227819FB0282224403A9AB
:10DE70002846FFF79DFF0028D0D123780133237077
:10DE8000039B9E42EDD8039B2A7FA88A0733DB08B9
:10DE900022B9834294BF00200120C0E7181A18BF9E
:10DEA0000120BCE72370AE8AF600073E10274FF032
:10DEB00008094FF00408E3E72DE9F3410D46044655
:10DEC00000211646284632221CF042F8234608223A
:10DED0000021284616F0E6F8231D202208212846B6
:10DEE00016F0E0F804F1080320222821284616F055
:10DEF000D9F894ED030A16F025F90DF10603102266
:10DF00004821ADF80600284616F0CCF894ED040A36
:10DF100016F018F90DF1060310225821ADF806008D
:10DF2000284616F0BFF894ED050A16F00BF90DF12E
:10DF3000060310226821ADF80600284616F0B2F854
:10DF400094ED060A16F0FEF80DF10603ADF8060092
:10DF500010227821284616F0A5F8237F102B28BF21
:10DF600010238DF80530AEB90DF105030522882187
:10DF7000284616F097F84FF08D08203400279DF8BA
:10DF800005309F4208EB071607D3F01DC00802B00A
:10DF9000BDE8F0814FF08808EFE7B4EC010A16F015
:10DFA000D1F80DF10603ADF80600102231462846DF
:10DFB00016F078F80137E2E72DE9F341037F0446D4
:10DFC0000D4633B1838A242B10D9012002B0BDE85D
:10DFD000F08100910522194615F026FF2B78142BAD
:10DFE000F3D8052700264FF00E080FE0DB000E22C5
:10DFF0000027B3FBF2F30B70F4E7013605EB4603A1
:10E0000000930E220123204615F00EFF2B789E422E
:10E0100008FB0671F1D3237FA08A0731C90823B911
:10E02000814294BF00200120D0E7081A18BF0120C8
:10E03000CCE7000073B50C46102605463246002199
:10E0400020461BF085FF95ED000A16F07BF80DF1D8
:10E0500006033246ADF806000021204616F022F8ED
:10E0600095ED010A16F06EF80DF1060332463146C1
:10E07000ADF80600204616F015F895ED020A16F0E8
:10E0800061F80DF106033246ADF806002021204666
:10E0900016F008F895ED030A16F054F80DF1060392
:10E0A0003246ADF806003021204615F0FBFF95ED15
:10E0B000040A16F047F80DF106033246ADF80600E3
:10E0C0004021204615F0EEFF95ED050A16F03AF8CE
:10E0D0000DF106033246ADF806005021204615F03A
:10E0E000E1FF95ED060A16F02DF80DF10603ADF8E7
:10E0F000060032462046602115F0D4FF05F11C03CE
:10E1000020460722702115F0CDFF204605F11D03A2
:10E110000622772115F0C6FF304602B070BD000020
:10E120002DE9F3470D460446002190462846DE229D
:10E130001BF00EFF234638220021284615F0B2FFBF
:10E140003822114604F10803284615F0ABFF04F10C
:10E15000100303227021284615F0A4FF04F11103D7
:10E1600008228021284615F09DFF04F1180325227E
:10E170008821284615F096FF04F120032522AD21C1
:10E18000284615F08FFF04F128031B22D2212846D0
:10E1900015F088FF04F12C031B22ED21284615F011
:10E1A00081FF04F1300320224FF48471284615F0DA
:10E1B00079FF04F1340320224FF49471284615F0BE
:10E1C00071FF04F1380320224FF4A471284615F0A2
:10E1D00069FF04F13C0306224FF4B471284615F0A0
:10E1E00061FF04F13D0302224FF4B771284615F098
:10E1F00059FF04F13E0304224FF4B871284615F08C
:10E2000051FF04F13F0306224FF4BA71284615F07E
:10E2100049FF94F84030242B28BF24238DF8033085
:10E2200006220DF103034FF4BD71284615F03AFFA5
:10E2300004F1440A4FF4C0774FF000099DF8033011
:10E24000994507F110062BD394ED350A15F07AFFA6
:10E250000DF10603ADF8060010223946284615F0E8
:10E2600021FF94F8D830012B28BF01238DF804300A
:10E27000B8F1000F07D1314601AB0122284615F055
:10E2800011FF07F1110604F586744FF000099DF89F
:10E290000430994515D3F01DC00802B0BDE8F087E1
:10E2A000BAEC010A15F04EFF3946ADF806000DF143
:10E2B00006031022284615F0F5FE09F1010937463C
:10E2C000BCE7A4F12C0A06F16007B046534641466C
:10E2D0002022284608F1200815F0E4FE47450AF1FF
:10E2E000040AF3D1A4F11C0806F1CC0A43463946CE
:10E2F00024222846243715F0D5FEBA4508F108082F
:10E30000F4D114F8043C242B28BF24238DF80530C5
:10E3100006F1D2010DF105030622284615F0C2FED2
:10E32000D836A04600279DF805309F4203D309F157
:10E330000109C034ABE7B8EC010A15F003FF314620
:10E34000ADF806000DF106031022284615F0AAFECE
:10E3500010360137E7E70000F7B5047F05460E46A3
:10E360002CB1838A822B02D9012003B0F0BD002397
:10E37000009608221946284615F056FDDCB9731C94
:10E380000822009311462346284615F04DFD10241F
:10E390007378802BE8D8012372785F1C013B93428D
:10E3A00010D32B7FA88A0734E408B3B9844294BF02
:10E3B00000200120D9E7AB8ADB00083BDB08737043
:10E3C0000824E5E7F3190093214600230822284694
:10E3D00015F02AFD08343B46DEE7201A18BF01205D
:10E3E000C3E7000037B50446007F0D4610B1A38A8D
:10E3F000032B15D800231946009508222046023524
:10E4000015F012FD0023009510220821204615F07A
:10E410000BFD237FA08A2BB902288CBF002001208E
:10E4200003B030BD033818BF0120F9E7F7B50D463A
:10E43000044600211646284637221BF089FD94ED3C
:10E44000000A15F07FFE0DF1060310220021ADF841
:10E450000600284615F026FE94ED010A15F072FE1E
:10E46000102211460DF10603ADF80600284615F0FE
:10E4700019FE94ED020A15F065FE0DF10603102257
:10E480002021ADF80600284615F00CFE94ED030A95
:10E4900015F058FE0DF1060310223021ADF80600EC
:10E4A000284615F0FFFD94ED040A15F04BFE0DF122
:10E4B000060310224021ADF80600284615F0F2FDB3
:10E4C00094ED050A15F03EFE0DF1060310225021D1
:10E4D000ADF80600284615F0E5FD94ED060A15F0A6
:10E4E00031FE0DF10603ADF806001022602128462A
:10E4F00015F0D8FD04F11C030B227021284615F0FD
:10E50000D1FD04F11E0307227B21284615F0CAFD28
:10E5100004F11F0307228221284615F0C3FD04F1F0
:10E52000200307228921284615F0BCFD04F12103B0
:10E5300008229021284615F0B5FD04F1240320227D
:10E540009821284615F0AEFD94F828301F2B28BFDF
:10E550001F238DF806309EB90DF106030522B82160
:10E56000284615F09FFDBD27002629349DF806306A
:10E570009E4207EBC60105D30731C80803B0F0BDC2
:10E58000B827F1E7A3190822284615F08BFD0136BC
:10E59000ECE7000013B50446007F10B1A38A012BFD
:10E5A0000CD80023009108221946204615F03CFCA7
:10E5B000237FA08A23B9B0FA80F0400902B010BDD1
:10E5C000013818BF0120F9E72DE9F3470D4604464D
:10E5D00000219046284640F279121BF0B9FC2346F0
:10E5E00020220021284615F05DFD231D0222202156
:10E5F000284615F057FD631D03222221284615F0F9
:10E6000051FDA31D03222521284615F04BFD04F1E1
:10E61000080310222821284615F044FD04F11003B8
:10E6200008223821284615F03DFD04F11103082287
:10E630004021284615F036FD04F112030822482136
:10E64000284615F02FFD04F11403202250212846FE
:10E6500015F028FD04F1180340227021284615F01A
:10E6600021FD04F120030822B021284615F01AFDEF
:10E6700004F121030822B821284615F013FD04F106
:10E680002207C0263B46314608222846083615F0A8
:10E6900009FDB6F5A07F07F10107F3D194F83230F8
:10E6A0008DF8073031460DF107030822284615F092
:10E6B000F9FC002604F1330A9DF807304FEAC60939
:10E6C0009E4209F5A47720D394F83231502B28BF0D
:10E6D00050238DF80730B8F1000F08D139460DF1FD
:10E6E00007030722284615F0DDFC09F24F17002624
:10E6F00004F233149DF807309E4207EBC6010DD398
:10E700000731C80802B0BDE8F0870AEB060308220B
:10E710003946284615F0C6FC0136CDE7A319082274
:10E72000284615F0BFFC0136E4E7000013B50446A7
:10E730000846002101602346C0F803102022019002
:10E7400015F0B0FC0198231D0222202115F0AAFC2F
:10E750000198631D0322222115F0A4FC0198A31D3A
:10E760000322252115F09EFC019804F108031022D4
:10E77000282115F097FC072002B010BD08B503460C
:10E78000084600210170012215F08CFC012008BD13
:10E790002DE9F3410D4604460021164628467B220A
:10E7A0001BF0D6FB234603220021284615F07AFCF5
:10E7B00063781F2B28BF1F238DF8063005220DF12B
:10E7C00006030321284615F06DFC01239DF8062061
:10E7D000DF0003F10108013B9A421CD894F8213074
:10E7E0005A2B28BF5A238DF807303EB939460DF110
:10E7F00007030722284615F055FC07370026223468
:10E800009DF807309E4207EBC6010DD30731C808BB
:10E8100002B0BDE8F08104EB08030822394628461F
:10E8200015F040FC4346D1E7A3190822284615F00D
:10E8300039FC0136E4E70000F7B5047F05460E46D3
:10E840002CB1838A122B02D9012003B0F0BD002322
:10E85000194607220096284615F0E6FA731C009325
:10E86000012200230721284615F0DEFAD4B9B31C93
:10E870000093052223460821284615F0D5FA0D24D9
:10E88000B378102BE0D83746B278BB1B934210D335
:10E890002B7FA88A0734E408B3B9844294BF0020D0
:10E8A0000120D2E7AB8ADB00083BDB08B370082409
:10E8B000E6E7FB1C0093214600230822284615F0BA
:10E8C000B3FA08340137DFE7201A18BF0120BCE78C
:10E8D000F7B5047F05460E462CB1838ACA2B02D9B0
:10E8E000012003B0F0BD00231946009608222846F7
:10E8F00015F09AFA731CD4B90822009311462346E6
:10E90000284615F091FA10247378C82BE8D8012313
:10E9100072785F1C013B934210D32B7FA88A073487
:10E92000E408B3B9844294BF00200120D9E7AB8A40
:10E93000DB00083BDB0873700824E5E7F31900935C
:10E94000214600230822284615F06EFA08343B467B
:10E95000DEE7201A18BF0120C3E70000F7B50D4617
:10E96000044600211646284681221BF0F1FA234670
:10E9700008220021284615F095FB94F901206378C0
:10E98000002AB8BF7F238DF807309EB90DF1070329
:10E9900007220821284615F085FB0F2700260234A0
:10E9A0009DF807309E4207EBC60105D30731C80822
:10E9B00003B0F0BD0827F1E7A3190822284615F097
:10E9C00071FB0136ECE7000037B50446007F0D46C9
:10E9D00010B1A38A072B15D80023194600950822E9
:10E9E0002046083515F020FA012300953022082131
:10E9F000204615F019FA237FA08A2BB906288CBF70
:10EA00000020012003B030BD073818BF0120F9E70E
:10EA100038B50C46002121600546C4F803100346B2
:10EA20003022204615F03EFB204605F10803012266
:10EA3000302115F037FB072038BD00002DE9F043E9
:10EA400090F81C8085B006460D46B8F1000F06D040
:10EA5000838AE02B03D9012005B0BDE8F0830023B1
:10EA600019460D220095304615F0DEF90DF10F0321
:10EA70000093032200230D21304615F0D5F99DF8AF
:10EA80000F30042BE7D82B72013B032B03D8DFE8B0
:10EA900003F025303B461024B8F1000F5FD105F19B
:10EAA00098030093214643460722304615F0BCF9EF
:10EAB000073495F898305C2BCDD82F4695F89820E0
:10EAC0007B1B934252D3337FB08A0734E408002B78
:10EAD00058D1844294BF00200120BDE705F1100306
:10EAE0000093402201231021304615F09DF9502457
:10EAF000D2E705F1100300932022012310213046B4
:10EB000015F092F93024C7E705F1100300930822AD
:10EB100000231021304615F087F91824BCE705F1D1
:10EB200010030093082200231021304615F07CF9D1
:10EB30002B7C802B8FD8002705F111092B7CFC0042
:10EB40009F4204F11804A7D209EB0703009308229F
:10EB500000232146304615F067F90137EEE7B38A06
:10EB6000C4EBC303DB0885F89830A2E707F19903EB
:10EB70000093214600230822304615F055F9083449
:10EB800001379BE7201A18BF012065E7F7B50C464F
:10EB9000137809688DF8063015460DF10603032237
:10EBA000064615F07FFA2168033121602B78013B7E
:10EBB000032B0CD8DFE803F0020D161F05F1080344
:10EBC0004022304615F06EFA23684033236003B0CC
:10EBD000F0BD05F108032022304615F063FA2368E2
:10EBE0002033F3E705F108030822304615F05AFAFE
:10EBF00023680833EAE72B7A802B28BF80238DF81F
:10EC0000073008220DF10703304615F04BFA236850
:10EC100008332360002709359DF807309F42D6D27C
:10EC2000EB1921680822304615F03CFA23680833B6
:10EC300023600137F0E7000073B50C4613780968CC
:10EC40008DF8073015460DF107030222064615F030
:10EC500029FA2168023121602B78012B03D0022B85
:10EC60000BD002B070BD05F108034022304615F00C
:10EC700019FA236840332360F3E705F108032022E3
:10EC8000304615F00FFA23682033F4E773B50D46CC
:10EC9000044600211646284640F273121BF058F92C
:10ECA0000523224601A928460193FFF76FFF019B28
:10ECB00004F19002053301A928460193FFF766FF8E
:10ECC000019B04F59072063301A928460193FFF7D2
:10ECD000B3FF019B04F59872063301A928460193FE
:10ECE000FFF7AAFF94F840315C2B28BF5C238DF816
:10ECF00003304EB90DF1030301990722284615F0A0
:10ED0000D1F9019B07330193002604F241149DF8C9
:10ED1000033001999E4203D30731C80802B070BD89
:10ED2000A3190822284615F0BDF9019B0833019369
:10ED30000136ECE7F7B50D46044600211646284695
:10ED40007F221BF005F9234608220021284615F0F2
:10ED5000A9F9631C07220821284615F0A3F9A31C72
:10ED600005220F21284615F09DF9E31C04221421E9
:10ED7000284615F097F91822231D1146284615F04C
:10ED800091F9237A782B28BF78238DF807309EB924
:10ED90000DF1070307223021284615F083F93727A4
:10EDA000002609349DF807309E4207EBC60105D3C3
:10EDB0000731C80803B0F0BD3027F1E7A3190822D6
:10EDC000284615F06FF90136ECE70000F7B5047F2F
:10EDD00005460E462CB1838A7F2B02D9012003B051
:10EDE000F0BD0023194608220096284615F01CF8AD
:10EDF000731C0093072200230821284615F014F8FD
:10EE0000B31C0093052201230F21284615F00CF8AE
:10EE1000F31C0093042200231421284615F004F863
:10EE2000331D1822009311460023284614F0FCFFDE
:10EE3000DCB906F108030093072223463021284657
:10EE400014F0F2FF3724337A782BC7D83746327A5A
:10EE5000BB1B934210D32B7FA88A0734E408BBB9AD
:10EE6000844294BF00200120B9E7AB8ADB00303B2D
:10EE7000DB0833723024E6E707F1090300932146EB
:10EE800000230822284614F0CFFF08340137DEE7BC
:10EE9000201A18BF0120A2E70048704718E40208B2
:10EEA0000121884238BF084618F0A6BCFFF7F8BF1A
:10EEB00008B118F0A5BC7047FFF7FABF10B402689C
:10EEC00054681A4623465DF8044B184700207047E3
:10EED00001207047002070470020704700207047D5
:10EEE0007047000000207047002070477047000006
:10EEF0007047000037B505460C468322011D01A866
:10EF000000F062F9611EC9B202299EBF05EBC10182
:10EF10000023C1E9073301A800F078F903B030BD40
:10EF20002DE9F7431E461B885B070546884620D41B
:10EF3000011D422201A800F047F92C4605F11809ED
:10EF40004C4513D0E3696BB12B6828465B6C98473E
:10EF50003388276AC1B243F00403E0694246B847E8
:10EF60000834EDE7236A002BEED1F9E701A800F0A1
:10EF70004DF9012003B0BDE8F08300007FB56D4678
:10EF800085E806000446011D712203A81E4600F014
:10EF90001BF921460022C869D3B288B9086A78B93A
:10EFA00095E8030004EBC2021C32013382E803003F
:10EFB0000124337003A800F029F9204604B070BD85
:10EFC0000132032A01F10801E5D10024F2E7000033
:10EFD0002DE9F04F2DED028B8BB004468B4653226A
:10EFE000011D01A8BDF858809FED258B00F0ECF8BD
:10EFF000254604F11809002708F0040AA94536D06F
:10F00000EB690BB92B6A63B1BAF1000F0BD123681E
:10F0100020465B6C98474346C1B25A46D5E907067D
:10F02000B0470835EAE7002FFBD18DED028BADF834
:10F0300010705B4605AA0BF1080C18685968174652
:10F0400003C7083363453A46F7D1186838609B8890
:10F05000BB800BF02FFF0423ADF810302368CDE9FF
:10F0600002019B6C02A9204698470127D9E701A815
:10F0700000F0CCF801200BB0BDEC028BBDE8F08FA6
:10F08000000000000000000030B503680968DD0FD3
:10F09000B5EBD17F23F0604421F060424FEAD1709C
:10F0A0000BD0002BB8BFA40C0029B8BF920C94421F
:10F0B00002D034BF0120002030BD944205D1C1F3FD
:10F0C0008070C3F380738342F6D194422CBF00203A
:10F0D0000120F1E7082817D90C280CD910280CD9E1
:10F0E00014280CD918280CD920280CD930288CBF0A
:10F0F0000F200E207047092070470A2070470B2010
:10F1000070470C2070470D2070470000082817D961
:10F1100009280CD00A280CD00B280CD00C280CD0B5
:10F120000D280CD00E2814BF4020302070470C2032
:10F130007047102070471420704718207047202017
:10F1400070470000436818478368184710B5024CA1
:10F150008260C0E9004110BDB0E40208007B00F00D
:10F160000100704770470000816082807047000096
:10F17000826838B504465AB1037B13F0010507D104
:10F1800043F0010303739047237B65F3000323736C
:10F1900038BD000010B5044B1B680446986A03682C
:10F1A0001B699847204610BDE810002010B5054B9C
:10F1B0001B680446986A036800211B69984720462B
:10F1C00010BD00BFE8100020F8B50C4B01601E68B0
:10F1D0000446B06A03681B6C17469847054610B191
:10F1E000F36AA3F84270206803689B6898471DB1D2
:10F1F000F36A0022A3F842202046F8BDE810002060
:10F2000010B50446FFF7E0FF204610BD10B50446D8
:10F2100000680368DB689847204610BDC181B1FAD9
:10F2200081F0400970470000C089704770470000B6
:10F2300000207047704700007047000000207047B2
:10F2400000207047704700004FF4B4507047000032
:10F250000020704700207047002070470020704752
:10F2600000207047007B70477047000007B50368B7
:10F270008DF80710DB6801220DF10701984703B0F4
:10F280005DF804FB08B5036801225B6A9847002813
:10F29000D4BF0020012008BD07B503680DF10701A8
:10F2A000DB69984720B19DF8070003B05DF804FBC7
:10F2B0004FF0FF30F9E7000013B50446084601910E
:10F2C000FCF796F823680199DB680246204602B0F5
:10F2D000BDE81040184700000BF0ECBD10B44468C6
:10F2E0002CB903685DF8044BD3F880301847002030
:10F2F0005DF8044B7047000082681AB90368D3F8C0
:10F30000903018470020704782681AB90368D3F814
:10F31000943018470020704730B4456825B9046818
:10F32000E46FA44630BC604730BC704700231A46E7
:10F33000FFF7F2BF436813B18B4200D041B9836835
:10F3400013B1934200D01AB9C0E9011201207047ED
:10F350000020704730B44468029D0CB1AC4204D127
:10F360000468E46FA44630BC604730BC70470000BE
:10F3700010B444680CB19C4205D103685DF8044B9D
:10F38000D3F88030184700205DF8044B7047000028
:10F3900037B50546806808B1984212D12B680191B3
:10F3A000D3F8843092B2284698470446286928B199
:10F3B000002C03DD0199224600F0F2F9204603B04B
:10F3C00030BD0024FAE700000023FFF7E1BF000092
:10F3D000013901298CBF00200120704700207047AF
:10F3E00000207047002070477047000000230B701A
:10F3F0007047000070470000704700000020704711
:10F4000000207047002070474368C26893423CBFA9
:10F410008268D15443680133436001207047000083
:10F42000F8B505460C468F180026BC4207D02B685D
:10F4300014F8011B9B68284698470644F5E73046B8
:10F44000F8BD000000207047002070470020704782
:10F450000020704738B590F89C308B4204460D462A
:10F460000CD080F89C100BF023FD2368C4F8A0009A
:10F470005B682046984708B984F84D5038BD0000B5
:10F480007FB50D461446194600267AB1531E0B4A25
:10F490006846CDE90026089ACDE9025300F00EFA3D
:10F4A0000198844204D92E5404B070BD1346EEE78F
:10F4B000002CF9D02C4404F8016CF5E7D4E40208E0
:10F4C00008B410B585B007AC54F8043B009403941D
:10F4D000FFF7D6FF05B0BDE8104001B0704700004F
:10F4E00070B5044608F0B6FA5E224FF4000108F049
:10F4F0009DFA0D4E0D4B1D6833783BB9E86A042226
:10F50000214648300BF0D8FC01233370EB6A2A22E5
:10F5100083F84620EB6A93F89C301BB904482146D7
:10F520000BF098FC70BD00BFAA2E0020E810002050
:10F53000B8E4020807B503680DF10701DB699847D5
:10F5400020B19DF8070003B05DF804FB4FF0FF30D9
:10F55000F9E70000F8B506460F4614460025AC4210
:10F560000AD0336830469B699847431C01D128462E
:10F57000F8BD78550135F2E72046F9E70EB403B53A
:10F5800003AA036852F8041B5B680192984702B013
:10F590005DF804EB03B0704700F090B913B5044672
:10F5A00008460191FBF724FF23680199DB680246B6
:10F5B000204602B0BDE810401847000070B5002694
:10F5C0000446C0E9026601200D4618F015F9B04264
:10F5D00008BF3546206065602674204670BD000077
:10F5E00010B5037C044613B9006818F009F92046E9
:10F5F00010BD000070B5057C04460E46DDB9BFF3B2
:10F600005B8FC560BFF35B8FBFF35B8F8560BFF31C
:10F610005B8F43688B420CD0006818F0F1F83146DC
:10F62000012018F0E9F8206010B96560284670BD27
:10F6300066600125FAE70025F8E7000038B50546C1
:10F640000C4644B121462846FFF7D4FF20B904EB0D
:10F650004404A408F5E7204638BD00000023BFF3AA
:10F660005B8FC360BFF35B8FBFF35B8F8360BFF3C0
:10F670005B8F7047BFF35B8F0068BFF35B8F704792
:10F6800070B505460C30FFF7F5FF05F10806044696
:10F690003046FFF7EFFFA04206D930466D68FFF70E
:10F6A000E9FF2544281A70BD3046FFF7E3FF201A12
:10F6B000F9E7000070B50546406898B105F108000B
:10F6C000FFF7D8FF05F10C0604463046FFF7D2FFDE
:10F6D0008442304694BF6D680025FFF7CBFF013CA4
:10F6E0002C44201A70BD000038B50C460546FFF7C3
:10F6F000C7FFA04210D305F10800FFF7BBFF044489
:10F700006868B4FBF0F100FB1144BFF35B8F01208C
:10F71000AC60BFF35B8F38BD0020FCE72DE9F04102
:10F72000144607460D46FFF7C5FF844228BF04462E
:10F73000D4B1B84658F80C6B4046FFF79BFF3044F5
:10F74000286040467E68FFF795FF331A9C4203D835
:10F750006C600120BDE8F0816B60A41B3B68AB606E
:10F760002044E8600220F5E72046F3E738B50C4670
:10F770000546FFF79FFFA04210D305F10C00FFF7ED
:10F7800079FF04446868B4FBF0F100FB1144BFF357
:10F790005B8F0120EC60BFF35B8F38BD0020FCE77E
:10F7A0002DE9FF41884669460746FFF7B7FF6C46DB
:10F7B00006B204EBC6060025B44209D06268206890
:10F7C00008EB05011AF07AFB636808341D44F3E77F
:10F7D00029463846FFF7CAFF284604B0BDE8F08145
:10F7E000F8B505460C300F46FFF744FF05F1080653
:10F7F00004463046FFF73EFFA042304688BF6C68A3
:10F80000FFF738FF201A386020B130462C68FFF728
:10F8100031FF2044F8BD000073B5144606460D467E
:10F82000FFF72EFF844228BF04460190DCB101A9F6
:10F830003046FFF7D5FF019B33B93268C5E9023383
:10F84000C5E9002401200CE09C4238BF01942860E7
:10F85000019868608442F5D93368AB60241AEC6083
:10F86000022002B070BD2046FBE700002DE9FF41F9
:10F870000F466946FFF7D0FF6C4600B204EBC005A7
:10F880000026AC4209D0D4F8048054F8081BB819FB
:10F8900042461AF013FB4644F3E7304604B0BDE895
:10F8A000F081000038B50546FFF7E0FF0446014649
:10F8B0002846FFF719FF204638BD00002DE9F04F1C
:10F8C0002DED028B06468DB0904691F80090B9F16F
:10F8D000000F00F0DE82B9F1250F08D04B1C039316
:10F8E000336849469B68304698470399EDE791F89D
:10F8F00001908B1CB9F1250F0393F1D00025AA4686
:10F900002C461F2C3BD8B9F12B0F2DD01CD8B9F1A8
:10F91000200F2BD0B9F1230F2ED0A9F13003DBB289
:10F92000092B36D860064BBF05EB85050AEB8A0A22
:10F9300003EB450503EB4A0A4EBF05F0FF050AF04D
:10F94000FF0A44F0200407E0B9F12D0F11D0B9F1FE
:10F95000300FE2D144F00104039B13F8019B0393A1
:10F96000B9F1000FCDD126E044F0020444F00404C4
:10F97000F2E744F00804EFE744F01004ECE77F2CD2
:10F98000CBD9230617D5B9F16C0F14D144F4807488
:10F99000E2E7B9F12E0F05D1620600F17A8244F058
:10F9A0004004D9E7B9F16C0F02D144F08004D3E7E9
:10F9B000B9F1680FD0D0A9F14503022B61D809F144
:10F9C000200944F010045FFA89F908F1070828F0CB
:10F9D0000708F8E80201FBF7C1F814F0400F08BF70
:10F9E000062524F0C004B9F1650F08EE100AA4B290
:10F9F00050D144F0400427060DD59FED977AF0EEE4
:10FA0000C87AF4EEC77AF1EE10FAC2BF4FF63F7330
:10FA1000234043F0400414F0800346D03B2DA94618
:10FA200028BF4FF03B0909F101095FFA89F907275F
:10FA30001722002106A802931AF08AFA4A4639468C
:10FA400006A8B0EE480A0BF039FB9DF81830019378
:10FA500003F00902012A029B83462FD0A0072FD46E
:10FA600014F0040F0CBF00222022019911F00C07A2
:10FA700058D0002A40F0AB82BAF1030F50D8174695
:10FA800037E0A9F16503022B00F25B8124F010043A
:10FA9000A4B29AE7B9F1660F02D144F08004AAE754
:10FAA000002DA8D0013DEDB2A5E70A2D83BF0A25A0
:10FAB00099462F462F4698BF9946B9E72D22D4E79D
:10FAC0002B22D2E70427AAEB07072107FFB20AD4AB
:10FAD000336802929B6820213046013F984717F017
:10FAE000FF07029AF4D122B1336811469B68304671
:10FAF0009847019B594D13F0080F594B08BF1D46FD
:10FB0000013D04F0100415F8011F002900F0B58034
:10FB10000CB12039C9B2336830469B689847F2E788
:10FB20000327D0E7CDF808B0002B36D0019BD9448D
:10FB3000DB065FFA89F907D59DF81930312B04BF30
:10FB400009F1FF395FFA89F94FFA89F3002B44DD97
:10FB5000B9F1080F28BF4FF0080914F0800304938F
:10FB60001ABF2BEAEB730133052302B101330DB148
:10FB7000691C0B449A45C4BFAAEB0303DFB214F01F
:10FB8000090F2FD177B3336805929B682021304647
:10FB9000013F9847FFB2059AF4E76006DDD45D4562
:10FBA00004DB1BF1040FA8BF44F080046B1C06A902
:10FBB0000B4435B113F80119302902D1013DEDB2E2
:10FBC000F7E72106C9D505F101095D455FFA89F915
:10FBD00006DDA5EB0B05EDB2BFE74FF00109BCE771
:10FBE0000025BAE722B1336811469B683046984732
:10FBF000220708D43FB1336830219B683046013F6B
:10FC00009847FFB2F6E7049B002B47D02BEAEB7432
:10FC1000ABEB040A06AB9A44ABEB09096D42A34572
:10FC200017DBA14515DA9AF80110013CA54219DC51
:10FC3000002900F0D281336830469B689847631CE6
:10FC400004D133682E219B68304698470AF1010A97
:10FC5000E5E73021E9E700BF7F96184B04E502088D
:10FC600000E50208A34507D19DF81930352B0FD8C0
:10FC700002D1019BDD060BD559B9002F3FF435AEFB
:10FC8000336820219B683046013F9847FFB2F4E774
:10FC9000312133689B6830469847EEE79DF819108C
:10FCA00031291EBF019B03F0EF03019333683046F7
:10FCB0009B689847E5B9336814F0100F14BF4521CD
:10FCC00065219B6830469847BBF1000F29DACBF1DC
:10FCD000000302932D21336830469B6898473021FA
:10FCE000029B092B23DD01310A3BC9B20293F7E7DE
:10FCF00033682E219B68304698470235EDB24FF0AD
:10FD000002094B460CAA1A44336812F8181C9B6867
:10FD100009F101095FFA89F930469847A945F0D100
:10FD2000C9E702D1019BDC06D1D42B21D3E733688C
:10FD300030469B6898470299336830319B68C9B256
:10FD4000A9E7B9F1630F37D0B9F1730F4FD0B9F10B
:10FD5000640F63D124F0900714F4807FBFB20DF1DB
:10FD600018097BD008F1070222F00702904651687B
:10FD700058F8080B002904DA404261EB410147F0D2
:10FD800080070A234A4600F07BF9A0EB0900C4B2C1
:10FD90007B0640F19F8027F00109AC421FFA89F9E8
:10FDA00080F0D28007F01403102B03D127F0110745
:10FDB0001FFA87F9AB468FE058F8043B8DF81830EE
:10FDC00001250DF11809200701D4AA451CD84D447E
:10FDD0005746A9453FF451AF336819F8011B9B689A
:10FDE00030469847002FF4D0013FFFB2F1E758F8B2
:10FDF000049B14F0400F14BF29464FF0FF314846D2
:10FE00001AF07CFD0546DEE7336820219B6830460A
:10FE10000AF1FF3A98475FFA8AFAD6E7B9F1690F13
:10FE200098D0B9F1750F27D124F01004A7B20A2396
:10FE300017F4807FDBB20DF1180944D008F10708F0
:10FE400028F00708F8E802014A4600F019F9A0EB8B
:10FE5000090027F08007C4B2BFB299E758F8040B35
:10FE60000028B8BF40424FF00A024946B8BF47F0E9
:10FE7000800700F0B7F888E724F00607B9F1700FA3
:10FE8000BFB214D00AD8B9F1580F13D0B9F16F0F1F
:10FE900017D00DB0BDEC028BBDE8F08FB9F1780F33
:10FEA000F7D1F90601D547F004071023C0E747F062
:10FEB0001007F6E7E20601D547F006074FF4047392
:10FEC000B6E70823B4E758F8040B1A46494600F091
:10FED00089F8BCE7A346B94619F0100F41D00CAB26
:10FEE000234413F8193C302B30D129F016091FFA9E
:10FEF00089F919F0080744D119F0010F35D0DA4516
:10FF000045D904EB0A05A5EB0B05EDB2336819F0F2
:10FF1000100F9B683FD030213046984719F0040FEE
:10FF200008D0336819F0020F9B6814BF582178215C
:10FF3000304698473368AC429B6839D2302130460E
:10FF4000013D9847EDB2F5E7A346C5E719F0040F68
:10FF500002D10BF1010B01E00BF1020B5FFA8BFBFD
:10FF6000C7E719F0860FC4D0F3E73368DA459B681A
:10FF70000FD9202130460BF1010B98475FFA8BFB1C
:10FF8000F3E7DA4505D9AAEB0B07FFB2BEE7254632
:10FF9000BCE70027BAE719F0860FCBD019F0020FA3
:10FFA00014BF2B21202119F0800F18BF2D21BFE78E
:10FFB000651E06AB53FA85F5336815F801199B6881
:10FFC000013CE4B230469847002CF5D155E6BAF131
:10FFD000040F3FF677AD002786E5A3457FF44DAECD
:10FFE00042E600BF082A30B505D10346C008FCD15F
:10FFF00030330B700DE0102A0DD100F00F0202F12A
:020000040801F1
:100000003003392B88BF02F13703000901F8013BA7
:10001000F3D1084630BD03460022DCB223F00103D1
:10002000023342F10002580840EAC270C31842EBA2
:100030005202180940EA0270C01842EB1212030A79
:1000400043EA0263181842EB1222030C43EA02430C
:100050001B1842EB1242D31842F100001B0943EA7D
:100060000073C3EB4315C3EB85053034020904EB81
:10007000450453EA101001F8014BCED1C9E7000046
:10008000082B30B50AD10346C00840EA4170C908C0
:1000900050EA0104F7D13033137013E0102B13D161
:1000A00000F00F0404F13003392B4FEA101088BF21
:1000B00004F1370340EA0170090902F8013B50EAF4
:1000C0000103EDD1104630BD20F00104023441F1AE
:1000D0000003610841EAC3710C1943EB5303210982
:1000E00041EA03710C1943EB1313210A41EA03613E
:1000F0000C1943EB1323210C41EA0341091943EB8B
:100100001343591843F10003C5B2080940EA0370CC
:10011000C0EB4014C0EB84043035190905EB4405ED
:1001200050EA131302F8015BCED1CBE770EE600A00
:10013000DFED057AF0EEE00AF4EEE70AF1EE10FAF0
:100140004CBF0120002070470000003408B52DEDA1
:10015000028B9FED088AF0EE480A18F08FFAB5EE90
:10016000C00AF1EE10FA48BF30EE080ABDEC028B6F
:1001700008BD00BF0000B44310B5B4EE400AF1EE74
:1001800010FA2DED028B0446B0EE608AF0EE418A43
:100190000FD707F05FFCA2B24FF4806107F046FC76
:1001A00038EE288AB6EE000A28EE000ABDEC028B73
:1001B00010BDB4EEE00AF1EE10FA07D4B4EE410A35
:1001C000F1EE10FAC8BFB0EE410AEFE7B0EE600AF8
:1001D000ECE70000884203D39042014628BF114655
:1001E00008467047884203DB90420146A8BF11468B
:1001F00008467047094A136849F2690099B21B0C16
:1002000000FB01331360064B186844F2506182B260
:10021000000C01FB0200186080B27047080E00203D
:10022000040E0020036800EE103A7047024682B0C8
:10023000006851686B4603C39DED000B02B0704728
:10024000D0ED010AD1ED016A90ED021A91ED027A2A
:1002500090ED000AD1ED007A70EEE60A31EE471A11
:1002600030EE670A88B008B0704700BF90ED020A10
:1002700090ED017AD0ED007A20EE000AA7EE070A91
:10028000A7EEA70AB1EEC00A704700BF0020704772
:1002900000207047002070477047000090F836003B
:1002A0007047000090F83B00704700000120704745
:1002B00000207047022070477047000010B50446C8
:1002C000FEF7F6FD204610BD90F89830934206D90F
:1002D000243250F8220010B103689B6A18470020AE
:1002E0007047000073B56D4685E80C000F4B04465F
:1002F00040F8043B0E4600F07DFA95E8030004F157
:100300009C03C4F8946083E80300069BC4F8A430FF
:100310000749204601F064FF064B1A6812B10648EF
:100320000AF098FD20461C6002B070BD54E6020839
:100330001CE60208AC2E002044E502082DE9F0413D
:10034000A2B00C4607A901F099F8002855D0002169
:100350000D220CA80591ADF818100B9119F0F8FDBD
:100360002B4B611C1F68C9B20BAD0129F86A0A95B5
:1003700046D1284B062205A9FFF7A2F8264B019388
:1003800005AB0093002411222946244BF86A8DF80E
:100390001940FFF795F804AA0DF10F0128468DF8D2
:1003A0003C40049401F074FB38B31D49DFF86C80C5
:1003B000482210A819F082FD062610AC2268531EB0
:1003C000049AC2F3513202EB831223798DF8243060
:1003D000A368019305AB0093089243461122294676
:1003E000F86AFFF76DF80021B7EE000A07A801F0E0
:1003F000CFFB013E04F10C04E0D122B0BDE8F08156
:100400000091084B062205A9FFF75AF8B6E700BF8E
:10041000E81000205DE0020875E502086FE50208BB
:10042000E8DE020868E50208F0B590F8986085B04B
:100430000446002E40F09D807F2380F8A8300DF107
:100440000F01283004F130058DF80F6002F006FA34
:100450001822FF21284619F07BFD84F8876094F963
:100460002860132E0FDC022E1BDDF31E102B18D874
:10047000DFE803F00B0B1717361717171717425043
:100480007358171766001F2E0BD14420FEF708FD86
:10049000074620B1231D2A4621460BF05DF8C4F81B
:1004A0009070D4F8900050B1D4F88C10C4F88860E3
:1004B00029B1314B196002F003F901F0D9FFD4F8EA
:1004C0009000002855D003689B68984701230021BD
:1004D000204684F8983005B0BDE8F040FFF72EBF05
:1004E0007C20FEF7DDFC07460028D8D0231D2A46D5
:1004F00021460BF099FCD2E74820FEF7D1FC0746D5
:100500000028CCD0032300932A46231D21460BF05C
:10051000ADFEC4E74820FEF7C3FC07460028BED066
:100520000623F0E77C20FEF7BBFC07460028B6D088
:10053000231D2A4621460BF077FC104B3B60AEE7AB
:100540007C20FEF7ADFC07460028A8D0231D2A46D4
:1005500021460BF069FC0A4BF0E74420FEF7A0FCB3
:10056000074600289BD0231D2A4621460BF004FE97
:1005700095E705B0F0BD00BFB02E0020CCE5020825
:10058000A450030890F898308B4283BF602303FB8C
:10059000010090F8750000207047000090F8983036
:1005A0008B4283BF602303FB010090ED120A9FED95
:1005B000010A70470000000070B590F8983093422F
:1005C00004460E46154601D8002070BD02F12403F2
:1005D00050F823000028F7D003689B69984700284B
:1005E000F2D0602202FB0544E36C3360EDE70000CB
:1005F0002DE9F04F464B2DED028B1B68DB6A93F81B
:100600009C3087B00446002B7DD0DFF818919FED19
:10061000418A4FF0000894F898305FFA88F5AB42B1
:1006200071D905F1240354F82300002855D003683C
:100630005B6B9847602303FB0543834693F8743054
:1006400083424AD2032859D8DFE800F047024A51D2
:10065000314E002794F89830AB4288BF60234FF0AA
:10066000600188BF03FB054305F1010201FB05455D
:1006700088BFD3F848A0286D059298BF18EE10AA3D
:10068000F9F71CFFCDE902015046F9F717FF334691
:10069000CDE90001059A49460420FCF7C3FA01237D
:1006A00084F8A93085F874B0D4F8A4304BB3002294
:1006B00055B25957481C03D0B94202F10102F7D193
:1006C00094F9A830AB4208DBD4F8A030D4F89C00F1
:1006D0003A463146984784F8A85008F101089AE74D
:1006E0002C2303FB05430D4E93F92B70B2E72C230B
:1006F00003FB05430A4E93F92C70ABE700263746FF
:10070000A8E71D46DCE707B0BDEC028BBDE8F08F23
:10071000E8100020000000008DE5020889E50208CD
:1007200080E502089CE5020890F898308B4205D9D4
:10073000D0F8900010B10368DB69184700207047BB
:100740003030704790F89830934206D9243250F8F0
:10075000220010B103685B6A184700207047000050
:1007600010B590F8982000230121DCB2A2420AD9EA
:1007700090F87C4024B190F87D400CB980F87D1051
:1007800001336030F1E710BD2DE9F04704460AF06F
:100790008FFB002607464FF02C084FF0600994F8B5
:1007A0009820F3B29A421DD904EB830ADAF890003C
:1007B000B0B108FB034209FB034592F92820D5F8A4
:1007C00088309A420CD15AB10368DB689847DAF84E
:1007D000900003681B6B984795F8753003B1AF67BD
:1007E0000136DCE72046FFF703FF2046BDE8F0476F
:1007F000FFF7B6BF10B50349044601F0F1FC2046EF
:1008000010BD00BF64E602087047000038B50568F7
:1008100004462DB12846FEF7E3FE2846FEF748FBC6
:10082000204638BD13460246014802F0FFB800BF1B
:100830000A2F002013B50422054B019304460146FC
:100840000DEB0200FFF7EEFF024B1C8002B010BD63
:10085000FFFF3F00FC2E002007B5502304228DF837
:100860000430412300210DEB02008DF805300623F2
:100870008DF806308DF80710FFF7D4FF0420FFF73E
:10088000D9FF03B05DF804FB00EB0212907B20B9A6
:100890001BB19289120758BF3F2098400844704707
:1008A000430608D4000A08D0054B1B88184214BF21
:1008B000012000207047002070470120704700BFD2
:1008C000002F002010B50B4B1A880B4B01301B6812
:1008D00080B2142404FB0033824207D9DC898C42A5
:1008E00003F1140304D0013080B2F5E7002010BDFD
:1008F0000120FCE70E2F0020102F00208289836842
:10090000D20648BF1B68184670470000828983687A
:10091000D20648BF1B6818467047000007B504237D
:1009200000220DEB03010B48019202F05FF89DF8E5
:100930000430502B07D19DF80530412B03D19DF891
:100940000630062B01D0FFF787FF012003B05DF8CA
:1009500004FB00BF0A2F002082894368920705D557
:100960001B68181E18BF01200B6070470120FBE7B1
:1009700037B58B891446DA070D4605D523684A68D2
:1009800013442360012012E09B07FBD50A4B1B6830
:10099000142201A902FB0030FFF7DEFF48B10199E4
:1009A00022686B680A44D3581BB15B1A236003B0FA
:1009B00030BD0020FBE700BF102F00202DE9F04FD5
:1009C0008BB01F469DF85480069114235343059322
:1009D00008F10603DBB2054616464FF0000B0793FD
:1009E0005FFA8BFA07EB0A1999F80F40002C4CD0EC
:1009F000062C28D1B8F10B0F21D84846FFF77EFF0F
:100A00000446C8B1169B099309AA49463046FFF728
:100A1000AFFF88B11499434652463846FFF734FF7A
:100A2000099B0293079B0699CDE9000332462346B2
:100A30002846FFF7C3FF18B90BF1010BD0E70020E0
:100A40000BB0BDE8F08F1499434652463846FFF785
:100A50001BFFB0EB953FEFD1C5F30423A342EBD1CD
:100A60000B4C059B206809A91844FFF775FF002867
:100A7000E2D0D9F80430099A1344169A1344069A1E
:100A800013602068059B1844DAE72046D8E700BFCA
:100A9000102F00202DE9F04F1F4B5FFA80F8B3F8BC
:100AA00000A0C0F3403348EA03281C4B1E680F46E1
:100AB00087B00546C0F3042B00211FFA81F9CA450F
:100AC00027D9F3894345344620D1337C062B0FD1F7
:100AD0003046FFF71BFFC8B10023CDE90133009377
:100AE0004A46034639462846FFF768FF044609E0B0
:100AF0009B450BD105A93046FFF72EFF0028F5D006
:100B0000059B3B60204607B0BDE8F08F01311436ED
:100B1000D3E70024F6E700BF0E2F0020102F00209F
:100B20002DE9F04F98468DB0142353430693484B5C
:100B30009DF85890DDF868B004461868069B0E468C
:100B400018440AA91746FFF707FF00287DD00023A5
:100B5000079309F10603DBB209939DF81CA006EB8D
:100B60000A15EB7B002B70D0062B3BD12846FFF7F4
:100B7000C5FE0890002831D0B9F10B0F65D8179B3E
:100B80000B930BAA29463846FFF7F2FE30B39BF8C9
:100B90000030012B59D85A1C0BEB83038BF8002033
:100BA00041465D6052464B463046FFF76DFE1B9A4C
:100BB0000899CDE904B2199A0392189A02920B9AF5
:100BC0000192099A009203463A462046FFF7A8FF91
:100BD00000BB9BF80030013B8BF80030079B0133D2
:100BE0000793BAE7179A686810440A9A1044A0421B
:100BF00013D14B46524641463046FFF745FE189BFF
:100C00001B9A1860199B1D6000231370104B186805
:100C1000069B18440DB0BDE8F08F052BDED1031DF7
:100C20009C4203D000F108039C42D7D11B9B201AA1
:100C30008008187052464B4641463046FFF724FE66
:100C4000189B1860199B1D60E0E70020E2E700BFD9
:100C5000102F00202DE9F04F8BB00025DFF8A4A065
:100C6000079306460F4690461560254B1B881FFAD2
:100C700085FB5B4541D9DAF80000142303FB0B0424
:100C800009A9204694F81090FFF766FE98B3B9F1D1
:100C9000060F17D12046FFF739FE014658B3149BC3
:100CA0000593079B0297CDE903830023CDE9003329
:100CB0005A463046FFF734FF0446E0B120460BB0F9
:100CC000BDE8F08F0998B04204D1149A00233B602C
:100CD0001370F3E7B9F1050F0DD1031D9E4203D048
:100CE00000F108039E4206D1149B301A8008187048
:100CF00000233B60E2E70135B7E70024DEE700BFF1
:100D00000E2F0020102F00202DE9F04798460D8867
:100D1000234B0446C5F30809186809EB890588B018
:100D200000EB850507A92846119E95F810A01746E7
:100D3000FFF712FE20B90025284608B0BDE8F0876D
:100D40000021BAF1060FC8F8001013D12846FFF7AA
:100D5000DDFD0028EFD0109B0091CDE90383CDE9A4
:100D600001170B46059601464A462046FFF7D8FE76
:100D70000546E1E70798A04202D139603170DBE710
:100D8000BAF1050FD7D1031D9C4203D000F108032F
:100D90009C42D0D1241AA408002334703B60CBE7D6
:100DA000102F00200138C0B204289ABF014B185CF4
:100DB0000020704760E702082DE9F04F2DED028B0F
:100DC00083B000240093931DDBB208EE103A054671
:100DD0000E461746A246A0464FF0010BE0B20101B5
:100DE00005EB001090F80F90B9F1000F5AD0837BFB
:100DF0003F2B02D92E480AF02DF817B1002B08BF5F
:100E00003F23C3F1200EA3F1200C2AFA03F208FAC3
:100E10000EFE28FA0CFC42EA0E0242EA0C0212F024
:100E2000010FC3F1200CA3F12002E3D10BFA02F26F
:100E30002BFA0CFC42EA0C020BFA03F3B9F1060F91
:100E400043EA0A0A42EA080813D10B2FD2D8FFF767
:100E500055FD814658B16858FAF7CAFA009B184404
:100E6000C3B218EE102A31464846FFF7A5FF0134F9
:100E7000B4E74846FFF796FF01900028BAD06858BB
:100E8000FAF7B6FA009B1844C0B2B9F1050F04BFD7
:100E90000230C0B21028019BACD830880430034423
:100EA0003380E4E703B0BDEC028BBDE8F08F00BFF8
:100EB000A4E602082DE9F04F85B00423DFF89890EE
:100EC000ADF80E3000244FF0140A214B1B881FFA96
:100ED00084F8434539D9D9F800300AFB08F15D1888
:100EE0002F7CB5F80EB0062F23D1B8F1000F02D138
:100EF000184809F0AFFF28460193FFF707FD0646A3
:100F0000A8B1019B5858FAF773FA0022C3B20DF149
:100F10000E013046FFF750FF59464046FFF7D2FC1E
:100F20000028E5D1062F02D0AB899B07E0D401341D
:100F3000CBE73846FFF736FF0028D9D0BDF80E3092
:100F400004331844ADF80E00E6E705B0BDE8F08FB5
:100F50000E2F0020A4E60208102F0020437803F093
:100F60001F021F2A0FD00278C3F3401342EA032363
:100F700040F2FF12934206D000680138C31C94BFB0
:100F80000020012070470120704700002DE9F34147
:100F9000224FDFF8908006460D4604247B88A3424A
:100FA00037D904230DEB03012246384601F01EFD1C
:100FB0009DF80510737881EA0302D20618D196F8DD
:100FC00000C09DF80400C3F34013C1F340124CEA83
:100FD000032340EA022293420AD13268019B534024
:100FE00013EA080F04D12C80012002B0BDE8F08183
:100FF00001A8FFF7B3FF20B1094B2C801C80002013
:10100000F3E701F01F00FFF7CDFE031D1C44A4B25F
:10101000C4E74FF6FF732B80F1E700BF0A2F0020D3
:10102000FC2E002000C0FFFF70B50C462046114684
:1010300015461E4619F062FC831CAB420AD85F229B
:10104000225422180330A84206F1580656709CBF5D
:101050000022E25470BD00002DE9F74FDDE90D5488
:1010600007468A46164609689DF830809B46224608
:101070009DF83C300093284619F02CFC4FF00009F5
:101080009BF800105FFA89F29142019212D9214631
:10109000284619F033FCC0B28442019A07D90BEB01
:1010A00082025168221A0968284419F013FC09F1D8
:1010B0000109E5E7E6B12146284619F01FFCC3B255
:1010C0009C4204D93168E21AE81819F003FC009B2D
:1010D00013B9B8F1000F13D0F37B052B10D14346A1
:1010E00022462946384603B0BDE8F04FFFF79CBFC3
:1010F000009B13B9B8F1000F02D09AF81030ECE75A
:1011000003B0BDE8F08F0000F0B58BB007AC1F4610
:101110000023C4E9013307930DF11303CDE9004324
:10112000154606AB05AA0646FFF7EEFD014610B9C7
:1011300028700BB0F0BD9DF84030069A0195CDE9BE
:1011400002739DF81330009330462346FFF784FF67
:10115000EFE700002DE9F04F984689B014234B4388
:10116000DFF828A1039204460E4604934FF00009CD
:101170005FFA89F52B0108EB0515059395F80FB07B
:10118000BBF1000F7FD0BBF1060F58F803702AD1D6
:101190003846FAF72DF939460246204619F064FB25
:1011A000002869D12846FFF7A9FB0746002863D02D
:1011B000039B079307AA29463046FFF7D9FB00286F
:1011C0005AD0059B58F80300FAF712F9129B0093C6
:1011D000079A3B4631462044FFF7BCFF00284BD01E
:1011E00009B0BDE8F08F3946204619F023FB88B9D5
:1011F000DAF80000049B07A91844FFF7ADFB0028AC
:101200003AD0129B83F800B06868079B1844039B90
:101210001844E5E7BBF1050F2ED11021384619F02F
:101220006DFB5FFA80FB5A463946204619F03EFBBB
:1012300010BB14F90B305F2B1ED10BF1010B14F80E
:101240000B30583B022B17D8DAF80000049B07A993
:101250001844FFF781FB78B16868079B129A18441D
:10126000039B18440423137014F90B30592B06D038
:101270005A2B06D0582BB3D009F1010978E7043076
:10128000AEE70830ACE75846AAE700BF102F0020B1
:101290002DE9F04F8BB0DFF8C8B002910446174635
:1012A00000252E4B1B881FFA85FA534552D914226C
:1012B00053465343DBF8002002EB0309D35899F857
:1012C0001080B8F1060F33D110211846039319F09E
:1012D00015FB039B5FFA80F842461946204619F039
:1012E000E5FA0646002833D14846FFF70FFB0346D0
:1012F00070B3029A009204EB080032465146FFF7A1
:1013000029FF804620B37FB10DF11303009306AA95
:1013100007AB05A9CDE9076605960996FFF79AFC84
:10132000069B0BB19B893B8040460BB0BDE8F08F1C
:101330001946204619F07EFA50B9029B07A983F896
:1013400000804846FFF708FB20B1DDF81C80EBE782
:101350000135A6E74FF00008E6E700BF0E2F00209A
:10136000102F00202DE9F04F87B01425DFF898B03A
:10137000039206460F4698464D434FF00009039AE4
:101380005FFA89F302EB031A9AF80F40ECB1062CCE
:1013900037D1DBF8000004A92844FFF7DDFA044642
:1013A00078B30499DAF80420BAF80C000A448307E9
:1013B00002EB08010DD552F80820B2420BD1DBF840
:1013C0000030109A1D44EB891380204607B0BDE819
:1013D000F08F8E42F2E705AA51463846CDF81480C8
:1013E000FFF7C6FA68B15046FFF788FA024640B1E7
:1013F000109B00933946059B3046FFF7B3FF00284A
:10140000E3D109F10109BAE7102F00202DE9F743D4
:10141000184FDFF8648004460D4600264FF014098B
:101420003B88B1B28B4222D9D8F8003009FB013099
:10143000037C062B01D00136F2E783899B0709D58F
:1014400043681B68A34205D1C3892B80012003B0E8
:10145000BDE8F083FFF75AFA02460028EBD000956A
:1014600000232046FFF77EFF0028E4D0EFE70020AE
:10147000EDE700BF0E2F0020102F002030B50B4BE2
:101480001C880B4B1B68002295B2AC420CD91D7C0A
:10149000062D06D15D68854203D1DB890B800120D2
:1014A00030BD01321433EFE70020F9E70E2F0020A2
:1014B000102F002010B590B00023CDE9083306931B
:1014C0000A930DF11703009306A908AB07AA044677
:1014D000FFF7C0FB014668B111230122CDE90232BA
:1014E0000BAB01939DF817300093079A08AB204689
:1014F000FFF7B2FD10B010BDF0B5304D87B040F22F
:10150000A51202908DF80C1006460C4601A8291D64
:10151000FDF75AFE052204A92868FEF7A7F9074639
:1015200001A8FDF773FE052F06D1049BB34203D13A
:101530009DF81430A3423ED0214E224F4FF4B0729A
:10154000314601A8FDF740FE2868FEF7B3F80428ED
:1015500021D92868052202A9FEF722F9431F5C421F
:101560005C4101A8FDF752FE2CBB3C68E36A93F88E
:101570009C3093B9A06A036801211B699847A06A4F
:1015800003684FF4FA719B689847A06A03680021CA
:101590001B699847D2E70024E3E7A06A03681B6C45
:1015A00098470028E6D006F055FA40F2FA424FF488
:1015B000801106F03BFA07B0F0BD00BFD42E00202A
:1015C000D82E0020E81000202DE9F341154E164FCB
:1015D000C92406F10408013CA4B2FCB140F24B124C
:1015E000414601A8FDF7F0FD3068FEF749F80546D1
:1015F00001A8FDF70BFE042D10D93D68A86A036809
:101600000A211B699847A86A03680A215B68984702
:10161000A86A036800211B699847DCE702B0BDE8AF
:10162000F08100BFD42E0020E810002000B58BB060
:101630000023CDE90733049309930DF10D030093C3
:1016400005AA07AB04A9FFF705FB10B3059B23B35D
:10165000DB7BC2898DF8182003F01F03C2F3002240
:101660001B0243EA4233049A43EA82339DF818206E
:101670000DF10E01134306A80693FFF787FC40B156
:101680009DF8193003F01F03052B03D09DF80D3092
:1016900003B100200BB05DF804FB037CD9E7000028
:1016A000F0B5144F3B8889B006460D46FBB10DF1ED
:1016B0000B030024009304AA05AB03A9CDE905445C
:1016C00003940794FFF7C6FA88B10B4B38881B6860
:1016D000A2B290420BD91A46013411688E4203F12E
:1016E0000C03F5D1137A2B70012009B0F0BD002056
:1016F000FBE700BF042F0020F82E002013B50DF1EA
:1017000007010446FFF7CCFF10B92046FFF78EFF14
:1017100002B010BD0138032816D8DFE800F0020837
:101720000E13FDEEC07A17EE903A0B707047BDEEC7
:10173000C00A10EE103A0B807047BDEEC00A81ED72
:10174000000A704781ED000A7047000037B5036852
:1017500003F0004303600A4B1B880C4613B90020BA
:1017600003B030BD074D01A92868FFF7F5F8002840
:10177000F5D014B12B681B7C23700198F0E700BFF3
:101780000E2F0020102F00202DE9F04F8FB09B4628
:101790009DF870300B93142343439DF860901A9D7D
:1017A0000A93074688460892002307939DF81CA0D9
:1017B00008EB0A16F47B002C00F0BC80B089FFF720
:1017C0006FF8002800F0B380062C2FD13046FFF7C9
:1017D00095F80446002800F0AA80199B0D930DAAE5
:1017E00031463846FFF7C4F8002800F0A0804B4689
:1017F000524659464046FFF747F81D9A05920B9A04
:1018000004921B9ACDE902520D9A019209F1060247
:10181000D2B2034600922146089A3846FFF7B4FF39
:10182000002800F084800FB0BDE8F08F089B1B7883
:101830000993002B3CD02B8867F308032B8052467A
:101840004B4659464046FFF71FF83B4B03EA4030F2
:101850002B6823F0FF4323F4FF0323F4FC431843D6
:101860001B9B286003B11C70344B18680A9B0DA9A0
:101870001844FFF771F8002859D00D9A7368134483
:10188000199A98180B9A002ACDD02D4A1278002A5E
:10189000C9D0F27B012AC6D1B2895207C3D5199AA1
:1018A0009B56002BBFD1EB7843F08003EB70BAE777
:1018B0004B46524659464046FEF7E6FF2B68C3F3B7
:1018C0005133984233D1089A0123137095F90330AC
:1018D000002B06DAEB78099A62F3C713EB70104617
:1018E000A1E7052C23D16B78C3F34302022A1ED84B
:1018F000013262F344036B701B9B13B11B9A0423E8
:1019000013700E4B18680A9B0DA91844FFF724F8B2
:1019100068B170680D9C95F801B0199B2044CBF319
:10192000430B18440BF1FF3B00EB8B007BE7079B5D
:1019300001333AE7204676E700E0FF7F102F0020D2
:101940000C0E00202DE9F04F8BB0DFF8EC900488EE
:10195000079200228DF82720B9F800201F46C4F313
:1019600008039A4205460E461C4662D9DFF8CC8031
:101970001BB2D8F8001003EB83039A0001EB83033A
:101980001B7C052B18D14378C3F34301022915D8DA
:10199000013161F3440343700EB104233370D8F86E
:1019A000001068780A44C0F34300431E506800EBFF
:1019B00083000BB0BDE8F08F062B04D00134012367
:1019C000A4B28DF827304FF0140B4FF0000AB9F88D
:1019D0000030A3422DD9D8F800200BFB04229089B7
:1019E000FEF75EFFB8B1117C062917D11046FEF74D
:1019F0008DFF014678B1079B0597CDE90363CDE9DB
:101A000001A5CDF800A000230DF127022046FFF725
:101A1000BBFE0028CDD10134A4B2D8E72B68C4F3B3
:101A2000080403F0004323432B6006B13170506873
:101A3000BFE70020BDE700BF0E2F0020102F0020C1
:101A400073B505460C461646334601220DF10701D3
:101A50002846FFF777FF28B19DF80730042BF3D80D
:101A600004B1237002B070BDF8B5144607460022D9
:101A700020460E46FFF76AFE002540B1BD4206D063
:101A8000002231462046FFF7DBFF0135F5E7F8BDC0
:101A90002DE9F041154686B00746002228460E463D
:101AA000FFF754FEDFF85C8004463CB33378062B26
:101AB00024D01BB32B88D8F80010C3F3080303EB22
:101AC0008303102251F82310384618F0CDFE002869
:101AD0000DDB0023009302AA294620461023FFF7BE
:101AE00013FB102202A9384618F0BEFE30B10022C6
:101AF00031462846FFF7A4FF0446D6E7204606B045
:101B0000BDE8F081102F0020013903290BD8DFE850
:101B100001F00204060800F0D1BE00F007BF00F09B
:101B200045BF00F097BE9FED010A70470000C07FDF
:101B300037B5037A02888DF8042003F01F03C2F33F
:101B400000221B0243EA4233426843EA82339DF893
:101B500004200C4613430DF1020101A80193FFF785
:101B600015FA054670B19DF8050000F01F00FFF75B
:101B700019F9BDF802200432034692B20348214607
:101B800000F034FF284603B030BD00BF0A2F00200C
:101B90002DE9F0472DED028B82B0044600AF007AAC
:101BA000FFF700F9C31D23F00703E946ADEB030D72
:101BB0000E46804669462046F0EE408AEA46FFF728
:101BC000B7FF88B3E0680022F91DFFF761FB054607
:101BD00040B9344BE2681B683349986903681B6855
:101BE000984721E0B2071BD5227AFB799A4222D18D
:101BF000F7EE000AB0EE680AFEF798FAD8B1D6B947
:101C000042465146284618F049F968B151464246C5
:101C1000284618F053F931462846FFF76DFC03E0DB
:101C2000FFF704FD0028DFD00837CD46BD46BDECE8
:101C3000028BBDE8F087FB79042B07D9194BE268CA
:101C40001B681A49986903681B68C9E7217A042947
:101C5000F4D85046FFF758FFF307B0EE408A0BD593
:101C6000FFEE000AFEF762FA9FED110A0028B7EEB8
:101C7000008A08BFB0EE408AF9792846FFF744FF92
:101C8000F0EE400AB0EE480AFEF750FA024600288D
:101C9000CAD1294628EE280AF879FFF73BFD1146FC
:101CA000BAE700BFE8100020B8E60208D1E6020853
:101CB0000000000070B515462DED028B0446B0EE15
:101CC000408A00EB0116B44207D020462946B0EE08
:101CD000480AFFF75DFF1034F5E7BDEC028BBDE865
:101CE0007040FFF771BC0000B7EE000AFFF7E2BFDB
:101CF0002DE9F04F89B000AF984697F84830C7E912
:101D00000221002B834614BF4FF000094FF0060953
:101D10000025BB68ECB203EB0414E07B98B300230E
:101D2000FB61EA46A37BA7F810B03876B9F1000F43
:101D300002D0002B08BF3F2303FA09F343447B6121
:101D4000FFF730F8C31D23F00703ADEB030D064684
:101D5000694607F11000FFF7EBFE88B16468FB6885
:101D60001C442046FFF762FC786048B96946324659
:101D7000204618F0A3F87B6820461946FFF7BCFB05
:101D80000135D546C5E7FFF71FFC2437BD46BDE842
:101D9000F08F0000B4EE400AF1EE10FA10B50446E0
:101DA0000CD69FED327AF0EEC07AF4EE477AF1EE7F
:101DB00010FA03DC042902D180ED000A10BD0329CA
:101DC00019D1B5EEC00A9FED2A7ADFED2A7A9FED90
:101DD0002A1ADFED2A0AF1EE10FA58BFF0EE477A20
:101DE00030EE270A40F6AF00FEF7C6F9BDEEC00A96
:101DF00084ED000AE2E702291AD1B5EEC00A9FED90
:101E00001C7ADFED1C7A9FED1E1ADFED1E0AF1EE43
:101E100010FA58BFF0EE477A30EE270A40F6B400C9
:101E2000FEF7AAF9BDEEC00A10EE103A2380C5E70E
:101E30000129C3D1B5EEC00A9FED0D7ADFED0D7A11
:101E40009FED111ADFED110AF1EE10FA58BFF0EE16
:101E5000477A30EE270A40F6B900FEF78DF9FDEE1D
:101E6000C07A17EE903A2370A8E700BFFFFF7F7F8C
:101E70000AD7233C0AD723BC0000004F000000CF44
:101E800000FEFF46000000C70000FE42000000C345
:101E90002DE9F3411D4690F90030232B0F46904663
:101EA0004FF000042CD01749019401AA19F0D8FB77
:101EB000064618B9002002B0BDE8F081F9F798FA9B
:101EC0001028F7D80F4901AA204619F0C9FB0028AD
:101ED000F0D0214619F040FB0A4988ED000A01AA1A
:101EE0003E60204619F0BCFB30B10749F9F776FA9D
:101EF00010B901202870DEE700232B700120DAE7FB
:101F00002046D8E7ECE60208F3E602082DE9F043A4
:101F10004FF000089DB005460E461746A2F8008017
:101F2000002E35DDB2B200239CB2A24203F10109BA
:101F300002D9EB5C0A2B29D1632C28BF63242246EB
:101F4000294603A817F0BAFF1CAB1C44A6EB0906F0
:101F500004F8648C9DF90C30232B4D44E0D0002B09
:101F6000DED00DF1020302AA01A903A8FFF790FF3A
:101F70000028D5D0019800220DF10301FFF788F960
:101F80000028CDD03B8801333B80C9E74B46CBE7E7
:101F900001201DB0BDE8F0832DE9F04FDFF8288166
:101FA0000546D8F800009FB00E4608B1FCF784FF44
:101FB000434FDFF818A1DFF8189100240DF10A0251
:101FC00031462846C8F800403C80AAF80040A9F8ED
:101FD0000040ADF80A40FFF799FF00286DD0BDF82A
:101FE0000A300C205843FCF761FFC8F8000010B914
:101FF000344808F02FFFBDF80A303B80A346BDF8F7
:102000000A30A34257D9002E55DDB1B2002297B253
:10201000B94202F1010302D9AA5C0A2A49D1632F0D
:1020200028BF63273A46294605A8019317F046FFC3
:102030001EAB1F44019B07F864BCF61A1D449DF9B2
:102040001430232BDBD0002BD9D002AB04AA03A978
:1020500005A8FFF71DFF0028D1D0039800220DF13D
:102060000901FFF715F907460028C8D00C2303FB28
:1020700004F2D8F800309850D8F800301344049A8D
:102080005A609DF808201A7222B1B9F80030013365
:10209000A9F8003001343846A4B2FFF7C7FA002887
:1020A000ADD19DF809109DED040A3846FFF772FE88
:1020B000A5E71A46ABE7AAF800301FB0BDE8F08FDD
:1020C000062F002000E70208F82E0020042F002031
:1020D000F42E002002460248418A1430FFF75CBF0C
:1020E00068E70208024B5B8A0BB1FFF7F3BF70474A
:1020F00068E7020830B5002085B0FFF7F3FF214BF9
:102100001A7872B901221A701F4B204A1B6802927A
:10211000986A1F4A0368039204AA12E906009B6AA0
:1021200098471C4D04246B88A34229D904232246D6
:102130006946284600F05AFC6846FEF70FFF18B1C2
:10214000154B1C8005B030BD009801A9FEF7A2FC1C
:1021500060B19DF8010000F01F00FEF723FE221D74
:102160000346019992B2284600F040FC9DF8010018
:1021700000F01F00FEF716FE04300444A4B2D2E7BC
:102180000020DFE7092F0020E8100020B42E0020F7
:10219000BD2601080A2F0020FC2E002070B50E4B32
:1021A0001E880E4B1B68002294B2A64209D91C4619
:1021B00001322568854203F10C03F5D194ED010A43
:1021C00070BD8B891B0649BF8B6891ED020AC01A4E
:1021D00090ED000AF4E700BF042F0020F82E002045
:1021E0002DE9F04105460F464FF000085FFA88F3ED
:1021F00007EB0311CC7BDCB1042C0BD84E682E44CA
:102200003046FFF7CBFF31462046FFF783FA08F14F
:102210000108EBE7052CFAD14C682C442046FFF767
:10222000BDFF84ED000A84ED010A84ED020AEEE7A9
:10223000BDE8F08170B50E4B1E880E4B1B68002266
:1022400094B2A64209D91C4601322568854203F1A1
:102250000C03F5D194ED010A70BD8B891B0649BFB3
:102260008B6891ED020AC01A90ED000AF4E700BFF6
:10227000042F0020F82E00202DE9F0418AB0002321
:10228000CDE90733039309930DF10903009304AAE1
:1022900007AB03A90446FEF7DDFC054620B900267E
:1022A00030460AB0BDE8F081049B002B3AD0DB7BBE
:1022B000EA898DF8142003F01F03C2F300221B02E9
:1022C00043EA4233039A43EA82339DF814200DF126
:1022D0000A01134305A80593FEF758FE064658BBAE
:1022E00006A92846FEF738FB0028D9D09DF81570BE
:1022F0000499DDF8188007F01F07B9B19DF81C306C
:1023000093B1089A012B556802D0099B5B681D4464
:102310002046FFF743FF4968414429443846FFF708
:10232000F9F9BDE7037CC3E73546F1E729462046C6
:10233000FFF780FF4146F1E79DF815009DF8093051
:1023400000F01F02052A0FD0002BA8D100F01F00BB
:10235000FEF728FDBDF80A200432034692B221465A
:10236000044800F043FB9BE7002BEFD0A4EB830471
:10237000ECE700BF0A2F00202DE9F04385B0FEF7FF
:10238000CDFA134E134F00254FF014083288ABB22C
:102390009A4219D91C463B6808FB043494F8109003
:1023A000B9F1040F0ED803A92046FEF7D5FA48B1BB
:1023B000039801902146FFF73DFF019801464846EA
:1023C000FFF7A8F90135E1E705B0BDE8F08300BFEC
:1023D0000E2F0020102F00202DE9F347DFF88C90FE
:1023E0001F4940F65E226846FCF7EEFEB9F8007021
:1023F0002FB11C4B1A881C4B1B889A4228D0194EAF
:10240000194D05244FF00008B9F800701FB132884B
:102410002B889A421CD0013C14F0FF0418D00022F3
:10242000114601A83788CDF80480FFF78FF94FF0E7
:10243000000A1FFA8AF30AF1010A28B100221146A4
:1024400001A8FFF7FDFAF4E7A9F800302F80DBE7D9
:102450006846FCF7DBFE384602B0BDE8F08700BFF7
:10246000B82E0020F22E0020022F0020FE2E002089
:10247000024A138801331380704700BFF22E0020F8
:102480002DE9F0412DED028B90B00023CDE908330A
:1024900005930A930DF1110300930E4608AB06AAAB
:1024A00005A90446FEF7D6FB0546D8B10699F1B159
:1024B000CA7BEB898DF81C3002F01F02C3F30020A9
:1024C0001302059A9DF8117043EA403343EA8233C0
:1024D0009DF81C201A43C3F30423052B079200F038
:1024E000868037B110B0BDEC028BBDE8F081027C74
:1024F000DFE7012B05D121B18B895B0701D5FFF700
:10250000B7FF274677E0BDF812204FF6FF739A42D7
:102510000AD14C4B83F800804B4B4C491B6898699F
:1025200003681B689847DDE79DF81D1001F01F0147
:10253000042925D99DF81D00BDF81220444900F05A
:102540001F00FEF72FFC4988131808338B424AD22C
:102550000432104480B2FEF76DF99DF81D0000F0C2
:102560001F00FEF71FFCBDF812100431024689B2AD
:102570003846FEF757F9BDF81210042207A85EE0AE
:102580002046FFF7C1FA0699F0EE408A71B1204665
:10259000FFF704FEB0EE408AF0EE400AB0EE680AA3
:1025A000FDF7C4FD38B1002EC4D19BE72946204673
:1025B000FFF740FEEEE7002EBCD19DF81D3003F082
:1025C0001F03032BB6D09FED230A38EEC88AF0EE26
:1025D000E88A68EE808AB0EEC88AB4EEE88AF1EE46
:1025E00010FAA7D57EE7174B01221A7094E7002F47
:1025F00087D0A4EB870711234FF00108CDE90238FB
:102600000BAB01939DF81130009329462046069AA2
:1026100008ABFEF721FD0DF1120107A8FEF7B6FC8D
:1026200000283FF470AF9DF81D0000F01F00FEF77A
:10263000B9FBBDF812100431024689B23846FEF7E4
:10264000F1F84FE7F02E0020E810002028E70208FC
:102650000A2F002017B7D1387FB5164D2E1D40F236
:102660007F12314601A8FCF7AFFD2868FDF708F896
:10267000042812D92868052202A9FDF713F9431F7F
:102680005C425C4101A8FCF7C1FD44B19DF80C100F
:1026900002980122FFF7F4FEE1E70024F2E7064B7F
:1026A0001B68986A03685B6B984708B1FFF794FE54
:1026B00004B070BDD42E0020E8100020FFF7CCBF7E
:1026C0002DE9F04385B088460DF106010646FEF778
:1026D0009DFE48B9374B38491B68986903681B68E9
:1026E000984705B0BDE8F083DFF8D8900027FDB229
:1026F00008EB0515EB7B002B53D0062B11D10023E3
:10270000BDF80600039303AA2946FEF731F9C8B1C4
:102710002846FEF7F3F8014618B103983044FFF756
:10272000CFFF0424B9F80230A3420BD90423224678
:1027300002A9484600F05AF902A8FEF70FFC18B1AA
:102740001E4B1C800137D2E79DF80930BDF80610FA
:10275000C3F340129DF8083043EA0223994216D190
:10276000029803A9FEF796F988B16B680399334480
:1027700099420CD19DF8090000F01F00FEF712FBF2
:10278000221D034692B2484600F030F9DAE79DF880
:10279000090000F01F00FEF705FB021D224494B261
:1027A000C0E7074B187808B9FFF79CFCFFF760FEFD
:1027B00097E700BFE810002038E70208FC2E002051
:1027C000082F00200A2F002010B50446FCF770FBEC
:1027D000204610BD38B51148114D07F05DF8114A7B
:1027E00011490E4815F018FE2846002340F8043B16
:1027F00007F052F81420FCF753FB044610B19B215C
:10280000FCF7DCFE0949074A05482C6015F004FE78
:10281000BDE838400648002100F0E0B8B82E00209E
:10282000D42E002050450020090801080D08010899
:102830000A2F0020D1ED007A90ED007AF4EE477A6D
:10284000F1EE10FA04D0C0ED007A0121FEF754BE7B
:102850007047000090ED000A7047000038B504464C
:102860000D46FEF74BFF10B995F90030237038BDC7
:1028700091F9001090F900309FED097A01705B1A10
:1028800007EE903AF8EEE77AF0EEE77AF4EEC77AE0
:10289000F1EE10FA4CBF01210021FEF72DBE00BF62
:1028A0000000003491F9002090F90010914203D00B
:1028B00002700121FEF720BE7047000090F9003041
:1028C00000EE103AB8EEC00A7047000038B5044672
:1028D0000D46FEF713FF10B9B5F90030238038BD5F
:1028E000B1F90010B0F900309FED097A01805B1A50
:1028F00007EE903AF8EEE77AF0EEE77AF4EEC77A70
:10290000F1EE10FA4CBF01210021FEF7F5BD00BF2A
:1029100000000034B1F90020B0F90010914203D05A
:1029200002800121FEF7E8BD70470000B0F90030D9
:1029300000EE103AB8EEC00A7047000038B5044601
:102940000D46FEF7DBFE08B92B68236038BD00009A
:102950000B680360704700000A6801688A4202D071
:102960000260FEF7A7BD7047096803689FED097A0A
:1029700001605B1A07EE903AF8EEE77AF0EEE77A3C
:10298000F4EEC77AF1EE10FA4CBF01210021FEF7F8
:10299000B3BD00BF000000340A6801688A4203D05A
:1029A00002600121FEF7A8BD7047000090ED000A0B
:1029B000B8EEC00A7047000008B5064B1B6858699E
:1029C00003685B68984720B9BDE80840024807F0F3
:1029D0006BB908BDE81000207CE90208017011B154
:1029E0000023438070474FF44873FAE770B51C46E4
:1029F0000378A3B9B2F5487F11D212FA84F3B3F584
:102A0000487F094B1B685869C8BFC2F54875036801
:102A1000D4BFA5B2ADB29E682B46B047641BB4FAD2
:102A200084F0400970BD00BFE810002070B51C465E
:102A30000378A3B9B1F5487F11D211FA84F3B3F545
:102A4000487F094B1B685869C8BFC1F548750368C2
:102A5000D4BFA5B2ADB2DE682B46B047641BB4FA52
:102A600084F0400970BD00BFE8100020F8B50446AE
:102A700001F04CFC04F1240001F048FC04F1480092
:102A800001F044FC4FF0FF33C4F8843004F18800B7
:102A900006F002FF04F1D00504F53877002605F1B1
:102AA0000C0008F07BFAB03545F87C6C45F8786C82
:102AB00045F8746CBD42F2D106492046FFF790FB01
:102AC000054B1A6812B1054808F0C4F91C6020468D
:102AD000F8BD00BF20EB0208182F00209CE9020877
:102AE000084699B1C81FC3B2102B0ED810280CD8B5
:102AF000DFE800F0090B090B0B0B0B090B0B0B0BA1
:102B0000090B0909090000207047012070470000E7
:102B100030B585B00DF10E010446FEF7AFFC00287C
:102B200034D01B490B68DB0718D41A4BBDF80E20B4
:102B30001A801A821A841A86A3F84020A3F850201B
:102B4000A3F86020A3F87020A3F88020A3F89020B9
:102B5000A3F8A020A3F8B02001230B600D480022A9
:102B60000C210025FFF7C0F80B4ABDF80E000095B8
:102B7000192304F11401FFF7BBF8074ABDF80E0052
:102B800000951A2304F13801FFF7B2F805B030BD03
:102B9000142F0020100E002034F802082DE9F7430E
:102BA00004460DF1070101278DF80770FFF756FE67
:102BB0002046FFF7ADFF94F96D30032B15D104F1DA
:102BC00080063046FEF79AFD054670B90DF1070103
:102BD00030468DF80770FFF74BFE0DF1070104F149
:102BE0006D008DF80750FFF743FE04F0C9FE002585
:102BF00007462E464FF0240804F53B7908FB05F301
:102C00002046E15CFFF76CFF40B1324605213846B3
:102C100004F0B6FD013649F82500F6B20135032D62
:102C2000ECD10023636784F8D030012384F880312D
:102C3000022384F8303204F16C02C8216388013B1E
:102C40009BB2C72B88BF618024349442F6D103B075
:102C5000BDE8F083B02303FB010191F8210110B11D
:102C6000D1F8103113607047B02303FB010191F8D4
:102C7000220110B1D1F8143113607047B02303FB67
:102C8000010191F8230110B1D1F818311360704798
:102C90002DE9F843B02303FB01038446D3F8302128
:102CA0000F4622B9D3E94E0150EA01032CD0B026D9
:102CB00006FB07C6B6F8D800002840D0D6E94E2358
:102CC000204DDFF884901343A0FB05451ED0B83794
:102CD0005CF8270004F092F8074608F0EBF814EBD4
:102CE000090245F14904D3194FF47A7544F10004FF
:102CF000A3FB053205FB0422D6E94E45001B61EB20
:102D00000501181842EB0101BDE8F883D6F8D4009C
:102D1000492310EB090043F10003071945EB0304B5
:102D200008F0C6F8D6F83011401AC0194FF47A737B
:102D300044F10004A0FB030103FB0411E4E7014696
:102D4000E2E700BF00840C24B0F5F79010B5B02383
:102D500003FB0103B3F8D840ACB1B83150F82100FF
:102D600004F04CF8094BA4FB0313094C091943F177
:102D700049034FF47A72081843F10003A0FB0201E3
:102D800002FB031110BD20462146FBE700840C2402
:102D9000B0F5F79000EBC101C1F82023A1F824336E
:102DA0007047000010B501EBC103CA0010F92330D1
:102DB000022B0BD1B0F87E3013F0040F4FF02E032E
:102DC00023D01044124AC0F820230DE0DBB2A3F157
:102DD0001104012C0BD8B0F87E40E40709D410444C
:102DE0000C4BC0F820332E23A0F8243310BD1A2B2F
:102DF0000AD8012202FA03F3074A1A4022B100233B
:102E00001A4600EBC100DEE72E23044AF9E700BFB3
:102E1000F0EB020820EC0208008C0004F0EA020843
:102E200038B500EB8105D5F8EC32FBB100EBC104FD
:102E3000B4F82423D2B11A681846926A9047D5F89C
:102E4000EC32B4F8242319688242CD68D4F82013F8
:102E500028BF02461846A847D4F820330344C4F8D4
:102E60002033B4F82433181AA4F8240338BD000022
:102E70002DE9F04F01EBC10300EB830A10F9238029
:102E8000A8F1090385B004460D460EB20E2B26D8D4
:102E9000DFE803F02A250825252A252525252525CF
:102EA000252A2A00142303FB0103002283F80423AC
:102EB0004FF4FC70FBF7F4FF074660B1B02303FB4F
:102EC000054304EB8505D033D5F8EC22009221466A
:102ED000524600F007FE384605B0BDE8F08F00EB23
:102EE0008606D6F8EC320BB90027F4E7142707FB67
:102EF0000107012387F8043307F0DAFFD7F8F83227
:102F0000C31AB3F5966F81462DD9D7F80033002B3D
:102F10004BD1D6F8EC0203681B6E9847C7F8000344
:102F2000B8F1120F55D0B8F1110F4FF0000354D182
:102F30004FF40062142707FB0547D6F8EC02D7F8D8
:102F40000013FCF7E9F9D6F8EC0203680021DB6B0B
:102F50009847C7F8F89294F97C30002B0BDD29468E
:102F60002046FFF71FFF94F97C30002B03DD294634
:102F70002046FFF755FFB8F10F0F30D028F01003AF
:102F80000A2B40D14FF4D070FBF78AFF0746002888
:102F9000A1D0B023D6F8EC22009203FB0543D03336
:102FA0005246214601F044FA95E797F8FC325F4A11
:102FB0000133DBB2082B08BF002387F8FC3214234F
:102FC00003FB054393F8FC1252F82120C3F80023B9
:102FD000A6E74FF400630022ACE71A46AAE74FF4D5
:102FE000CC70FBF75DFF074600283FF474AFB023B9
:102FF000D6F8EC22009203FB0543D033524621461B
:1030000000F06AFF67E704EBC503B3F82433002B35
:103010007FF46AAFD6F8EC0203685B6998475FFA01
:1030200088FBB0F5005F4FF014090BF1FF3328BFA8
:103030004FF4005009FB0549DBB287B209F20539AC
:103040000293002F3FF450AFD6F8EC0203689B695F
:103050009847029B012BC1B20DD8142303FB0543F3
:1030600093F8FC22314B53F8223094F97C20AABB10
:10307000B3F5164F3CD2B4F87E3013F0010FABF12C
:10308000110314BF4FF461324FF4E122012B22D817
:10309000142303FB054393F8FC02244B53F8203020
:1030A000934218D1484602F039FAA0B1B8F1110F95
:1030B0004FF4C0600CBF4FF001084FF00208FBF75F
:1030C000EFFE074600283FF406AFB02303FB05439D
:1030D000CDF8048020E0013FBFB2B2E7B3F5E13F95
:1030E000C9D3B4F87E20500702D4B3F5613FC2D1F2
:1030F0004846039102F012FA03990028BBD04FF41E
:10310000C060FBF7CDFE074600283FF4E4AEB023D5
:10311000002203FB05430192D6F8EC220092D03343
:103120005246214602F0EAFDD5E600BFD0EA020889
:10313000F8B504460D46B02607F0BAFE06FB054674
:10314000002386F8D1304FF6FF730746A6F8FE300D
:10315000A6F8003129462046FFF78AFE98B10122E1
:1031600086F8D12004EB051305F1B802194644F89E
:103170002200C3F8A4704FF47A63A1F8A830BDE828
:10318000F84003F0CBBEF8BDF8B51E46D0F8E032EB
:1031900004460D46174653B1D0F87C313BB107F0D9
:1031A00087FED4F87C31C01AB0F5FA7F24D3D4F866
:1031B000E4321BB3D4F82C3203B307F079FED4F811
:1031C0002C32C01AB0F5FA7F18D20120B02303FBCD
:1031D00000440120D4F86C313B60D4F87031336086
:1031E000069BD4F874211A60079BD4F878211A60E2
:1031F000D4F87C312B60F8BD0020E7E70020FAE727
:1032000010B4D0F8E0321BB190F90040112C06D078
:10321000D0F8E43253B190F92400112806D118688F
:10322000046B184623465DF8044B184700205DF8F0
:10323000044B704710B50446D0F8E00230B194F961
:103240000030112B02D103685B6B9847D4F8E4027D
:1032500040B194F92430112B04D10368BDE810402B
:103260005B6B184710BD000010B40C46012C1146D2
:103270001A4608D8B83450F8240020B103685DF825
:10328000044B5B6918475DF8044B7047134690F98F
:103290000020122A10B40AD090F92420122A08D152
:1032A00001240A4621465DF8044BFFF7DDBF0024E8
:1032B000F7E75DF8044B70472DE9F74F01EBC103C9
:1032C000044610F923A0BAF1070F0D460FB20DD036
:1032D000BAF1000F0DD1B02101FB05044FF6FF73C9
:1032E00084F8D1A0A4F8FE30A4F8003103B0BDE802
:1032F000F08F90F8F632CB40DA07F7D400EB87096D
:10330000D9F8E03223B903B0BDE8F04FFFF710BFA2
:1033100090F97C30002B01DDFFF782FDD9F8E00247
:1033200003689B689847064607F0C2FD8046002E5A
:1033300040F0938004EB0717D7F8A430C31AB3F515
:103340007A6F33D94FF0B00B0BFB05405A4631462C
:10335000D03016F0FDFD0BFB05424FF6FF73A2F8CF
:10336000FE30A2F8003104EB05134FF47A6182F8C5
:10337000D050C7F8A480A3F8A8105FFA8AF11729E3
:1033800003D85A4BCB40DB070DD4D9F8E002002814
:103390005FD1B02303FB05430022C9F8E0220126D8
:1033A00083F8D12002E0012682F8D160D9F8E0024A
:1033B00008B3BAF1110F1ED103680DF102021B6BA5
:1033C00001A99847B8B135B194F90030122B00F03B
:1033D0008680012D0FD094F92430122B0BD10121BE
:1033E000BDF80230019A2046FFF73EFFD9F8E0020F
:1033F00003685B6B9847002E3FF478AF280104EB1D
:103400000515B5F8A830F52B6BD995F8AA20B3F5BA
:10341000FA6F02F1010285F8AA20BFF467AF0444F5
:1034200094ED2B7A07EE903AB5EEC07AF1EE10FAF1
:1034300081BFF8EEE77ADFED2E6A67EEA67ADFED60
:103440002D6A8CBFE7EE267AF8EE677AC4ED2B7A08
:103450004CE703685B6898479BE74FF0B00B0BFBAA
:10346000054B9BF8403153B10023DBE94E014FF48B
:103470007A72F7F721FD002380468BF84031B023A4
:1034800003FB054393F834216AB9D9F8E00201221D
:1034900083F8342103689B6A9847174903466A1CDE
:1034A0000620F9F7BFFB04EB071704EB0513D7F869
:1034B000A420A8EB0202A3F8A820B02303FB054335
:1034C000C7F8A48093F8D130012B7FF66FAF94F842
:1034D000383313B9C7F8A08068E71E4666E70021B5
:1034E0007EE7002285F8AA2099E700BF0042C000CD
:1034F0000AD7A33C48E17A3FB8E902082DE9F04138
:1035000005460E460024242700F5387807FB04F30F
:10351000EB566BB158F8240028B934700120BDE88F
:10352000F0810124F2E703681B6998470028F4D072
:10353000002CF6D00020F2E71D4B1360022910B4D6
:1035400033D8242303FB0103B3F91030002B0DDD26
:1035500007EE903A9FED177AF8EEE77A67EE877AF2
:10356000C2ED007A01205DF8044B704701F1B80309
:1035700050F823302BB1B02404FB010494F8D1405F
:103580005CB901EBC10310F9230010B900231360EB
:10359000E8E7431E58425841E5E71968CC691846E8
:1035A000114623465DF8044B18470020DBE700BFB7
:1035B000CDCCCC3D6F12833A90F8F5328B420BD9CB
:1035C000242303FB0100B0F90200002804DDC82811
:1035D000A8BFC82080B27047C820704702290ED803
:1035E00090F88030022B0AD824225343C35633B1BB
:1035F000B83150F8210010B103681B6A1847002049
:103600007047000010B590F97A3004467BB1D0F8CD
:10361000E00218B103685B6A984730B1D4F8E4025D
:1036200028B103685B6A984708B9012000E00020D0
:1036300010BD00000B46012B114606D8B83350F8D8
:10364000230010B103689B6B1847002070470000EF
:10365000B02303FB010191F82C0110B1D1F82831FE
:1036600013607047022909D8242359434056112872
:1036700006D0A0F116035842584170470020704709
:1036800001207047022909D82423594340561228A3
:1036900006D0A0F1170358425841704700207047E8
:1036A0000120704737B50D4690F970107F29044608
:1036B00013461AD100210192FFF7E4FF1346014699
:1036C00020B92A462046FFF7CFFD019B0193012137
:1036D0002046FFF7D7FF58B9019B2A460121204613
:1036E00003B0BDE83040FFF7BFBD2A46C9B2F7E7D7
:1036F00003B030BD11F0010F2DE9F84F04468846A4
:1037000091461E4605D11A464946BDE8F84FFFF7D7
:10371000C9BFD0F83033002B4BD0D4F830A3C8F356
:103720004105B4279AF8003007FB05A74FEAD808EF
:103730000637002B48D1D4F8303383F80180D4F811
:103740003013012303FA05F20B7813430B70324652
:103750004946384616F0B2FBB32ED4F8303353D86E
:103760006A1C9A7005EB4505D4F83033C5EB051596
:1037700006EB85059D80D4F83053AA7812B3012357
:1037800028789340013B98421CD1F7F7ADFBB4F881
:1037900034331844A4F83403AA88A91D2046FFF73F
:1037A00081FFD4F8302300239370D4F830231370B2
:1037B00008E040F2D621012014F01EF8C4F83003CE
:1037C0000028AAD1BDE8F88F9AF80120424509D116
:1037D000EB40DB07AFD532464946384616F05EFB74
:1037E0000028EFD04FF0000B8AF802B0D4F830A3D5
:1037F0009AF80000F7F778FBB4F836331844A4F8C9
:1038000036038AF800B096E71A780F2AB3D104225B
:103810009A70D4F830334FF434729A80ABE70000DA
:103820002DE9F04190F8803090F98050022B28BFAC
:10383000002524236B430446C356002B90F96D30BA
:1038400008BF00251BB980F8F452BDE8F08107F0ED
:103850002FFB002102462046FFF704FF94F8F46294
:1038600060B101212046FFF70DFF38B194F8D13047
:10387000022B26D894F88111994222D901212046A1
:10388000FFF7F0FE60B100212046FFF7FBFE38B1E4
:1038900094F88131022B1BD894F8D110994217D992
:1038A00094F96D30042B15D1B02303FB054393F835
:1038B000D130022B0ED9B542C7D084F8F4526267DA
:1038C000C3E700239E42C0D0626784F8F432BCE7AD
:1038D0000123F7E720460021B02744F61F6C41F290
:1038E000873E94F8F4328B42CEB21BD007FB0343E1
:1038F00090F8D18093F8D150A84503D984F8F462A8
:1039000062670FE00ED193F8025190F802814545AD
:1039100008D2636FD31A6345F0D80135454501DA03
:103920007345EBD8B03000298FD10121D9E70000D1
:1039300013B540F21C42044600F1880101A8FBF7D0
:1039400043FC00212046FFF7B7FC01212046FFF78A
:10395000B3FCD4F8E03213B1012384F8F532D4F883
:10396000E43213B1022384F8F5322046FFF758FF02
:1039700001A8FBF74BFC02B010BD00002DE9F3419C
:10398000DDF8208004460D461F46FFF76BFE40B170
:1039900085F0010631462046FFF774FE002818BF67
:1039A000354694F8393393BBB02101FB054191F8BA
:1039B00024612EB3D1F8F4301360D1F8F830C8F890
:1039C000003001AA29462046FFF7B6FD70B1DDEDB3
:1039D000017A9FED107AD8F8003067EE877AFCEE16
:1039E000E77A17EE902A9B1AC8F80030B02101FB45
:1039F000054191F825313BB1D1F81C213A601E46B2
:103A0000304602B0BDE8F081034B3B60F8E700268A
:103A1000F6E700BF00007A44000020410120704713
:103A200070470000014B0B6001207047CDCC4C3E2D
:103A30000120704701207047012070470020704727
:103A40007047000000207047704700000620704754
:103A50000048704750EC02087047000010B504465B
:103A6000FBF726FA204610BD70B586B001AD0446BE
:103A70000E4612220021284616F06AFA022103227D
:103A800064238DF804108DF806308DF80B200D237B
:103A90008DF80F108DF81620042194F8DC218DF894
:103AA00007308DF81010012307218DF81210D1185E
:103AB0008DF808208DF80D308DF8116084F8DC1138
:103AC0000022E95C01330A44122BD2B2F9D16068BA
:103AD0008DF8152003681322DB682946984706B045
:103AE00070BD0000F0B589B004460E9D009503F04E
:103AF00067F92F4A226062680023C4F8D03004F5C9
:103B0000F475C4F8E831C4F8EC31C4F8F03142B9C6
:103B1000E36828491A780320F9F784F8204609B0A9
:103B2000F0BD254E07933068716802AA03C2CDE943
:103B300005333189118002A8012630F8022B462A6C
:103B40000CD8510908AF07EB810102F01F0251F8B0
:103B50000C7C06FA02F23A4341F80C2C0133052B97
:103B6000EBD105AB03CBC4F8E80118686960A86025
:103B70002069012305A912308DF81430FEF76EFE7E
:103B8000226992F91230927C012A09D819462046FE
:103B9000FFF76AFF07F08CF96E30C4F8E001BDE76B
:103BA000E268064912780320F9F73CF8B6E700BF4F
:103BB000B4EC020858EC020830DF020875EC020889
:103BC0002DE9F04186B005460E46904600211422AC
:103BD00068461F4616F0BCF902238DF800306423B6
:103BE0008DF802300F2307228DF8033003238DF860
:103BF00007308DF80B208DF81430062295F8DC3153
:103C00008DF80C2001240A228DF80D201A1985F850
:103C1000DC218DF804308DF809408DF80E808DF888
:103C20000F708DF81160234600221DF80310013338
:103C30000A44142BD2B2F8D168688DF813200368B7
:103C40001522DB686946984706B0BDE8F0810000A0
:103C500038B5C368426E5A60C368B0F868201A81EC
:103C6000C368B0F86A2083F8322090F86C3013F003
:103C7000010F0446C36800F0978003225A7090F841
:103C80006D30D8070CD5E36804225A7094F86D2083
:103C9000910705D55207E3684CBF062205225A70EA
:103CA000D4F86F00D4F87310E56844A3D3E9002377
:103CB000F6F75CFC43A3D3E90023F6F757FCF6F7CD
:103CC00005FF6861D4F87700D4F87B10E5683BA362
:103CD000D3E90023F6F74AFC3AA3D3E90023F6F729
:103CE00045FCF6F7F3FEA861314BD4F87F00D4F819
:103CF0008310E5680022F6F739FCF6F7E7FE286145
:103D0000E56807F0D5F8286694F88730DB071CD5FE
:103D1000E368D4F88820DA61DFED267A94ED230A8F
:103D2000E56820EE270AFCF711FA204685ED080A1F
:103D300003F078F8D4ED247AE368F1EE677AC3ED06
:103D40000F7AE368012283F8502094ED277ADFEDA3
:103D50001A6AE36827EE267ABCEEC77A17EE102AB5
:103D6000DA85D4ED287AE36867EEA67AFCEEE77A86
:103D700017EE902A1A8694ED2C7AD4ED2B7AE3680C
:103D800077EE877AB6EE007A67EE877AC3ED117A1E
:103D9000E368D4F8B8209A64E268012382F85230CC
:103DA000E26882F8533038BD012278E7AFF3008033
:103DB00000005940E02E65420000C842F8C1631A75
:103DC000DCA54C4000000000D0126341F0B585B086
:103DD000044607F06DF80646D4F8E801F7F784F8D2
:103DE0000546D4F8EC01F7F77FF80544D4F8F00164
:103DF000F7F77AF8ADB294F8E4310544ADB2AB42CE
:103E00002EDA236993F912209B7C012B54D8D4F825
:103E1000E031B34224D2B4F8E6310125462B0CD868
:103E2000580904EB800003F01F01D0F8E80105FAFF
:103E300001F101423DD0A4F8E631012394F8E611E6
:103E40002046FFF7BDFE94F8E431013384F8E431F5
:103E5000B4F8E6316E360133C4F8E061A4F8E63117
:103E6000002604F16407606803685B69984718B32B
:103E7000606803689B69984701AAC1B23846CDE9DA
:103E80000166039603F056FB01280546EBD1019B22
:103E900003F00602062AE6D103F44072B2F5407F31
:103EA000E1D1DB04DFD52046FFF7D2FE284605B07E
:103EB000F0BD01339BB2B1E70020F8E70620704760
:103EC00000487047F4EC02087047000010B5044643
:103ED000FAF7EEFF204610BD37B5069D0095044663
:103EE00002F06EFF114B23600023C4E91B3384F8FA
:103EF000683084F87430AA2384F8793141F244237D
:103F0000A4F87A31A36893F97C305BB16068084902
:103F100003680E22DB68984760680649036822221E
:103F2000DB689847204603B030BD00BF90ED020823
:103F3000FCEC02080BED020870B5B0F8812190F896
:103F40007C31B0F87D51D0F889111A44044602F052
:103F5000F5FF2A2D40F0AE80E368B4F887211A817E
:103F6000E368D4F889215A60E56806F0A1FF286665
:103F7000D4F87D00D4F88110E6687CA3D3E900234F
:103F8000F6F7F4FAF6F7A2FD7061D4F88500D4F8DC
:103F90008910E66875A3D3E90023F6F7E7FAF6F788
:103FA00095FDB061E368012683F85C60E368D4F8AE
:103FB00095209A65D4F88D00694BD4F891100022B1
:103FC000F6F7D4FAF6F782FDE1680246204603F0E0
:103FD000CFF8E36894F8B62083F83220D4F89D3007
:103FE00007EE103AD4F8A13007EE903A67EEA77AC0
:103FF000E368E7EE077AB1EEE77A83ED117AE368DA
:10400000D4F8A5209A64E3689FED567A83F852604D
:10401000E36883F85360D4F8AD20E36807EE902A94
:1040200067EE877AFCEEE77AC3ED207AE36894F8CE
:10403000B62083F88420D4F87530E268C3BBD4F886
:104040007930222B0FD81F2B30D8102B16D00F2BE6
:1040500007D9122B03D8102B03D004230FE0142B05
:10406000FBD001230BE0322B02D003D8302BF8D148
:10407000062304E0443B012BEFD9F2E703235370FE
:1040800094F8623043F0010384F8623094F86230AF
:104090009A07C3F340005FD5E268616E52689142AF
:1040A00026D123F0030384F8623055E00523E6E7C8
:1040B0005670E5E7632D1DD0AE2D48D1D4F87D2094
:1040C000DFED296AE36807EE102A27EE267ABCEEB8
:1040D000C77A17EE102ADA85D4F88120E36807EE54
:1040E000902A67EEA67AFCEEE77A17EE902A1A86F7
:1040F000002031E0D4F88910D4F88500E668F6F79E
:104100002DFDF061D4F89110D4F88D00E668F6F733
:1041100025FD3062204602F085FED4F89500D4F8E3
:104120009910E668F6F71AFD07EE900AF1EE677A45
:10413000C6ED0F7AE368012283F85020D4F8893164
:10414000636694F8623043F0020384F8623094F8B6
:10415000620010F0010099D170BD00BFAFF3008084
:104160000000594000007A440000C84200000000EE
:10417000D012634110B590F87430013B0446082B0F
:1041800006D8DFE803F010191D26374C50586000A0
:10419000AA2904BF012380F87430002380F89531E8
:1041A00084F8963104E0442904D1022384F8743061
:1041B000002010BD0023F9E71229FBD10323F5E706
:1041C000042380F8743080F8953180F87C11002346
:1041D000E6E7B0F895311B2BECD8C218013382F812
:1041E00079119AB2A0F8953190F87C319342DFD8DA
:1041F0000523DBE7B0F89531FF2BDBD890F87C0185
:104200001A1A2244013382F875109AB2A4F8953133
:10421000B4F8813103449A42CADB0623C6E7C0F8EA
:1042200075110723C2E7D0F8753103EB0121C0F8FF
:1042300075110823BAE7D0F8753103EB0141C0F8D6
:1042400075110923B2E7D0F8753103EB0161C0F8AD
:104250007511002094F87C2184F8740004F279111F
:1042600007F054F8B4F8812104F1750107F04EF815
:10427000D4F87531834204D12046BDE81040FFF7E1
:104280005BBE236F0133236792E700007FB583682D
:1042900093F97C300446F3B106F00AFE94F86830D6
:1042A000032B054617D8E26E824214D2164A66687E
:1042B00052F8231001910846F7F79AF833680199EC
:1042C000DB6802463046984794F86830C8350133B9
:1042D000E56684F868304FF400560025606803688E
:1042E0000DF10F01DB69984750B19DF80F10204682
:1042F000FFF740FF013E2843B6B2C5B2002EEDD114
:10430000284604B070BD00BF78ED020810B5002348
:10431000044643608360C360143002F043FF2046CC
:104320000249FDF75DFF204610BD00BFD4ED020835
:10433000062070470048704754EE0208014B0B609E
:10434000012070470AD7A33DD0F880300B600120D0
:1043500070470000836893F97C3023B1806E831F1F
:10436000584258417047012070470000D0F8803013
:1043700013F4746F0CBF01200020704710B5044681
:10438000C06E13F03DFA204610BD000010B5044683
:10439000FFF7F4FF2046FAF78BFD204610BD000022
:1043A0008268C36F92F97A20022A03F4207304D042
:1043B000A3F52073584258417047B3F5207F08D0C9
:1043C000064B1B68DB6A93F89C3023B990F8840095
:1043D0007047012070470020704700BFE8100020A0
:1043E0001FB5836893F97C308BB1836E062B0ED09A
:1043F000C26804214FF0030C1278CDE9011C90F83B
:1044000062100091013203490620F8F70BFC05B059
:104410005DF804FB58EE0208C3681B78022B9FBFAF
:10442000242182684B43D05C88BF00207047000085
:1044300037B5069D0095044602F0C2FC0F4B236081
:104440000F4B63670023A36784F8863006F030FDC6
:10445000E3682067012283F88520A368B3F87E30E3
:104460009B0704D42046FFF7D7FF1A2803D1E3683F
:10447000012283F82C20204603B030BD84F10208CD
:104480008CEE02082DE9F0412DED028BB0F88C3056
:1044900040F6BC72C3F30C03934288B0044600F0AC
:1044A00034820FD840F6A77293424BD040F6AE72DA
:1044B000934200F05D8140F6A172934200F0498181
:1044C00000202FE141F23372934200F0788141F2F3
:1044D0003672934200F0B68141F214729342EFD1EA
:1044E000B0F88E20D0F8901002F028FDD4F8983063
:1044F00007EE103AD4F89C3006EE903AD4F8A0308B
:1045000007EE903AF4EE676AF1EE10FAC8BFF0EEEB
:10451000667AB4EE677AF1EE10FAC8BFF0EE477A29
:104520009FEDC27AE368F4EEC77AF1EE10FAC0F2BA
:104530004281B1EEE77A012283F85120E36883EDEE
:10454000107ABDE7B0F894304FF6FF7299B29142FD
:1045500005D0C2681381C368D0F890205A60B4F8BF
:104560008E20D4F89010204602F0E8FCE56806F0B2
:104570009FFC2866D4F8B430DFEDAD7A07EE103A30
:10458000B4EEE77AF1EE10FA3BDDE2685363E368DC
:10459000D4F8B8209A63D4F8BC30E26807EE903AB9
:1045A000F1EE677AC2ED0F7AE368012583F8505087
:1045B000E168204602F062FCB4F8D630E268DFED34
:1045C0009D6A0A214B43C2F88030B4F8E220E368C8
:1045D00007EE102AB8EE477A27EE267A83ED117A95
:1045E000B4F8E420E36807EE902AF8EE677A67EE05
:1045F000A67AC3ED127AE36883F85250E36883F831
:104600005350D4F89860D4F89C7082A3D3E9002367
:1046100030463946F6F73AFA00285FD07FA3D3E94F
:10462000002330463946F5F7A1FF7EA3D3E90023E6
:10463000F5F79CFFF6F74AFAE5686861D4F8A00040
:10464000D4F8A410E56875A3D3E90023F5F78EFF2D
:1046500074A3D3E90023F5F789FFF6F737FAA861C9
:10466000D4F8B020DFED747AE36807EE102AB4EED8
:10467000677AF1EE10FA0CBF0122002283F85C2069
:10468000D4F80C80D4F8A86098F85C30D4F8AC70FA
:1046900093B1D4F8B0502846F5F710FF02460B4608
:1046A00030463946F5F7AAFD07EE905AF1EE677AE3
:1046B00006460F46C8ED167A39463046F6F74EFAEA
:1046C000DFED5E7AE16807EE100A67EE277A204692
:1046D000FDEEE77A17EE902A02F04AFD94F8D23008
:1046E000E268FF2B82F8323002BFE368002283F8D1
:1046F000322094F8963003F00F03082B09D8DFE836
:1047000003F0051619161C1F191C1F00E36801226F
:104710005A7094F8963013F0400F4FF0010012D009
:10472000E368587008B0BDEC028BBDE8F081E36827
:104730000322EDE7E3680422EAE7E3680622E7E7FD
:10474000E3680522E4E71906ECD5E36802225A7013
:10475000E8E7B0F88E20D0F8901002F0EFFBE368A5
:10476000B4F89C20DA85E368B4F89E201A86A7E6A0
:10477000B0F88E20D0F8901002F0E0FBD4F89C3016
:10478000D4F8A010E367D4F8803083EA010212F471
:10479000746F0BD0E268127801F47461009103F435
:1047A0007463274901320620F8F73CFAD4F8A030A8
:1047B000C4F8803084E6002083F85100B2E7FFF7A8
:1047C0002BFE1A287FF47CAE2046B4F88E20D4F855
:1047D000901002F0B3FB94F89700E36810F08F009C
:1047E00013D1D4F898209FED147A07EE902AF4EEB6
:1047F000477AF1EE10FA08D0B1EEE77A012283EDA4
:10480000137AE36883F855208CE70022DA6457E6D0
:10481000AFF3008000000000006A08C1F8C1631A0D
:10482000DCA54C4000000000D012634100000034C1
:10483000005043C80AD7A33BFFE65BAF0000C84265
:104840009CEE0208FFF7E8FD1A287FF439AEB4F8B1
:104850008E20D4F89010204602F070FB94F8963029
:10486000002B3FF42DAE94F89930002B7FF428AE46
:1048700094F89A50002D7FF423AED4F8A010D4F809
:104880009C00F6F76BF9D4F8A81008EE100AD4F8DB
:10489000A400F6F763F9B0EE480A00EE900A08EEBD
:1048A000900A13F0E9FED4F8B010D4F8AC0010EE82
:1048B000106AF6F753F9079005A8CDED058A8DED3E
:1048C000068AFBF7D3FCD4F8B010D4F8AC008DED19
:1048D000030AF6F743F907EE900A3046B1EE671A7D
:1048E0008DED021AF5F7EAFD73A3D3E90023F5F77E
:1048F0003DFEF6F733F99DED021ADDED030A00EEF9
:10490000100A204602F030FCDAE5B0F88E20D0F82C
:10491000901002F013FB94F89600E36870B983F8E6
:104920008400E368C3F88000E368C3F88C00E368A0
:10493000C3F88800E368C3F89000F3E694F8982081
:1049400083F88420B4F8C5304FF6FF7293421CBF41
:104950000A225343E26808BF0023C2F88030D4F82B
:104960009C60D4F8A07056A3D3E9002330463946A2
:10497000F6F764F800287FD151A3D3E90023D4F8D7
:10498000A400D4F8A810F6F759F8002874D14CA365
:10499000D3E90023D4F8AC00D4F8B010F6F74EF801
:1049A000002869D1B4F8C0204FF6FF739A4263D053
:1049B0003E4BD4F80C80002230463946F5F7D6FD40
:1049C000F6F784F8C8F88C00D4F8A400D4F8A8103E
:1049D000364BE6680022F5F7C9FDF6F777F8C6F81A
:1049E000880030A3D3E90023D4F8AC00D4F8B01089
:1049F000E668F5F7BBFDF6F769F8C6F89000A3681E
:104A0000B3F87E309A077FF55BADB4F8C0309FED08
:104A1000287A9FED288AD4F8A810D4F8A40007EECD
:104A2000903AF8EEE77AA7EE878AF6F797F8D4F887
:104A3000A0100746D4F89C00F6F790F8D4F8B01010
:104A40000646D4F8AC00F6F789F8079005A8059754
:104A50000696FBF70BFCD4F8AC00D4F8B0108DED43
:104A6000020AF6F77BF807EE900ADDED020AB1EED6
:104A7000671AB0EE480A44E7A368B3F87E309B0794
:104A80007FF51EADE3680020C3F88C00E368C3F82F
:104A90008800E368C3F89000E36883F8540041E6B7
:104AA000AFF300800000000000408FC000408F4046
:104AB0000AD7233C00003443F8C1631ADCA54C40FC
:104AC000BBBDD7D9DF7CEBBD2DE9F84F90F8863020
:104AD000013B04460D46082B06D8DFE803F0404BA7
:104AE0004F575B63677FB400242908D1012380F806
:104AF00086300023A0F890310020BDE8F88F90F8B0
:104B00009731DFF800925E1CF6B203444FB2032ED9
:104B100080F89761B24683F892714FF00608A8BFFB
:104B20004FF0030A00F5C97B59F8040B5246594669
:104B300015F0BCFE78B9042E06D1303F092FDBD921
:104B4000002384F89731D7E7D6D93E2DF8D1012339
:104B500084F89831F4E7B8F10108E5D1F0E740298D
:104B600003D1022384F88630C6E7522940F09D80A5
:104B70000923F7E7A0F88A100323F3E7B0F88A10B7
:104B800001EB0525A0F88A500423EBE7A0F88C1070
:104B90000523E7E7B0F88C1001EB0525A0F88C5051
:104BA0000623DFE7A0F88E100723DBE7B0F88E10AE
:104BB00001EB0525ADB2AB07A0F88E50A5F10805B5
:104BC0000CBF08230023F82D80F8863094D90023E9
:104BD00080F88630A36F0133A3678DE7B0F890317A
:104BE000FF2B98BFC21803F1010398BF82F8901001
:104BF000B0F88E209BB2083A9342A0F89031FFF6AD
:104C00007BAFB3F5807F50D8002202218C3006F0B4
:104C10008FFB0221024604F18E0006F089FBB4F8F6
:104C20008E100246083904F1900006F081FB002343
:104C300084F88630B4F88A308342CBD12046BDE870
:104C4000F84FFFF71FBCB0F89021FE2A2DD883182B
:104C5000013292B20A2983F89010A0F890217FF4D3
:104C60004BAF8318002183F8901090F890303A2BC6
:104C70001BD1C66ECEB100F19201053A304615F057
:104C800015FE054688B9304612F0BAFDA36EE566FA
:104C9000062B07D8DFE803F0040B0F1D2B0D2D00AA
:104CA0000123A36606F004F9206700235AE70523D1
:104CB000F7E70223F5E794F862300133DBB2032B08
:104CC00084F86230EED90323A366002384F86230AF
:104CD000E8E794F86230A2680133DBB284F862300E
:104CE00092F978200AB1022BDCD90423D9E70623F4
:104CF000D7E702F0AFFE4FF4CE724FF4801102F00E
:104D000095FECFE754F1020840680249036811227A
:104D1000DB681847C8EE020838B5836893F97A3023
:104D2000054653B3C06F10F4007414D1EB681449F6
:104D30001A7806200132F7F775FFEB6811491A78E7
:104D400006200132F7F76EFF2846FFF7DDFF85F8F2
:104D50008440002038BDC30507D5EB680A491A789E
:104D600001320620F7F75EFFF3E710F0800404D16C
:104D7000EB6806491A780132F3E70120EAE700BF41
:104D8000DCEE0208FCEE02081DEF020836EF020816
:104D900010B5044605490720F7F744FF6068044949
:104DA0000368BDE81040DB68132218475CEF020877
:104DB00070EF02082DE9F04304464068036887B0AD
:104DC0005B699847002506462F46B5420BD06068C0
:104DD00003689B699847C1B22046FFF775FE0743F9
:104DE000FFB20135F1E706F063F8A36893F97C2080
:104DF0000546E2B1A26E062A00F0FC80616E814297
:104E000015D2216F01F5FA61814221D2606FF6F768
:104E1000EFFA0646606803689B6A9847B04206D37B
:104E20006068616F03683246DB6898472567E2680F
:104E3000906A2D1AB5F5967F82BF002382F8543010
:104E4000E268384688BF82F8553007B0BDE8F08385
:104E500094F898110029EAD0E16E09BB052A1FD801
:104E6000DFE802F003349AA0B7452369606893F93C
:104E70001220036805921B6C98477049704B059A85
:104E8000012808BF0B4604F16C066E4900933046BA
:104E90004FF4613304F0F2FE013001D10023E366E8
:104EA000E06E0028C3D0F6F7A3FA064660680368F0
:104EB0009B6A9847B042BAD36068E16E0368324695
:104EC000DB689847002384F89831B0E72046FFF765
:104ED000A3FA5D4B5D4A5E491A2818BF1A4623693A
:104EE00004F16C0093F9123000920122D2E7236999
:104EF000597893F9016011F06F0FD1D0524B554A98
:104F000016F0010F08BF1A4616F0020F04F16C00EC
:104F100006D0DFF870C1504B11F0010F08BF634697
:104F200016F0040F2DD0DFF860E1DFF860C111F05A
:104F3000030F08BFF44616F0080F25D0DFF85081A4
:104F4000DFF850E111F0070F08BFC64616F0200F3A
:104F50001DD0DFF84491DFF8448111F00F0F18BF26
:104F6000C846760616D53D4E11F02F0F3C4918BFA6
:104F70003146CDE90281CDE900CE3A4904F07EFE0A
:104F80008AE7DFF8C4C0D6E7DFF8BCE0DEE7DFF889
:104F9000B880E6E72C49ECE794F86220324B53F8EE
:104FA000222009E093F97830012B0BD0022B0DD091
:104FB000002B7FF475AF2D4A2D4904F16C0004F0ED
:104FC0005DFE69E794F862202A4BE8E70623A366B2
:104FD00066E72046FFF720FA1949274A1A2818BF22
:104FE0000A46264904F16C0004F048FE00287FF4CC
:104FF00055AF55E793F97A30022B7FF418AF204B69
:105000001B68DB6A93F89C301BB1012384F8843061
:105010000DE794F88430002B3FF409AFE36F9B0554
:105020007FF505AF636E8342BFF401AF2046FFF703
:10503000AFFE05F57A736366F9E600BF89EF0208F3
:1050400084EF0208DBEF0208F2E6020891EF0208A3
:10505000FEEF02083FE0020895F00208C5EF0208E3
:10506000C6EF020859F002086CF102086CF0020861
:105070007CF0020848F10208CEEF020877F002083F
:10508000E810002096F00208AFEF0208AEEF020829
:10509000B8EF0208B7EF0208BFEF0208C0EF02083E
:1050A00006207047836893F97C302BB1D0F8BC059B
:1050B000B0FA80F04009704701207047D0F8BC3545
:1050C0000B6001207047000000487047C4F10208DF
:1050D00013B5D0F8BC150023012202FA03F40C42E8
:1050E0000CD0C268127800910649013251F8233081
:1050F00005490620F7F796FD02B010BD0133162BC7
:10510000EBD1F9E730F40208CCF1020810B5074BF7
:1051100003600446D0F8F40508B1F9F7C9FED4F8E5
:10512000FC0508B1F9F7C4FE204610BD60F702087F
:1051300010B50446FFF7EAFF2046F9F7B9FE20460E
:1051400010BD000010B5D0F8F405144628B102F0E7
:105150005DF82080003818BF012010BDD0F8F4059C
:1051600008B102F035B8704790F8C035822B08D8E6
:105170001A0613D4033B012B0ED90D4B0B600120F3
:105180007047FF2BF9D10A4B0B60836893F97C00C1
:10519000B0FA80F040097047064BEFE7054B0B6013
:1051A00090F8D035013B012BE9D8034BE6E700BF6F
:1051B000AE47613E8FC2F53D0AD7233EC1F302716F
:1051C0000139C9B204299ABF014B585C00207047CD
:1051D00028F4020830B5D0F8DC357BB190F8E05502
:1051E0000020C2B2954209D953F830208A4200F11A
:1051F000010401D140B230BD2046F2E74FF0FF304C
:10520000F9E7000030B5039C0A44914209D011F837
:10521000015B18782844C0B21870257828442070A3
:10522000F3E730BD2DE9F041044640681D460368B0
:1052300086B09B6ABDF8306088461746984706F1ED
:10524000080398424FF000003AD3B5238DF8103090
:105250008DF8137062230DF10F078DF80E008DF895
:105260000F008DF8113004220DF10E030DF1120123
:10527000204600978DF81280ADF81460FFF7C2FF4A
:105280003246294620460097FFF7BCFF6068036856
:105290000622DB6804A99847606803683246DB6829
:1052A00029469847606803680122DB680DF10E010A
:1052B0009847606803680122DB68394698470120F7
:1052C00006B0BDE8F081000013B5044640680368ED
:1052D0009B6A9847072806D9002300931A4606219F
:1052E0002046FFF79FFF02B010BD00001FB590F8E9
:1052F0009734052B05D9FFF7E7FF002005B05DF8CF
:1053000004FB02238DF80C108DF80D200093012270
:1053100003AB0621FFF786FFF0E70000F0B5044677
:1053200040681D46036885B09B6A0F46164698473D
:105330000A280FD903230093012203AB062120463C
:105340008DF80C708DF80D608DF80E50FFF76AFF28
:1053500005B0F0BD0020FBE790F8D2350133DBB299
:1053600080F8D2352BB990F8752490F87A14FFF7AD
:10537000D5BF7047022938B50546184641D00A29DD
:1053800039D001291ED1122A1AD8012A1AD9931EFE
:10539000102B17D8DFE803F0171D0916233F161648
:1053A00016161616161616162900012320248342F7
:1053B0003BD1D5F8BC3523EA0403C5F8BC3501E080
:1053C000202A2CD038BD95F8D64584F0010302245C
:1053D000EDE795F8D64584F001030424E7E795F856
:1053E000D64584F001030824E1E795F8D64584F01A
:1053F00001031024DBE7092A15D00B2AE2D180240F
:105400000FE0102A01D0152ADCD1AB684FF480746C
:1054100093F87A30CBE701234FF40054C7E74FF4F9
:1054200000440523C3E74024FBE72846FFF776FF47
:10543000D5F8BC352343C5F8BC35012385F8D435F0
:10544000C0E700002DE9F04385B002AFC0F8E835B1
:1054500097F8283080F8EC3590F8F03580F8E025A2
:10546000541C83F001035B42A40080F8ED35002654
:10547000E31DC0F8DC15C0F8E465054691464068B8
:105480006A46DB08A2EBC3039D46026802AB926A40
:105490007B60013C8846A4B2904704F1090292B2B5
:1054A000904218D37B680296414603AA08EBC909CB
:1054B000494504D051F8080B42F8040BF8E70134D1
:1054C000A4B200948B2206212846FFF7ABFE0C37CE
:1054D000BD46BDE8F0833046F9E7000013B50C2364
:1054E0000446009309220B4B0621FFF79BFE05F0B3
:1054F000DFFC94F88834C4F88404013384F88834D9
:10550000E36805491A780620013202B0BDE8104070
:10551000F7F788BBA0F70208F4F1020810B50023E2
:1055200008248278082A0ED8DFE802F00B0512174B
:10553000202B37474D00622902D10223837002E0FD
:105540008370B52901D0002042E083780133F5E76C
:1055500003238370C1700171F5E704238370C3785E
:1055600019440379C9B2C1701944F4E70523837063
:10557000C378027901700B44DBB2C370134403712A
:10558000E1E706238370C37819440379C9B2C17077
:105590001944002301714370D5E7C3780278194498
:1055A0000379C9B2C1701944437801710133DBB288
:1055B0009A424370C7D10723C0E7C27884708A42F9
:1055C000C1D08370ADE7027983708A42A9D10120EE
:1055D00010BD000007B50023009304220A21FFF745
:1055E00021FE03B05DF804FB1FB5C36804461978BB
:1055F0008068FDF7E1FF0123ADF80A3006210023A2
:10560000ADF80800ADF80C30009102AB082220463E
:10561000FFF708FE04B010BDB0F87624083201F0A0
:105620008DBC00002DE9F74F0569D0F8BC35044664
:1056300095F9010038B923F40023C4F8BC356B7820
:1056400084F8D7352EE013F4002000F08880D4F8D9
:10565000FC35FBB128460DF1070110F8017F07F07A
:10566000EF0747F021078DF80770FDF701F94FF0BC
:10567000000C60466646312210214FF028080CF1DC
:10568000FF3527FA0CF3052D64D8DFE805F00E2C62
:105690006E6363A20821152012F0AEF8C4F8FC0571
:1056A0000028D7D103B0BDE8F08FD4F8FC954FF0B7
:1056B000200A09EBC00509F830A003F001036E7061
:1056C000AA70E9706B6000F1010ED4F8FC9502300D
:1056D0005FFA8EFEC0B209EBCE054FF0050A09F85D
:1056E0003EA06E7033E0D4F8FCE54FF021090EEBDC
:1056F000C0050EF8309003F001036E70AA70E970D7
:105700006B60D4F8FC9500F1010E5FFA8EFE09EB98
:10571000CE054FF0070A09F83EA06E70AA70E97036
:105720006B6000F1020ED4F8FC9594F8C1A55FFA05
:105730008EFE4FEACE050330C0B24D44BAF1000FE1
:1057400010D14FF00A0B09F83EB085F801A0AA70FD
:10575000E9706B600CF1010CBCF1070F8FD123696C
:105760005B786DE74FF0090AB9E7D4F8FCE54FF034
:1057700022090EEBC0050EF8309003F001036E70A5
:10578000AA70E9706B60D4F8FC9500F1010E5FFA25
:105790008EFE09EBCE054FF00D0A09F83EA06E70A3
:1057A000AA70E9706B6000F1020ED4F8FC9594F8D1
:1057B000C1A55FFA8EFE4FEACE050330C0B24D445C
:1057C000BAF1000F02D14FF00E0BBCE709F83E8092
:1057D00087E7D4F8FCE54FF025090EEBC0050EF87D
:1057E000309003F001036E70AA70E9706B60D4F81A
:1057F000FCA500F101095FFA89F90AEBC90E4FF027
:10580000180B0AF839B08EF801608EF802208EF875
:105810000310CEF8043094F8C195851CEDB2B9F1AF
:10582000000F12D1D4F8FCA50AEBC50E03304FF0DF
:105830001A0B0AF835B0C0B28EF801908EF802202B
:105840008EF80310CEF8043084E7284682E7000083
:1058500090F8C00500F0FD00A0F1800358425841C7
:10586000704700002DE9F04F85B002AF06460C46A8
:1058700092469B46FFF7ECFF20B900200C37BD464F
:10588000BDE8F08F3046FFF799FC0023C7E90033ED
:10589000804600F10F03706823F00703ADEB030DA2
:1058A00003689B6A98471FFA88F505F110039BB2BD
:1058B00098420DF10809E0D301233B707C6087F822
:1058C00001B03C4603CC0835029003914246514654
:1058D00004A8ADB214F0F2FA00954B468A220621D4
:1058E0003046FFF79FFCC9E77FB505460E46FFF738
:1058F000AFFF98B10024CDE90244686803689B6A51
:1059000098470F280CD9082300938B226B4406215B
:105910002846ADF808400396FFF784FC04B070BD3C
:105920002046FBE72DE9F04F87B002AF81460C46D9
:1059300090461D46FFF78CFF20B900201437BD4666
:10594000BDE8F08F0023C7E90233D9F80400531CE7
:105950006A46DE00A2EBC3039D4603689B6A984734
:105960000836B0420DF1080AE7D301233B727D727D
:10597000BB68029303AE04EBC8084FF0040B444528
:1059800015D02346484653F8042B7B601146FFF799
:1059900015FC46F8042B7B6805460246194630463E
:1059A0002E44043514F08AFAAB440834E7E71FFAB2
:1059B0008BF2009253468A2206214846FFF732FCBA
:1059C000BCE7000008B590F8D0154B1E012B02462D
:1059D0000DD8FFF73DFF48B1012907D1D2F8F435C2
:1059E00023B99368B3F87E0000F0010008BD0120E0
:1059F000FCE7000013B5836893F97C300446002B64
:105A00005BD0406803689B6A98470D2855D9D4F845
:105A1000BC351A0706D594F8D6251AB123F0080329
:105A2000C4F8BC3594F896345A1C84F89624192B83
:105A300000F24F81DFE813F01A0063006B002200D0
:105A4000690067006D002000280035004A004F0003
:105A500041009D006F007100740076008200890093
:105A6000A700E600EB000B012B0137010722012103
:105A70002046FFF73BFC12E02022F8E7204602B068
:105A8000BDE81040FFF720BC94F8C035FF2B14D1BF
:105A900000230093302201212046FFF7C3FB60B9A9
:105AA000CAE0A36893F97830022B08D00023009352
:105AB000162206212046FFF7B5FB02B010BDD4F830
:105AC000BC3523F48053C4F8BC35F6E700230093BB
:105AD00024220621E0E72046FFF7BAFE034658B12C
:105AE000236994F8D72593F901309A42E5D0D4F888
:105AF000BC3543F40023E6E700903E22E9E70023AB
:105B000000930822E5E70222B1E70322AFE706226D
:105B1000ADE71222ABE70422A9E709220A21A7E791
:105B20000B22FBE7A36893F97A3023B9D4F8BC358C
:105B300023F48073C7E71022022199E7A36893F941
:105B40007A30002BF2D01522F6E794F898345BB93E
:105B5000614B1B68DB6A93F89C302BB9204602B07E
:105B6000BDE81040FFF736BDD4F8BC3523F4007310
:105B7000A9E72046FFF76CFE00289ED05749204633
:105B8000FFF7B2FE8BE72046FFF762FE002894D0B5
:105B900094F8D035012B1AD1A3685148B3F87E3060
:105BA000504903F00103002B4FF0070308BF0146E3
:105BB00000930CBF122215224FF400332046FFF74A
:105BC00041FC20B994F89634013B84F8963494F85B
:105BD000D035022B7FF471AFA3684348B3F87E3011
:105BE000424903F00103002B4FF00703009308BF65
:105BF00013224FF4003314BF152201462046FFF74D
:105C000021FC4CE7D4F8BC3523F480235BE794F8FF
:105C1000C03503F0FD03802B7FF44FAF2046FFF724
:105C200001FD024600283FF448AFD4F8FC150323D9
:105C30002046FFF777FE28B994F89634013B84F8A4
:105C400096343AE705F034F9C4F8900435E794F84F
:105C5000C03503F0FD03802B7FF42FAF05F028F94A
:105C6000D4F89034C01AB0F5FA7FE5D30023C4F815
:105C700090342046FFF7D6FC024600283FF41DAFC3
:105C800003230093D4F8FC154FF40023B6E794F8EF
:105C9000C035822B7FF411AF0323009314494FF4D6
:105CA00080130822AAE794F8F835002B3FF405AFDB
:105CB000A368B3F87E3013F0200F4FF00303009376
:105CC00014BF0C490C494FF4001314BF02220122E7
:105CD00094E70023B3E700BFE81000200100032091
:105CE000E0F4020870F5020818F60208B0F602089F
:105CF00088F40208D0F40208C8F4020837B5069DFB
:105D00000095044601F05CF8294B23604FF47F4373
:105D1000A4F8963441F6FF73C4F8BC35FF2384F829
:105D2000C0359DF81C3084F8D035E168A0680123A7
:105D300084F8D33584F8D53584F8D83500231A464D
:105D40000978FDF727F82046FFF754FE94F8D03580
:105D5000012B1BD1A368B3F87E30DB0724D44FF4AA
:105D60003670F9F79DF808B1D3230370C4F8F40531
:105D700030B9E3680F491A7803200132F6F752FF71
:105D8000D4F8BC3543F40033C4F8BC3594F8D035AE
:105D9000022B09D1D4F8BC3543F40033C4F8BC3528
:105DA000E368012283F82C20204603B030BD00BFF9
:105DB00060F7020814F202082DE9F04F2DED028B76
:105DC00090F87A14052997B0044640F0A08090F826
:105DD0007554012D45D190F86230062B03D00A2B63
:105DE0002FD000251BE090F86330242B1DD008D85D
:105DF000092B0FD0162BF4D1D4F8BC3523F48053E3
:105E000017E0312B18D03E2BEBD1D4F8BC3523F45E
:105E100000630EE080F87B54002580F8D4552846B6
:105E200017B0BDEC028BBDE8F08FD0F8BC3523F481
:105E30008063C4F8BC35D4E7D0F8BC3523F4804384
:105E4000F7E790F86330092B06D00B2BC9D1D0F8B7
:105E5000BC3523F08003ECE7D0F8BC3523F04003D9
:105E6000E7E7002DBDD190F86230062BB9D190F84C
:105E700063308A2B34D08B2BB3D1D0F8DC65002E65
:105E8000AFD090F9ED2590F8E005571C4FF00103D5
:105E90000DD184F8ED5584F8F03594F9ED35834251
:105EA0009FDA56F833102046FFF71EFD99E7D4F825
:105EB000E45503FA02F183402943013B9942C4F8B7
:105EC000E41501D0824207DBD4F8BC35D4F8E815DC
:105ED00023EA0103C4F8BC35013284F8ED25DCE780
:105EE000D0F8DC35002B3FF47CAF90F9EE25C449A7
:105EF00053F832301A0C12048A427FF472AFC2682F
:105F0000C049127804200132F6F78CFE87E7062993
:105F10000ED190F87524162A00F05B817FD8012AF3
:105F200000F08081082A00F09A81002A00F0928116
:105F300094F87A240A2A40F0898294F8758408F04B
:105F4000FD03092B3FF44DAFB8F1040F40F08B82F5
:105F5000012304F2B74684F8983404F180013046F6
:105F600004F2994714F0B6FC04F18A051E2204F1EC
:105F70006201384614F0AEFC4346A34AF02128469D
:105F800013F0AAFF04F2B158002800F02482011D8A
:105F90000822404614F09EFC9C4BE2689C49CDE9E7
:105FA000016712780132009206204246F6F73AFE67
:105FB00098490822304614F079FC002840F01882F5
:105FC00095490A22384614F071FCE8B994F8C035B6
:105FD0009249802B1EBFD4F8BC3543F48033C4F8FB
:105FE000BC35802384F8C035D4F8BC3523F4006375
:105FF00043F40023C4F8BC354046F5F7EFF9002818
:1060000040F0EB8184F8C10585490A22384614F036
:106010004DFC10B9812384F8C0350127E9E13E2AFF
:1060200041D08B2A00F03281242A81D1002382685A
:10603000A0F8623092F96C305D1C08D090F86410C2
:1060400099421EBF80F864300123A0F8623092F9B3
:106050007930B4F8625013F1640F1BD094F96E20BC
:106060009A4217D045F0020584F86E30A4F86250C9
:10607000242204F16203009206212046FFF7D2F8A1
:10608000D4F8BC3543F48063C4F8BC35012384F8EC
:10609000D435A6E6002DEBD1D4F8BC3523F48063CB
:1060A000C4F8BC35BBE6D0F8108098F90160002E2A
:1060B0003FF4ABAEFFF7CCFB054600287FF4A5AE5E
:1060C00004F1620207AF04F19A091346BE46106854
:1060D0005168BC46ACE8030008324A456746F6D131
:1060E0001068CCF800000022114646FA02F0C00702
:1060F00003D5012A1CBF0131C9B20132072AF4D1EC
:106100004A0094F865600592002722464FF0080A7D
:10611000BE423FDD92F866C098F9010040FA0CF0EB
:1061200010F001004FEAC7012AD0BCF1010F1DD0C9
:1061300094F863900598A9F1030B9BFBF0F094F899
:10614000C0B5C0B2BBF1040F82F8670002D8BCF141
:10615000020F12D082F868902144D1F86A0040F012
:106160000100C1F86A0001370832D1E74FF003009F
:1061700082F867C082F86800EEE782F868A0EBE773
:10618000214482F8670082F86800D1F86A0020F0A4
:106190000100E6E719463C227046059313F07EFEA7
:1061A000059B88B1F600043600963E220621204663
:1061B000FFF738F8D4F8BC3543F40063C4F8BC35B5
:1061C000012384F8D4352AE6D4F8BC3523F40063DF
:1061D00066E7836893F97850022D3FF40DAE90F88E
:1061E0006230AB423FF408AE034603F8625F082515
:1061F0000095FFF717F8D4F8BC3543F4805343E714
:106200000000311040F2020868F20208F866030844
:106210006DF2020889F2020892F202089DF2020869
:10622000ADF20208B0F87634082B10D190F897340C
:10623000052B02D9FFF748F8D3E5034493F86430FF
:1062400094F8632094F86210FFF794F8C9E590F889
:106250006430F5E790F8623080F89734C1E503695F
:10626000B0F86220B3F902309A4207D1436E012B95
:1062700004D1D0F8BC3523F00103DAE52046FFF75E
:10628000B3F9D4F8BC3543F00103FDE6B0F8763439
:10629000DFF8E8A3043BDBB200F16607042B7FF6CE
:1062A00047AEB846043B58F8049BDBB2D145059392
:1062B00015D13B79002B72D04FF000038DF81C30C4
:1062C00007AA072351462046FFF7CCFA012384F89A
:1062D000D435D4F8BC3543F48033C4F8BC354946D2
:1062E0002046FEF777FF05462046FEF767FF002DA4
:1062F00006464BDBD4F8DC252BB202EBC303059A30
:10630000824203F1040B0DD3012804D15B683A7972
:106310005340D90706D432464146584613F0BEFDD5
:10632000002841D094F8EC355A4649462046FFF7FC
:1063300099FAD4F8BC35D4F8E82584F8EE5513431F
:10634000C4F8BC350122D4F8E43584F8D42502FA27
:1063500005F123EA0103C4F8E43594F9ED35002B87
:1063600014DB94F8E0158B4210DAD4F8DC2552F8EF
:10637000330048450AD101335BB2994284F8ED35C8
:1063800004DD52F833102046FFF7AEFA002E3FF43A
:1063900028AD059B9B1BDBB208EB06077EE7D4F814
:1063A000BC3523F4803398E794F8E025D4F8E4056D
:1063B000012303FA05F59340013B05439D4204BFC9
:1063C000D4F8BC35D4F8E825C4F8E45504BF9343A9
:1063D000C4F8BC35C1E7A44BDFE5A4494046F4F757
:1063E000FDFF00287FF410AE012384F8C1350BE6D1
:1063F00000279F490822304614F058FA10BB822328
:1064000084F8C035D4F8BC3523F4006343F480131A
:10641000C4F8BC35012384F8F035964A0423F021F2
:10642000284613F059FD00283FF4DBAC012384F823
:10643000F83591490620F6F7F5FBD4F8BC3543F45E
:106440000013F6E4002F3FF4CCACE6E7022A0ED1AD
:1064500094F87534102B04D1A36893F97A3013B1F2
:10646000BFE4152BF8D02046FEF776FFB9E4012AE9
:10647000F9D194F87524122A17D8012A1ED9931E2F
:10648000102B1BD8DFE813F02900AD00D1001A0053
:10649000E200B5011A001A001A001A001A001A00C8
:1064A0001A001A001A001A00BD02302A00F01483E4
:1064B0003C2A00F01D81202A00F0988294F8D255E1
:1064C0000135EDB284F8D255002D7FF48AAC2B460D
:1064D00001212046FEF722FFA1E494F8D63533B11E
:1064E000D4F8BC3543F00203C4F8BC3552E0D4F80C
:1064F00062109FED648A2046FFF78EF8D4F8623070
:10650000C4F88034E368D4F866209A61E368D4F86C
:106510006A205A61E368012583F85C50D4F86E1054
:10652000D4F87230E2685B1A07EE903AF8EEE77A38
:106530000A2367EE887A2046C2ED167AD4F87220D4
:10654000E16892FBF3F200F013FEE36894F8D325C0
:106550005A70D4F8762094F8D13507EE102AB8EEA8
:10656000477A2B4384F8D13527EE087AE36883ED28
:10657000117AD4F87A20E36807EE902AF8EE677A69
:1065800067EE887AC3ED127AE36883F85250E368C5
:1065900083F85350E36893F8543063B104F088FCF7
:1065A000D4F8CC35C01AB0F5C87F40F2C182E36898
:1065B000002283F8542094F8D135D9077FF511AC27
:1065C0009A07C3F340057FF50CACD4F87C14D4F8DB
:1065D000802491427FF405AC23F0030384F8D13585
:1065E0001DE4D4F862102046FFF716F894F8D6356B
:1065F00023B1D4F8BC3543F0040375E794F8671071
:10660000E26811F0010F0BD094F86630032B05D12E
:106610008A0700D5042384F8D335BBE7022BFAD0D0
:10662000012384F8D3355370B4E7002384F8D535BB
:10663000D4F862102046FEF7EFFFE368B4F86E204E
:10664000DA85E368B4F86C201A86A3E7D4F8621000
:106650002046FEF7E1FF94F8D635E268B3B1B4F80E
:106660006A30138196E700BFF2E60208A5F202083D
:10667000B8F20208C1F20208C6F2020801000320C3
:106680000AD7233C6F12833AACC5273794F86D10B4
:10669000CB0728D594F86C30032B22D18F0700D577
:1066A000042384F8D33594F8D5351BB1E368B4F8E6
:1066B0008E20DA85E36894F8912083F8322094F8EC
:1066C000D335012B7FF666AFE56804F0F1FB286651
:1066D000E368D4F862205A60E368B4F86A201A814B
:1066E00058E7022BDDD0012384F8D3355370DAE765
:1066F00094F8D035022B7FF44DAFD4F866102046C5
:10670000FEF78AFFD4F86630C4F8C835D4F89E3056
:1067100040F235129A4367D113F0C80F64D1D4F810
:1067200072305FED298A1FED288A01EE103AD4F805
:10673000763000EE903AD4F87A3000EE103AB8EEA7
:10674000C11AF8EEE00AB8EEC00A21EE281A60EE8F
:10675000A80A20EE080A204600F006FD90B1E36882
:10676000012283F85520D4F89620E36806EE902A9B
:10677000F8EE666A66EE886AC3ED136A04F098FB69
:10678000C4F8CC05D4F87A20E36806EE902AF8EE37
:10679000E66A66EE886AC3ED276AD4F87620E36875
:1067A00006EE902AF8EEE66A66EEA86AC3ED286A5D
:1067B000D4F87220E36807EE102AB8EEC77A27EE05
:1067C000287A83ED297AD4F89620E36807EE902A98
:1067D000F8EE677A67EE887AC3ED2A7AE56804F006
:1067E00067FBC5F8AC00D5E6E368002283F85520C6
:1067F000D0E60125D4F8621084F8D6552046FEF77D
:106800000BFFD4F86230C4F8C435C4F88034E368B0
:10681000D4F87A209A61E368D4F87E205A61E3685C
:106820001FED688A83F85C50D4F88210D4F8863063
:10683000E2685B1A07EE903AF8EEE77A0A2367EE11
:10684000887A2046C2ED167AD4F88620E16892FB59
:10685000F3F200F08DFC94F87630052B00F2C38043
:10686000DFE803F0C1C1039FB8C1E36802225A7098
:10687000E2681FED7B0A537884F8D33594F8D1355C
:1068800043F0010384F8D135D4F88A3007EE903A0A
:10689000F8EE677A012567EE887AC2ED117AD4F8AE
:1068A0008E20E36807EE902AF8EE677A67EE887A22
:1068B000C3ED127AE36883F85250E36883F85350CB
:1068C000E36894F8792083F83220D4F89E20D4F835
:1068D0006230C4F87C3407EE902AF8EEE77AE36879
:1068E00067EE887AC3ED077AD4F8A230E66807EE3F
:1068F000903AF8EEE77A27EE800AF9F727FC86ED62
:10690000080AE36883F85050D4F89220E36807EE51
:10691000902AF8EEE77A67EE887AC3ED0D7AD4F81C
:106920009620E36807EE902AF8EEE77A67EE887A19
:10693000C3ED0E7AD4F89A20E36807EE902AF8EEB9
:10694000E77A67EE887AC3ED0F7AE36883F85150EF
:10695000D4F8A620E36807EE902AF8EE677A27EECF
:10696000888A83ED108A94F8D13543F0020384F8C5
:10697000D13594F8D5353BB1E368B4F8AE20DA856B
:10698000E368B4F8AE201A8694F87630012B03D968
:10699000E56804F08DFA2866E368D4F862205A604E
:1069A000F8E5E36803225A7094F877309E0742BFF7
:1069B000E36804225A7094F877305D0642BFE368BA
:1069C00005225A7094F97730002BBFF651AFE36877
:1069D00006224CE794F8772059490620F6F722F969
:1069E000E368032243E7E3685D7041E72046D4F89B
:1069F0006210FEF711FE94F86D3098077FF5CAAD6E
:106A00006AE694F8D63523B1D4F8BC3543F01003C8
:106A10006AE5D4F862109FED4B8A2046FEF7FCFD34
:106A2000D4F87620D4F86230C4F87C3407EE902A8B
:106A3000F8EE677AE3689FED440A67EE887AC3ED63
:106A4000077AD4F87A30E56807EE903AF8EEE77AFC
:106A500027EE800AF9F77AFB85ED080AE36801253D
:106A600083F85050D4F86620E36807EE902AF8EED9
:106A7000E77A204667EE887AC3ED0D7AD4F86A206B
:106A8000E36807EE902AF8EEE77A67EE887AC3EDBE
:106A90000E7AD4F86E20E36807EE902AF8EEE77AD3
:106AA00067EE887AC3ED0F7AE16800F0E7F9E368F2
:106AB00083F85150D4F87E20E36807EE902AF8EE70
:106AC000677A67EE887AC3ED107A94F8D13543F08F
:106AD000020384F8D1355DE5D4F862102046FEF754
:106AE0009BFD94F8672002F00702022A84F8C02573
:106AF00013D8AAB1D4F8BC3523F40063C4F8BC356C
:106B0000D4F8BC3523F40073C4F8BC35302200231C
:106B100001212046FEF702FC3CE5D31E012BEFD9F4
:106B20000A4B0B491B68986903681B689847E7E79D
:106B3000D4F8C825D4F8C4359A427FF452A93AE56E
:106B4000DEF202080AD7233CACC52737E810002044
:106B5000F2F202082DE9F743044604F0A9F9D4F84B
:106B60008C34B4F89424C31A9342054666D3204665
:106B7000FEF740FFD4F8BC35C4F88C54002B32D05B
:106B8000C823A4F89434606803685B699847B0F53B
:106B9000005F28BF4FF40050002685B237464FF003
:106BA0000808B3B29D4257D9606803680DF1070128
:106BB000DB69984700284FD0D4F8F405002842D16B
:106BC0009DF80730002019464FEA032C4FF0060EBF
:106BD00094F87424082A48D8DFE802F04C42525C4A
:106BE0006D7E9FBCC3004FF4FA63A4F89434A3688D
:106BF00093F97B30002BC6D094F87B24002AC2D1B5
:106C000094F88824042ABED8D4F8840441F2883247
:106C10002D1A9542B7D95D4A1268D26A92F89C2023
:106C2000002AB0D1012B05D0022BACD194F8D43579
:106C3000002BA8D02046FEF751FCA4E7D4F8BC35C1
:106C4000002BA0D1D3E79DF8071000F033FB0028FC
:106C5000B6D0002384F87434384603B0BDE8F0831E
:106C6000622B04D1022384F87434013699E70022A0
:106C700084F87424B52BF8D194F874340133F2E716
:106C8000032284F8742484F87A3484F8723484F803
:106C90007334EAE7042284F8742494F8722494F894
:106CA000731484F875341A44D2B284F872240A44F6
:106CB00084F87324D9E7052284F8742494F87224A4
:106CC000A4F87614134494F87324DBB284F8723475
:106CD000134484F87334C8E794F8722494F87394D6
:106CE00084F874E41A44D2B284F872244A4484F8D2
:106CF0007324B4F87624624492B2B2F5826FA4F899
:106D0000762404D9A4F8760484F8740460E7A4F81F
:106D10007804002AA9D10723A5E794F8722494F8EF
:106D200073141A44D2B284F872240A4484F8732487
:106D3000B4F87824B2F5826F3CBF121982F8623041
:106D4000B4F87834B4F8762401339BB2A4F87834DC
:106D50009A4290E794F8722484F874849A42D3D1CA
:106D600083E7002284F8742494F873249A427FF411
:106D70007CAFD4F8F40508B100F022FA2046FFF702
:106D80001BF8002818BF07466FE700BFE810002077
:106D90000320704737B5054640680191144668B135
:106DA00003689B6A9847A04208D9686801990368FC
:106DB000DB68224603B0BDE83040184703B030BD61
:106DC00010B504460C4820600298C4E90332C4E9B7
:106DD000010164224FF4FA7104F1200000F0D6FDA5
:106DE000E268002382F85130E26882F85230E268AB
:106DF00082F85330204610BDF0F7020810B590F825
:106E0000443013B9C368586810BD046D0CB9006CE8
:106E1000FAE7D0E912014FF47A720023F4F74CF844
:106E20002044F1E738B52DED028BC568DFED127A0D
:106E300095ED088A28EE278A0446B0EE480A11F03C
:106E4000F1FAD5ED077A27EE800A85ED0D0AE5689F
:106E5000B0EE480A11F0D6FBD5ED077A27EE800A8E
:106E6000002285ED0E0AE368DA63E368002283F806
:106E70005020BDEC028B38BD35FA8E3C10B5D1EDFB
:106E80000D0A91ED0E0A0C4611F0F6FBDFED077AC4
:106E900020EE270AF9F75AF904F1340084ED080AC4
:106EA00004F08CFA84ED070A10BD00BFE02E6542A5
:106EB000F0B5C468164E2578846836680368F66AAB
:106EC0009B6A4FF0140C0CFB054E87B09EF804E350
:106ED000CDE904126F1CBEF1000F0FD00CFB05446E
:106EE000D4F800439847DDE90412CDE90104094BC9
:106EF00000973046F8F7E4FA07B0F0BD9847DDE9AF
:106F00000412CDE90070044B3046F8F7D9FAF3E7E4
:106F1000E8100020ACF70208CEF7020800B58FB0E9
:106F200001A93322FFF7C4FF034901AA0620F5F7A0
:106F300079FE0FB05DF804FB86F202082DE9F341FB
:106F4000036C8B420446884675D0D0E9067601234F
:106F500080F8443057EA0603016420D0C3685B78A8
:106F6000012B1CD900220023C0E9062303F0A0FF57
:106F7000656DA26D60653223C5F119050544B5FB49
:106F8000F3F55D43E36DAB4219D1B4F86030042BE7
:106F900011D80133A4F86030A36D0BBB15E0606815
:106FA00030B1036891B29B6D984707460E46DDE706
:106FB00003F080FFF9E79542EED0A565ECE70023EA
:106FC000A4F86030E565002A38D1E368A068197834
:106FD000FCF7F2FAC822322100B2F9F703F9A065F2
:106FE000A36D05EB5302B2FBF3F25A43D4E912133B
:106FF0004FF47A756A43521843F10003C4E912232F
:10700000CDE9007604F1200000F0C4FCE368C3E998
:107010001A01E368012283F87020E3685B789342E9
:1070200009D9D4E912014FF47A720023F3F744FF2F
:10703000A8EB0000206502B0BDE8F08123684FF4A2
:107040007A71DB6BB1FBF2F12046C9B29847A3E736
:1070500030B52DED028B87B00D7880680023242297
:1070600003930493059302FB05030C4693F9141054
:10707000F0EE408AB0EE608A69B1012966D000F076
:10708000E9FC4FF4AF724FF4801100F0CFFC002305
:1070900084F8543054E0042312FB053185F00105D7
:1070A00012FB053201441044F9F7CAF88DED030ACA
:1070B000CDED040A8DED051A03A8F9F7D7F89FED79
:1070C000277AB4EEC80AF1EE10FAB4EEC70A54BF3C
:1070D000F0EE487AF0EE407AF1EE10FAD7D4B4EE42
:1070E000C78AF1EE10FAD2D49FED1D7A70EE480AED
:1070F00067EE877AF0EEE00AF4EEE70AF1EE10FAB6
:10710000C5DC9DED037ADDED047AB1EE477AF1EE50
:10711000677A01A88DED017ACDED027A04F03EF98F
:10712000DFED107AE0EE678AB0EE680AF9F70EF844
:10713000012384ED090A84F8543003F0B9FEA062FB
:1071400094F8540007B0BDEC028B30BD183393E8BF
:10715000070006AB03E90700AEE700BFCDCC4C3D0E
:10716000CDCC4C3EE02E6542C168FFF771BF0000F8
:107170008368B3F87E30DB0607EE902A0CD591F8D1
:107180005C304BB1D1ED166A9FED057AF8EEE77AE7
:10719000E6EEC77AFDEEE77AC1ED047A704700BFEC
:1071A0000000C84210B50023044643608360C360FA
:1071B0000249FBF715F8204610BD00BF34F802085D
:1071C0000023A0F8D432A0F8D232A0F8D63270470B
:1071D00010B5B0F8D6320446ABB1B0F8D222934223
:1071E00012D2591CD21A0144013012F097FEB4F8A1
:1071F000D232B4F8D6229B1AA4F8D2320023A4F8D3
:10720000D632A4F8D43210BD0023F5E7B0F8D63258
:107210000BB1431C0B60B0F8D602704770B5B0F8E4
:10722000D2620446721E10F8021BF4F787F801467A
:10723000B0B1601C0D1AAAB2B21A12F06FFEB4F807
:10724000D2325B1B9BB2022BA4F8D23206D96388E0
:107250005BBAC3F30903A4F8D43270BD0023FAE784
:10726000A4F8D402A4F8D202A4F8D602F5E70000EC
:1072700038B5B0F8D4120B1D034442189D7812792A
:107280005B78033145EA0245044689B2013045EA9C
:10729000032504F061F8854204D02046FFF7BEFFC5
:1072A000002038BDB4F8D4320633A4F8D632012019
:1072B000F7E7000038B504460D46FFF789FFB4F83C
:1072C000D23233B1627823789A4202D02046FFF757
:1072D000A5FFB4F8D23223B92378AB4207D00020FF
:1072E00038BDB3F5347F02D32046FFF797FFB4F8DB
:1072F000D222531C22449BB2A4F8D2325570B4F867
:10730000D4225AB9022B09D963885BBAC3F30903A3
:10731000A4F8D43213B92046FFF780FFB4F8D43272
:10732000002BDCD0B4F8D22205339342D7DA2046C2
:10733000BDE83840FFF79CBF006800BA7047000006
:1073400007B5036842681BBA12BA6846CDE9002344
:10735000F8F76CFF51EC100B03B05DF804FB000074
:1073600007B5FFF7E9FF019001A8F8F75BFF03B04D
:107370005DF804FB00F1730208B503465018FFF7EF
:10738000DBFF1860081D1044FFF7D6FF19449880F2
:1073900091F87920DA8091F87A201A7291F87B209E
:1073A0005A7208BD70B500F17306044656FA81F0B2
:1073B000CDB2FFF7C5FFC4F80B0005F10800C4F813
:1073C0000F1056FA80F0FFF7BBFFC4F8130005F169
:1073D0001000C4F8171056FA80F0FFF7B1FFC4F898
:1073E0001B00C4F81F1070BDF8B54318044693F88D
:1073F000733080F82330DA070D4611D5CFB200F193
:107400007306781C56FA80F0FFF7AAFF07F109000F
:1074100084ED090A56FA80F0FFF7A2FF84ED0B0A0B
:1074200094F823305B0708D504F17300053550FA52
:1074300085F0FFF795FF84ED0A0AF8BD10B5043119
:107440000446733050FA81F0FFF78AFF84ED0E0A8C
:1074500010BD000070B5CCB2054600F17306201DCA
:1074600056FA80F0FFF77CFF04F1080056FA80F02E
:1074700085ED120AFFF774FF103485ED130A56FAF2
:1074800084F0FFF76DFF85ED150A70BD2DE9F84317
:1074900090F87130402B05460F4646D103244FF03B
:1074A000010895F87230A34242D905EB040999F816
:1074B0007360462E14D900F0CDFAA2224FF40031A9
:1074C00000F0B4FA013E99F8749002340B2E16D8ED
:1074D000DFE806F0111715151515151C21151526D1
:1074E000730906F01F0208FA02F157F823200A4335
:1074F00047F82320E6E721462846FFF73BFF4C44A8
:10750000CFE721462846FFF74DFFF8E721462846FA
:10751000FFF76AFFF3E721462846FFF78FFFEEE704
:1075200021462846FFF796FFE9E70020BDE8F883EB
:107530000120FBE710B5C46E013C0B461146052C3B
:1075400004D8DFE804F0101A1E223843022B01D0C1
:10755000002010BD0123C366002380F8753180F838
:1075600076311846F5E780F87030022290F87611EF
:10757000C2660B4480F87631EAE780F87130032266
:10758000F4E780F872300422F0E790F87521811852
:10759000013281F8733090F876110B4480F876311F
:1075A00090F87230D2B2934298BF052380F87521CB
:1075B00098BFC366CCE70622C26690F8762180F8B1
:1075C00073319A42C4D1FFF761FFC2E780F874318A
:1075D0000023C366C5E7000010B5044B04491860DA
:1075E0000446FAF7FDFD204610BD00BF1C2F002009
:1075F000F0F8020890F8233063B9012380F82330B3
:10760000054800684FF40073006C80224FF4E131AC
:10761000F7F782BE704700BFE8100020002850DD59
:107620006F2846D01BDC132845D00EDC431E082BE8
:1076300011D8082B33D8DFE803F041053236323257
:10764000323239004FF416607047392839D0642837
:107650003AD026283AD04FF47A7358437047B0F5A1
:10766000FA7F36D010DCB0F5807F34D006DC73288A
:1076700034D0E628EFD14FF461307047B0F5E67FA3
:10768000E9D14FF4E120704740F2DC53984228D012
:10769000B0F5FA6F27D040F29933984225D0B0F573
:1076A000FA6FD8DD70474FF4965070474FF416507C
:1076B00070470F4870474FF4964070474FF49660FC
:1076C00070474FF4614070470A4870474FF41640C6
:1076D0007047094870474FF47A3070474FF4E130F3
:1076E000704706487047064870474FF46120D9E755
:1076F000FCB10100A086010020A1070060E3160094
:1077000080841E000068FFF789BF0000914215D0F9
:10771000CBB2581E012801D92B2905D1511EC9B25F
:1077200001290BD92B2A09D0053B012B08D8501F62
:10773000C0B201288CBF0020012070470120704793
:10774000002070472DE9F843002504468946174676
:107750002E4600F1060818F9352049462046FFF765
:10776000D5FF38B1B74203D104EBC500BDE8F883BB
:107770000136F6B20135042DEDD10020F6E7000008
:1077800010B5FFF7DFFF78B1C379092B0CD8074A92
:107790001033126852F8234024B1236881885B6B50
:1077A00020469847204610BD0024FBE7E810002043
:1077B0000E4B70B51D68CBB2092B0C4612D8103396
:1077C00055F8232000EBC103116810464E6B9988D1
:1077D000B04750B9A8690649036822461B68BDE84E
:1077E0007040184700231B68FFDE70BDE8100020C2
:1077F00064F802082DE9FF41FF23804603A92130E8
:107800008DF80C30FBF74EF84046FFF7F3FE564B71
:107810001B68019308F1080401267327019A06F1F9
:10782000100352F82350E6717DB3B1B24046FFF722
:10783000BFFF94F906300133332B00F28C80DFE870
:1078400003F0241A1A1A2C3335353D478A338A52ED
:107850008A8A245A8A8A698A8A4C8A7D8A8A8A8A8A
:107860008A248A8A8A8A8A8A8A8A8A8A8A8A1A8A4E
:107870008A8A8A8A8A242046FFF744FF4FF480735D
:10788000014680222846F7F747FD0136042E04F111
:107890000804C3D104B0BDE8F081092303A9204640
:1078A0000393FBF755F8F0E73923F7E72046FFF796
:1078B00029FF102301464FF48072E3E703A9204615
:1078C0000397FBF745F880231A464FF4E131D9E7D7
:1078D00003A920460397FBF73BF82046FFF712FF6A
:1078E00080230146CDE7092303A9A01D8DF80C30A4
:1078F000FAF7BEFFC9E703A920460397FBF728F86C
:107900002046FFF7FFFE1E2301461A462846F7F7DA
:1079100003FD0DE02046FFF7F5FE802301461A46E1
:107920002846F7F7F9FC2B680121DB6C28469847BD
:107930002B680021DB6B28469847A6E703A9204661
:107940000397FAF7FBFF2046FFF7DCFE1023014602
:107950004FF40072DAE72046FFF7D4FE01462846CE
:10796000F7F7E4FC91E700BFE810002010B5032909
:107970009EBF00EBC104A27140F8313010BD000081
:10798000014B1868704700BF1C2F00200180428007
:10799000704700002DE9F043DDE9074C017EA71A8E
:1079A0006CEB030629B1D0E90251AF4276EB01013D
:1079B00003DAC0E9027601210176D0E90251B0F87C
:1079C00000E04FF47A78551908FB0EFE43EB0101F5
:1079D0001EEB050941F10008A14578EB0C0809DA16
:1079E000B4EB0E046CF10001A21A61EB0303C0E9D1
:1079F00002232546438B0BB9C0E90476D0E9044243
:107A0000A74276EB0202B8BFC0E904764288013390
:107A10009BB29A42438301BFD0E90423C0E9022309
:107A2000002343832846BDE8F083000010B50368B7
:107A3000028119434368016001334360044B1B68B2
:107A4000DC6AA162D96A40688885DB6ADA8510BD84
:107A5000E810002000487047202F002013B504468E
:107A6000143000F0B7F94FF0FF330C49636620463D
:107A7000FAF7B6FB01230DF1070104F11C008DF8A4
:107A80000730FAF7EBFE064B1A6812B1054803F00F
:107A9000E1F920461C6002B010BD00BF20FA0208C8
:107AA0002C2F0020C0F90208F0B59BB005A9F9F70A
:107AB000E5FC00282FD0194D194F0FCD0EAC0FC487
:107AC0000FCD0FC495E80F0084E80F0000210D22B0
:107AD0000AA8099112F03CFA124B09AE1B680896ED
:107AE00003250EAC0393237A8DF81C30236803988A
:107AF0000693E368009311223B463146C06AF7F7CC
:107B0000DFFC0021B7EE000A05A8FAF741F8013DB5
:107B100004F11004E7D11BB0F0BD00BF3CDF020848
:107B200014FA0208E810002038B5836E0446002BD2
:107B300042D14FF07E53036590F91C30013B122B6C
:107B400022D8DFE803F00A21163A424A5621636C34
:107B5000757E21218721A093AA004820F7F7A0F97C
:107B6000054680B10022214605F054FB514B2B60A5
:107B700009E06820F7F794F9054620B1FF230022B9
:107B8000214605F0C9FFA566A06E78B103689B6821
:107B9000984758B9032048490122F5F743F8A06EE9
:107BA00010B103685B6898470023A366A36E002B9F
:107BB0007DD0012384F8633038BD6820F7F770F971
:107BC00005460028DFD00023D9E76820F7F768F9D9
:107BD00005460028D7D00123D1E74420F7F760F904
:107BE00005460028CFD00022214605F013FB334B79
:107BF000BDE74820F7F754F905460028C3D0B1EE99
:107C0000040A0022214605F0ADFBBCE74820F7F747
:107C100047F905460028B6D0B2EE040AF1E748203D
:107C2000F7F73EF905460028ADD0B3EE040AE8E7C1
:107C30004820F7F735F905460028A4D0B3EE0E0A20
:107C4000DFE74820F7F72CF9054600289BD09FED89
:107C50001C0AD6E74420F7F723F90546002892D0FE
:107C60000022214605F0D6FA164B80E75820F7F798
:107C700017F90546002886D0B1EE040A00222146F5
:107C800005F0C2F87FE75820F7F70AF90546002803
:107C90003FF479AFB2EE040AF0E75820F7F700F9A5
:107CA000054600283FF46FAFB3EE0E0AE6E76361C6
:107CB00082E700BF94520308FAF9020854530308FC
:107CC000000070425451030810B50446FFF7ECFE63
:107CD00094F91C3023B12046BDE81040FFF724BFC3
:107CE00010BD000041B990F91C302BB1806E18B165
:107CF000036811461B6918470020704713B50446F6
:107D0000B9B990F91C30A3B1836E93B103F0D0F8E8
:107D10006063A06E03685B699847A36E58B11A68E8
:107D20001846926904F124019047636A84F8380088
:107D3000236202B010BD002201921A681846D26870
:107D400001A99047019B84F838002363F1E7000004
:107D500029B990F91C00003818BF01207047002095
:107D600070470000024651B990F91C0040B192F8EA
:107D7000380028B1906E003818BF012070470020ED
:107D80007047000010B504460021FFF7B7FF637885
:107D900020461946FFF7E6FF014630B184F862300D
:107DA0002046BDE8104005F0C7BB2046FFF7DAFFCC
:107DB0000028F5D084F86210F2E7000029B990F9A4
:107DC0001C3013B190ED0C0A70479FED010A70470B
:107DD0000000000010B503490446FAF701FA2046F6
:107DE00010BD00BF40FA020808B50449F3F7F6FADF
:107DF0000028034818BF002008BD00BF80FA020811
:107E00005040030810B50C46FFF7EEFF10B1836831
:107E10002360006910BD00007047000010B40A4ADA
:107E2000417B126801238B4013420AD1074B1B6828
:107E30005B6A1A6854694289184623465DF8044B08
:107E400018475DF8044B70473C2F0020E8100020D5
:107E500038B5054D0024286820441434FFF7DEFFB0
:107E6000782CF8D138BD00BF6C2F002005289FBFAB
:107E7000054B1B6800EB800003EB800094BFB0F95A
:107E800008000020704700BF6C2F0020037B9B0779
:107E900029D4B0F908305C2B32DC452B0BDC1A2BD3
:107EA00022DC172B37DC0B2B49D018DC032B13DC1F
:107EB000012B44DC7047463B162B14D8DFE803F057
:107EC0003F13133F3F2B2B2B2B2B2B42131313133F
:107ED0002B2B131313134200042B1CD07047103BA1
:107EE0009BB2052B17D97047292B2BD004DC1F3BE5
:107EF0009BB2012B26D970472D3B9BB2022BF1E799
:107F00007F2B08D011DC7D2B0CDC7B2B03DC6D2B55
:107F100005DC5D2BE7D041F2941106F061BB6E2BBE
:107F20000DD070477E2B0DD070479C2B07D003DC03
:107F30008C3B9BB20F2BD5E7B42B03D07047642149
:107F400006F056BB4FF47A71FAE7000083B2B42B07
:107F50000BD8064B03EBC00282ED010A044A53F82A
:107F60003010136823EA010313607047702F00205C
:107F70006C450020F8B5084F054600240EB23B685A
:107F80001819B0F90830AB4202D1314606F028FB8F
:107F90001434782CF3D1F8BD6C2F0020F8B5084EBE
:107FA00005460F46002433681819B0F90830AB4273
:107FB00002D1394606F01CFB1434782CF3D1F8BDFD
:107FC0006C2F0020B42908B508D9FFF743FDBDE8A0
:107FD0000840A2224FF40031FFF728BD4A090123CF
:107FE00001F01F0103FA01F150F822300B4340F871
:107FF000223008BD2DE9F74FDFF88880D8F800302F
:108000003BB318221B481C4E002111F0A1FF002396
:108010001A4646F833200133B52BFAD1174FDFF853
:1080200054903A6000244FF0140A4FF0010BD8F836
:1080300000000AFB04000BFA04F30589B42D0BD9E8
:108040003A6813433B600134062CF0D10C4B0122FB
:108050001A7003B0BDE8F08F0193FFF717FF2946B0
:108060004846FFF7AFFF56F83520019B134346F80B
:108070003530E8E7402F0020702F0020382F0020F7
:10808000342F00206C2F00202DE9F047234B244F84
:108090001E68244B706A1A680368B2F87E10D3F821
:1080A0008C30DFF884909847FFF7A4FF00254FF04D
:1080B00001083C68706A2C44D0F800C02389617BB9
:1080C000B42B1DD8D9F8003008FA01F21A4217D1A2
:1080D000DCF80C309847B4F90830862B13D121888E
:1080E0000022204606F05CFA2046FFF797FE143582
:1080F000782DDED1706A0368BDE8F0475B6A1847E7
:10810000DCF81030E6E7872B02D1A1880022E8E7EF
:10811000882BECD161880022E3E700BFE810002043
:108120006C2F0020302F00203C2F002038B50E4B44
:108130001B7804460D460BB9FFF75CFFA3B2B42BC6
:108140000FD80A4B53F83420002A92FAA2F3B3FA5C
:1081500083F308BF4FF0FF33581C01D02B70012070
:1081600038BD0020FCE700BF342F0020702F002016
:1081700007B508460DF10701FFF7D8FF78B1094BA5
:1081800009491B6809685A6A9DF8073003EB8303A5
:1081900001EB830031F8233040881081D38003B095
:1081A0005DF804FBE81000206C2F002010B50F4B89
:1081B0001B7804460BB9FFF71DFFA3B2B42B08D9F7
:1081C000FFF748FCA2224FF40031FFF72FFC0020FC
:1081D00010BD074A5B09012052F8233004F01F0448
:1081E00000FA04F41C4208BF0020F1E7342F0020FD
:1081F000402F0020F8B505460E46FFF7D7FF90B197
:10820000094F00243B681819B0F90830AB4207D178
:108210000022314606F0C4F938682044FFF7FEFD1D
:108220001434782CEED1F8BD6C2F002070B52DEDF4
:10823000028B0546B0EE408AFFF7B8FF70B1094ED9
:10824000002433681819B0F90830AB4203D1B0EEFE
:10825000480A06F0B3F91434782CF2D1BDEC028B45
:1082600070BD00BF6C2F00200528F7B50C461AD84A
:108270000E4DADF806102B6800EB8000870003EB75
:1082800080000DF1060130F9086FFAF71FFB2B682B
:108290003B44B3F908309E4205D09C4203D10448C8
:1082A000A1B2FFF78FFE03B0F0BD00BF6C2F00201E
:1082B000402F0020F8B5061D0446354600F17C0726
:1082C0002846143506F0D4F8BD42F9D104F18C00EB
:1082D00001F0E2FA094D0A4B0A491C6020462E6063
:1082E000F9F77EFF2A6800230D32142000FB03F10A
:1082F00053540133062BF9D12046F8BD6C2F0020D2
:10830000302F0020A0400308704700002DE9F04105
:108310002DED028B2A4B9FED2B8A1C682A4E82B0D2
:1083200004B3D4ED027AF4EEC87AF1EE10FA11DB60
:10833000B4F90050D4ED010A06EBC50537EEA01ADA
:1083400095ED010A70EEE70A40F29710F7F714FF77
:1083500085ED010AB4F9003006EBC3035B68636086
:10836000E468DDE7194B1A4D19681A4EDFF858809A
:108370004FF4CE728C3101A8F6F726FF0127306842
:1083800035F8023B2044B3B9C3740289B0F9083010
:10839000B42A05D808EBC30393ED010A06F04CF9A3
:1083A0001434782CEBD101A8F6F730FF02B0BDEC05
:1083B000028BBDE8F081013BC77425F8023CE4E77D
:1083C000682F002000000034702F0020302F002084
:1083D0005A2F00206C2F0020024B1B68586A03683C
:1083E0001B6B1847E8100020024B1B68586A036893
:1083F0005B6B1847E810002010B50446FFF736FD08
:1084000001300CD0074B186840B1012202FA04F386
:10841000D0F88420134214BF0120002010BD012099
:10842000FCE700BF302F0020014B1868704700BFE9
:10843000302F002002481822002111F089BD00BF12
:10844000402F002010B4064B064A1B680649986965
:1084500003681C68537E127EA4465DF8044B604797
:10846000E8100020D0A100086041030870B5044660
:10847000054600F124062846063506F0FFF8AE4210
:10848000F9D120460349F9F7ABFE034B1C602046A7
:1084900070BD00BF78410308183500207FB50D4A34
:1084A0000346106892880290ADF80C2002AE9D1C25
:1084B00003F1260416F9013B5A1C06D00DF1060102
:1084C0002846ADF80630FAF701FA0635A542F1D193
:1084D00004B070BD7041030813B5002912DB0A4BCC
:1084E0001C68E0690368C9B25B6801910122984782
:1084F000E06901990368DB689847003818BF0120DC
:1085000002B010BD0020FBE7E810002037B50029BD
:10851000144611DB094B1D68E8690368C9B2019173
:108520005B6801229847E869019903681B69224644
:1085300003B0BDE83040184703B030BDE81000205C
:1085400073B501EB410100EB41040646B4F902109A
:108550004B1C154612D00191FFF7BEFF94F9053070
:108560000199002BC8BF85F00105854206D02A4637
:10857000304602B0BDE87040FFF7C8BF02B070BD22
:108580004B1E182B2DE9F04105460E4690460ED89D
:108590000024062707FB04F3E1B2EB5CB34203D1EE
:1085A00042462846FFF7CCFF0134062CF2D1BDE845
:1085B000F081000070B50546FFF770FF2C460026DD
:1085C000B4F902300133F1B215D02278531E182BC2
:1085D00011D8A2F10A030F2B03D9531E5A425A4154
:1085E00032B1237994F90420012B04D802F001025E
:1085F0002846FFF7A5FF0136062E04F10604DFD159
:1086000070BD0000002070470E20704700F58050BC
:1086100090F8F000C0F340007047000000F588506B
:108620007047000000F5805090F9F8007047000096
:1086300000F58050C0F8F410012070472DE9F34791
:108640000C68BDF8288014F0005407460D46964685
:108650009C4640F08F800E7B082E00F28B8000F548
:108660008059D9F800610136C9F80061302686F3D7
:108670001188C66BD6F808A01AF0806F17D1B468BD
:10868000240113D4B46814F080546FD1D9F8085180
:108690000135C9F80851D9F80C51002D68D1CDF831
:1086A0000080F6F795FC84F311885CE001242B68C8
:1086B00004F11802002B4FEA0212BABFDB0043F0AC
:1086C00004035B05B3502B6813F0804F23B218BF2F
:1086D00006EB031106EB03131EBFD1F8802142F015
:1086E0000202C1F880212A7BC3F8842106EB04161C
:1086F000AA68C6F88C216A68C6F88821D3F8802158
:1087000042F00102C3F8802141F2900107EB4412CC
:108710000A4401EB44113944C2E900EC63012A46E2
:10872000083105F10C0052F8044B41F8044B824229
:10873000F9D13B4412880A8003F5805308F0030204
:1087400093F8AC1021F00B010A4383F8AC2000230E
:1087500083F31188CDF80080724663462946384677
:10876000F6F736FC012002B0BDE8F08702249EE750
:10877000204698E74FF0FF30F5E700002DE9F04F75
:1087800090F83830032B40F098800E2A00F2958044
:10879000002900F09480302383F31188C46BD4F84F
:1087A000003243F00103C4F80032C46BD4F8003245
:1087B00023F47C53C4F80032C46BD4F8003243F481
:1087C0006063C4F80032C36B3E4CC3F81442C46B00
:1087D0000023C4F80432C46B6FF07845C4F80C521F
:1087E00000F5805494F8F8509D4218BF0E25DAB970
:1087F000C36B05F1480143F83120C36B03EBC103A0
:108800005A60C26B012303FA05F5C2F81C52C26B11
:10881000D2F8003223F00103C2F80032002383F3C0
:1088200011880120BDE8F08F4FF0010801F1040923
:10883000EF189A42D0F83CA008FA07FE36DD51F84E
:1088400033B059F833C0BBF1000F02DBBCF1000FAD
:1088500027DB4FEACB044FEACC0644F004041BF0BC
:10886000804F07F1480718BF44F002044AF8374028
:10887000C46BBCF1000FB8BF46F0040604EBC7049C
:108880001CF0804F18BF46F002066660C66BD6F833
:108890001C424EEA0404C6F81C4201330E2BC7D119
:1088A000B5E74FEA4B544FEA4C56D8E7DAF81C428A
:1088B00024EA0E04CAF81C42EFE70020B2E708469B
:1088C000B0E700BFAAAAAA0A13B500F58054019127
:1088D000D4F88400F6F7EEFE1F280BD90199D4F8DE
:1088E00084002022F6F75CFFA0F120035842584193
:1088F00002B010BD0020FBE708B5302383F31188D8
:1089000000F58050D0F88400F6F7A8FE002383F32A
:10891000118808BD00220260828142608260704737
:1089200010B500220023C0E9002300230446038180
:108930000C30FFF7EFFF204610BD00002DE9F0439B
:1089400000F580570D4697F8F03013F0040FC3F38D
:10895000800108BF114661F3820387F8F03000EB15
:10896000451303F58553083389B01B79D907DDE931
:10897000108904464FEA45163BD5002A3BD018071C
:1089800039D404EB45156846FFF7CAFF05F5845353
:10899000183303AA05F58555186859689446ACE85C
:1089A00003000833AB426246F6D11868CCF80000E9
:1089B0009B88ACF804300123ADF808302368CDE97A
:1089C00000899B6C694620469847A31903F5855397
:1089D00008331A7911070ED442F008021A71D7F839
:1089E0000C3104F589540133C7F80C31C4E902890C
:1089F00001E0002AE9D109B0BDE8F0832DE9F04794
:108A00009A4688B0074688469146302383F31188FA
:108A100007F580546846FFF783FFD4F88400F6F723
:108A20002FFE1F282BD9D4F8840020226946F6F7A0
:108A300039FF202823D103AD444605AB2E4603CE93
:108A40009E4220606160354604F10804F6D130682A
:108A50002060B388A380DDE90023C9E90023BDF8C5
:108A60000830AAF80030002383F3118853464A46A1
:108A70004146384608B0BDE8F047F6F751BA002045
:108A800080F3118808B0BDE8F08700002DE9F84FA9
:108A90002B4B044640F8043B0F4600F0FDFE182225
:108AA000002104F11C0011F053FA2046254B40F838
:108AB000403BFFF72FFF04F15000FFF731FF04F1B7
:108AC000700804F583554646103530462036FFF7CA
:108AD00027FFAE42F9D104F580554FF480534FF093
:108AE0000009C5E91D39C5F870800123C5F8846007
:108AF00004F5885804F58556C5F87C9085F88030D3
:108B000085F88830103608F110084FF0000A4FF051
:108B1000000B46E908ABA6F11800FFF7FBFE203674
:108B200046F8289C4645F4D185F8F87017B10648F8
:108B300002F090F9054BE3632046BDE8F88F00BFD3
:108B40005CE4020810420308E841030800640040A6
:108B500010B5044B197804464A1C1A70FFF796FFAB
:108B6000204610BD203500202DE9F047002950D0C7
:108B7000294B2A4FB7FBF1F599428CBF0A231123E9
:108B8000581EB5FBF3FC03FB1C53C4B22BB10228E7
:108B90000346F5D80020BDE8F0870CF1FF36B6F5A6
:108BA000806FF7D2C4EBC40E0EF103034FEAE30962
:108BB000C3F3C703A4EB030809F1010A4FF47A7564
:108BC0005FFA88F009FB05555AFA88F8B5FBF8F505
:108BD000B5F5617FC1BF0EF1FF33C3F3C703E01AE0
:108BE000C0B25C1C50FA84F40CFB04F4B7FBF4F440
:108BF000A142CFD1013BDBB20F2BCBD80138C0B2A1
:108C00000728C7D80021107116809170D3700120F9
:108C1000C1E70846BFE700BF3F420F0000B4C404ED
:108C200070B505460E464FF47A74EB6B5B6803F043
:108C30000103B34207D04FF47A700EF071FA013C91
:108C4000F3D1204670BD0120FCE70000F0B5C26BF7
:108C5000936913F0700F1ED000230F4E936141F201
:108C6000A80500F5805400EB43122A4411794F0700
:108C70000ED589070CD5C16B56F823708F6011791A
:108C800041F004011171D4F814210132C4F8142107
:108C90000133032BE7D1F0BDFC41030873B51D463A
:108CA000C36B16469A68D207044609D59A68012113
:108CB0009960C2F34002CDE900650021FFF73EFE56
:108CC000E36B9A68D1050BD59A684FF4807199606F
:108CD000C2F34022CDE9006501212046FFF72EFEB8
:108CE000E36B9A68D2030BD59A684FF48031996090
:108CF000C2F34042CDE9006502212046FFF71EFE87
:108D000004F58053D3F8F40038B1D3F830210132A0
:108D1000C3F8302103681B699847204602B0BDE8BC
:108D20007040FFF793BF0000F8B50446C66B0029FA
:108D300040F08D8006F10C073868850700F09080C0
:108D40003868C00641BF04F58055D5F820010130D0
:108D5000C5F8200106EB011506EB0111D5F8B001AD
:108D600010F0040FD5F8B0011ABFC00840F0004061
:108D7000400D2064D5F8B0C11CF0020F1CBF40F0BC
:108D800080402064D5F8B40100F00F0084F84C0056
:108D9000D1F8B80184F84400D1F8B801000A84F889
:108DA0004500D1F8B801000C84F84600D1F8B801AC
:108DB000000E84F84700D1F8BC0184F84800D1F8CF
:108DC000BC01000A84F84900D1F8BC01000C84F809
:108DD0004A00D1F8BC11090E84F84B1038213960D3
:108DE00004F15C0004F1400104F14C0551F8046BFE
:108DF00040F8046BA942F9D109880180C4E9142321
:108E000021460023A4F8583051F8503B20469B6C73
:108E1000984704F58053E8B1D3F818210132C3F81C
:108E2000182193F8F020D3F8F40042F0040283F8FC
:108E3000F02038B1D3F830210132C3F83021036873
:108E40001B6998472046BDE8F840FFF7FFBE06F1D2
:108E5000100771E7D3F81C210132C3F81C21E0E7A9
:108E6000F8BD000010B5044602F024F802460B4697
:108E700052EA030102D0013A63F100030449086891
:108E800020B12146BDE81040FFF74EBF10BD00BF26
:108E90001C3500202DE9F041302181F31188DFF8E5
:108EA0005C8000F584511031002441F2A80E00F5D9
:108EB000805C00EB441575442E79770713D4F606D1
:108EC00011D5D1E9007697429E410CD2C66B58F875
:108ED0002470B7602E7946F004062E71DCF810512C
:108EE0000135CCF810510134032C01F12001E0D1FF
:108EF000002383F31188BDE8F08100BFFC41030823
:108F000008B5302383F31188FFF7A0FE002383F315
:108F1000118808BD2DE9F041C36B0546986800F043
:108F2000E050B0F1E05F0F4623D000B3302383F36D
:108F3000118805F584541834002641F2A80805EB81
:108F4000461343441B791A0706D50136032E04F154
:108F50002004F4D1012007E05B07F6D4214638460F
:108F6000F6F792F80028F0D1002383F31188BDE8CA
:108F7000F0810120FBE7000008B5302383F311885E
:108F800000F58050D0F88400F6F77AFB002383F3D5
:108F9000118843090CBF0120002008BDF8B51D460B
:108FA000002313700F4606461446FFF7E5FF80F0D6
:108FB0000100387025B129463046FFF7ABFF20701D
:108FC000F8BD00002DE9B8410C4615461F46804605
:108FD00001F070FF0B462178024609B9287850B19C
:108FE0004046FFF757FFFFF78BFF3B462A462146D7
:108FF000FFF7D4FF0120BDE8B881000070B530262E
:1090000086F31188174B9A6D42F000729A659A6B3D
:1090100042F000729A639A6B22F000729A63002306
:1090200083F3118800F5805494F8F03013F00105B3
:1090300016D1A9B186F31188032113200DF050F841
:10904000032114200DF04CF8032115200DF048F8F1
:1090500094F8F03043F0010384F8F03085F3118880
:1090600070BD00BF001002402DE9F04700F58055AB
:1090700088B095F8F830012B04468846164600F271
:109080008A80864F57F8232042B947F8230001F021
:109090007BFB95F8F83000EB8300C463D7F800A0A1
:1090A000C4F8348084F83860BAF1000F65D095F8C0
:1090B000F830012B71D001212046FFF79FFF3023AC
:1090C00083F31188E26B136823F002031360E26BF1
:1090D000136843F001031360E36B00275F6187F3BC
:1090E000118801212046FFF79BFD002800F09680A3
:1090F000D5F88400F6F7B2FA04F58459BA4609F1B6
:10910000100920220021684610F022FF02A8FFF774
:1091100001FCCDF818A06A4609EB07030DF1180E03
:109120009446BCE80300F44518605960624603F1B8
:109130000803F5D1DCF80000186020379CF8042003
:109140001A71602FDDD195F8F0306FF3820300279C
:1091500085F8F0306A4641462046ADF80070ADF81B
:1091600002708DF80470FFF7FFFCE36B48BB4FF40F
:1091700000421A6008B0BDE8F08741F23810F5F7F8
:109180008FFE814610B15146FFF780FCC7F8009072
:10919000B9F1000F8BD10020ECE7386803689B6BB6
:1091A00098470146002886D13868FFF727FF3868BE
:1091B000036832465B684146984700287FF47BAFDE
:1091C000E9E761221A609DF802309DF803201B0632
:1091D000120402F4702203F040731343BDF8002020
:1091E000C2F3090213439DF804201205022E02F473
:1091F000E0020CBF4FF0004100211343E26B0B4330
:10920000D361E36B13225A61E26B136823F001030D
:10921000136039462046FFF703FD08B9E36BA6E764
:1092200095F8F83093BBE16BD1F8002242F00102CF
:10923000C1F80022E16BD1F8002222F47C5222F026
:109240000E02C1F80022E16BD1F8002242F4606204
:10925000C1F80022E26BC2F81432E26BC2F80432A9
:10926000E26B41F6FF71C2F80C12E26BC2F84032B9
:10927000E26BC2F84432E36B0122C3F81C22E26BBA
:10928000D2F8003223F00103C2F8003295F8F03032
:1092900043F0020385F8F0306CE700BF1C35002076
:1092A00008B501F007FE50EA0103024602D0421E53
:1092B00061F10001044B186810B10B46FFF7EEFC9A
:1092C000BDE808400BF008BA1C35002008B50020A6
:1092D000FFF7C8FDBDE808400BF0FEB908B5012056
:1092E000FFF7C0FDBDE808400BF0F6B9704700007D
:1092F00013B50468009224690B46A04702B010BD64
:1093000070470000002070470020704713B56C467E
:1093100084E8060000F1140394E8030083E80500E4
:1093200002B010BD0020704713B56C4684E80600FB
:1093300000F10C0394E8030083E8050002B010BDBF
:109340000023C0E90333704782B002AB03E9060093
:1093500002B070477047000000207047704700005F
:1093600080F82D107047000080F82C107047000026
:1093700001207047806A04307047000080F8341084
:1093800070470000002070470120704708B503684F
:109390005B68984700F0010008BD000008B503684D
:1093A0005B68984720F0010008BD0000704700008E
:1093B00070470000704700001FB502AC84E80C0045
:1093C000009094E80C00806A05F018FC04B010BD11
:1093D000806A05F06BBC000010B50446006B0EF00F
:1093E0000FFA606A034B236008B1F5F765FD20466C
:1093F00010BD00BFAC42030810B50446FFF7ECFFF8
:109400002046F5F755FD204610BD000070B5044616
:1094100088B050300DF07CFB104B0494CDE905343E
:1094200014200F4B0793F5F73BFD054690B108AAB2
:1094300012E9030094F848300A4E06EB031601AB1C
:1094400083E80300059B00937279049BB179284659
:1094500000F046FAE56108B070BD00BFAD930108A9
:10946000B1930108FC420308F8B5044600BB022290
:109470001146104800F022FE0222064603210E4843
:1094800000F01CFE012706F00F010546224607FAF0
:1094900001F126F00F000BF0CFFE05F00F01224680
:1094A00007FA01F125F00F00BDE8F8400BF0C4BE4B
:1094B000F8BD00BF0E0400480D040048B0FA80F06B
:1094C0004009704738B50A4D0A4B03600446002333
:1094D000284685F84830FFF799FF074BEB6403F106
:1094E000845303F5712303F24C63EB63204638BDCC
:1094F0002435002014430308A086010070B51E46E1
:10950000204B03600D46204B80F82D200021C0E940
:109510000311C0E905110171642105FB0133836268
:10952000022380F82C309DF8103080F83530059BF0
:109530008363EB00044643F0010303724272134657
:1095400012492A46303000F099FBA26AD36CB3422C
:1095500015D90F4B9E429EBF0E49D163A26A0E4998
:1095600098BFD3640D4B1B689869A36ADA6C0368D3
:109570001E684FF47A73B2FBF3F32A46B0472046D5
:1095800070BD00BF2C430308243500205C42030853
:10959000A08601003E2E813068420308E8100020BA
:1095A00030B585B0CDE902320D4689B93C20F5F7DA
:1095B00077FC044648B1099901919DF8201000916B
:1095C000DDE902322946FFF799FF204605B030BD9C
:1095D0000024FAE72DE9F04F89B05C4D0693836AC9
:1095E000DDF8488093F8483007911B010446164681
:1095F000E8581FFA88F90CF023FEA06ACDF8009015
:1096000006ABB2B207A905F067FB074650B9A36ADB
:1096100093F848301B01E8580CF016FE384609B0A4
:10962000BDE8F08FDFF82CB14FF0000AA16A484A7C
:10963000CB6CB2FBF3F306EB0802A06B53434FF481
:109640007A72B3FBF2F35B000133834238BF034607
:10965000C869059300F0AAFAA16A91F848000001D0
:109660003C3128580CF09CFD302181F31188DBF847
:109670000010C86A416B01314163002181F31188F8
:10968000059B94F82D104FF47A72A3FB0232A26A64
:1096900092F848009BB20001002E33D10093069A45
:1096A000285843460CF0B4FDA26A059092F8482071
:1096B0001201A8580CF082FDA26A0121D06900F0C5
:1096C00061F9A26A059B92F848201201A8588268A5
:1096D00012F0800F20D0FEF7BDF940F293124FF444
:1096E0000021FEF7A3F9DDE90621A06A4B4605F04B
:1096F00019FBA36A93F848301B010027E8580CF0C7
:10970000A3FD8BE7CDE90183069B0093079A2858B8
:1097100033460CF061FDC7E7DBF80020806BD16AAF
:109720008A6B02448A6333B9DDE90621A06A4B469D
:1097300005F0F8FA6BE794F82C200AF1010A5FFAB9
:109740008AF39A42BFF472AFCDE700BFFC42030830
:1097500000127A00E8100020F0B50446806A85B057
:109760000430CDE902210A9F1E4600F0A1F8DDE990
:109770000221054660B91C4BA2681B681B49986909
:1097800003681E6894F82D30B047284605B0F0BD38
:10979000A36A94F83550186CA5B140F48010186491
:1097A00094F83450E5B181B9002EEED0002FECD002
:1097B00000220A9733461146204605B0BDE8F04026
:1097C000FFF708BF20F48010E9E7002AECD000235F
:1097D00000932046FFF7FEFE0028E5D10546D4E7BA
:1097E0000A973346E8E700BFE81000207C420308F0
:1097F00008B5B021044805F0EBF9BDE80840034A7C
:10980000034900200EF008BE2435002050450020FA
:10981000B5930108036800211B68184708B5043098
:109820000DF0E4F9012008BD04300DF0D5B90000B9
:109830002DE9F84306460D4621B904300DF0AAF98A
:10984000012424E003685B6898470028F8D101F000
:1098500031FB104B8846D3F800904FF47A710746DD
:109860004D43D9F828000368C8219B68984733689E
:1098700030465B68984704460028E1D101F01AFBA6
:10988000C01B61EB0801A84271F10003E9D3204637
:10989000BDE8F883E810002010B5044B044640F8FA
:1098A000043B0DF035F9204610BD00BF8C43030882
:1098B000034BC068DB68C31A58425841704700BF69
:1098C0001072002038B5054D0024284601340DF0F3
:1098D0001FF9102C05F12005F7D138BD8C3500207B
:1098E00082B010B5914203934FF00003C0E90033FA
:1098F000C0E9023304460174427484BF02744174A7
:10990000DDE9030184E80300DDE9050104F1080352
:1099100083E803002046BDE8104002B07047000015
:10992000002070470F2838B50AD8074B03EB4015C5
:109930002846AC680DF02EF914B1AB689C4201D1F9
:10994000002038BD0120FCE78C3500200F2938B5F8
:109950000446154610D8094800EB41100DF046F9B1
:1099600055B1074B1B683BB1227C02EB420203EB73
:1099700082039A6801329A6038BD00BF8C3500209E
:109980008835002013B5002304460A4683740191EC
:10999000417CFFF7DBFF019A217C204602B0BDE845
:1099A0001040FFF7D3BF00002DE9F04F354E2DEDED
:1099B000028B33688BB007461BB9CC20F5F776FADB
:1099C000306031499FED318ADFF8C480384601F0BC
:1099D000B1FA00254FF00C09326809FB05F4EBB22F
:1099E000115902EB040C31B9DCF8041019B9DCF898
:1099F000081000293DD0111991ED007A52F804E0C9
:109A0000DCF80400DCF8081007910EEB00010131CE
:109A100007EE901AB8EE477AF8EE677A27EE087AE2
:109A2000DCF804A052F804B0C7EE277A0722B3FB93
:109A3000F2F2C2EBC20CA3EB0C0301330132DBB236
:109A4000D2B20993089217EE900AF0F737FD079B00
:109A50000093CDE90401DDE90823CDE901AB4146DE
:109A6000384601F067FA336800221A5133682344FC
:109A70005A600135102DAFD10BB0BDEC028BBDE8A3
:109A8000F08F00BF88350020A44303080000C842BF
:109A9000AB430308D0E900031847000038B504467B
:109AA000007C0F280FD83F4D05EB4013D96951B109
:109AB000A14208D018461430FFF7ECFF237C05EBD9
:109AC00043150023EB61607C0F280FD8354D05EB63
:109AD0004013D96951B1A14208D018461430FFF79C
:109AE000D9FF637C05EB43150023EB61227C0F2A31
:109AF00004D82C4B03EB4213DB693BB1627C0F2A89
:109B000026D8284B03EB4213DB690BBB21462046CA
:109B1000FFF7C0FF237C0F2B0BD8224AD4E90201A8
:109B200002EB4313143383E80300237C02EB43125C
:109B3000D461637C0F2B0BD81A4AD4E9020102EBE3
:109B40004313143383E80300637C02EB4312D461B4
:109B500015480268D2B1237C0F2B09D8E57C03EBB2
:109B60004303990002EB83039DB1535801335350D3
:109B7000637C0F2B0AD80268E07C03EB4303990057
:109B800002EB830348B15358013353500123A374AC
:109B900038BD5A6801325A60EAE75A6801325A60A1
:109BA000F4E700BF8C3500208835002038B5044626
:109BB000007CFFF7B7FE0546607CFFF7B3FE002D83
:109BC00008BF0546E5742046BDE83840FFF766BF8C
:109BD000044B11220021013AC3E9051103F12003CE
:109BE000F9D170478C3500200CB430B585B008AC85
:109BF0000A46074954F8043B0D6800940146E86A98
:109C00000394F5F73DFC05B0BDE8304002B0704765
:109C1000E810002013B5054C0093246813460A464B
:109C20000146E06AF5F72CFC02B010BDE8100020F8
:109C30002DE9F341134601920E460A4600210746DC
:109C40000846FFF7E7FF041E019B05DC4FF0FF34D9
:109C5000204602B0BDE8F08104F101080121404630
:109C600001930DF0C9FD05460028EFD0019B324657
:109C70004146FFF7CFFF3D60EAE700000EB403B5B1
:109C800003AA52F8041B0192FFF7D2FF02B05DF85D
:109C900004EB03B0704700000A46014601480AF091
:109CA00069BD00BFC06400200FB407B5054B04A90F
:109CB0001B6851F8040B0191984703B05DF804EB61
:109CC00004B07047D00E0020704700000A4A70B5FB
:109CD00000231C2505FB03F4A65C864207D121B1B5
:109CE0001319997809B1587800B1101970BD013372
:109CF000062BEFD10020F9E7AC37002008B5084665
:109D00000121FFF7E3FF40B1436823F00F0203F0A6
:109D10000F031069D84000F0010008BD08B50846DF
:109D20000121FFF7D3FF48B1426822F00F01012360
:109D3000486902F00F02934043404B6108BD0000A8
:109D400000797047406820F00F0300F00F001B6996
:109D500023FA00F000F001007047000010B54268DF
:109D600001F0010102F00F0081F0010300F1100485
:109D7000A340814022F00F021943916110BD000001
:109D8000426822F00F010123486902F00F0293405C
:109D900043404B617047000000B10047704700002E
:109DA00008B508460121FFF791FF003818BF0120D0
:109DB00008BD00000A4870B500231C2505FB03F40C
:109DC000265C8E4206D12044807810B10138107094
:109DD000012070BD0133062BF0D10020F9E700BF50
:109DE000AC37002038B5074C0025A07820B10138E9
:109DF000C0B2FEF701FB60700135062D04F11C04B2
:109E0000F3D138BDAC37002010B508460121144607
:109E1000FFF75CFF20B140680DF030FE20600120AC
:109E200010BD000038B5084601211546FFF74EFF6A
:109E3000044638B13DB9037D83B1437D202B01D069
:109E4000402B0BD138BD0123437540680DF016FE41
:109E500000F00500052803D1607501E0002363755B
:109E60006068627D00F00F030121994020F00F002F
:109E70000BF0E2F9B5FA85F252092275E2E700002B
:109E800038B5084601211546FFF720FF0446A0B16A
:109E90004068237D00F00F020121914020F00F0067
:109EA00043B1012D0CBF202240226275BDE838402D
:109EB0000BF0C2B989B20DB9418338BD0183FCE70B
:109EC00040680A4600F00F030121994020F00F007E
:109ED0000BF0B2B907B5084601210192FFF7F6FE73
:109EE00060B14068019A00F00F030121994020F011
:109EF0000F0003B05DF804EB0BF09EB903B05DF802
:109F000004FB0000084610B50121C0B2FFF7DEFED9
:109F1000044638B10820F4F7C3FF18B16368024A59
:109F2000C0E9002310BD00BF3C44030870B50446DF
:109F300000F0B6FF034694B1E56885B1E28A8AB1C4
:109F4000012A0DD1302383F31188606800F00F01DE
:109F500020F00F000BF022FA002383F3118870BD6C
:109F6000013AE2826268A06822F00F0102F00F025B
:109F7000096921FA02F2AC46217802F00102BDE83B
:109F8000704060472DE9F74F2B4CDFF8B080DFF8C9
:109F9000B090DFF8B0A0064600252746E38A012BE3
:109FA00003D042F21073E3823EE0237ED8F800B083
:109FB0008BB9227851460320F2F734FEDBF82C30BF
:109FC00093F89C307BB1FDF745FD40F271224FF0D4
:109FD0000071FDF72BFDDBF82C3093F89C3013B1AA
:109FE0000123237620E0237EFF2B18D1A3680BB931
:109FF000E368CBB1227849460520F2F713FE1C2214
:10A0000002FB05723168607ED3680090D1F82CB0F5
:10A01000926821783046D8470028E1D0C1E7013363
:10A02000DBB2642B2376E1D80135062D04F11C0444
:10A03000B4D103B0BDE8F08FAC370020E8100020A9
:10A04000F4430308E043030837B50E480C460023E9
:10A0500011460246057E6DB11C2043430A48D35C7D
:10A0600000680093C06A094B2246F5F729FA0020E0
:10A0700003B030BD0133062B00F11C00EAD10120F2
:10A08000F6E700BFAC370020E810002014440308B6
:10A0900008B5302383F3118808B103691BB9002385
:10A0A00083F3118808BD002110300DF053F8F6E756
:10A0B000014B0360704700BF544403087047000021
:10A0C0002DE9F8431C469DF82030013BDBB2022B02
:10A0D0000E4690461CD8134AD55C134B06F00F076A
:10A0E00053F83730BBB1D4B9254626F00F093946AD
:10A0F00048460BF053F92246414630460CF0A8F88A
:10A1000048462A4639460BF019F90120BDE8F88384
:10A110002CB92546E1E7002C08BF0025E5E7002023
:10A12000F4E700BF30440308BC6300202DE9F3418D
:10A1300007460846012190461C46FFF7C7FD054625
:10A1400040B1302383F31188066936B1002181F3D1
:10A150001188084602B0BDE8F081CDF80080416862
:10A16000114A03463846FFF7ABFF10B980F3118858
:10A17000F0E747F230520A21A0B2F6F72BF881B28D
:10A1800005F110000CF0D8FFCDF800806968044696
:10A19000334632463846FFF793FF86F31188B4FA08
:10A1A00084F04009D6E700BF91A0010813B5302420
:10A1B00084F311889DF810400094FFF781FF00237D
:10A1C00083F3118802B010BD07B5002A009313462F
:10A1D000034A08BF0022FFF7E9FF03B05DF804FB64
:10A1E000999D010837B505460846002101921C4695
:10A1F000FFF76CFD60B100234168019A0376C382CA
:10A2000044762346284603B0BDE83040FFF7DCBF64
:10A2100003B030BDF0B585B0064602AD084600215A
:10A2200085E80C00FFF752FD9DF82870044618B928
:10A230000023184605B0F0BD039A41680023037659
:10A24000C3829A4203460948009718BF0246304627
:10A25000FFF7ACFF03460028EAD095E8030004F1BD
:10A26000080282E803006776E3E700BF2D9F01083C
:10A2700038B52E4C1C22002120460FF069FE1C220E
:10A2800032230125237000214FF09043A018636012
:10A290006570A5700FF05CFE332323770223A3774C
:10A2A0001C22234B2362002104F1380065770FF054
:10A2B0004FFE342384F83830032384F83A301C22CC
:10A2C0001C4BE363002104F1540084F839500FF073
:10A2D0003FFE352384F85430042384F856301C2282
:10A2E000154BA365002104F1700084F855500FF060
:10A2F0002FFE362384F87030052384F872301C2238
:10A300000E4B6367002104F18C0084F871500FF04C
:10A310001FFE372384F88C30062384F88E30084BD8
:10A3200084F88D50C4F8903038BD00BFAC370020A1
:10A330000100004808000048090000480A000048E1
:10A340000B00004813B50468009224690B46A0472F
:10A3500002B010BD00207047002070477047000019
:10A36000002070470020704782B002A901E90C006C
:10A3700002B070477047000000207047704700002F
:10A38000704700000120704701207047012070478E
:10A390002830704782B002A9002001E90C0002B009
:10A3A00070470000704700007047000070470000D1
:10A3B0007047000008460DF0EBB8000008460DF0AD
:10A3C000B1B9000073B51E460C461546011D10229A
:10A3D00001A8F4F7F9FE3246294620460DF022F98D
:10A3E000044601A8F4F712FF204602B070BD000039
:10A3F00013B50D220C46011D01A8F4F7E5FE204619
:10A400000DF0D8F8044601A8F4F700FF204602B08A
:10A4100010BD00000DF0BAB808460DF0B3B800004A
:10A4200008460DF0A7B8000010B5064B044640F8EA
:10A43000883BF5F7D5F804F17400F5F7D1F820461C
:10A4400010BD00BF2C59030808B53020F4F728FDD3
:10A4500070B10023C0E90333C0E905330371037A07
:10A46000022262F302030372024B0360024B836217
:10A4700008BD00BFD04403081047030810B4BDF85E
:10A48000044001945DF8044B00F0F6BB10B4BDF835
:10A49000044001945DF8044B00F09CBB00F0B2BB9B
:10A4A00000F0E0BB38B5084B036090F80431044677
:10A4B00043B9D0F800512DB12846F5F791F8284658
:10A4C000F4F7F6FC204638BD5056030810B5044B8F
:10A4D00003600446406A08B1F4F7EEFC204610BD64
:10A4E000AC42030810B50446FFF7F0FF2046F4F72E
:10A4F000DFFC204610BD000010B51C4B036000219E
:10A5000090B004460171102200F54A700FF020FD52
:10A5100004F54E70FFF7C0F912200DF033F8144B1C
:10A520000A94CDE90B34134BCDE90D34124B0F9344
:10A5300010A9024611E9030005AB83E80300DDE939
:10A540000C0103AB83E80300DDE90A0101AB83E8FA
:10A5500003000A4B009304F10801234604F55970E7
:10A5600001F094FF204610B010BD00BF1046030854
:10A570008DA401089DA40108A1A401087DA40108DF
:10A580001B4A1C491C4B10B502611C4A42611C4A03
:10A59000826102641B4A42641B4A82641B4AC16195
:10A5A000C2641B491B4A016202651B491B4A416286
:10A5B00042651B491B4A0360816282651A4B1B4935
:10A5C0001B4A4360C162C2651A4B1B491B4A836028
:10A5D000016300231A4902661A4AC36004464163B4
:10A5E0004266C36300F034FC174B2360204610BD65
:10A5F000A044002054380020AC4403081C40002034
:10A60000583B0020C03C0020283E0020903F002006
:10A6100060380020A43F002048390020B83F0020C7
:10A62000C0430020CC3F0020B8430020B03A0020B7
:10A63000E03F0020BC430020D40E0020F43F002067
:10A64000BC380020084000207045030808B53023BE
:10A6500083F31188074B1B689A68996B8A4201D073
:10A66000824200D2986098630CF0F2FB002383F3DF
:10A67000118808BDB83800207FB51422002101A838
:10A680001C46334E334D0FF063FC69464FF4614373
:10A69000314800930BF0ECFF304BF2681A60B420A5
:10A6A0002C600CF025FDFFF70DF90DF0E5F92C4BB2
:10A6B0001C684FF4E131206CF4F738FE2069036820
:10A6C0001B689847A06A03681B6898470A20FFF731
:10A6D000BDFF0DF0E5FA40B1224813210DF0F0FA6C
:10A6E00020494C2288180FF0E9FB1F4B28680122F3
:10A6F0009A7303681B6898471C4B1B6813B11B6A4D
:10A70000DB0701D50DF096FAE06A03685B689847AD
:10A7100038B1FDF79FF94FF497724FF40061FDF7E0
:10A7200085F9114807F018F9A06A0F4C03681B6BF4
:10A730009847F3680E4ADA61B4200CF0D9FC286817
:10A7400003685B689847204607F006F9F7E700BF03
:10A7500010720020D8380020C0640020B8380020D3
:10A76000E8100020B43A0020C043002064450020D7
:10A7700098440308014B1868704700BFB8380020A0
:10A7800000487047DC38002000487047DC38002063
:10A7900038B500215248534C07F0BAFC524A53498D
:10A7A0004F480DF039FE0121514807F0B1FC4E4AE7
:10A7B0004E494F480DF030FE02214E4807F0A8FCEC
:10A7C0004A49494A4B480DF027FE4B4800F076FDB8
:10A7D0004A4800F073FD4A4800F070FD494800F017
:10A7E0006DFD494800F06AFD484800F067FD4848A3
:10A7F00000F064FD4748FEF765FE474B474A1A6084
:10A800002046474B40F8983BFFF746F8364A454903
:10A8100020460DF001FE4448444CFFF76DFE324ADD
:10A82000434941480DF0F8FD4248FFF741FC2046FE
:10A83000414B40F8043B242200210FF089FB04F136
:10A840003400FFF729F84FF0FF33274A3B49E36410
:10A8500020463B4C0DF0E0FD302323714FF47A731A
:10A86000E38020464FF4FA632381364B40F8143BD3
:10A87000FFF712F84FF4C8720023C4E9362300230F
:10A88000C4F80031012384F804311420F4F708FBE4
:10A89000054610B16C21F4F791FEC4F80051002573
:10A8A0002949114A84F804512548284C0DF0B4FD7B
:10A8B000274806F0F5FF274B274A83F89C5020468F
:10A8C0001A60264B40F8043BFEF7E6FF2046064A96
:10A8D00023490DF0A1FDBDE838402248FFF750BEE6
:10A8E000583B0020A04400205045002029A4010826
:10A8F000C03C0020283E0020903F0020A43F0020C4
:10A90000B83F0020CC3F0020E03F0020F43F002073
:10A9100008400020B8430020BC4300203445030811
:10A92000CC540308A5A301081C4000206038002077
:10A93000A9A301085438002018550308ADA3010845
:10A940004839002050560308A5A40108BC3800204F
:10A95000C0430020B03A0020505B03084C45030878
:10A96000B1A30108DC38002070470000037933B13F
:10A9700008304FF448730860136001207047184690
:10A980007047000000F5597001F098BF10B50446FB
:10A99000007948B100F08CFAD4F86033C01AB0F5F1
:10A9A000FA6F2CBF0020012010BD000008B5FDF794
:10A9B00051F8A2224FF40031FDF738F8002008BD0D
:10A9C000F8B50646EAB1CC0801390A44C2F3CC0511
:10A9D0000127A54215D3632C0ED8630906EB830328
:10A9E00004F01F0207FA02F1D3F828230A43C3F840
:10A9F00028230134A4B2ECE7FFF7D8FF0028ECD1FC
:10AA0000F7E7F8BD122110B513220446A0F8581339
:10AA10000548FFF749F904F5597001F097FF10B99F
:10AA2000024800F017FA10BD744503089A45030860
:10AA300010B50179044671B9102200F54A700FF083
:10AA400087FA2046FFF7DEFF022121710248BDE8A8
:10AA50001040FFF729B910BDB8450308B3F5487F8A
:10AA6000F8B507460E4614461D460DD8C3F5487383
:10AA70009A4209D80834FFF7DBFF2A4639193046D5
:10AA8000BDE8F8400FF01ABAF8BD0000B3F5487FF2
:10AA90002DE9F34105460E4690461C4622D8C3F5E3
:10AAA000487399421ED801F10807074422463946E7
:10AAB00040460FF0F3F9A8B12846FFF7B9FFF1229D
:10AAC00005F54E7101A8F4F77FFB22464146384652
:10AAD0000FF0F4F92846A2B23146FFF771FF01A842
:10AAE000F4F794FB02B0BDE8F081000037B50546ED
:10AAF0000C4601A80121F4F74DFBE10089B20822C0
:10AB000005F5597001F01CFE044601A8F4F74EFB50
:10AB1000204603B030BD00002DE9F74F037904460D
:10AB200003B300F54A7300F54E7853F8042B32B99D
:10AB30004345FAD100F0BCF9C4F8600312E00025E7
:10AB40000123C5F34A1604EB860605F01F07D6F865
:10AB5000282303FA07F717421FFA85FA05D10135B2
:10AB6000642DEED103B0BDE8F08FED0008354FF451
:10AB70008872414601A8F4F727FB04EB050B6359E3
:10AB8000C4F85033DBF80430C4F8543301A8F4F7A8
:10AB90003DFB2379022B04F55479E3D1514620463D
:10ABA000FFF7A4FF0028DDD04FF49C72414601A8B6
:10ABB000F4F70AFB0822594648460FF06FF928B906
:10ABC000D6F8283323EA0703C6F8283301A8F4F798
:10ABD0001DFBC7E738B51C46094BB0F858031B6886
:10ABE0005B6B15461A680144126818469047BDF819
:10ABF0001020411920460FF061F9012038BD00BF37
:10AC0000E81000202DE9F743DFF8549006460F4680
:10AC100005244FF47A7101A8F4F7BCFAD9F8008042
:10AC2000B6F85813D8F8340003683944DB689847FD
:10AC3000054630B101A8F4F7B9FA284603B0BDE8DB
:10AC4000F083D8F82800036801215B689847013C2D
:10AC500001A8F4F7ABFA14F0FF04DAD1EDE700BF76
:10AC6000E8100020034B1B68DB6A93F89C0080F01F
:10AC700001007047E81000202DE9F04F2DED028B08
:10AC800008EE103A2A4BD3F800900446D9F8340065
:10AC90000F460368B4F858131B6885B039449046D2
:10ACA000BDF840B09847052500EB080A012103A82C
:10ACB000F4F770FAD9F83400036818EE102A1E6908
:10ACC00051465B46B047064640B103A8F4F76EFA1A
:10ACD000304605B0BDEC028BBDE8F08FD9F82800F6
:10ACE000036801215B689847013D03A8F4F75EFA09
:10ACF00015F0FF05DAD12046FFF7B4FF0028E7D0B2
:10AD000000F0D6F8D4F85C3341F28832C31A93428B
:10AD1000DED9C4F85C0304F5597001F005FE5B460A
:10AD20000090424639460348FEF7BEFFD0E700BF19
:10AD3000E8100020D845030870B51D46164B1B6867
:10AD400013B11B6ADB0725D5144B1E68F46A94F80F
:10AD50004630C3B9124BA4F84400DB6884F84610AF
:10AD6000E26163B19A6884F84720D96939B194F9EE
:10AD7000483023B9042204F1480000F09DF8094B43
:10AD80005B68C4E90835F06A1321BDE870400430FF
:10AD90000CF090BF70BD00BF64450020E81000209B
:10ADA0001072002000ED00E000B59BB0EFF30981C8
:10ADB000682268460FF082F8EFF30581074BC9B2AD
:10ADC0009A6BD86A986A986A986A986A986A9B6A2D
:10ADD000059B7B20FFF7B0FFFEE700BF00ED00E022
:10ADE00000B59BB0EFF30981682268460FF066F862
:10ADF000EFF30581064BC9B29A6B986A986A986A14
:10AE0000986A986A9B6A059BBF20FFF795FFFEE74B
:10AE100000ED00E000B59BB0EFF3098168226846C1
:10AE20000FF04CF8EFF30581064BC9B25A6B986AE4
:10AE3000986A986A986A9B6A059BE320FFF77CFFF3
:10AE4000FEE700BF00ED00E0FEE70000FEE70000C7
:10AE5000704700000FB483B504AC0F4F54F8048B57
:10AE60000E4EFCF7F7FD4FF4A5722021FCF7DEFD36
:10AE700042F21075214640460194FEF70DFF384618
:10AE8000FEF712FF3368986A036829465B689847A3
:10AE90004FF4FA75EEE700BFF1E60208E810002073
:10AEA0000CF012BD014B586A80B27047004001405F
:10AEB0000CF046BD0CF0ECBCF8B50D46074611464B
:10AEC000284616460FF01AFD864204468CBF421CE7
:10AED0000246294638460EF0F1FF2046F8BD000034
:10AEE00070B5467B05460EBB4468836804EB84045A
:10AEF000A40804F50074E21A914288BFCC180C4BE8
:10AF000029681B68D86A0368621C1B6D984718B9CA
:10AF100001232B73304670BDAB68C5E90004E21A0B
:10AF2000002118440FF014F80126F3E70026F1E79A
:10AF3000E81000200EB470B5017B85B0044619BB43
:10AF4000D0E901239A421BD0134B1E680AADD4E905
:10AF5000012120680095521A099B03950144F06A6B
:10AF6000F4F78EFA00280FDBD4E90123D21A8242CB
:10AF70000FD8411C2046FFF7B3FF0028E7D103E0BC
:10AF8000FFF7AEFF0028DFD105B0BDE8704003B089
:10AF900070471844A060F7E7E81000201022002155
:10AFA0000EF0D6BF0148FFF7F9BF00BF544500209F
:10AFB00081727047F0B4446A0E4611467CB1457FF9
:10AFC000224600275FFA87FC65450DD992F801C03B
:10AFD0008C4506D192F800C0B44502D19370F0BC04
:10AFE000704701370332EDE7027FAA4204D182683D
:10AFF0000A48F0BCFEF758BE05EB45056655457F8F
:10B0000005EB450525446970427F02EB420214447A
:10B01000A370437F01334377E1E700BF2C46030869
:10B0200013460A460021FFF7C5BF0000F0B587B000
:10B0300004460E468DF80F208DF814108DF815205B
:10B040000BB1FFF7EDFF226800230093156905A9F6
:10B0500002222046A847A76905463FB130B1012327
:10B06000606900930DF10F023146B847284607B0DA
:10B07000F0BD00002DE9FF41984603790B438DF8A0
:10B080000F300368CDF800801D69174613460E4641
:10B0900001220DF10F010446A8470546606908B971
:10B0A000A3693BB135B100230093A46943463A46F6
:10B0B0003146A047284604B0BDE8F0812DE9F74F9E
:10B0C00010EE103A009210EE102A072928BF07212F
:10B0D000C3F316044FEAD37812024FEAD35307465C
:10B0E0000E4603F0FE0340F1A6800133DBB2FF2BD6
:10B0F00032D044F40004DA0859495A4811F9029050
:10B10000594951F8225003F00703A4FB0554C3F139
:10B110000F021133B2F1200104FA03F325FA02F50C
:10B1200058BF44FA01F145EA03054FF0000B58BF40
:10B130000D43144145F6F321CDF804B04FF0300A29
:10B140002A1A64EB0103002B0DDB0AF1010A4FFA06
:10B150008AFA15461C46F3E714B948F00408C8E714
:10B1600048F00808C5E700230A22EFF755FE019BC7
:10B17000D3B9BAF1300F06D109F1FF394FFA89F985
:10B180002A462346E5E7009BF3B1009A09F1010343
:10B190005BB2013A012BACBFD218013202F0FF03BF
:10B1A0009E42009328BF1E460BF10103BAF1390FEE
:10B1B000DAB257FA83FC0ADC0123964207F802A0B0
:10B1C000019319D99346B9E70136F6B2ECE7A2EB41
:10B1D0000B0039213844CDF800C00EF0B9FEDDF87F
:10B1E00000C0634630201946013B0A78013252B252
:10B1F0003A2A13D00A700CE00A22A0FB020640088B
:10B2000040EAC670281A02FB016164EB6104002C5D
:10B21000E7DA87F800800FFA89F01DE0BB4208D119
:10B22000312309F101090B704FFA89F948F0100830
:10B23000EFE75870D7E7002B7FF45BAF002C7FF46B
:10B240005AAF384648F00208721C00F8018BD2B29F
:10B2500030210EF07DFE204603B0BDE8F08F00BF28
:10B26000E846030800407A106846030803790BB1EA
:10B27000002202711846704703685B681847000097
:10B2800003791BB9012303711846704700207047EA
:10B290007047000010B50446F3F70AFE204610BDC3
:10B2A0007047000070470000002070470020704782
:10B2B000012070471046704700207047014B036023
:10B2C000704700BF3047030800221346C2F346010F
:10B2D00012F0010F30F811101ABFC9B24B4083EAC7
:10B2E0001123082113F4004F4FEA430318BF83F4DE
:10B2F000405301F1FF3118BF1BB211F0FF019BB2A7
:10B30000F0D10132102AE1D1180B704710B5074C6B
:10B310000A44914208D011F8013B4340DBB254F893
:10B32000233083EA1020F4E710BD00BFC8490308AA
:10B3300010B5084C0144884209D010F8013B83EA5B
:10B34000122334F8133083EA022292B2F3E7104654
:10B3500010BD00BFC847030830B50F4D0446014477
:10B3600000208C4216D014F8013B83EA1043DBB274
:10B370001B0408225B0013F0807F02F1FF3218BF2C
:10B380006B4012F0FF02F5D1020222F07F4282EA06
:10B390000300E6E730BD00BFFB4C860190ED000ADC
:10B3A000D0ED010A08B5B1EE400A0DF065F9DFED08
:10B3B000027A30EE270A08BDDB0FC93F90ED010A83
:10B3C000D0ED007A20EE000AA7EEA70AB1EEC00A7F
:10B3D000704700BF2DE980481A4BDFF86C90DFF80A
:10B3E0006CB01446012293B006460F461A704FF017
:10B3F000000841F2873AFFF75BFDD9F8003003936C
:10B40000A0EB0803534505460ED9CDE90067039824
:10B410005B46342205A9C06AF4F752F8214605A814
:10B420000494FEF739FCA8460A2105A8F3F7B2FEFA
:10B43000039B986A036805215B68984705A8F3F7A2
:10B44000B5FED8E768450020E8100020C84D030885
:10B450000FB407B504AA034852F8041B0192FFF782
:10B46000B9FF00BFD04D030800207047002070478F
:10B470000020704703689B69184700007047000070
:10B48000C36A43B18368986D042806D0A0F11F03F6
:10B4900058425841704718467047012070470000D5
:10B4A0007047000037B58568AB6D1F2B044646D04A
:10B4B000806A94F8401003689B68984785F84500B7
:10B4C000A06A0368DB689847D4ED0F7AA36830EE72
:10B4D000670AD4ED0C7A20EE270A83ED060A23686A
:10B4E00020469B69984740B3FFF7DAFCA36894F8BD
:10B4F00041109A6A0546821AE06A019203689B68C5
:10B500009847A36893F84510084083F84500E06A1F
:10B510000368DB689847D4ED0E7AA368019A30EE91
:10B52000670AD4ED0D7A20EE270A204683ED070A3C
:10B53000A16800F09BFAA3689D6203B030BD0123AF
:10B5400085F84530836800229A61C8E710B5044643
:10B55000F3F7AEFC204610BD70B504461B4E1546F1
:10B5600000F098F91A4B236031462046F6F738FE72
:10B57000A368DE65E36893F924301F2B0ED0154BCA
:10B5800094F940101B68186903685B689847A062CB
:10B5900020B995F857101048FFF75AFFE36893F960
:10B5A0002430042B01D01F2B0DD10A4B94F94110EC
:10B5B0001B68186903685B689847E06218B995F8DA
:10B5C00057100648E8E7204670BD00BF404E03080C
:10B5D000B84E0308E8100020E04D0308094E0308A8
:10B5E000704700008268526B0A6003681B6A184744
:10B5F00038B52DED028B9FED198ADFED190A04464F
:10B60000B0EE481A4FF4AA70F4F7B6FDD4E902324E
:10B6100038EE400AD2ED007A9FED128A9FED127A41
:10B62000F8EEE77A20EE080A204627EE800A83ED3E
:10B63000080AA368D3ED087A67EE877A93ED067A55
:10B6400067EE877AC3ED097A2368A5685B6B984734
:10B6500085F84400BDEC028B012038BD0000C842D3
:10B66000000000000AD7233C6F12833A10B52DED7D
:10B67000028B03689B6904469847002800F0C1804C
:10B68000A368DFED618AD3ED077AF4EEE87AF1EE94
:10B6900010FAC0F2B68094ED067AF4EE477AF1EE35
:10B6A00010FA48BFF0EE477AC4ED067A93ED078AA8
:10B6B000D4ED077A38EE678AF0EEC87AF4EEE87ACD
:10B6C000F1EE10FA00F19D80D3ED067A94ED087A40
:10B6D000F4EEC77AF1EE10FAC2BFC4ED087ADB6966
:10B6E0006362FFF7E5FB23699FED480A2061C31AF7
:10B6F00007EE903AF8EE677AB6EE001A67EE807AB7
:10B70000DFED430A37EE810A722087EE800AF4F7F4
:10B7100033FDA368D4ED077A93ED077AD4ED066A7A
:10B7200093ED066A37EE677AC7EE267AD4ED056A9E
:10B730009FED387A36EE666AF0EEE77AB1EE466A49
:10B74000C6EE086A67EE877AB7EE007AF4EE477ABB
:10B75000F1EE10FAF4EEE86AC8BFF0EE477AF1EEC7
:10B7600010FA09DB37EE676A66EEA76AD3ED107A46
:10B77000E7EE866AC3ED106AA36894ED086AD3ED1C
:10B78000065AB4EEE56AF1EE10FA19DDD3ED077A48
:10B79000D4ED096AF4EEE67AF1EE10FA10DD77EEF8
:10B7A000E66A36EE656AC6EE267AD3ED106AF4EEE6
:10B7B000667AF1EE10FAC8BFF0EE667AC3ED107A41
:10B7C000A368D4ED056AD3ED067A37EE407A60EED1
:10B7D000277AE6EE877AC4ED057AD3ED077A20EE74
:10B7E000270AD4ED077AA7EE270A84ED070AD3EDDE
:10B7F000076A93ED107AD3ED067AE6EE877AC3ED09
:10B800000F7ABDEC028B10BD000000346F12833A3A
:10B8100000000000CDCCCC3D70B5C3681B680A2B7E
:10B8200004460E4602DC0025284670BD03689B696D
:10B8300098470028F7D0A36893F84550002DF2D020
:10B84000D3ED087AF4EE677AF1EE10FAEBD6E368FE
:10B850001B68002BE7DD07EE103AB8EEC70A9FED34
:10B860000A7A9FED0A1ADFED0A0A70EE677A502015
:10B8700067EE877A87EE800AF4F77EFCFCEEC07AEA
:10B8800017EE903A3370CFE70000C84200007F43C4
:10B890000000000030B5034DC0E90223C0E90051AB
:10B8A00030BD00BF044F03088368D3ED067A93EDE3
:10B8B0000F0AF4EE407AF1EE10FAC8BFB0EE670A54
:10B8C0007047000070B52DED028B0E46C16815461D
:10B8D0001A4691F92630012B04466BD0836893ED0C
:10B8E000068AB5EEC08AF1EE10FA68DDD1ED047A71
:10B8F000F5EEC07AF1EE10FA61DDF4EEC87AF1EE01
:10B9000010FACCBF012300231370236820469B69E3
:10B910009847B8B1E36893ED057AB5EEC07AF1EED9
:10B9200010FA4EDDD3ED007AA368F8EEE77AD3ED96
:10B93000086A77EEE67AB4EEE77AF1EE10FACCBF59
:10B9400001200020069BB5EEC08AF1EE10FA1870B7
:10B9500039DDE368D3ED027AF5EEC07AF1EE10FA44
:10B9600031DDF4EEC87AF1EE10FACCBF01230023EA
:10B970003370236820469B699847B8B1E36893ED1C
:10B98000037AB5EEC07AF1EE10FA1EDDD3ED007A3F
:10B99000A368F8EEE77AD3ED086A77EEE67AB4EEBC
:10B9A000E77AF1EE10FACCBF01200020BDEC028B4B
:10B9B000287070BDFFF778FFB0EE408A91E7002352
:10B9C000A2E70020BEE70023D2E70020EEE7000058
:10B9D00030B585B00546FFF76BFA0DF10F03009304
:10B9E0000DF10D020DF10E03044603A92846FFF7E1
:10B9F00069FF9DF80E20AB683AB31A6BBAB91C63A5
:10BA00009DF80F30F3B99DF80C20AB6862B3DA6A89
:10BA1000EAB9DC629DF80D3023BBAB68986C201A44
:10BA200041F28834A04294BF002001200BE0EB6873
:10BA300093F92530002BE3DD4FF47A71A21A4B43C2
:10BA40009A42DDD9032005B030BD1A63D8E7EB6810
:10BA500093F92530002BDDDD4FF47A71A21A4B43A8
:10BA60009A42D7D90220EEE7DA62D3E78B6A03B3B2
:10BA7000104B9A421DD807EE902A91ED077AD1ED2E
:10BA8000066AF8EEE77A67EE877A9FED0B7A67EE43
:10BA9000877A91ED087A37EE277A81ED087A9FED63
:10BAA000077A67EE877A91ED097AA7EEA67A81ED9B
:10BAB000097A70477F841E008B2495346F12833A75
:10BAC0000120704730B5104B1B680446586885B09C
:10BAD000012214210368CDE9002194F841201D685A
:10BAE00094F84010094BA847A06250B10368029433
:10BAF000DD6A074B039304AB13E90C000349A84725
:10BB0000E06305B030BD00BFE8100020A086010052
:10BB100025BB010890F83A300BB1028F0A80184615
:10BB2000704700000368DB6C1847000013B504463B
:10BB3000C068226B43689A4204D004F1300104309B
:10BB4000F6F70AFFE068A38E0268934203D001A9CA
:10BB50000193F6F701FF02B010BD0000F7B50446EF
:10BB6000104FFFF797FE4FF0FF360F4B2360002575
:10BB70003946204626632587F6F732FBA36804F191
:10BB80004000DF650DF107019DF820308DF807308A
:10BB9000F6F764FEE3685E60E36820461D6003B06C
:10BBA000F0BD00BF544F03088C4F0308F8B500AF39
:10BBB000387F70B300F10A0505F4FC75ADEB050D97
:10BBC0004900C9B28DF8001019438DF801208DF895
:10BBD00002100246B969C41C0DF103000EF06EF9A3
:10BBE00000206D460346E95C082281EA0006400019
:10BBF0003606C0B202F1FF324FEA410148BF80F081
:10BC0000070012F0FF02C9B2EFD10133DBB29C4250
:10BC1000E9D8BD46F8BD00002DE9F04383B090F8A7
:10BC20002C30002B14BF032302239046DA1D02F0B0
:10BC3000080202AFADEB020D02AE04463246806A46
:10BC40008946FFF717FA054628B900252846043724
:10BC5000BD46BDE8F08394F82C301BB93388A8F8B2
:10BC60000030F3E70223CDE9006394F8411001238B
:10BC70004A462046FFF79AFFB3788342E5D1EDE7C5
:10BC800010B5838E04466BB900F134021021FFF722
:10BC9000C3FF38B1236820465B6C9847A38E13FB23
:10BCA00000F0A08610BD000073B5C3681C68002CAE
:10BCB000054616DD0DF106020F21FFF7ADFF80B13D
:10BCC0002B68BDF806605B6C2846984706FB104061
:10BCD00020EAE07007EE900AAB68F8EEE77AC3ED71
:10BCE000087A02B070BD000037B508210DF10602D8
:10BCF0000446FFF791FF70B9FFF7DAF8A3689B6B72
:10BD0000C01A41F2883398428CBF0020012084F889
:10BD10003B0003B030BD012384F83B30A568FFF73A
:10BD2000C7F8BDF80620DFED076ADFED077AA863E4
:10BD300007EE102AB8EEC77AA368E7EE267AC3EDBD
:10BD40000D7AE6E7CDCCCC3D339388C313B5036BB6
:10BD50000133044608D10DF106021C21FFF75CFFF8
:10BD600010B1BDF80630236302B010BD10B590F8D5
:10BD70003A30044633B900F138021721FFF74CFF7F
:10BD800084F83A0010BD00002DE9F04385B002AF01
:10BD9000054690469946806A0123FA1D0E46FFF734
:10BDA00069F928B9002528460C37BD46BDE8F0835F
:10BDB000FB79002BF6D04B45F4D895F82C40A86AB7
:10BDC00001332344DBB2DA1D02F4FC72ADEB020D49
:10BDD00002AC22463146FFF74DF90028E2D095F833
:10BDE0002C3033B9FD79611C2A4640460EF066F8C6
:10BDF000D9E7FB790133DBB2CDE9004332460123B9
:10BE000095F841102846FFF7D1FEFB7923445B7873
:10BE10008342C7D1E6E700007047000010B5044632
:10BE2000F3F746F8204610BD37B5012500950446C6
:10BE3000FFF794FE024B2360204603B030BD00BFE5
:10BE4000F44F030870B590F842608AB0044666BBB0
:10BE50000DF102021A21FFF7DFFE054658B1BDF8C9
:10BE60000230C3F30313022B08D8002384F82C30CC
:10BE7000012384F8423028460AB070BD1D223146A5
:10BE800002A801960EF064F8212301AA2021204681
:10BE9000FFF77AFF28B1064901A8EFF79FFA0028BB
:10BEA000E3D0012384F82C30E3E70125E3E700BF6A
:10BEB000DC4F03082DE9F7430446FFF7C3FF0028D2
:10BEC00000F08780FEF7ECFF0DF10602064609211F
:10BED0002046FFF7A1FE90B1BDF806209FED527AF3
:10BEE000A36807EE902AF8EE677A012267EE877A58
:10BEF000C3ED067AA3689E62A36883F8452094F890
:10BF000079303BB9A36893F84530002B3FD0636F7D
:10BF10006BBB6667DFF81C81DFF81491002794F88B
:10BF20007930FDB2ABB394F878309D4248DA18F816
:10BF300005100DF106022046FFF76EFE05F1100315
:10BF400048B3BDF806104A1E92B24FF6FD70824209
:10BF500021D8012284F83620A26804EB830322F85A
:10BF600015105E6094F879300BB30137D7E7F31AF8
:10BF700007EE903A9FED2D7AF8EE677AF4EEC77AE5
:10BF8000F1EE10FAC6DD012384F87930C2E7636769
:10BF9000C0E70C23C9E704EB83035B68F31A4B4546
:10BFA000E3D9A3684FF6FF7223F81520DDE794F874
:10BFB000783001359D42B8BF1D4684F87850D4E7EB
:10BFC000A2681B49936AF31A8B4205D9002382F8B1
:10BFD000453003B0BDE8F0830DF106020A2120468A
:10BFE000FFF71AFE70B1BDF906209FED0F7AA36826
:10BFF00007EE902AF8EEE77A67EEC77AC3ED077A84
:10C00000A3689E622046FFF73BFE2046FFF74CFEEA
:10C01000236820469B6C98472046FFF797FE2046F2
:10C02000FFF7A4FED5E700BF6F12833AC0E1644B6F
:10C03000404B4C00D80E0020704700002DE9F34122
:10C0400090F8423004466BB90DF106025C21FFF70F
:10C05000E3FD00284BD0BDF806300A2B88BF0A2329
:10C0600084F8423001260025B04694F84230EFB201
:10C07000BB4213D907F130010DF10602C9B22046C7
:10C08000FFF7CAFD38B1A368BDF8062023F81720D2
:10C09000304684F8368001350646E6E7FEF700FFB5
:10C0A00005463EB394F8420020B30022A16813462F
:10C0B00031F81260013290423344F9DC07EE903AD5
:10C0C0009FED287AF8EE677A67EE877AC1ED067AF7
:10C0D000A3689D62A368012283F84520A2682249D3
:10C0E000936AEB1A8B421BD9002382F8453002B0C9
:10C0F000BDE8F0810DF1060209212046FFF78CFD15
:10C100000028EBD0BDF806209FED167AA36807EE55
:10C11000902AF8EE677A67EE877AC3ED067AD7E75A
:10C120000DF106020A212046FFF776FD70B1BDF938
:10C1300006209FED0C7AA36807EE902AF8EEE77AC6
:10C1400067EEC77AC3ED077AA3689D622046FFF7C2
:10C1500097FD2046FFF7A8FD236820469B6C984773
:10C16000C5E700BF6F12833A404B4C0010B5044640
:10C17000F2F79EFE204610BD37B500250095044617
:10C18000FFF7ECFC034B23602046012384F82C309E
:10C1900003B030BD4C5003087047000037B5002392
:10C1A00001AA08210446ADF80430ADF80630FFF7C7
:10C1B00033FD0DF10602054648212046FFF72CFD10
:10C1C0007DB970B9FEF774FEA3689B6BC01A41F28B
:10C1D000883398428CBF0020012084F83B0003B0D4
:10C1E00030BD012384F83B30A568FEF761FEBDF841
:10C1F0000430BDF80610DFED096A9FED097AA863E7
:10C200008B4238BF0B4607EE903AF8EE677AA26889
:10C21000A7EEA67A82ED0D7AE1E700BFCDCCCC3D4A
:10C22000339388C310B50446F2F742FE204610BD92
:10C230007047000010B50446FFF744FCA06A18B12F
:10C2400003680221DB6C9847A06A40B1E16B31B111
:10C250000368BDE810401B6B4CF25032184710BD0C
:10C2600010B50446F2F724FE204610BD37B5002570
:10C2700004460095FFF772FC054B23609DF81830CB
:10C2800084F84230204684F82C5003B030BD00BF03
:10C29000FC500308806AFEF7EDBE000010B52DEDDE
:10C2A000028B082384B00DEB030228210446FFF71C
:10C2B0006BFD00286ED09FED488A002194F8423033
:10C2C000042BCAB21846A8BF0420824201F1010122
:10C2D0000EDA04AB03EB4203A06833F8083C20F805
:10C2E000123007EE903AF8EE677A38EE278AE5E7E3
:10C2F000032B42D90DF1060209212046FFF78CFCE1
:10C3000000284BD0BDF8063007EE903AB8EEE77A39
:10C31000B4EEC87AF1EE10FACCBFF8EE677AF0EE20
:10C32000487AFCEEE77A17EE903A9BB207EE903A25
:10C33000ADF8063094F84230F8EEE77A043B37EE79
:10C34000C88A07EE903AB8EEE77AC8EE077AFCEEB4
:10C35000E77A17EE903A9AB2042394F84200A16863
:10C36000984204D921F813200133DBB2F5E7BDF878
:10C37000063008EE103AB8EE488ADFED187A01234D
:10C3800084F8363028EE278AA36883ED068AFEF704
:10C3900087FD606404B0BDEC028B10BDF5EE007A41
:10C3A00068EE277A0421FCEEE77A17EE903A9AB20B
:10C3B00094F84230A0688B4204D920F81120013152
:10C3C000C9B2F5E7043B534307EE903AF8EEE77A3B
:10C3D00038EE278AD1E700BF000000006F12833AD1
:10C3E00010B50446FEF75CFD636C084AC31A93421D
:10C3F000A36808D8996A401A90428CBF0020012097
:10C4000083F8450010BD0020FAE700BF3F4B4C0009
:10C4100037B50446FEF744FD94F8433083F001033A
:10C42000054684F8433043B12046FFF737FF2046E6
:10C4300003B0BDE83040FFF7D3BF04230DEB030288
:10C440002A212046FFF726FF60B1DDED017A9FED3E
:10C450000E7AA368F8EEE77A67EE877AC3ED077A7B
:10C46000A3689D622046FFF70BFC236820469B6C67
:10C4700098472046FFF76AFC2046FFF715FC204648
:10C48000FFF7AEFF03B030BD6F1283BA82B010B5B4
:10C49000044602A8C4E9001240F8043F03C804F1AE
:10C4A000080383E80300DDE9050104F1100383E8D4
:10C4B0000300DDE9070104F1180383E80300DDE967
:10C4C000090104F1200383E803002046BDE8104081
:10C4D00002B0704710B50A4492B2914208D0046885
:10C4E0004B1C615C9BB209B1002010BD1946F4E7FA
:10C4F0000120FAE703680F3332D18368591C0FD14A
:10C50000036901332CD14268164B9A4228D1C36883
:10C51000013325D1436901330CBF0120042070474A
:10C520000E331DD103695A1C0BD143680D4A934247
:10C5300016D1C2689A4213D14369013310D1022047
:10C5400070470D330CD14268064B9A4208D1C3683C
:10C55000934205D14069984214BF042003207047DC
:10C560000420704762B5861510B4BDF804400194EC
:10C57000D0E90004A4465DF8044B60472DE9F04380
:10C58000054685B088464FF0180900F110060227CD
:10C590006B68023B4B4546D9009703AB4A46414680
:10C5A0003046FFF7E1FF40B19DF80C3003F0030384
:10C5B000012B09D0032B02D09BB1002001E0C5F86C
:10C5C0002C9005B0BDE8F0839DF80D305B09013378
:10C5D00003EB430409EB44040234073424F0070955
:10C5E000D6E7BDF80C309DF80D20C3F38A0352093D
:10C5F00003EB430301325B0002EB42029BB25400A7
:10C6000003EB4202B2F5487FD7DC2A68009413445A
:10C61000414609F102023046FFF7A6FF0028CCD0C0
:10C6200002344C44D9E7C5F82C900120C9E700003A
:10C6300010B4BDF804400194D0E90004A4465DF8AC
:10C64000044B60472DE9F047026B8AB004466AB993
:10C6500090F82850039285F001051827009704AB45
:10C6600029461030FFF780FF039A08B900203FE009
:10C67000059E214B9E4203D0012384F83430F5E718
:10C6800004A80392FFF736FF0128039AF4D16FF054
:10C690000C0304F108086FF00E0A6FF00D090893FF
:10C6A00094F82810009704AB404607960996CDF8F9
:10C6B00010A0CDF81890FFF7BBFF0028D6D04FF0A0
:10C6C000FF3309930893039A009704AB2946404629
:10C6D00005960796CDF810A0CDF81890FFF7A8FFA3
:10C6E0000028C3D040F22E43C4E90B7384F82850CD
:10C6F0000AB0BDE8F08700BF62B5861570B5044684
:10C7000088B0D0E906030D4616469847A0B19EB101
:10C710000A4B03934FF0FF336FF00E02059307931C
:10C7200004930693182302920093002202AB294639
:10C7300004F10800FFF77CFF08B070BD62B58615F4
:10C740002DE9F04390F8343085B004460E46174684
:10C75000002B3FD14FF001094FF00608002F5CD0AD
:10C760006368E26A9A1A236B08339A4236D3B6FB9F
:10C77000F8F59DF8083069F301038DF80830BDF82D
:10C780000820C5F30A0363F38C02ADF80820C2F356
:10C7900007226FF347128DF8092003EB4303226849
:10C7A00002EB430152F81330CDF80A308B88ADF814
:10C7B0000E309DF80830E26A94F828106FF30103F8
:10C7C0008DF808300823009304F108006B44FFF74C
:10C7D0002FFF98B9002005B0BDE8F0832046FFF791
:10C7E00031FF0028C3D1D4E9080398470028F1D0CD
:10C7F000204600F04DF80028B9D1EBE7E36A083392
:10C80000E36208FB1563C3F10603DBB2BB42E2DC63
:10C810001E44FF1AB6B2BFB2A0E70120DBE700005A
:10C8200037B505464FF44874062C2246C4F54871C6
:10C83000A8BF062289B292B22846CDE90012FFF7BE
:10C8400049FEDDE9001220B1063C231DECD1012098
:10C8500004E02846FFF774FF0028F5D103B030BD8F
:10C86000002310B580F8343003630446FFF7D8FF87
:10C8700060B194F82810012251402046FFF73EFF96
:10C8800020B12046BDE81040FFF7DCBE002010BDFF
:10C8900038B590F83550044645B1FBF7DBF89122E6
:10C8A0004FF40011FBF7C2F8002038BD012380F8D7
:10C8B0003530FFF7D5FF84F83550F6E770B5002521
:10C8C000182688B080F8345080F82850C6622A466E
:10C8D00029460446FFF712FF10B9002008B070BDCA
:10C8E00094F82820013A18BF012201212046FFF7C1
:10C8F00005FF0028F1D00B4B03936FF00E02059358
:10C9000002924FF0FF336FF00D02079304920693EB
:10C9100094F82810009602AB2A4604F10800FFF7AD
:10C9200087FEDBE762B5861510B50446D0E908033B
:10C93000984740B12046FFF7C1FF20B12046BDE82F
:10C940001040FFF76DBF002010BD00002DE9F04F33
:10C95000804693B005464FF4487258F8100BDFF844
:10C9600018B100210DF0F4FA06AF0026B9464FF0D9
:10C97000180ACDF800A03B46002231464046FFF79A
:10C98000F3FD044630B90024204613B0BDE8F08F13
:10C990000126EEE77B6803933846FFF7ABFD0138CD
:10C9A000C0B2022802D8039B5B4504D02846FFF79B
:10C9B00085FF0446E8E71837002EE9D04846FFF720
:10C9C00099FD07468DF814000CA8FFF793FD8742E8
:10C9D00080468DF8150003D1012FE7D1002608E02D
:10C9E000032FFBD0032804D0022FF7D0831E5E4212
:10C9F0005E4112AB334413F8349CA9F10203012BBE
:10CA000005D831462846FFF7B9FD0028CED086F07C
:10CA1000010112AB0B4413F8343C023B012B04D848
:10CA20002846FFF7ABFD0028C0D00023B9F1030F63
:10CA300085F834302B6315D0032F06D10122002155
:10CA40002846FFF75BFE00289DD0B8F1030F06D102
:10CA5000012211462846FFF751FE002893D00023FB
:10CA60002B6391E786F0010685F828602846FFF7DA
:10CA7000D7FE0028E0D199E762B5861500207047FF
:10CA8000002070477047000010B5054B0360044656
:10CA9000006C10B103685B689847204610BD00BF6A
:10CAA0005451030837B504468E220D46011D01A8D6
:10CAB000F2F78AFBFEF7FCF9E36BC01A64281BD877
:10CAC000636B43B9E36A2B60012401A8F2F79EFB74
:10CAD000204603B030BD07EE903AD4ED0A6AF8EE76
:10CAE000677A002386EEA77A85ED007A63630023D8
:10CAF00084ED0B7AA362E7E70024E6E737B5044646
:10CB0000A4220D46011D01A8F2F75EFBFEF7D0F945
:10CB1000E36BC01A64281BD8A36B43B9236B2B604B
:10CB2000012401A8F2F772FB204603B030BD07EEE6
:10CB3000903AD4ED096AF8EE677A002386EEA77A78
:10CB400085ED007AA363002384ED0C7A6362E7E746
:10CB50000024E6E710B50446FFF796FF2046F2F7FB
:10CB6000A7F9204610BD000013B5012304460DF1BE
:10CB70000702006CA421FEF77DFAB8B19DF80730DA
:10CB80000BB1662B12D1206C00236622A421FEF784
:10CB90004DFA58B10123206C0DF107021946FEF73A
:10CBA00069FA18B19DF80730662B00D0002002B05A
:10CBB00010BD00002DE9F04F89B046F66C53ADF87A
:10CBC00010302F4BDFF8C0A01B680293044604AE60
:10CBD00002254FF00409029B16F8012BD3F80480BC
:10CBE0000392D8F800302046D3F800B000F02CFBB8
:10CBF00000270146039ACDF804900097534640461B
:10CC0000D8472064C8B103689B6A9847342201461C
:10CC100005A8F2F7F5FA206C03683946DB689847F7
:10CC2000206C03680221DB6C98472046FFF79CFFCD
:10CC3000074640B905A8F2F7E9FA012D01D100270E
:10CC400019E00125C7E7206C0A21FEF7B1F9236C32
:10CC50002046996800F00AFB206C06940368DD6AA0
:10CC6000084B079308AB13E90C0043F2D401A84723
:10CC700005A8F2F7CBFA384609B0BDE8F08F00BF3F
:10CC8000E810002041CD0108801A06007FB5044657
:10CC900000230A223021006CFEF7C8F9206C012322
:10CCA0000DF103023021FEF7E5F9002842D09DF88E
:10CCB00003301B073ED5206C052302AA0621FEF790
:10CCC000D9F9B8B39DF809509DF808302D0445EA0C
:10CCD00003659DF80A3045EA0325BDF80B30812233
:10CCE000211D01A82D12DEBAF2F76EFA07EE905A56
:10CCF00094ED0A7ADFED106A636BF8EEE77A0133A0
:10CD0000A7EEA67A6363A36BDFED0C6A84ED0A7A63
:10CD100007EE906A94ED097AF8EEE77A0133A7EE10
:10CD2000A67AA36384ED097AFEF7C2F8E06301A84E
:10CD3000F2F76CFA04B070BD0000003C0000803BCC
:10CD4000FFF7A4BF10B5054B03600446C06A10B1DD
:10CD500003685B689847204610BD00BFD8510308A0
:10CD600037B50446DD220D46011D01A8F2F72CFA65
:10CD7000D4ED137A9FED107A77EEC77A9FED0F7A94
:10CD800067EE877A9FED0E7A67EE877A94ED157AD3
:10CD900077EEA77A67EE877AC5ED007AFEF788F816
:10CDA000646A001BC72801A88CBF00240124F2F785
:10CDB0002DFA204603B030BD0000004B0000803348
:10CDC00000809B4337B50446E5220D46011D01A8AE
:10CDD000F2F7FAF9236D2B60FEF76AF8646A001B1C
:10CDE000C72801A88CBF00240124F2F70FFA2046BF
:10CDF00003B030BD10B50446FFF7A4FF2046F2F79C
:10CE000057F8204610BD000010B52DED028B0446EA
:10CE1000B0EE408A00F0FEF984ED158ABDEC028B7D
:10CE2000014B2360204610BDD851030830B50023C4
:10CE300085B08362AE220446C06A8DF80F20026876
:10CE4000009315690DF10F010122A84710B1FEF7FB
:10CE50002FF8A06205B030BD30B5002282620446D2
:10CE6000C06A85B00368072100911D69114602ABB5
:10CE7000A847002800F089809DF80830502B40F02A
:10CE800084809DF80A309DF809209FED416AD4ED19
:10CE9000125A1B0203EB02439DF80B201344A3F527
:10CEA000000307EE903AB8EEE77ADFED3A7A9DF8A4
:10CEB0000D209DF80C30C7EE276A120202EB0342E8
:10CEC0009DF80E301A449B23534394ED0C7AD4ED15
:10CED0000D7A26EE877A66EEA77A27EE267A67EE37
:10CEE000A67AB0EE045AE7EE267A94ED0E7AE7EED3
:10CEF000267A94ED0F7A77EE877A07EE103A77EE7E
:10CF0000A67AB8EEC77ADFED246A244BE7EE066A0C
:10CF10001344002BB7EE007A77EE877AC4ED146ADB
:10CF2000F6EE006A67EEA67A94ED116AF4EEE67A00
:10CF3000C8BFF0EE465A94ED106AF1EE10FACCBF7D
:10CF400077EEE66A76EEE76A25EE465AA5EE267A91
:10CF5000B0EE476A07EE103AB8EEC77A27EE067AC7
:10CF60009FED0F6A27EE257AC7EE066A9FED0D7AD0
:10CF700077EEE67A67EE877AFCEEE77AF8EE677A84
:10CF8000C4ED137AFDF794FF606205B030BD00BFB9
:10CF900000008033FEFFFF4A000034C219638CFF9B
:10CFA0000300C84EFFFF7F4B7FB5194B1D68044639
:10CFB000686800264FF0040C0368CDE9006C1E6819
:10CFC000144BB047E06208B303689B6A9847392264
:10CFD000014603A8F2F714F9E06A03680A21DB6C42
:10CFE00098472046FFF722FFA86A036814215B6870
:10CFF00098472046FFF730FF646A03A8003C18BF3B
:10D000000124F2F703F9204604B070BD0446FAE7A4
:10D01000E8100020801A060070B588B00446C06A87
:10D020008DF80F100368032500951E69012206ABD9
:10D030000DF10F01B04710B9002008B070BD9DF888
:10D040000F30E06A01338DF81730036800951C69D2
:10D05000012207AB0DF11701A0470028ECD09DF885
:10D060001A009DF81930000440EA03609DF81E3054
:10D0700018439DF81D3040EA0320DEE710B52B2150
:10D080002DED028B0446FFF7C7FF07EE900A9FEDD8
:10D09000298AF8EEE77A2D2167EE887A2046C4EDDA
:10D0A0000C7AFFF7B9FF07EE900AF8EEE77A2F2126
:10D0B00067EE887A2046C4ED0D7AFFF7ADFF07EEE4
:10D0C000900AF8EEE77A312167EE887A2046C4EDBF
:10D0D0000E7AFFF7A1FF07EE900AF8EEE77A332108
:10D0E00067EE887A2046C4ED0F7AFFF795FF43B2CA
:10D0F00007EE903A9FED107AF8EEE77A0316C7EE46
:10D10000876A40F30740BDEC028B07EE903AF8EED9
:10D11000E77AC4ED106AC7EE876A07EE900AF8EE68
:10D12000E77AC4ED116AC7EE876A0120C4ED126A7E
:10D1300010BD00BF000000300000FE4270B588B096
:10D14000044600F081F82622014603902046FFF7AE
:10D150002BFF039B054640B994F820201D4903206E
:10D16000EFF760FD284608B070BDE06A0B21FDF7BF
:10D170001FFFE36A2046996800F078F8E26A1649D2
:10D18000137A527A0092DB0894F820200620EFF7F9
:10D1900049FDE06A03689B6A98475222014605A848
:10D1A000F2F72EF82046FFF769FFE06A03680221D4
:10D1B000DB6C9847E06A06940368DE6A074B0793C6
:10D1C00008AB13E90C0044F62061B04705A8F2F75C
:10D1D0001DF8C7E774510308A15103080DD20108D7
:10D1E00010B5836A04460BB9FFF720FEFDF760FE19
:10D1F000A36AC01A112807D92046FFF72DFE204642
:10D20000BDE81040FFF712BE10BD0000FFF7E8BFF9
:10D210000020704770B5064B04460E46154640F890
:10D22000043BFCF739FBE66184F82050204670BDD2
:10D2300000520308C36990F820200C2101FB02333F
:10D2400093ED060A70470000C36990F820200C2176
:10D2500001FB0233587F704790F82010C0690C23FF
:10D260001D2213FB01231844F4F748BA13B590F8B4
:10D270002040C069019114220C2313FB042301A94F
:10D280001844F5F771FB02B010BD000010B5054B56
:10D2900003600446406C10B103685B689847204601
:10D2A00010BD00BF2852030837B5044694220D462E
:10D2B000011D01A8F1F788FFFDF7FAFDE36BC01A25
:10D2C000642818D8A36B6BB107EE903AD4ED0C6AC2
:10D2D000F8EE677A002386EEA77AA3630023236320
:10D2E00084ED097A636A2B60012401A8F1F78EFFAF
:10D2F000204603B030BD0024F7E7000037B50446F0
:10D30000A7220D46011D01A8F1F75EFFFDF7D0FD34
:10D31000E36BC01A642818D8636B6BB107EE903AC0
:10D32000D4ED0B6AF8EE677A002386EEA77A636382
:10D330000023E36284ED0A7AA36A2B60012401A82A
:10D34000F1F764FF204603B030BD0024F7E700008A
:10D3500010B50446FFF79AFF2046F1F7A9FD2046D5
:10D3600010BD000010B52DED028B0446B0EE408AD2
:10D37000FFF750FF84ED108ABDEC028B014B236058
:10D38000204610BD2852030830B50446406C03689F
:10D3900085B09B6A98474122014601A8F1F730FF0A
:10D3A000606C03680121DB689847606C03680221A8
:10D3B000DB6C9847606C0421FDF7FAFD636C204636
:10D3C0009968FFF753FF606C02940368DD6A064BAF
:10D3D000039304AB13E90C0044F62061A84701A8AD
:10D3E000F1F714FF05B030BD35D5010873B50C4B0E
:10D3F0001B685D682B6804461E68FFF725FF002345
:10D400000422CDE900320146064B28222846B047C7
:10D41000606418B12046FFF7B7FF012002B070BD6D
:10D42000E8100020801A060030B52DED028B04466E
:10D43000406C85B003680422009200221D691146E9
:10D4400002ABA847002851D0029B1BBA9A0F4DD1BE
:10D450001A0C08EE102A9FED327AD4ED107AB8EE4D
:10D46000C88A38EE478A9FED2F7A28EE078AB0EEF9
:10D47000047A27EE877A28EE078AF4EEC87AF1EE6E
:10D4800010FA33D4F1EE677AF4EEC87AF1EE10FABE
:10D490002CDCC3F34A1307EE903A9FED237ADFEDBD
:10D4A000238AF8EEE77A7E22211D03A8E7EE878A19
:10D4B000F1F78AFEFDF7FCFCD4ED0A7AF5EE407A2E
:10D4C000F1EE10FA16D077EEE87AB2EE047AF0EECA
:10D4D000E77AF4EEC77AF1EE10FA0BDDE36BC31ACC
:10D4E000B3F5FA6F06D203A8F1F790FE05B0BDECD4
:10D4F000028B30BDD4ED0C7A9FED0D7AA36BE06307
:10D50000E8EE077A0133A363636BC4ED0C7AD4EDC4
:10D510000B7A77EEA88A0133C4ED0B8A6363E2E7E6
:10D5200000000046000080380319C83D000048C2D2
:10D530000AD77843FFF778BF7047000010B5054B56
:10D5400003600446406C10B103685B68984720464E
:10D5500010BD00BF9452030837B50446F8220D46AB
:10D56000011D01A8F1F730FEFDF7A2FCE36BC01A24
:10D57000642818D8236B6BB107EE903AD4ED0A6A91
:10D58000F8EE677A002386EEA77A23630023A3626E
:10D5900084ED0E7AA36B2B60012401A8F1F736FE0F
:10D5A000204603B030BD0024F7E7000037B504463D
:10D5B00040F20B120D46011D01A8F1F705FEFDF723
:10D5C00077FCE36BC01A642818D8E36A6BB107EEE6
:10D5D000903AD4ED096AF8EE677A002386EEA77ACE
:10D5E000E3620023636284ED0D7A636B2B60012498
:10D5F00001A8F1F70BFE204603B030BD0024F7E789
:10D6000010B50446FFF79AFF2046F1F751FC20467B
:10D6100010BD000030B5002385B003640446406CA3
:10D620008DF80F300268009315690DF10F0101228A
:10D63000A84710B1FDF73CFC206405B030BD0000E8
:10D6400008B52DED028B08EE101AFFF7F3FDDFEDA4
:10D650000B7A9FED0B7AB8EEC88A38EE678A70EEC7
:10D66000007A28EE278AC8EE077ABDEC028B37EEE7
:10D67000C00ADFED047A20EE670A08BD9AC9CC44DF
:10D680009AC94C460E76D74538B5124B1B681869B7
:10D6900003689B680D4614469847F1EE047A30EE15
:10D6A000670ADFED0D0AE120B6EE001AF2F764FD1D
:10D6B000D5ED007A9FED097AE0EE477A9FED087A82
:10D6C000C5ED007AD4ED007AE0EE477AC4ED007A39
:10D6D00038BD00BFE8100020333333BF0000824262
:10D6E0006F12633FF0B5002202640446406C8BB0B9
:10D6F0000368042500951E69114603ABB047002856
:10D7000000F0B480606C0368009500221D6911462A
:10D7100004ABA847002800F0A9809DF80C209309CD
:10D72000023B012B40F2A2809DF80D1001EB02217B
:10D73000C1F30D0143F6FF72914200F0978000297A
:10D7400000F094809DF80E309DF80F6006EB0326E4
:10D75000C6F34A1640F2FF739E4200F08780002E07
:10D7600000F084809DF810009DF8117007EB0027F1
:10D77000C7F30D07974279D0002F77D09DF812207C
:10D780009DF8135005EB0225C5F34A159D426DD057
:10D79000002D6BD0CB1B002BB8BF5B42FF2B65DC91
:10D7A000731B002BB8BF5B42FF2B5FDC2046FFF7EB
:10D7B00047FF394620468DED050AFFF741FF07EE8A
:10D7C000906A9FED2B5ADFED2B5A9FED2B6AE36990
:10D7D0008DED060AB8EEE77A07EE905A27EE057A45
:10D7E000F8EEE77AC7EE256A5B685B0767EE857A35
:10D7F00036EEC67A8DED077A87EEA57A77EE467A11
:10D80000CDED087A09D407AA05A92046FFF73CFF09
:10D8100008AA06A92046FFF737FFC622211D09A83E
:10D82000F1F7D2FCDDED057A9DED067A236B37EE3C
:10D83000877AD4ED0A7A77EE877A9DED087AC4ED7F
:10D840000A7ADDED077A023337EE877AD4ED097A6A
:10D850002363E36A77EE877A0233C4ED097AE362E1
:10D86000FDF726FBE06309A8F1F7D0FC0BB0F0BD93
:10D870000000484300E0FF44000048427FB5194BD8
:10D880001D680446686800264FF0040C0368CDE963
:10D89000006C1E68144BB047606408B303689B6A51
:10D8A00098472C22014603A8F1F7AAFC606C036894
:10D8B0000A21DB6C98472046FFF7ACFEA86A036894
:10D8C0000A215B6898472046FFF70CFFE46B03A82A
:10D8D000003C18BF0124F1F799FC204604B070BD4C
:10D8E0000446FAE7E8100020801A06002DE9F04F00
:10D8F00087B00446FFF7B0FC0546D0B1404E032583
:10D9000016F8012B03922046FFF79EFC039A01466E
:10D910002046FFF7B3FF00284AD1013DF0D1032094
:10D9200094F820203749EFF77DF9002007B0BDE8D3
:10D93000F08F354BD3F80080D8F8040003689B685B
:10D9400098474FF0010A06460AFA05F333420DD014
:10D95000DFF8AC9003275FFA85FB19F8012B5946D5
:10D960002046FFF78BFF18BB013FF6D10135202D74
:10D97000EAD1D8F804000368DB689847002506461A
:10D980004FF0010909FA05F333420DD0DFF870803A
:10D9900003275FFA85FA18F8012B51462046FFF756
:10D9A0006DFF28B9013FF6D10135202DEAD1B6E748
:10D9B000606C0221FDF7FCFA636C20469968FFF762
:10D9C00055FC626C1149137A527A0092DB0894F884
:10D9D00020200620EFF726F9606C03680221DB6C3B
:10D9E0009847606C04940368DD6A094B059306ABA5
:10D9F00013E90C0044F62061A847012096E700BF18
:10DA0000B452030848520308E81000206452030887
:10DA10003DDA010810B5036C04461BB9BDE810409F
:10DA2000FFF7F8BDFDF744FA236CC01A0A2804D9A1
:10DA30002046FFF757FE2046F0E710BDFFF7EABF8C
:10DA400010B5054B03600446406E10B103685B6877
:10DA50009847204610BD00BF2853030837B5044639
:10DA600040F20D120D46011D01A8F1F7ADFBFDF7C7
:10DA70001FFAE36BC01A642818D8A36B6BB107EECA
:10DA8000903AD4ED0C6AF8EE677A002386EEA77A16
:10DA9000A3630023236384ED097A636A2B60012466
:10DAA00001A8F1F7B3FB204603B030BD0024F7E72F
:10DAB00037B504464FF490720D46011D01A8F1F7E9
:10DAC00083FBFDF7F5F9E36BC01A642818D8636B84
:10DAD0006BB107EE903AD4ED0B6AF8EE677A00234B
:10DAE00086EEA77A63630023E36284ED0A7AA36A71
:10DAF0002B60012401A8F1F789FB204603B030BD5B
:10DB00000024F7E710B50446FFF79AFF2046F1F727
:10DB1000CFF9204610BD000038B504461D46FFF77A
:10DB200079FB034B236084F86250204638BD00BF68
:10DB3000285303082DE9FF411E230546406E8DF84A
:10DB40000D3002680023009314690DF10D010122CC
:10DB5000A047044618B9002004B0BDE8F0811D4B71
:10DB60001B68986A036805215B68984705F14008BF
:10DB7000A0264746686E02230DF10E023146FDF7DE
:10DB800079FA0028E8D0BDF80E305BBA9AB20236B6
:10DB9000002AF6B218BF0024B02E28F8023BE9D1C3
:10DBA000002CD8D1B5F84E3003F00F0423F0FF035A
:10DBB000A5F84E303846FDF787FB8442054604D071
:10DBC000024621460448FCF76FF8631B584258414F
:10DBD000C2E700BFE8100020B85203082DE9F04F5B
:10DBE0008BB047F27673DFF834A1DFF834B1ADF8CB
:10DBF00018300446002794F86230FF2B01D0BB4256
:10DC00007CD1DAF800305D682B6820461E68FFF78B
:10DC10001BFB06AB4FF0000813F807900423CDE977
:10DC2000008301465B464A462846B04760660028A6
:10DC300064D003689B6A984708AE01464D2230467F
:10DC4000F1F7DEFA606E03680521DB6C9847204629
:10DC5000FFF770FF054600284DD094F8202003926E
:10DC60002046FFF7F1FA039A2949CDF800900346C0
:10DC70000620EEF7D7FF3046F1F7C8FA606E03686A
:10DC80009B6A98475F22014607A8F1F7B9FA606ED0
:10DC900054238DF817300368CDF8008001221F69E6
:10DCA0000DF117014346B84784F85080FDF7F8F8A6
:10DCB0000321E065606EFDF77BF9636E204699688D
:10DCC000FFF7D4FA606E03680221DB6C9847606E40
:10DCD0000368DF6A0F4B0894099396E80C0043F23F
:10DCE000D401B84707A8F1F791FA28460BB0BDE870
:10DCF000F08F01277FE73046F1F788FA002FF8D040
:10DD000094F8202004490320EEF78CFF0025ECE76F
:10DD1000DC52030809DF010804530308E81000205F
:10DD2000801A060007B50323406E01AA0021FDF703
:10DD3000A1F948B19DF805009DF80430000240EAC1
:10DD400003409DF80630184303B05DF804FB000063
:10DD500010B52DED048BB0F84A30D0ED167AB0F83E
:10DD60004410DFED389A9FED389ADB0108EE103A47
:10DD7000F8EEE77AB0F84C30B8EEC88A044637EED1
:10DD8000C88A07EE903AF8EEE77AB0F8483067EEC6
:10DD9000887A82B008EE903A4804C90BA7EEA99A97
:10DDA000ECF7FCFFF8EEE88AB4F846309FED277AEE
:10DDB000DFED276A68EE888A07EE900AE8EE877A38
:10DDC000CC22211D07EE103AB4F84230B8EEC77AE3
:10DDD000DB0327EE088A07EE103AB8EEC77A01A8EF
:10DDE000A8EE267AD4ED156AF8EEE66A26EE877A72
:10DDF000D7EE297AB0EE678AF1F7E6F9DFED157A0A
:10DE000094ED0C7ADFED146AA36B68EE277A013388
:10DE1000A7EEA67AA363636BD4ED0B7A84ED0C7A3C
:10DE20009FED0E7AE9EE077A01336363C4ED0B7A56
:10DE3000FDF73EF8E06301A8F1F7E8F902B0BDECA8
:10DE4000048B10BD000000350000FA440000003DC6
:10DE50000000003C000000387A81303F0AD7233CA4
:10DE600030B5044685B0FDF71BF8E36DC01A42F2E9
:10DE70000F73984213D92046FFF754FF04F1610154
:10DE8000034670B9606E0268009315690122A847C5
:10DE900010B1FDF705F8E065012384F8603005B0A6
:10DEA00030BD94F8602022B994F86120542A22D120
:10DEB000A06594F85020606E00239A420CBF542253
:10DEC000442284F8603084F8612002680093156968
:10DED0000122A8470028DFD0FCF7E2FF94F8503079
:10DEE000E06501330522B3FBF2F202EB82029B1ADA
:10DEF00084F85030D3E7442ADBD160652046039193
:10DF0000FFF726FF0399D4E7FFF7AABF10B5054B2B
:10DF100003600446006C10B103685B6898472046B4
:10DF200010BD00BF5453030837B5044640F2331206
:10DF30000D46011D01A8F1F747F9FCF7B9FFA36BE6
:10DF4000C01A642818D8A38D6BB107EE903AD4EDAF
:10DF50000C6AF8EEE77A002386EEA77AA385002301
:10DF6000236384ED097A636A2B60012401A8F1F729
:10DF70004DF9204603B030BD0024F7E710B5044644
:10DF8000FFF7C4FF2046F0F793FF204610BD0000C6
:10DF90001FB50B0A006C8DF80C308DF80D1002685F
:10DFA00000230093146903A90222A04704B010BD06
:10DFB00000B5B5EEC00AF1EE10FA2DED068BB0EE0D
:10DFC000408A48BFB1EE408AB5EEC08A4CBFBFEE72
:10DFD000009AB7EE009AF1EE10FA83B07DD9404B6B
:10DFE0001B68002B76D01A7C002A73D05A7C24211F
:10DFF00001FB0233D3ED098A036801A91B69984725
:10E0000008B9384B01939FED387ADDED017A77EE50
:10E01000877A9FED367A67EE877A88EEA7AADFEDDA
:10E02000347AB4EEE7AAF1EE10FA4CDBDFED310AF8
:10E03000B0EE480A0AF04CFBF7EE008A9FED2E7A0C
:10E04000DFED2E6ADFED2E0AF0EE687AE0EE077A59
:10E050009FED2C0A86EEA77ADFED2B7A77EEC77A52
:10E060009FED2A7A67EE877AC7EE8A9AF5EEC09A14
:10E07000F1EE10FA48BFDFED269A89EE800A0AF029
:10E0800027FB30EE280AC8EE807A78EEE78ADFEDCB
:10E09000217AA8EEA78ADFED207A88EE270A30EEF3
:10E0A000007AB0EE408AF1EEC77A9FED1C7AE9EE75
:10E0B000877AB6EE007A67EEA77A97EE878A30EE17
:10E0C000080A20EE098AB0EE480A03B0BDEC068BC0
:10E0D0005DF804FBDFED128A8EE79FED0D8AF2E713
:10E0E000146300200000C8413393884348A18F4344
:10E0F00000000034ECDD2F3F0494613B62709643D6
:10E100009D2C9D3F366E994A0A679643B81EA53FDF
:10E1100000000000B3E0D94BCDCC9C3FE5D0073DDB
:10E1200082E6C54737B504464FF490720D46011D8F
:10E1300001A8F1F749F8FCF7BBFEA36BC01A6428ED
:10E140001DD8E38D6BB107EE903AD4ED0D6AF8EE71
:10E15000E77A002386EEA77AE3850023636384EDE4
:10E160000A7A94ED0A0A2046FFF722FF012485ED82
:10E17000000A01A8F1F74AF8204603B030BD002498
:10E18000F7E7000030B50A44FF248A4211D011F8A5
:10E19000010B0825444014F0800F05F1FF354FEACC
:10E1A000440418BF84F0310415F0FF05E4B2F2D145
:10E1B000EBE7E31A5842584130BD000070B52DED31
:10E1C000028B0446006C86B003680622009200228F
:10E1D0001D69114604ABA8470646FCF769FE0546D3
:10E1E00066B9A06B281AC82804D943F215612046E5
:10E1F000FFF7CEFE06B0BDEC028B70BD9DF812306D
:10E20000022204A92046FFF7BDFF0028F2D09DF8A6
:10E21000153002220DF113012046FFF7B3FF00284D
:10E22000E8D0BDF810309FED197ADBBA07EE903ACE
:10E23000A38F06EE903ABDF81330F8EE666AF8EE5A
:10E24000E77ADBBAC7EEA68AB222211D03A807EE41
:10E25000903AF8EEE77A87EE878AF0F7B5FFE38D1C
:10E26000A5630133E385A38D0133A38503A894ED52
:10E270000D7AD4ED0C7A37EE287A77EE887A84ED31
:10E280000D7AC4ED0C7AF0F7C1FFB3E70000484304
:10E29000FFF794BF2DE9F04F714BDFF8D0A11A883A
:10E2A0009B7889B004AE8DF812306E4BADF810201B
:10E2B0001F680396044603254FF0040BD7F804901B
:10E2C000D9F800301B6820461E46FEF7BDFF4FF010
:10E2D000000801460398CDF804B0CDF8008010F88E
:10E2E000012B039053464846B0472064C8B10368E9
:10E2F0009B6A984703689B689847206C03680A21CB
:10E30000DB6C984743F6F9712046FFF741FE236C1A
:10E310001A68926A00282BD1184690470368DB6878
:10E3200098474FF000088EE0B8F1000FC6D094F87F
:10E330002020E36903EB821301259D64206C0621F4
:10E34000FCF736FE236C20469968FEF78FFF206CA1
:10E3500003680221DB6C9847206C0368DE6A424B3D
:10E3600005940693224644F62061B047A84673E020
:10E37000184690470368DB689847B86A036844F614
:10E3800020619B689847206C03689B6A98470368E4
:10E390009B68984743F215612046FFF7F9FD236C0F
:10E3A0001A68926A0028B7D0184690470368DB685D
:10E3B0009847B86A036844F620619B689847206CC8
:10E3C00003689B6A984703689B689847206C0922FA
:10E3D00003680092D3F81090424605AB4146C84707
:10E3E000D4F8409028B9D9F8003048469B6A98473D
:10E3F00094E79DF81630022205A92046FFF7C2FED9
:10E400000028F0D09DF8193002220DF117012046A6
:10E41000FFF7B8FE0028E6D09DF81C3002220DF16F
:10E420001A012046FFF7AEFE80460028DBD0BDF87B
:10E430001A305BBAA387D9F8003048469B6A9847E0
:10E440000368DB689847013D15F0FF057FF46CAF6A
:10E45000B8F1000F7FF46BAF404609B0BDE8F08F14
:10E4600048530308E810002091E20108801A0600D2
:10E4700010B505490446F3F7B3FE044B4FF0FF32E5
:10E480001A60204610BD00BF945303086C4500205D
:10E4900010B5B0F90030B0F902209A42044626DDEA
:10E4A000C28922B307EE902ADFED140AB8EE671A8C
:10E4B000BA20F1F761FEE28994F9063007EE102ADE
:10E4C000BBB9B4F90030B4F90220D21A07EE902A91
:10E4D000F8EEE77AB8EE477A27EE800AC0EE077AC0
:10E4E000FCEEE77A17EE900A184480B200E098B28A
:10E4F00010BDF8EEC77A37EEC00AE2E70000000070
:10E5000010B5C38904460BB9808810BD90F9062068
:10E510000AB1B1EE400A5A4207EE903A00EE902A54
:10E52000B8EE671AF8EEE00ACA20F1F725FEE38993
:10E53000B5EEC00AF1EE10FA07EE103AB4F9043065
:10E5400013DDB4F90220D21A07EE902AF8EEE77A2A
:10E55000B8EE477A27EE800AC0EE077AFCEEE77A3B
:10E5600017EE900A034498B2CFE7B4F900209A1A44
:10E5700007EE902AF8EEE77AB8EE477A20EE670ABF
:10E58000C0EE077AFCEEE77A17EE900A1B1AEAE76C
:10E59000037BDB0701D5FFF7B3BFFFF779BF0000AF
:10E5A000C37C03B13AB1044A4181417B01238B40D2
:10E5B00011680B43136070476C45002010B5C38988
:10E5C00007EE903AF8EEE77A044627EE800AFFF766
:10E5D000DFFF002201462046BDE81040FFF7E0BF04
:10E5E000037BC18123F0030343F0030303737047EC
:10E5F000037BC18123F0030343F0020303737047DD
:10E60000552813DC442806DC1E3880B20A288CBF4B
:10E610000020012070474538012380B203FA00F042
:10E62000044B184214BF012000207047A03880B26C
:10E630001328ECE733F0010010B5427B012393402F
:10E640000B4A12681342044609D1B0F90800FFF7DB
:10E65000D7FF10B1074B1B7813B9E37C13B110BD82
:10E660009FED050A2046FFF793FF6081F7E700BFA3
:10E670006C450020582F00200000000010B5034911
:10E680000446F3F7ADFD204610BD00BF0854030853
:10E6900090ED120A7047000090ED130A70470000D9
:10E6A000B0F8540070470000B0F856007047000002
:10E6B00090ED040A7047000010B52DED028B044662
:10E6C00082B000F12001782201A8F0F77DFD237DC2
:10E6D00053B994ED028A01A8F0F798FDB0EE480A0C
:10E6E00002B0BDEC028B10BD07EE903A94ED067AB5
:10E6F000D4ED076AF8EEE77A002387EE278AA36154
:10E70000E3610023237586EEA77A84ED028A84ED07
:10E71000037AE0E7F7B506460F4640F2063200F10D
:10E72000980101A8F0F750FD0025331D53F8042B84
:10E730009AB93820F0F7B4FB044628B10D4B0360BA
:10E7400087802030FBF7A8F806EB85056C6001A8F0
:10E75000F0F75CFD204603B0F0BD0135102DE5D18A
:10E76000054B06491B68986903681B689847002495
:10E77000EDE700BFAC540308E8100020585403082C
:10E78000FF2937B504460D461ED0B0F904308B4240
:10E7900017D0672903D0A1F10F03012B14D8EB2266
:10E7A00004F1200101A8F0F70FFD00230022A5804D
:10E7B000A361E36122752361A360E36001A8F0F720
:10E7C00025FD012003B030BD0020FBE738B5104B1C
:10E7D00083421BD10F4B1C682021204609F08AF987
:10E7E0000D48231D2434016833F8045C0A682A4468
:10E7F0000A60016833F8025C4A6804332A44A34281
:10E800004A60F0D1054A13680833136038BD00BF71
:10E8100018630020784500207045002074450020D2
:10E8200070B51C4B1C4E1B680446D86A0368002256
:10E830009B6C20219847306040B3082008F098FF77
:10E84000164B186010B304F158050021144807F066
:10E850007FFC4022002128460BF07AFB012384F83C
:10E8600058300223A4F85A300E4BE3654FF400539E
:10E8700063660D4B32680A484FF4FC11C4E921135A
:10E8800029460823BDE8704007F070BC0748FCF734
:10E89000E1FA00BFE8100020784500207045002014
:10E8A00018630020CDE70108C0030100705403087D
:10E8B000FFF7B6BF8388DFED057A9FED050A0F3BB2
:10E8C0009BB2012B98BFB0EE670A70473333533ABF
:10E8D0006740533A08B52DED028BFFF7EBFF036855
:10E8E0001B68B0EE408A984728EE000ABDEC028B08
:10E8F00008BD000010B503680446DB689847204651
:10E90000FFF7D8FFD4ED037A20EE270A10BD0000F0
:10E9100008B52DED028BFFF7CDFF03685B68B0EE05
:10E92000408A984728EE000ABDEC028B08BD000023
:10E9300010B52DED028B82B0044600F12001FB22C0
:10E9400001A8B0EE408AF0EE608AF0F73DFCF0EEF0
:10E95000087AF4EEE78AF1EE10FA5CBFB1EE040A31
:10E9600028EE000A237DD4ED077A94ED067A84ED33
:10E97000048A58BFC0EE286A03F10103DBB2237595
:10E980004CBF38EE270A36EEA70A38EE077AFE2B80
:10E9900084ED067A84ED070A0BD1F6EE007A27EEB5
:10E9A000277A20EE270A7F2384ED067A84ED070A72
:10E9B000237501A8F0F72AFC02B0BDEC028B10BD54
:10E9C00030B5302383F3118819B1002383F3118804
:10E9D00030BD0A4C0A4B20681D680068B0FBF5F09A
:10E9E000106020681D684468B4FBF5F45460016051
:10E9F0004160196081F31188EAE700BF704500208B
:10EA0000744500202DE9F04F2DED028B83B00B1ED5
:10EA100000AF0CBF4FF002084FF000087B60B8F168
:10EA200000036A4618BF0123A2EBC3039D46E946D3
:10EA30004A460446FFF7C4FF9FED1C8A0025EBB24F
:10EA400098452CD91A4B261D04F1440A03EBC50B3B
:10EA500056F8040B98B17B68ABB99BF80110B0F97C
:10EA600004C0614511D1FF2909D059F82530D4EDF2
:10EA7000120A07EE903AB8EE670AFFF759FF5645BB
:10EA8000E6D10135DBE7FF21E9E7BCF1670FF6D1FD
:10EA900094ED140ADFED070A80EE080AEDE70C3763
:10EAA000BD46BDEC028BBDE8F08F00BF6740533A16
:10EAB0009454030800000000B0F854305BB133F008
:10EAC000200308D0084B1B68DB6A93F89C30002BAE
:10EAD0000CBF00232023B0F85620A0F854301A436E
:10EAE000A0F85620704700BFE810002010B504467B
:10EAF000FCF7D6F9636C42F20F72C31A934208D93D
:10EB000060642046FFF7D8FF0021BDE81040FFF702
:10EB100079BF10BD2DE9F7432C4E0546071DFCF7C4
:10EB2000C9F92C6A80468946FCB1D4E90423904592
:10EB300079EB030317D3D4E90412884579EB020378
:10EB400006D3E3685B1842F10002C4E90432F2E73D
:10EB50004522394601A8F0F737FBD4E9010398476D
:10EB600001A8F0F753FB2468DEE7FCF7A3F92A6A53
:10EB7000234692B154EA0308D2E904EC03D0A64537
:10EB80007CEB030807D2704571EB0C0804460B467A
:10EB90003CBF744663461268EBE7844273EB0102A4
:10EBA0004CF250320AD3241A63EB0103944273F1FE
:10EBB000000303D2642C224638BF64223368986A6B
:10EBC000036891B29B689847A9E700BFE81000204E
:10EBD00038B504460D460430FAF75EFE04F1340001
:10EBE00084F8245000220A2108F096FF04F138002E
:10EBF00000220A2108F090FF204638BD2DE9FF4190
:10EC000002AF87E80C0090F82C30DDF8288005462C
:10EC10000E464BBB012380F82C30C0F83080072013
:10EC200008F0A6FD0446A0B398F8083003F00702E8
:10EC3000012A10D0022A14D0184B95F824200095F0
:10EC400021464FF4B66008F0EDFDA86260B91448A3
:10EC50002146FCF7FFF8134ADB080721FAF7C4FF47
:10EC6000EAE7114ADB08F8E71820F0F719F904463B
:10EC700078B1031D97E8030083E80300E660FCF722
:10EC800019F9301841F10001C4E904012B6A23602D
:10EC90002C62204604B0BDE8F08100BF15EB0108EE
:10ECA000F0540308E4540308EA54030838B5094B48
:10ECB0001446DB68826A9A420D4609D1CC60FCF7A3
:10ECC000F9F8201841F10001C5E90401012038BD1F
:10ECD0000020FCE710720020F8B51E461B680546B0
:10ECE0000C4617461BB9236863B9012408E0BDF838
:10ECF0001820806B314608F027FF0028F3D100244C
:10ED00002046F8BD2146686B3A4608F057FF044696
:10ED10000028EAD13368002BF1D0A86B08F086FFF9
:10ED2000EEE7000038B50D46114604461A4611B10B
:10ED3000806B08F035FF2DB1606B2946BDE8384087
:10ED400008F06CBF38BD000070470000002070471D
:10ED5000B0F94C0070470000B0F94E007047000059
:10ED6000012380F85430704780F855107047000038
:10ED700090F8543013B190F830007047184670473F
:10ED800037B590F8543004460D46ABB190F83030AA
:10ED9000122BA8BF122399420EDA00F1340161222E
:10EDA00001A804EB4504F0F70FFA01A8A488F0F7D6
:10EDB0002DFA204603B030BD0024FAE737B590F8AD
:10EDC00054500446A5B100F134014A2201A8F0F7DD
:10EDD000FBF9D4E90A51226D0023994208BF9542FC
:10EDE000C4E90A2301A814BF01250025F0F70EFA93
:10EDF000284603B030BD000073B590F85440054676
:10EE00000E468CB1122A28BF122200F1340114469A
:10EE100001A87122F0F7D8F96200291D30460BF0E5
:10EE20004DF801A8F0F7F2F9204602B070BD0000DD
:10EE3000002070479FED010A704700BF0000C842E4
:10EE400000207047002070477047000070470000A6
:10EE50000020704770470000002070477047000096
:10EE600090F8140170470000D0F8240170470000AA
:10EE700090F84030D940D0F828310B43C0F8283101
:10EE800070470000012380F815317047002380F897
:10EE90001531704780F8FC1070470000F0B590F80D
:10EEA0004070134BF9404FF0020C00204FF0010E60
:10EEB0001A1F1546002415F8016B0EFA06F60E42CD
:10EEC00018BF01249D42F6D144B112F8014B0EFA4D
:10EED00004F40C4208BF20439A42F6D1BCF1010F62
:10EEE00003F5887301D1B840F0BD4FF0010CDFE7A6
:10EEF000854500200F299FBF90F84030C91AC9B23C
:10EF0000343194BF30F81100002070470F299ABFA8
:10EF100000EB4100B0F8440000207047102A28BFE1
:10EF20001022F8B505460E4617460024E1B28F427E
:10EF300007D92B6828461B6C984726F81400013423
:10EF4000F4E7F8BD10B50B4B93F86C00012881BFB6
:10EF50005C6F0A6822430A6093F87C4198BF0020E6
:10EF6000012C05D90A68D3F884311A430A60204677
:10EF700010BD00BF8045002090F84030D940C0F857
:10EF800060117047012380F81631704700207047E8
:10EF9000012380F85231184670470000022380F8A0
:10EFA00052317047704700007047000003680BB192
:10EFB00008F0D0B97047000038B50C46302383F311
:10EFC0001188D1F8FC000025C1F8085128B1D1F80A
:10EFD000F81007F0D9FCC4F8FC50002383F3118823
:10EFE00038BD000008B50846302383F31188064B6E
:10EFF00001224FF4806183F82C2007F0C5FC002328
:10F0000083F3118808BD00BFA0470020F8B50D4C60
:10F0100005460E460227236FD5F8182113420AD160
:10F020004BB1A368B3FBF6F194F88630E16013B1FD
:10F03000206D07F045F9012F04F5887400D1F8BD63
:10F040000127E8E78045002010B4102A90F84040DE
:10F0500028BF102294420B460AD2121BD2B200F1F2
:10F060006801520003EB44005DF8044B0AF026BF30
:10F070005DF8044B704700002DE9F04F434B85B01D
:10F08000D3F800B08046DBF82800036802AF5B6B62
:10F090000D4616469847786058B93D4BDBF82C0072
:10F0A00032462946F0F70CFA01200C37BD46BDE880
:10F0B000F08F98F840A00AF10F0101F4FC71ADEB5C
:10F0C000010D0DF108090AF10802002148463A60D5
:10F0D0000AF03EFF2F483A680224002390F86CE0C3
:10F0E000BEF1000F11D0411D00F1010C39601CF878
:10F0F000011BFF2906D05144C9B28A4284BF09F8D6
:10F1000001E07B6839686145F1D1012C00F5887018
:10F1100006D1DBF82C002BB91F4B32462946C1E73C
:10F120000124DBE732461D4B2946F0F7C9F90022DE
:10F1300098F8403003F108018C4215D209EB040322
:10F1400019F8041013F8013C99420AD043B1013276
:10F15000D2B20092019432462946404604F050FA59
:10F1600022460134E4B2E3E70733DBB219F8033097
:10F17000002B99D00132C9B2D2B201910092294636
:10F180003246404604F03CFA8EE700BFE81000200B
:10F190004055030880450020545503086055030876
:10F1A00070B5294CFBF77EFE2268A57922F00F038B
:10F1B00002F00F021B6923FA02F202F0010315B1FB
:10F1C000A27B9A4219D1012293B14FF4007363815B
:10F1D000A273302383F311881C48FFF7E7FE2069F0
:10F1E0004FF4806107F0D0FB002383F3118803E024
:10F1F000A271A0802381A37370BDA189A2884E084B
:10F20000821A16FA82F2B2FBF1F2D2B20A2A16463A
:10F2100028BF0A2653B94FF0FF31A9404FF0FF3500
:10F22000B54021EA0501258929432181092AA671D2
:10F23000E1D92289A080C2F30902628100222281E1
:10F240000122A271A373C4E7A0470020B4470020A5
:10F25000022980F81411094A09480A4B01D00429EF
:10F2600006D10B2101600421116008221A60704749
:10F2700008210160032111600622F7E7E40E002057
:10F28000EC0E0020E80E0020642A70B526D929B3C0
:10F290001E4C94F86C30023B022B1FD994F87C3141
:10F2A000023B022B1AD911FB02F39BB2B3F5487F44
:10F2B0001DD34C1EE4B214FB02F4B2F5805F164677
:10F2C000A4B2B8BF4FF48056012913D9B34211DD5F
:10F2D0000139A51A2346C9B2ACB2F5E700234FF4B1
:10F2E0007A72C0E93623002380F8E03070BD013126
:10F2F000C9B2D8E7064AB2FBF3F3C0F8D83000230E
:10F3000080F8E010C0F8DC30F0E700BF8045002056
:10F3100040420F002DE9F04F90F8513187B005467B
:10F32000002B40F09C80544C02274FF00108524BB8
:10F33000524A84F86C80E31A1B115343DBB208FA7B
:10F3400003F3C4F8F83004F1010A00264FF0FF0B74
:10F350001AF8019B95F840004844C0B2F9F74CF800
:10F36000E0B10AF801BC1AF8013CFF2B0FD095F868
:10F3700041100133DBB28B42B8BF0B4685F84130F8
:10F380001AF8013C08FA03F1236F0B432367013697
:10F39000F6B2042EDCD12EE00127C8E795F8400034
:10F3A0004844C0B2F8F762FD8A285BD10023FF22EF
:10F3B000236784F86C3062706361A270E361E2706D
:10F3C00063622271E36295F840002D4B226D1B6849
:10F3D00003924844C0B2D3F82CB0F8F747FDA0F12F
:10F3E0008A03584258410090039A334604F10801B9
:10F3F000584604F0D7F8236F33B1206D04F10801AB
:10F4000006F03CFF84F886800026012FC4F8B06027
:10F4100004F58874C0D105F59C7007F079FB95F868
:10F4200040102B68C5F8E46007FA01F1013981F456
:10F430007F415B68322281F0FF0128469847104BDC
:10F4400085F852711B680F4A986A05920368049503
:10F4500006AA12E906005B6A984785F8517107B061
:10F46000BDE8F08F95F840004844C0B2F8F7FEFCC4
:10F470008B287FF478AF99E780450020F1F0F0F019
:10F48000E81000200909020813B53023044683F36D
:10F490001188836F5A68136823F00F031360836F1A
:10F4A000197C1A680E238B40536090F890305BB142
:10F4B0000B4B186940B14FF4806107F065FA0023E7
:10F4C00083F3118802B010BD04F1B0000190FFF782
:10F4D0006DFD044A01982346322107F031FFEEE723
:10F4E000A0470020B9EF010813B530230C4683F381
:10F4F000118891F8E13091F8E020013393420DDA60
:10F5000001F1E400B1F8D810CDE90001FFF74EFD9C
:10F51000DDE90001064A234607F012FFE0684FF4D8
:10F52000005107F031FA002383F3118802B010BDB7
:10F53000E9F4010810B5044690F86C0004F09EF858
:10F5400088B1FBF7B7FCD4E92632C01A61EB02019F
:10F55000D4E92832323342F10002834272EB0103D4
:10F5600034BF0120002010BD01444A78FF2A07D093
:10F5700001239340426F134214BF012000207047C3
:10F580000020704770B5054688B000F11401B32221
:10F5900005A8EFF719FE95F82C40BCB90E4B06955F
:10F5A0001B68986A03681E6D0C4B079307224FF483
:10F5B0008073CDE90032029408AA12E90600084BD4
:10F5C000B047044610B1012385F82C3005A8EFF7A9
:10F5D0001DFE204608B070BDE8100020C90F0208CB
:10F5E0000EFA02082DE9F3478A4614460C9A019256
:10F5F0001E46DDE90A98FBF75DFCDAE92657DAE9F1
:10F600002A3CB0EB050A61EB070E9A457EEB0C0233
:10F61000019A25D2ED1847EB0C072D1A67EB01076D
:10F62000B0EB040C61EB0603CC4573EB08031AD274
:10F6300014EB090446EB0806201A66EB0106A84203
:10F6400076EB070338BF28460A21F0F7C3FD4FF6D3
:10F65000FE7380B2984228BF184602B0BDE8F0871A
:10F6600000252F46DCE700200646E8E70F2930B5E5
:10F670001AD890F840308B4216D8C91A0E48C9B231
:10F68000002345788D42DCB210D00133042B00F109
:10F690000100F6D10948002310F8015BA942DCB251
:10F6A00007D00133042BF7D1002001E00248147089
:10F6B00030BD0348FBE700BF804500209146002095
:10F6C0009046002007B50DF10702FFF7CFFF48B1C4
:10F6D000036D5A689B681068B0FBF3F080B203B00A
:10F6E0005DF804FB3220FAE737B50DF10702044656
:10F6F0000D46FFF7BBFF58B194F84010636E6D1ACA
:10F70000012101FA05F52B436366436F1D434567ED
:10F7100003B030BD73B50DF1070205460E46FFF785
:10F72000A5FF044690B19DF80710006D06F0E4FDBA
:10F7300095F840106B6E761A012101FA06F623EA5D
:10F7400006036B66636F23EA0606666702B070BD48
:10F750002DE9F043994685B090F851310C9E8DF813
:10F760000720804603F0FF0723B90027384605B07D
:10F77000BDE8F0839DF80750002DF6D000230DF171
:10F780000B02C9B28DF80B30FFF770FF044600285A
:10F79000EBD000F1D00140F66B1203A8EFF714FD97
:10F7A00094F8C8309D4294F86C3001D84B4517D07E
:10F7B000093B022B49D9B9F10A0F15D009F0FD0315
:10F7C000092B3CD194F8C8309D4294BF04F1C80382
:10F7D0000DF107031B7884F8CA90DBB284F8C830B7
:10F7E00003A8EFF713FDC1E794F8C83002359D4236
:10F7F000D8BF94F8C8504FF00A03D8BFEDB2EDB2AD
:10F8000084F8CA30002384F8C85084F8C930601CDA
:10F81000012510F8011B98F840200A4405FA02F26D
:10F8200032421EBF94F8C91005FA03F20A4303F1ED
:10F83000010318BF84F8C920042BEAD1D0E70027C0
:10F8400084F8C87084F8CA70CAE70027C8E70000C7
:10F85000F7B590F85131064603F0FF0553B303693D
:10F860007BB30DF10302C9B2FFF700FF044630B3CA
:10F8700000F1D00140F67D2201A8EFF7A5FC94F835
:10F88000C830D3B194F86C30093B022B15D894F8EA
:10F89000CC3003F0FF0753B1012384F8CB3030693B
:10F8A00086F864314FF4004107F084F83D4601A822
:10F8B000EFF7ACFC284603B0F0BD0025F7E705469E
:10F8C000F8E71D46F6E7000010B508460C4603F0C1
:10F8D000D5FE28B9A4F1090002288CBF0020012020
:10F8E00010BD00002DE9F8430C4691F86C10FFF7AD
:10F8F000EBFF014600286AD1D4F88C2094F86C50B4
:10F9000093B2B3F5C87FD4E902C626D8314B32484A
:10F91000032D08BF0346206DA3604768DFF8B4E0FD
:10F9200043693F68B3FBF7F3013BB3F5803FD4F87D
:10F93000088006D247683F6803FB07734769BB42EC
:10F940000DD0F0450BD94FEA5803A36047684369CF
:10F950003F68B3FBF7F3013BE7E71F4BDBE7023DF3
:10F96000012D1FD80022E260234604F120074FF04A
:10F97000100E4FF001095D69022D17D1C3F81490E4
:10F9800001210833BB42F6D1C44594F8863012D128
:10F99000964210D193B179B9E168206DBDE8F84382
:10F9A00006F08EBC92B2B8FBF2F2DCE7202DE8D173
:10F9B000C3F814E0E4E70BB106F072FC206D04F12B
:10F9C000080106F05BFC012384F88630E4E7BDE81B
:10F9D000F88300BF40420F0000127A002DE9F8437F
:10F9E00090F8403031FA03F80546164622D0134C01
:10F9F00004F50879B6F5C87F1ED994F86C30042B4D
:10FA00000CBF37464FF4C877236F18EA030F0DD0A9
:10FA100021462846C4F88C70FFF764FF322F81BF5F
:10FA2000D5F81831226F1343C5F8183104F58874DE
:10FA30004C45DFD1BDE8F8833746E5E78045002037
:10FA4000F0B5FF23164685B04A1C4F1D002512F85D
:10FA5000014BFF2C09D090F840C06444E4B2A342AB
:10FA600028BF2346A54238BF25469742EFD15A1CEE
:10FA7000AB4291F86C1003920AD103F0B5FD039AE2
:10FA80000949009603460320EDF7CCF805B0F0BD18
:10FA900003F0AAFD039A0549CDE900066B1C03207B
:10FAA000EDF7C0F8F2E700BF685503087855030882
:10FAB0002DE9F04F1E468BB0CB6FBDF85490DDE9B9
:10FAC00016AB07460C46904623BB5A4B0690CDE931
:10FAD0000730594B09931420EFF7E2F9054670B14E
:10FAE0000AAA12E9030001AB83E80300079B009315
:10FAF00094F85610069BFF222846F9F7F1FEE567B9
:10FB000045B94E4A38462146FFF79AFF00200BB010
:10FB1000BDE8F08FE06FFAF749F8D4F8801069B1CA
:10FB2000B4F884204A451DD0454B1B68D86A036849
:10FB3000DD6C0023A8470023A4F88430404B1B68E9
:10FB4000D86A036800229B6C494698470546C4F86A
:10FB5000800028B9E06F0121F9F714FF394AD1E795
:10FB6000A4F8849094F88630C4E92AABC4E928ABA1
:10FB70002BB1206D06F094FB002384F88630236DB2
:10FB80009DF86020586906FB08F8414603F07CFDAB
:10FB9000431EB3F5004F05D3E06F0121F9F7F2FEE4
:10FBA000294AAFE7276D431C7A69B2FBF3F24FF4A1
:10FBB0008073E364002363649DF85030A260002BDF
:10FBC00002EB5802B2FBF8F1C4F8881006FB01F111
:10FBD000E16015BF0125022510202020234604F1F5
:10FBE00020015A6922B1202A01D0102A20D158615F
:10FBF00008339942F5D104F10801384606F03EFB7E
:10FC0000012384F886300025E9B220460591FFF7EC
:10FC1000ABFC059918B1206D002206F05DFB0135A3
:10FC2000042DF1D1E06F0121F9F7ACFE01206EE760
:10FC30005D61DDE7E1000208250102089055030837
:10FC4000E8100020A7550308C55503082DE9F04723
:10FC50002DED028B044690F84000091A9046CAB276
:10FC6000364923FA00F791F86C000123042886B086
:10FC700003FA02F302D0086F034208D191F87C0125
:10FC8000042830D0D1F880110B422CD02C49481CCC
:10FC9000002310F8015B954208BF81F8023101335F
:10FCA000DBB2042BF5D1254E21639FED228B06F5A7
:10FCB000087A4FF49879336F3B4221D0E26B1340BE
:10FCC0001ED1CDE9003904938DED028B0A23424603
:10FCD00031462046FFF7ECFE054688B923682046EA
:10FCE0009B6F984706E0256B25B1236820469B6FE4
:10FCF00098470025284606B0BDEC028BBDE8F0878A
:10FD000006F58876B245D6D10E4DEB6863639B6BE2
:10FD1000A363E36B3B43E363FF2007F0E9F9236B45
:10FD2000094AB2FBF8F2A3F80021084BEA681A610D
:10FD30000125DFE70A0000000000000080450020E8
:10FD4000904600201072002040420F00A047002083
:10FD5000F8B500F59C750446284606F03DFF0028DE
:10FD600059D0FBF7A7F8D4E94C37B4F84E21C61A9E
:10FD700061EB0701964271F1000109D22649096839
:10FD80008E6A9B1832681B1A926899B23046904767
:10FD9000302383F31188214B214A1869214F022116
:10FDA00016464FF0010C90B992F86C30023B012BD3
:10FDB0000DD8931B1B1194F84CE17B43DBB22EFA58
:10FDC00003F3DB0742BF136DDB69C3F814C00129DD
:10FDD00002F588721DD1002383F31188236B7BB950
:10FDE0000D4B1B68986A03681B6C984710B994F810
:10FDF000FC302BB1E06818B14FF4006106F0DAFD79
:10FE0000FBF758F8C4E94C012846BDE8F84006F075
:10FE1000EDBE0121C7E7F8BDE8100020A047002093
:10FE200080450020F1F0F0F02DE9F74F90F84210F6
:10FE30008346002900F0B1804FF0FF328A40416EC6
:10FE4000574C21EA0203574A00931268D06A0268AD
:10FE5000D26990474FF000098246C846DBF830204F
:10FE6000002A7DD194F88620002A79D04C4BE61ADE
:10FE70004D4B36115E43F6B2012707FA06F6F6B28D
:10FE8000791EC9B220460191FFF76EFB002864D0AD
:10FE9000009BE05D23FA00F2D3075ED500F1340247
:10FEA000BAF1010F3BF81250019909D19BF840209B
:10FEB0000244DBF85C010AFA02F2024208BF0025A4
:10FEC00094F86C00042821D1BBF806E0206DAE4503
:10FED0001AD2BBF808C08268AC4506D9A5EB0E055E
:10FEE0006A43ACEB0E0CB2FBFCF2019206F0F4F9A3
:10FEF000019A154694F86C00821E012A29D8A8455B
:10FF000048D346EA090928E00022EEE703280AD18F
:10FF1000A268264BB2FBF3F26A43206DD20806F0CA
:10FF2000DBF9ED08E6E7042808D8A2681F4B206D2E
:10FF3000B2FBF3F26A4306F0CFF9DBE703F09EFB76
:10FF400020B994F86C20093A022AD3D8D4F8A050EA
:10FF5000D0E703F093FB0028D1D10137052F8FD1D3
:10FF6000134A04F5887494427FF478AF40F6FC029B
:10FF7000904528BF904608F13208ABF84E818BF8C7
:10FF80004C91B9F1000F08D0584603B0BDE8F04FCE
:10FF9000FFF7DEBE1FFA85F8B3E703B0BDE8F08FC8
:10FFA00080450020E8100020F1F0F0F040420F0002
:10FFB000A04700200F2930B42DD800EB4103A3F84F
:10FFC000442090F84040A14225D390F85231012BB3
:10FFD00005D1D0F85C518B402B4208BF002290F82D
:10FFE0001631091BC9B29BB101F1440420F8142059
:10FFF00090F841208A420ED990F842200131914276
:020000040802F0
:10000000B8BF114680F842102BB930BCFFF70CBFC7
:1000100001F13404EAE730BC7047000010B590F8F5
:10002000163104463BB9F7F715FD40F246524FF43E
:100030008011F7F7FBFC002384F8163104F1680205
:1000400004F1880304F1A80153F8040B42F8040BEF
:100050008B42F9D12046BDE81040FFF7E5BE000015
:1000600070B5D0E94C5655EA0603044611D0FAF7AC
:1000700021FFB4F84E31401B03F57A6361EB0601B2
:10008000984271F1000304D32046BDE87040FFF7A9
:100090005FBE70BD2DE9F8430F4CDFF840900D4670
:1000A00002264FF03008E36FAB420DD1A76F5FB966
:1000B00088F311880A2194F8560023464A4604F032
:1000C00065FFA06787F31188012E04F5887401D1BC
:1000D000BDE8F8830126E6E78045002089F40108A1
:1000E000FFF7D8BF2DE9F0410D4C0D4602264FF029
:1000F00030080027E36FAB4209D1A36F3BB188F30F
:100100001188A06F04F0A0FFA76787F31188012E64
:1001100004F5887401D1BDE8F0810126EAE700BF4B
:1001200080450020FFF7DEBF490089B20AB141F0E7
:100130000101080A80EA1110484080B20BB1C043A7
:1001400080B200F00F0040EA011080B2704700005A
:10015000F0B5134CBDF814002768124C24684743CF
:10016000444300200860960001EB8205102013F440
:10017000004F00F1FF3014BFA446BC465B0080B2C4
:10018000C5F800C09BB235440028F0D102EB021341
:1001900002EBC20241F8230041F83200F0BD00BF7B
:1001A000E40E0020E80E002038B58B6F15465A6823
:1001B0000B6DDB690C464C3393602946D4F8800004
:1001C00007F09AFCA36FD4F880205B68DA60A36F15
:1001D0005B68AD085D60A36FD968187C0A680F235F
:1001E000834022EA030294F85730834013430B60A4
:1001F000A36F94F857105A6843F69A2343EA0143D1
:100200001360236DDB6940F20D329A640123C4F858
:100210000831A36F5A68136843F001031360FAF7BB
:1002200049FEC4E9260138BD2DE9F04F1F46644B55
:100230001B6985B0DDE90E9805460C461646002B75
:1002400040F0BB80D1F808311BB1043B012B00F218
:10025000B480E06FF9F7AAFCFAF72CFE821B61EB81
:1002600007034A4573EB080313D216EB090247EB69
:100270000803161A63EB0107D4E92823964277EBAB
:10028000030309D2E06F012105B0BDE8F04FF9F793
:1002900079BB00263746EFE7EB68C4F8FC30494BE2
:1002A0001E68F06A0368DB699847F36A834693F82F
:1002B0009C30D4F8800002934FF49872002109F02A
:1002C00047FE002704F1010A4FF00109F9B2204668
:1002D000FFF74AF900285ED01AF8076095F84080C9
:1002E000BBF1010FB04409FA08F804D1D5F85C312C
:1002F00018EA030F4FD006F1340335F81300002835
:1003000049D04FF4FA624FF47A7100B2EFF76AFF06
:1003100081B2A1F57A71490040F2CF72D5F820314F
:100320009142A8BF114618EA030F89B20CD0B1F56B
:100330007A7F05D2511A89B22B79194489B205E026
:1003400039D0A1F57A71F6E70029F5D1029BD5F8ED
:100350006081002B09FA06F608BF002116EA08039F
:1003600003934FF000030CBF1A4601222846FFF703
:10037000DBFE039A03461AB128EA0606C5F8606157
:10038000D4F88010B4F88820009201EB8701042291
:100390002846FFF7DDFE0137042F97D1D4F8F80087
:1003A00006F0DCFA4FF498722146284605B0BDE805
:1003B000F04FFFF7F9BE0021C8E705B0BDE8F08FA8
:1003C000A0470020E81000202DE9F74F9846036B66
:1003D000DDE90CAB044617469BBBD0F80C3163B982
:1003E000D0F80001EFF74CF90B2806D9D4F800013A
:1003F0000C2204F58471EFF755FA1A4D002605F525
:1004000008792846FFF796F8F0B194F81031FF2BE1
:1004100003D02A6FDA40D20716D5D4F80C219AB14E
:1004200094F808212946204600F032FF064605F5DB
:100430008875A945E5D126B1D4F80C31013BC4F843
:100440000C3103B0BDE8F08F2846FFF773F80028A1
:10045000EDD0CDE900AB3A46434629462046FFF7AA
:10046000E3FEE4E78045002038B50C46302383F3F3
:1004700011888B6F5A68136823F00F0313608B6F1A
:10048000197C1A680E238B4053600023611C1846A8
:1004900011F8012BFF2A06D0226DD26903F10C0559
:1004A00002EB850250600133042BF1D104F1B0005E
:1004B000FEF77CFDD4F8F80006F046FA0023C4F8F5
:1004C0000831C4F8FC3083F3118838BD2DE9F047BA
:1004D0002DED028B84B0224C9DF840809DED0E8B5B
:1004E000054616461F46A4F5087994F87C1109398B
:1004F00002298CBF00210121414524D1D4F88C313F
:100500000BB39B7CFBB1B8F1000F25D1D5E93623A5
:1005100004F5887ACDE9022351468DED008B3246F1
:100520003B462846FFF75EF80146D4F8080206F07D
:1005300099FA18B951462846FFF796FFD4F88C016E
:100540000121F9F71FFAA4F58874A145CDD104B0B3
:10055000BDEC028BBDE8F08742F210720023D7E7B2
:10056000804500202DE9F04F3C4BDB68C3603C4BDD
:100570001D6887B00446A86A03685B6B984730B96A
:10058000A86A03684FF47A719B689847F3E74FF0C5
:10059000000AD14604F1E40B4FF4205006F02AFA89
:1005A00000F420530493FAF785FC94F8E1500746D1
:1005B0000E46D5B9049BC3B1FAF77CFC94F8E03041
:1005C000012B8246894610D0B4F8D810059130230B
:1005D00083F311885846FEF7E9FC224A0599234621
:1005E000584606F0ADFE85F3118894F8E030D4E962
:1005F00036854BB194F8E1305A1C03FB0553A8FB38
:1006000002851D4457464E46216B0029C4D1049BE8
:100610001BB92046FFF724FDBEE73A463346204685
:10062000CDE900850491FFF7CFFE049902913A4687
:10063000CDE9008533462046FFF748FF94F8E020D7
:1006400042B194F8E1300133B3FBF2F102FB113314
:1006500084F8E130236B002BDBD09DE71072002083
:10066000E8100020E9F4010802EBC20030B5800078
:10067000039C0C6000250D50900001EB82010822C4
:1006800013F0010F02F1FF320CBF2546002512F0D6
:10069000FF020D604FEA53030144F1D130BD000069
:1006A00030B5044685B04FF48060039106F056F9EA
:1006B000226B039B92F80201D2F88010D2F88820B6
:1006C0000A256A43009201EB800104222046FFF7CD
:1006D000CBFF236B012283F89020216BA0222046C0
:1006E000FFF762FD4FF4FA614FF4806006F0DEF927
:1006F000236B0022C0F3802083F8902005B030BD2A
:10070000F8B5046B05460E461746D4B1E06FF9F70D
:100710004DFA2B6B4FF49872D3F88000002109F04A
:1007200017FC3744BE420ED016F8011B2846FFF7CF
:10073000B7FF04460028F5D12B6B0121D86FF9F7DC
:1007400021F92046F8BD074B1B68986A03681921F8
:100750009B6898472B6B0121D86FF9F713F9012497
:10076000EFE700BFE810002073B51A4C002623699C
:1007700084F82C600D460193302282F3118804F135
:100780001400FEF713FC019B134A42F2107104F1AE
:10079000140006F0D5FD86F311884FF4806006F052
:1007A00045F943050FD594F82C3063B9638940F2BD
:1007B00001221A40B2F5007F03BF5B082B700120B5
:1007C000002002B070BDA07B0028FAD0238943F43A
:1007D0000073ECE7A0470020E5EF01082DE9F04F9A
:1007E00085B0036B02910746924623B90024204648
:1007F00005B0BDE8F08F93F80221019303EB82026C
:100800004FF00108D66D284D304607F037F906F055
:100810000F0208FA02F826F00F0B2022414681460B
:10082000584604F009FD00244FF480606C6106F026
:1008300095F8019BAC7193F80221AC6003EB820345
:100840003146DB6D2B603B6B184AB3F80031AB814E
:10085000174BAC73DB682B61164B1B680193019837
:100860000323C069F9F7B0FC0028BFD023465345E5
:100870009CB209D0029A0393D1183846FFF774FF4F
:10088000039B01330028F2D1019800231A46314618
:10089000C069F9F799FC00234A46414658462B6146
:1008A00004F0CAFCA3E700BFA0470020A1F10108A3
:1008B00010720020E810002038B5084B1D6804466F
:1008C000E86A03685B68984720B9EB6A94F852219C
:1008D00083F84E2094F8520138BD00BFE810002084
:1008E00010B50446FAF7E4FAD4F85431C31A632B6E
:1008F00007D9044BC4F854011B6813B11B89C4F811
:100900005C3110BD64450020FFF7EABF0538C0B276
:1009100006289ABF024B53F820000120704700BF01
:100920002C5603082DE9F04F0E4687B02849294C74
:10093000DFF8ACA0DFF8ACB007463046FAF7FAFAB9
:100940004FF002083B6BA3423FD094F86C0002F0DA
:1009500095FE034694F86C009BB3FFF7D7FFDBF8D6
:1009600000504543236D29465869012202F08CFE50
:10097000236D94F8542094F86C105B6905928146BD
:100980003846154AB3FBF2F3049302F02DFE0295AC
:10099000256D09F1010C6969B1FBFCF1DDE9043257
:1009A000CDE900010D493046FAF7C4FAB8F1010F5C
:1009B00004F5887402D107B0BDE8F08F4FF001084C
:1009C000C0E7FFF7A3FFC500CCE75546CAE700BF65
:1009D000E45503088045002040420F00ED55030810
:1009E00000EE0200EC0E0020F0B591F8863089B0E0
:1009F00005460C462BB1086D05F052FC002384F827
:100A0000863094F86C00831E092B17D8DFE803F0BA
:100A10009A9A0567676767383838661C671D16F845
:100A2000011BFF2908D095F8403019442B6800229B
:100A30005B69C9B228469847B742F0D1214628469B
:100A4000FEF750FF94F86C30C3B194F88650ADB9FE
:100A5000206D04F1080105F011FC012384F88630B3
:100A6000E9B220460791FEF77FFD079918B1206D86
:100A7000002205F031FC0135042DF1D109B0F0BDA3
:100A80002846FEF77FFD064618B9002384F86C302F
:100A9000D4E794F86C00324F0A2815BF08231423BA
:100AA0001822192208BF00260793FFF72FFF94F89A
:100AB000C810079B514309314F430901002289B2F5
:100AC000B7FBF0F7CDE90061CDE90272049221464F
:100AD00002462846FEF7ECFF0028AFD1D5E7FFF726
:100AE00015FF226FD5F8A8301E4EB6FBF0F61A425D
:100AF00095F814310CBF01220022022B14D0191FCB
:100B00004B424B41049300274FF49873CDE90023E7
:100B1000CDE90267144B02461B6821462846FEF7C2
:100B2000C7FF18B90123B1E70123EBE7D5F8A820E7
:100B3000236F1A4282D0C4E92A670F367600C4E9CF
:100B400028677BE70123C4F88C3094F886300021B5
:100B5000E160002B3FF472AF206D05F0B1FB6DE753
:100B600040420F00C0EA2101EC0E00202DE9F843BD
:100B70001A4CDFF86C9005460F46164604F50878C7
:100B800095F84020236F93403B421FD031462846C2
:100B9000FEF79AFE00B394F85530EBB94A46214669
:100BA0002846FEF74DFF0123012E81BFD5F81821FD
:100BB000216F0A43C5F8182194F86C209A4205D099
:100BC0002146284684F86C30FFF70EFF04F5887440
:100BD0004445D5D1BDE8F8833346E5E7804500209C
:100BE0001C56030838B5036B044633B3154B426BF0
:100BF000DB689A4204D1806B06F07AFA00236363C3
:100C0000114B124D00221A612A6FE36B1A4207D072
:100C100029462046FFF728FC29462046FFF7E4FE38
:100C2000D5F88021E36B1A4207D009492046FFF727
:100C30001BFC07492046FFF7D7FE00232363E3632D
:100C400038BD00BF10720020A04700208045002062
:100C50009046002010B5D1F88800D1F880409DF86A
:100C600008E09DF810109DF80CC041EA0E2141EA01
:100C70000C414FF0010E4FF0180C0CFB03E302EB9C
:100C8000830204EB820C00EB400404FA0EF400FA39
:100C90000EF0002311F4000F14BF224602464CF858
:100CA00023200433602B4FEA4101F3D110BD00BF74
:100CB00030B49DF810409DF80C00D1F8805040EA07
:100CC00004409DF8084040EA0420D1F88840C4EB75
:100CD000C40440F080714FF0190C600001240CFB3B
:100CE000034402EB840205EB8204002311F0807FB1
:100CF0000CBF0246002244F823200433642B4FEA41
:100D00004101F3D130BC70472DE9F043B1F88420A4
:100D10000C4685B00746D1F88000002109F018F98B
:100D200004F1E805002655F8041B5FFA86F9B9B30B
:100D300094F86C200A2A04D194F8C930F340DB07F8
:100D400062D494F8C8305BB34FF0000843460DE01E
:100D5000092A3CD094F8C82008F101085FFA88F30A
:100D60009A421DD955F8041C94F86C2003EB4300FB
:100D70000A2A01441AD00B2AEAD18A7802920A7808
:100D800001924A78009221464A463846FFF762FFB0
:100D900008F1010894F8C8205FFA88F39A42E1D874
:100DA0000136042EBFD105B0BDE8F08394F8C82009
:100DB000023A934211DA8A7802924A7801920A78CA
:100DC000009221464A463846FFF772FFC2E78A780A
:100DD00002924A7801920A78D4E703EB830303EB8B
:100DE0008303D4F88820D4F88010581C06EB8000C8
:100DF000C2EBC2025200002301EB800141F8232024
:100E00000433642BFAD1A5E794F8C830002BC7D07F
:100E10000020D4F880C0034603EB830303EB830375
:100E20005A1CD4F8881006EB8202C1EBC1010023E2
:100E30000CEB820242F823100433642BFAD194F8AD
:100E4000C8200130C3B29A42E6D80136042E7FF49E
:100E50006AAFA8E773B591F8CB3005460C4603F0AE
:100E6000FF06002B45D091F86C30093B022B03D8CC
:100E7000214B1B691BB10026304602B070BDD1F872
:100E8000083113B1043B012BF5D8FAF713F8D4E974
:100E90002632C01A61EB0201D4E92832323342F122
:100EA0000002984271EB0203E5D3E06FF8F77EFE93
:100EB00040F2DA6204F1D00101A8EEF785F90023CF
:100EC00084F8CB30214684F8CC302846FFF71CFF4D
:100ED00001A8EEF79BF92B69D4F8F800C4F8FC30B0
:100EE00005F03CFDB4F8842021462846FFF75CF964
:100EF000C2E70126C0E700BFA047002030B5016B64
:100F000087B0CDE90432044631BB90F864511DB37B
:100F100080F864111149FFF79DFF94F8641180F087
:100F200001000143C9B284F8641120460C49FFF75F
:100F300091FF94F8641180F001000143C9B284F874
:100F4000641101210291DDE90A01DDE90432CDE9F4
:100F500000012046FFF7BAFA07B030BD80450020F7
:100F6000904600208FB5044600F11401C82203A862
:100F7000EEF72AF9124BDB68236103A8EEF746F976
:100F8000104B1D68A86A03685B6B984780B142F2FA
:100F9000107600274FF4004005F02CFDF9F78AFF8A
:100FA000CDE9006702460B462046FFF7A7FFF1E7B1
:100FB000A86A03684FF47A719B689847E2E700BF1C
:100FC00010720020E810002008B5FFF7CBFF0000EA
:100FD00091F86C000938022814D801EB820203EB67
:100FE0004303D2F8E8109DF80000C854D2F8E81086
:100FF0009DF8040019444870D2F8E82013449DF885
:1010000008209A70704700002DE9F04F8DB005461A
:1010100007939DF8583008939DF85C30099390F839
:1010200051310691174603F0FF0693B39DF818104F
:101030004FF0000A0DF12B028DF82BA0FEF716FBE6
:101040000446002800F0AD8090F8CB3003F0FF0894
:10105000002B40F0A88000F1D00140F61D220BA823
:10106000EEF7B2F894F8C8307BB194F8C8309F42DC
:101070000BDA94F86C3094F8CA20934202D0093A03
:10108000022A0AD9093B022B47D90BA8EEF7BEF872
:10109000464630460DB0BDE8F08F04F1E80B04F190
:1010A000F8030593D946C24659F8040B08B1EDF789
:1010B00003FF49F804AC94F8C80000EB4000EDF7DA
:1010C000F5FE034649F8040C80B95BF8040B18B12F
:1010D0000693EDF7F1FE069B059A4BF8043C934509
:1010E000F3D184F8CA3084F8C830CEE7059B99451F
:1010F000DAD106982B6894F8CA20DB6F0121814071
:101100002846984794F86C2094F8CA309A4204D044
:1011100084F8CAA084F8C8A0B7E77B1C16D10123C5
:1011200084F8CC30002794F8C820FBB2934236D222
:10113000099A0292089A0192079A009221469DF814
:101140002B202846FFF744FF0137ECE794F8CC301A
:1011500003F0FF08B3B9012384F8CC30C14694F8FA
:10116000C8109DF82B205FFA88F399420AD9CDE97F
:101170000199CDF8009021462846FFF729FF08F194
:101180000108ECE7099B0293089B0193079B0093DE
:101190009DF82B20FBB221462846FFF719FFB046E9
:1011A00073E7064675E7564673E70000F8B52D4C21
:1011B0002D4F4FF488720021204608F0C9FE4FF6EB
:1011C00001736380FF232371284B2365284B6365DC
:1011D00040F201130125A4F858304FF0904344F633
:1011E0002066E36504F1D0002B442366C4E902764F
:1011F0006561E561F8F750FB4FF488720021A01893
:1012000008F0A6FE1B4BC4F8103105231A4A84F8D7
:1012100014311A4BC4F860314FF00133C4E959233B
:10122000174BC4F86C312B44C4F870312B44C4F80C
:10123000743104F5F0702B44C4E94676C4F82451A7
:10124000C4F82C51C4F83451C4F83C51C4F8783176
:10125000F8F722FBBDE8F8400A4A0B49002007F0E6
:10126000DBB800BF8045002040420F00A064002092
:10127000020101040102030401010507806400204A
:101280000800004850450020A9EF01087047000001
:101290002DE9F74F054691F86C000C461746984625
:1012A00002F0ECF9064620B90026304603B0BDE84E
:1012B000F08FF9F7FFFDD4E92623801A61EB0301D3
:1012C000D4E92832323342F10002834272EB010347
:1012D000EAD2284B1B69002BE6D1D4F8083113B1B0
:1012E000043B012BE0D8E06FF8F760FCEB68C4F832
:1012F000FC304FF498720021D4F8800008F028FEEA
:1013000000231A4619462846FEF70EFF3946814645
:10131000002301222846FEF707FF04F1010B824655
:1013200000271BF8013BFF2B14D0616F01229A406C
:101330000A420FD0D4F88010B4F888200092984563
:10134000394402D0B8F1FF0F12D153460422284687
:10135000FEF7FEFE0437102FE3D1D4F8F80005F0B5
:10136000FDFA4FF4987221462846FEF71DFF9CE7D0
:101370004B46EBE7A0470020D0F824311943C0F8D2
:1013800024117047D0F820311943C0F8201170475C
:101390002DE9F043254B1B68DB6A93F89C3085B040
:1013A0000446002B3ED190F81551002D3AD101276B
:1013B0004FF00A0894F81431013B032BEAB21DD810
:1013C000D4F8203107FA05F61E420AD0CDE900878D
:1013D00023680392D3F8B0900A2100232046C8471F
:1013E000039AD4F824311E4208D0CDE9008723683F
:1013F0001521D3F8B06020460023B0470135062DF3
:10140000D8D194F81431033B012B0BD80A220121C7
:10141000CDE900212368FF22D3F8B0500D2100232D
:101420002046A84705B0BDE8F08300BFE8100020C3
:1014300013B5044600680191EEF73CF90B280AD970
:10144000019920680C22EEF7ABF9A0F10C03584289
:10145000584102B010BD0020FBE700007FB50446F4
:101460001846234BBDF820601B689DF82450DB6AAA
:1014700093F89C3003B155B394F84030934201D9AE
:10148000FF2A24D1FF2A1CBFD21AD2B28DF8041031
:101490008DF80C20E8B90A2E3346B8BF0A2304F5AC
:1014A000807601A930460293FFF7C2FF78B975B183
:1014B000D4F80001EEF7FEF80B2804D8D4F80001A8
:1014C0000C21EEF711F901A93046FFF7B1FF04B086
:1014D00070BD4FF47A71D4E9362348430021E9F70F
:1014E000EBFCB04271F10002034638BF3346D6E749
:1014F000E8100020407B70470161704738B50D4B04
:101500000D4ADB680446DA612368A27B9B6862B1FE
:101510000A4D236820469B684FF47A7198472B68E0
:10152000586903681B699847F3E742F21071204637
:101530009847E9E710720020AF450308E810002043
:1015400013B504460121C83005F08EFC04F1D40027
:10155000012105F089FC154B0094B5224FF4F6618A
:10156000134805F04FFD134BC4F8B0000094B522AA
:101570004FF46C71104805F045FD104BC4F8B400F1
:1015800000943A224FF41B610D4805F03BFD0D4BD2
:10159000C4F8BC0000943B224FF4B6610A4805F041
:1015A00031FDC4F8C00002B010BD00BF791A0208B6
:1015B000E05A002071170208805100200D1B02081C
:1015C000D0470020FD1402083055002070B5437D3F
:1015D00004460D464BB903681B6C984728B1B620EA
:1015E000F9F734F840F20113A38223682946204614
:1015F0009B68BDE87040184708B5F9F7BBF8034B86
:10160000DB681B1A5842584108BD00BF1072002009
:101610002DE9F04704460D46F9F74CFCDFF86890D9
:1016200006460F46F9F746FC801B4FF0000361EBBE
:1016300007014FF47A72E9F73FFCA84271F1000309
:1016400020D223684FF47A719B6820469847A3887C
:10165000AB42E7D8236820461B6C98470028E1D0AE
:10166000D9F80080D8F82C30FC2293F94CA083F8EC
:101670004C2023682046DB6C9847D8F82C3083F840
:101680004CA0CFE7BDE8F087E810002008B5302275
:1016900082F311888368002B01DC05F00BFC05F058
:1016A000D7FB002383F3118808BD0000F7B504467B
:1016B00000F1C8066D46304685E8060005F0F0FBEF
:1016C00094F86430DDE90007224604EBC30C624560
:1016D0000DD0516A814208D1916AB94205D1304694
:1016E00003B0BDE8F040FFF7D1BF0832EFE7072BAA
:1016F0000AD895E8030004EBC3022432013382E8E0
:10170000030084F86430EAE7034B04491B689869D6
:1017100003681B689847E2E7E81000202457030895
:1017200008B50E4B1B68586A0368DB6C0C4698477B
:101730000B4B0C48002C08BF184606F08FF972B608
:10174000BFF34F8F0849094BCA6802F4E0621343A4
:10175000CB60BFF34F8F00BFFDE700BFE810002054
:10176000020007B0010007B000ED00E00400FA0538
:1017700010B50A4B0A4ADB680446DA61A37B33B929
:1017800023684FF47A719B6820469847F6E7054B2B
:101790001B68BDE81040586AFEF7E4BE10720020D6
:1017A0003C570308E810002010B5836904461BB9B4
:1017B000BDE8104005F0CABFF9F77AFBA369C01A6B
:1017C000E3699842F4D8012010BD000008B5437BBE
:1017D00013B10348F9F73EFB0123437308BD00BF73
:1017E0004457030805F0A2BB084605F0A9BB00005A
:1017F00049B14FF6FE70884228BF08460A2838BF14
:101800000A2005F08DBC704710B503681B6C0446B8
:10181000984740B1637D33B100236375B420BDE8C0
:101820001040F8F713BF10BDF7B5044600F1D40619
:101830006D46304685E8060005F032FB94F8A83086
:10184000DDE90007224604EBC30C62450DD0916E22
:10185000814208D1D16EB94205D1304603B0BDE80E
:10186000F040FFF713BF0832EFE7072B0BD895E8DE
:10187000030003F10D0204EBC202013382E803000E
:1018800084F8A830E9E7044B04491B6898690368A9
:101890001B689847E1E700BFE81000208457030861
:1018A00010B5084B0446402240F8243B002108F0C4
:1018B0004FFB4022002104F1680008F049FB20465C
:1018C00010BD00BFB057030810B50B4C10460023E5
:1018D00014F813208A4209D104EB4303FF225B78FA
:1018E00002211844EEF77EFCC0B210BD01330E2B6E
:1018F000EED13A20F9E700BF04580308F0B585B0EF
:10190000074602AD082085E806001E4605F030FFB8
:101910000446D8B195E803009DF9302084E803001F
:101920009DF82C103846FFF7CFFF0A9D094B009415
:1019300005F2B7150246314625F0070005F072FFA3
:10194000054628B9204605F05BFF284605B0F0BDE6
:101950000120FBE7611B020810B5044606F07EF982
:10196000F9F7A6FAC4F8AC0010BD000070B5036822
:101970001B6C04460D46984738B12046FFF7ECFF34
:101980004DB9236A13B90023A36170BD013B2362E3
:10199000002BFAD1F7E7F9F78BFAA36943B1E269B3
:1019A000C11A8A4204D913441B1A9D4238BF1D46EE
:1019B000236AC4E9060501332362236820469B6934
:1019C000BDE870401847000010B5114806F09AF8BD
:1019D0003F2807D8F6F73EF84FF6FF724FF40001A4
:1019E000F6F724F805F038F9044678B1006A06F0F5
:1019F00089F83F2806D8F6F72DF8228F4FF400011A
:101A0000F6F714F8204605F037F9EDE710BD00BFF2
:101A100000010020D0E9000318470000F8B590F855
:101A20006530044603F0FF051BBB012300F1C80627
:101A300080F86530304605F033FA304694F864702B
:101A4000FFF724FE04F12406AF4207DD736813B1EB
:101A50003046FFF7DFFF01350836F5E7236903B1AC
:101A60009847044B1B681869FDF740F8002384F879
:101A70006530F8BDE810002010B5104B104ADB6847
:101A80000446DA612368A27B9B6822B94FF47A711D
:101A900020469847F6E723684FF47A719B68204602
:101AA00098472046FFF7BAFF236820465B699847AE
:101AB0000028F0D02046FFF74FFFECE7107200201F
:101AC0009C570308F8B590F8A930044603F0FF05C9
:101AD000DBB9012300F1D40680F8A930304605F0C7
:101AE000DFF9304694F8A870FFF7D0FD04F16806DE
:101AF000AF4207DD736813B13046FFF78BFF013546
:101B00000836F5E7002384F8A930F8BD70B5124B0C
:101B1000124ADB680446DA612368A27B9B6822B91B
:101B20004FF47A7120469847F6E7002623684FF471
:101B30007A719B68204698472046FFF7C3FFF9F764
:101B4000B7F9831BB3F57A7F0546EFD92046FFF737
:101B50003BFF2E46EAE700BF10720020A45703089F
:101B600010B50446FFF756FF2046BDE8104005F0CB
:101B700047BE000090F809017047000043695B7997
:101B800023B9806B0A23B0FBF3F070474FF4483061
:101B900070470000806B7047037E03B1437E184698
:101BA0007047000090F8F120034602F0FF0012B1E8
:101BB00093F8F000C0B270470020704700207047D3
:101BC000F8B590F80831876B1F330C4600EBC30162
:101BD00050F833504E6877B143695B795BB903685D
:101BE0005B6998472044054BB3FBF7F35843281A29
:101BF000054666F1000628463146F8BD80969800F5
:101C0000C089704708B58830EDF73AFD003818BF35
:101C1000012008BD90F8F0303BB1054B426DDB6808
:101C20009A4202D17430EDF72BBD0020704700BFFF
:101C30001072002013B540F27F22044600F1D80153
:101C40006846EDF7C1FA4FF4207204F1C00101A813
:101C5000EDF7BAFA002384F8F03084F8F1306369C4
:101C60005A7912B9186804F011FD002104F17400CA
:101C7000EDF7C0FC002104F18800EDF7BBFC01A8E2
:101C8000EDF7C4FA6846EDF7C1FA02B010BD0000E6
:101C900008B580F84C11C06A082104F08BFE0120C1
:101CA00008BD000090F8F120034602F0FF001AB1D1
:101CB00003F18800EDF7FEBC704700002DE9F84302
:101CC000164681460C46F9F7F3F8DFF860800546C2
:101CD0008719D9F8003048465B699847A04219D265
:101CE0004FF4806004F03AFED8F80C30A9F85C405C
:101CF000C9F85830F9F7DCF8421BB2420AD23B1A55
:101D00004FF47A71A3FB011389B24FF4806004F0A1
:101D1000CDFEDEE7D9F8003048465B69984784423B
:101D20008CBF00200120BDE8F88300BF10720020A6
:101D300010B53023044683F311880B0707D5F5F758
:101D400089FE40F232324FF00061F5F76FFED4F8B1
:101D5000BC305A68136823F00F031360D4F8BC300A
:101D6000197C1A680E238B405360F9F799F8022109
:101D7000C4F80C01E06A04F007FE002383F3118825
:101D800010BD000070B543695A790446002A78D125
:101D90001D68436A002B08BF0021036880F8091101
:101DA000DB6A984700286CD094F80931032B68D877
:101DB000DFE803F002322F68606A88B1012600F084
:101DC0000F01324606FA01F120F00F0003F034FA59
:101DD000636A23F00F0203F00F039E40B6B25683EE
:101DE000012384F80A31302383F311886B6D9A68DC
:101DF00012F4407F42D01A6822F001021A606A6D24
:101E0000936823F4407393606A6D136843F0010391
:101E100033E00023C4E94333606A012600F00F0178
:101E2000324606FA01F120F00F0003F005FA636A6A
:101E300023F00F0203F00F0306FA03F39BB2538360
:101E400084F80A61302383F311886B6D9A6802F479
:101E50004072B2F5007F11D01A6822F001021A60B8
:101E60006A6D936843F4007393606A6D936823F41A
:101E7000807393606A6D136833431360002383F3A8
:101E8000118870BD636993F82920FF2A1BD0606A0E
:101E9000D20100F00F030121994042F0020220F02C
:101EA0000F0003F0C9F9302383F311886B6D9A6832
:101EB0005204E3D41A6822F001021A606A6D936832
:101EC00043F480439FE723682046DB6BBDE8704006
:101ED0000021184710B50446006A40B100F00F0316
:101EE00001210022994020F00F0003F0A5F9E069DC
:101EF00050B100F00F030121BDE8104000229940CD
:101F000020F00F0003F098B910BD000038B5436908
:101F10005A7904460D46002A38D10173186804F036
:101F2000B5FB012D33D0022D35D02DB9236C23F014
:101F3000805323F4B0532364636904F13C011868AF
:101F400004F096FB94F8643133B16369186804F5C2
:101F5000A871043004F0E8FC002D14BF0123002315
:101F600084F8643109D0636918684FF40062202353
:101F700004F5A871043004F0C3FC237E33B1636917
:101F80001B685A6D136823F02003136038BD236C5F
:101F900043F4B053CFE7236C23F4007343F4A0530E
:101FA000C9E70000037EA3B1D0F8B8305A681368BF
:101FB00023F00F031360D0F8B830197C1A680E2391
:101FC0008B405360D0F8B8305A68136823F001038F
:101FD0001360704738B543695A7904460D46D2B943
:101FE000186804F053FB012DD4F8283114D0022DC9
:101FF00017D0D4F828316364636904F13C01186890
:1020000004F036FB237E33B163691B685A6D136895
:1020100023F02003136038BD23F40053C4F82831A3
:10202000E7E743F40053F9E743695B791BB9C06AFA
:10203000042104F0BFBC7047F7B590F8F1300446B6
:102040000E46174603F0FF05BBB100F1A0014FF4A7
:10205000427201A8EDF7B8F83A46314604F188001B
:10206000EDF79EFB94F84C3105461BB1E06A042164
:1020700004F0A0FC01A8EDF7C9F8284603B0F0BDB4
:1020800070B590F8093105460C46D3B9806AB8B1ED
:10209000012600F00F0106FA01F120F00F00324690
:1020A00003F0CAF8AD6A05F00F0184EA060001F1F9
:1020B000100398408C4025F00F050443AC61304676
:1020C00070BD0020FCE7000070B590F809310546AE
:1020D0000C46D3B9406AB8B1012600F00F0106FAE8
:1020E00001F120F00F00324603F0A6F86D6A05F00A
:1020F0000F0184EA060001F1100398408C4025F09E
:102100000F050443AC61304670BD0020FCE70000C1
:10211000164B10B50360164B80F836102C2201FBCD
:10212000023343614FF461430446836300217430FA
:10213000EDF744FA002104F18800EDF73FFA04F1CD
:10214000A000F7F7A9FB04F1C000F7F7A5FB04F125
:10215000D800F7F7A1FB002394F8362084F8093162
:10216000044B43F82240204610BD00BF2C59030801
:10217000A05803089062002013B5094C23686BB97E
:1021800000930849084B3C224FF4966005F04AFB47
:102190002060236813B90548F8F75CFE02B010BD53
:1021A000BC620020205803085D2E0208285803084E
:1021B00030B5C36A85B004462BBB144B62691B68FB
:1021C0005579D86A13790093114A124B04F1300102
:1021D000002D08BF134606220391EDF771F994F81C
:1021E0004C3103990094002B18BFB5220A4B08BF4D
:1021F0003C224FF43C7005F015FBE062E36A13B932
:102200000648F8F727FE05B030BD00BFE8100020F3
:102210004F58030848580308712D020857580308FF
:1022200038B5D0F8BC500446ADB9302383F31188DB
:102230004069094A407B23460C2102F0A7FEC4F8FE
:10224000BC0085F31188D4F8BC305A6863691B68F8
:102250005B6D2833936038BD311D0208FFF7E0BF86
:1022600038B543699D6890F8603083F0010380F8C9
:10227000603090F8603000EB830304464021586ED4
:1022800005F038FC94F86030D4F8B82004EB8303F0
:1022900052685B6ED360D4F8B8305B6840225A60F5
:1022A000D4F8B830D968187C0A680F23834022EA32
:1022B0000302ABB2834013430B60D4F8B8302D0453
:1022C0005B6845F08A051D60D4F8B8305A68136819
:1022D00043F00103136038BD2DE9F04104468AB094
:1022E00090461F460E4671B957EA02030BD190F88B
:1022F000F13043B190F8F0302BB1554BDB684365BA
:102300000AB0BDE8F081FFF737FF63691A68002A59
:10231000F6D05B794FF4C870B6FBF0F0B0F5007FF3
:1023200038BF4FF40070002B0CBF4FF400734FF414
:10233000806385B29F4238BF1F464FF49472454573
:1023400004F1D80104A838BF4546ECF73DFFA36F60
:102350009D4207D0002384F8F030294604F1740030
:10236000EDF76CF9A36F1B09C4F89C30B6B1A36BF1
:10237000B3425ED0374B1B689B69A663A34258D01B
:1023800004F174052846EDF77BF9D4F820311844A0
:10239000C4F820012846EDF761F9012694F83031A0
:1023A000E3B9E389DB0519D4626E52B963699B799D
:1023B0003BB1284B1B68D86A036840219B6C984747
:1023C0006066A26E52B963699B793BB1214B1B6871
:1023D000D86A036840219B6C9847A066E36E73B986
:1023E00063691B7B5BB1E28912F4007207D1194B60
:1023F0001B68D86A036840219B6C9847E06694F894
:102400003031C3B100232383B4F87020A36BB2F53D
:102410007A7F21D9B3F5E13F21D800236376636940
:102420001A7BE2B1587BF7F77BFAC0B100236376E1
:1024300015E00026B2E7626E1AB1A36E003B18BF2A
:1024400001232376E36E003B18BF01236376DBE7AD
:1024500010720020E8100020B3F5E13FDFD940F210
:10246000671204F1C00105A8ECF7AEFED4F88C3079
:102470009F4207D0002384F8F130394604F18800E8
:10248000EDF7DCF81EB104F18800EDF7E7F86369B9
:102490005B79002B40F08880A36B002B00F08480D8
:1024A00094F8F26094F8F230F6B203F0FF05D3B975
:1024B000237EABB1302383F3118860694C4AC07925
:1024C00023460C2102F062FDC4F8B80085F31188A0
:1024D000D4F8B8305A6863691B685B6D2433936025
:1024E000012384F8F230637E0BB3D4F8F430F3B9EF
:1024F000404B0694CDE9073414203F4B0993ECF789
:10250000CFFC054678B10AAA12E9030063695F7B34
:1025100001AB83E80300079B0093FF22069B39462B
:102520002846F7F7DDF9C4F8F45005B96576A36BD2
:10253000E363217ED4F82831D4F824216364D4F8ED
:102540002C312264A36429B142F0100243F040030D
:102550002264A364637E1BB1A36C43F08003A36475
:10256000264BC4E91334636904F13C01186804F094
:102570007FF8237EC3B163691B685A6D136823F02B
:102580002003136086B9D4F8B8305A68136823F072
:102590000F031360D4F8B830197C1A680E238B40EF
:1025A00053602046FFF75CFED4F88C3013B1012352
:1025B00084F8F130A36F13B1012384F8F030104B8D
:1025C000DB6863652046FFF7F3FD236894F8091183
:1025D000DB6B2046984794F836300BB994F8F1300D
:1025E00005A8ECF713FE04A8ECF710FE88E600BF80
:1025F0000D2B02085D22020825260208A51F0208ED
:102600001072002010B53023044683F31188D0F8EF
:10261000BC0002F019FD0023C4F8BC3083F311881C
:1026200010BD0000FFF7EEBF2DE9F74FD0F8F430F2
:1026300004468B465BB3BBF1000F28D094F8091118
:102640002046ECF7C5FE50B1A36A43B123F00F0258
:1026500003F00F03126922FA03F3DB0717D404F126
:10266000A00740F25532394601A8ECF7ADFD5A46B5
:10267000402A04F18806E16E28BF40223046EDF77B
:10268000F5F885B281462DB901A8ECF7BFFD03B07E
:10269000BDE8F08F3046ECF7F3FF584528BF5846A9
:1026A000804601A8ECF7B2FDD4F8F400F7F77EFA03
:1026B000022004F053F9D4F8F400C37C002B00F09E
:1026C000BC80A36BB3F5E13F0FD8B4F870100331B1
:1026D00089B2B1F57A7FA4F8701006D9002161762D
:1026E00003B0BDE8F04FF7F74DB9FA21584A4B4314
:1026F000B3FBF2F31FFA89F201339A4200D99DB27B
:102700004FF0300A8AF31188D4F8BC3059680B684E
:1027100023F00F030B60D4F8BC3019681B7C4FF01A
:102720000E0B0BFA03F34B60E06E294605F0E4F95B
:10273000D4F8BC30E16E5B68D960D4F8BC305B681B
:102740005D60D4F8BC006369C26890F810E011685D
:102750001B690F2000FA0EF021EA000099B201FA7D
:102760000EF108431060D4F8BC103A4A49681B04C3
:1027700043F09A030B60D4F8BC3059680B6843F0FF
:1027800001030B60344BA91C5943A36BB1FBF3F15C
:10279000324B01F5FA71914288BF1946002383F349
:1027A0001188022089B204F081F9814610BB8AF3B6
:1027B0001188D4F8BC305A68136823F00F031360F3
:1027C000D4F8BC301A681B7C0BFA03F35360D4F8BE
:1027D000BC305B685B689D4238D9ED1AADB21DB163
:1027E000F8F75EFBC4F80C01022004F0ADF80023FA
:1027F00083F31188D4F8F400C9F34001F7F7C2F865
:10280000002D3FF444AF40F2B132394601A8ECF755
:10281000DBFC29463046ECF767FFD4F814312B4433
:10282000C4F81431D4F818312B44C4F8183101A875
:10283000A8EB050BECF7EAFCFDE6B4F87030002BD2
:102840003FF45EAF013BA4F8703059E70546CBE793
:1028500040420F009F86010080969800A0860100EC
:1028600013B5D0F848310446BBB900F59A7004F0AE
:102870007FF81823C4F8483163691868019003F0A1
:1028800005FFA36C019823F0080304F13C01A36445
:1028900002B0BDE8104003F0EBBE02B010BD000076
:1028A0002DE9F047044686B00D4640F2CA3200F1E9
:1028B000A00101A8ECF788FC94F8303123B1012D78
:1028C00002D92046FFF7CCFF04F188092A4602A965
:1028D0004846ECF7A1FF4FF00008824602AD47469C
:1028E000C2451FDD62695379D3B910680268D669A1
:1028F000D5E90012B047061E14DB05D0F8F7D0FA70
:102900003744C4F80C01BFB2083531464846ECF7ED
:10291000EBFE55F8043C9E4204D108F10108DFE7C4
:102920000026F1E7D4F814313B44C4F81431D4F84C
:1029300018313B44C4F8183101A8ECF767FC06B025
:10294000BDE8F08770B504468830ECF799FE014683
:10295000B8B1637E2046ABB1FFF766FE94F809314B
:10296000022B0ED1D4F810511DB9F8F799FAC4E929
:102970004405637E4BB1D4F80C31A3B1012384F834
:10298000093170BDFFF78CFFE8E763691B689A6B3C
:10299000D4F81431C2F50071994204D2A3F5007342
:1029A0001344082BEAD8F8F77BFAD4F81031C01A90
:1029B0000B4B9842E5D90B4B62691B680A49986931
:1029C0000A4BD21A0A4B92105A430368D2B21B68C0
:1029D000984723682046DB6BBDE87040002118470C
:1029E00020A10700E810002078580308A058030829
:1029F000A38B2EBA10B5436A0446E3B190F80911CF
:102A0000ECF7E6FCB8B104F17400ECF753FE94F86F
:102A10000A21D4F89C3080B272B198420BD2626A1B
:102A2000002384F80A3122F00F01012302F00F0283
:102A300093409BB20B8310BD10339842FBD9626A5E
:102A4000012322F00F0102F00F0284F80A319340B3
:102A50009BB24B83EFE7000070B5124B426DDB6811
:102A60009A42044619D190F8F03003F0FF0593B173
:102A700000F174063046ECF703FED4F82031184418
:102A8000C4F820013046ECF7E9FD94F80A3133B977
:102A90002046FFF7AFFF284670BD0025FBE71D4627
:102AA000F9E700BF1072002038B50D4B0546DB6812
:102AB000406D984210D195F8F0306BB105F174007B
:102AC000ECF7F0FE044628B195F80A3113B9284610
:102AD000FFF790FF204601E04FF0FF3038BD00BF08
:102AE0001072002038B590F808510446F8F7E2F962
:102AF00085F0010504EBC505C5E93E0194F80831F0
:102B000083F0010384F8083138BD000070B5037EFE
:102B10000446002B4AD0D0F8B8305B685D6890F866
:102B200060601A6822F00F021A60D0F8B830197C81
:102B30001A680E23C5F140058B40ADB25360F6B262
:102B4000FFF78EFBADB104EB86062A46716E04F1E9
:102B50007400ECF725FED4F81C31D4F820212B4466
:102B600015442D1AC4F81C31C4F820512046FFF733
:102B7000B9FFA36D93B104F17400ECF781FDB4F8D3
:102B80005C3098420AD3302383F311884FF480617C
:102B9000A06D03F0F9FE002383F3118894F80A3145
:102BA00023B12046BDE87040FFF724BF70BD000090
:102BB0002DE9FF4700F1740804464046ECF77AFD22
:102BC000694602464046ECF7A9FD6E46814600275D
:102BD00004F5A87AB9450ADD6269537953B91068DA
:102BE0000268156AD6E90012A847051E03DA04B088
:102BF000BDE8F087002594F864313BB1504603F0FE
:102C0000B7FE10F0200F18BF4FF0FF35D4F8483151
:102C10005BB929464046ECF7A9FDD4F81C312B449A
:102C2000C4F81C312046FFF75DFF7368AB4206F124
:102C30000806DCD80137CDE730B590F8F13085B023
:102C40000446002B51D0D0F8483100F1C0050BB339
:102C500040F2D742294603A8ECF7B6FA04F59A7079
:102C600003F086FED4F8483123EA0000C4F8480196
:102C700068B963691868019003F008FDA36C0198B6
:102C800043F00803A36404F13C0103F0F1FC03A842
:102C9000ECF7BCFA94F83031DBB140F2F54204F1C4
:102CA000D80103A8ECF790FA2046FFF781FFA36D47
:102CB00063B104F17400ECF7E3FCB4F85C309842C3
:102CC00004D3A06D4FF4806103F074FE03A8ECF709
:102CD0009DFA40F2FD42294603A8ECF775FA20461A
:102CE000FFF730FE03A8ECF791FA05B030BD000005
:102CF000F8B51E4D0446E36A3BB92B68986A036831
:102D00004FF47A719B689847F5E700264FF47A7183
:102D100041F20C0003F0CAFE0546F8F7C1F8831B28
:102D2000B3F57A7F2ABF06460027012729070AD56F
:102D300094F84C31C3B1636D986B0130B52828BF4E
:102D4000B52004F0D5F994F8F130002BDED06A07F5
:102D500006D42FB9D4F84831002BD7D0EB04D5D501
:102D60002046FFF769FFD1E73C20EAE7E8100020A2
:102D700008B5FFF7BDFF000037B590F8F030044606
:102D800003B390F83031EBB900F1D8014FF48B6206
:102D900001A8ECF719FA237EB3B92046FFF708FF24
:102DA000A36D63B104F17400ECF76AFCB4F85C3015
:102DB000984204D3A06D4FF4806103F0FBFD01A89D
:102DC000ECF724FA03B030BDD4F8B830002BE7D0CC
:102DD000302383F31188D4F8B8305B681A68D207BF
:102DE00034D45D68C5F1400515F0FF051DD094F899
:102DF000603004EB83032A46596E04F17400ECF74B
:102E0000CFFCD4F81C31D4F820212B4415442D1AC2
:102E1000C4F81C31C4F820512046FFF763FE94F833
:102E20000A3113B12046FFF7E5FDD4F8B8305A68EF
:102E3000136823F00F031360D4F8B830197C1A68B4
:102E40000E238B4053602046FFF70AFA002383F3DA
:102E50001188237E002BA3D19FE70000104B70B593
:102E6000104C1D68A86A226803689B681AB94FF461
:102E70007A719847F6E7A86A0B4E03684FF47A71A7
:102E80009B6898470B2456F8040B20B190F8F0305B
:102E90000BB1FFF771FF013C14F0FF04F3D1EAE737
:102EA000E8100020BC6200209062002038B5044683
:102EB000C8060D4604D5206A10B1022104F00AFEAE
:102EC000690604D5E06910B1022104F003FEAA06E8
:102ED00004D5206A10B1012104F0FCFD2B0606D5B3
:102EE000E06920B1BDE83840012104F0F3BD38BDF0
:102EF0002DE9F74F43690D465979044629B1B5FAD2
:102F000085F0400903B0BDE8F08FC581D3F800809B
:102F10009869D8F8542056689768126802F0010939
:102F20001A79F7F7CBF8636920621A795869012199
:102F3000F7F7C4F86369E0611A79D8690421F7F7F3
:102F4000BDF8636960621A79186A0421F7F7B6F868
:102F50002368A062DB6B94F8091120469847D4E9F6
:102F600007A015F0080B1EBF52468246104615F00A
:102F70000403019303D0AB0718BF45F00305E9072D
:102F8000D4F8282161D542F4803246F48036C4F862
:102F9000282110B1022104F09DFDAB07D4F82821AF
:102FA0005DD542F4003246F40036C4F82821BAF167
:102FB000000F03D00221504604F08CFDD4F82831D4
:102FC000BBF1000F56D046F4004643F40043019A8B
:102FD000C4F82831D4F82C31002A50D043F008032B
:102FE000C4F82C3194F8303147F0080763B96369AD
:102FF00018684FF48052182304F59A71043003F0D6
:103000007FFC012384F83031237E73B1D4F8B830CB
:103010005BB15A68136823F00F031360D4F8B8301B
:10302000197C1A680E238B405360002323832946A2
:103030002046FFF73BFFD8F854305A68B24225D1FA
:103040009A68BA4222D101205CE722F4803226F449
:103050008036C4F8282100289FD001219BE722F464
:10306000003226F40036C4F82821BAF1000FA5D0AA
:103070000121A0E726F4004623F40043A7E723F04C
:10308000080327F00807C4F82C31D0E7B9F1000F86
:1030900003D01A6822F001021A60D8F854305E603A
:1030A000D8F854309F60B9F1000FCCD0D8F8542034
:1030B000136843F001031360C5E700000048704740
:1030C000C4590308014B012019707047C0620020E9
:1030D000034B1B68586A0368D3F8C430184700BF15
:1030E000E8100020002070477047000004F08CBBFF
:1030F000084609B104F084BB7047000008B51346C8
:1031000012780C2AA8BF0C2208461A70024906F051
:10311000D5FE012008BD00BF9075FF1F024B1B6844
:10312000586AFDF7C9BB00BFE810002010B5294C54
:103130002DED028BE06C82B0B0EE408AF0EE608A3A
:10314000002842D09FED247AF0EEC07AF4EEC77AE0
:10315000F1EE10FA06D4F0EEE07AF4EEC77AF1EE72
:1031600010FA07D5217802B0BDEC028BBDE8104003
:1031700003F0C2B8D4ED017A0190B8EE670A80EE90
:10318000080A05F019FA0198FCEEC07A17EE901AB9
:1031900003F096F8D4ED017AF8EE677A27EEA80AE4
:1031A00080EE080A05F008FA2178E06CF6EE007A65
:1031B00020EE270AFCEEC07A17EE902A02B0BDEC92
:1031C000028BBDE8104003F087B802B0BDEC028B63
:1031D00010BD00BFC4620020000000341046194634
:1031E00004F0D8BB04F0E8BB2DE9F34742F6F82120
:1031F0006846EBF7CFFF534801A9F4F703FE524BA3
:1032000005461C6868B9A0694E4A03684F491B68A7
:10321000984703246846EBF7C9FF204602B0BDE893
:10322000F087019B606B1F3323F01F03019303683A
:1032300000211B689847019A01460746284606F078
:103240002DFEA3691A68126838B91846404990479C
:103250002846F4F7E1FD0124DCE73E491846904793
:103260000026B146019B4B4523D9606B03685FFA8A
:1032700086F85B6841469847824620B92846F4F7AD
:10328000CBFD0224C6E7A06A03684FF47A711B697C
:103290009847606B03684146DB689847013630B950
:1032A000A0692D4903681B6842469847E6E7D14468
:1032B000D8E7A069234A036828491E68DFF8A89068
:1032C0003B46B047606B036801215B6998474FF04C
:1032D0000108A06A03684FF47A711B699847606B14
:1032E00003682A461E69019B3946B0470646A06915
:1032F0000368D6B94246D3F800A049460A23D0470E
:10330000A06A036864215B6808F101089847B8F176
:103310000B0FDED1606B036831465B699847A0698B
:103320000F4903680A221B68BFE71B680D499847CD
:10333000606B036800215B6998472846F4F76CFDD1
:10334000002467E780FA0208E8100020DC5903082F
:10335000EF590308065A03080F5A0308205A0308B6
:103360005C5A0308525A0308335A03082DE9F04FF8
:10337000254B9DB093F890200F9293F891201092D6
:1033800093F89220119293F89320129293F895203B
:1033900093F89470139293F89620149293F89720D0
:1033A000159293F898B093F899A093F89A9093F89F
:1033B0009B8016AB0C46054614491722184607F0A9
:1033C00089FA139A0792149A0692159A05920F9AFF
:1033D0000492109A0392119A0292129A0C4B089737
:1033E000CDE900020026CDE909893222214628468E
:1033F000CDE90BAB8DF86F60ECF762F8012084F833
:1034000031601DB0BDE8F08F0075FF1F35E2020886
:103410007C5A030804F044BC2DE9F0471B4A1C4CBD
:10342000DFF87480DFF874A0DFF8749086B010467F
:103430000F4604F067FB154A1649A41A0346009488
:103440003846F7F777FD03F007FC0446D4B1256A48
:10345000E269A36B05924545284614BF661BAAEB9B
:103460000806049304F04EFBDDE90432CDE90106C1
:10347000494638460095F7F75DFD204603F0FCFB12
:103480000446E3E706B0BDE8F08700BF0001002076
:1034900000040020B45A030800040020000E00209D
:1034A000E75A03080846F6F77FBA00002DE9F04115
:1034B00088B00D4604A805A904F0C0F91549DFF845
:1034C000588006462846F7F735FD00242746E0B227
:1034D00086421CD9CDE9067710B1049B03EB44105A
:1034E00007AA06A903F0E2F905990C22624388189D
:1034F000D0E90130029007980190069800908A5810
:103500009B0A41462846F7F715FD0134DFE708B06E
:10351000BDE8F0810C5B0308175B030808460AB995
:1035200004F042B9012A01D104F054B9022AF7D0BB
:10353000012004F061B9000070B50C4615462AB9A7
:10354000084604F05DF92E46304670BD104619B9A4
:10355000BDE8704004F00CB904F00AF906460028F2
:10356000F2D054F8042CAA4228BF2A46214606F07D
:10357000A5FC204604F044F9E6E7000070B50C46CF
:1035800015460026AE4204D2ECF734FEA0530236B4
:10359000F8E7EB0704D5ECF72DFE2C4404F8010CFA
:1035A000012070BD70B50E4C1546201D48221E46E8
:1035B00006F084FC4FF47A73A3609DF81030E56444
:1035C000002B214604EBC60314BF0122022201F89E
:1035D000046B1A61284602F051FE012070BD00BF45
:1035E000C4620020EBF736BF0B299ABF024B53F899
:1035F00021000248704700BF2C5C0308D05B030821
:10360000F0B50B2B94BF1848184C87B098BF50F8F2
:103610002340D31D03F4FC7304AFADEB030D04ABE7
:103620001846C7E9002197F8205097F8246006F063
:1036300045FC03460E48B542D7E90021006809D190
:10364000CDE901450093C06A0A4BEBF739FF0C370F
:10365000BD46F0BDCDE90034CDE90256064BC06A47
:10366000EBF72EFFF3E700BF2C5C0308D05B0308E9
:10367000E8100020D85B0308E15B03080538032845
:103680008CBF002001207047814208B51DD807EE8D
:10369000900AB8EE677A07EE901AF8EE677A87EE2E
:1036A000270ADFED0B7A30EE270A52B104F0F2FE62
:1036B000F7EE007A30EE670AFCEEC07A17EE900A59
:1036C00008BD04F02DFF0138FAE70020F8E700BF3D
:1036D0000AD7233C2DE9F041456A15B94162BDE89E
:1036E000F0818B6823F06047C3F38A464FEAD37EAC
:1036F000C3F3807816EA230638BF3E46AC462B4615
:103700009A68BEEBD27F22F060440AD0002A18DA11
:10371000A40CB44217D19D420FD10D60DEE71346D1
:10372000EEE7A74207D102F08044C2F3807242451F
:103730000BD054B1EFE708D2EDE7CCF800100B60E6
:10374000CDE7B44201D0B442E5D81A689C46002ABD
:10375000E5D11960C3E700002DE9F047089D01F0AD
:1037600007044FEAD508224405F0070500EBD10015
:103770004FF47F49944201D1BDE8F08704F0070778
:1037800005F0070A57453E4638BF5646C6F10806BB
:10379000111B8E4228BF0E46E10808EBD50E415C96
:1037A00013F80EC0B94029FA06F721FA0AF1FFB260
:1037B0008CEA010147FA0AF739408CEA010C03F858
:1037C0000EC034443544D5E780EA0120082341F295
:1037D000210201B24000002980B203F1FF33B8BFDB
:1037E000504013F0FF03F4D17047000038B50C4689
:1037F0008D18A54200D138BD14F8011BFFF7E4FF76
:10380000F7E7000042684AB1136843604389818941
:1038100001339BB29942438138BF83811046704780
:1038200070B588B0202204460D466846002106F097
:103830008FFB20460495FFF7E5FF024658B16B4623
:10384000054608AE1C4603CCB44228606960234696
:1038500005F10805F6D1104608B070BD082817D943
:1038600009280CD00A280CD00B280CD00C280CD01E
:103870000D280CD00E2814BF4020302070470C209B
:103880007047102070471420704718207047202080
:1038900070470000082817D90C280CD910280CD91B
:1038A00014280CD918280CD920280CD930288CBF02
:1038B0000F200E207047092070470A2070470B2008
:1038C00070470C2070470D20704700002DE9F84329
:1038D000078C072F04461ED9D0E9029800254FF621
:1038E000FF73C5F12006A5F1200029FA05F108FAB9
:1038F00006F628FA00F031430143C9B21846FFF733
:1039000063FF0835402D0346EBD1E1693A46BDE837
:10391000F843FFF76BBF4FF6FF70BDE8F883000078
:1039200010B54B6823B9CA8A63F30902CA8210BD75
:1039300004691A681C600361C38A013BC3824A6040
:10394000EFE700002DE9F84F1D46CB8A0F46C3F381
:1039500009010D29814692460B4630D00020AAB2BB
:1039600007F11A049EB20C2E1FFA80F80FD890456A
:1039700003F1010306D3FB8A0A4462F30903FB82C5
:1039800001201AE01AF80060E6540130EAE7904599
:10399000F1D2A1F10D0B24237C68BBFBF3F203FBF6
:1039A00012BB1FFA8BF6002C46D14846FFF72AFFC0
:1039B000044638B978606FF00200BDE8F88F4FF028
:1039C0000008E6E7002606607860ADB24FF0000B15
:1039D000454510D90AEB0803221D13F8011B915528
:1039E000B1B208F1010823291FFA88F82CD0454507
:1039F00006F10106F1D8FB8AC3F30902154465F309
:103A00000903BCE7013292B21C462368002BF9D1AE
:103A1000A5F10D030B442421B3FBF1F301339BB259
:103A20009A42D2D2BBF1000FCFD14846FFF7EAFE4F
:103A300020B9C4F800B0BEE70122E6E7C0F800B044
:103A40005E4620600446C0E74545D4D94846FFF7A6
:103A5000D9FE08B92060AEE7C0F800B000262060AB
:103A60000446B5E72DE9F04F2DED028B1C4683B0DF
:103A70005B69019207468846002B00F0B280238CD8
:103A80002BB1E269002A00F0AC80072B3AD807F18D
:103A90000C00FFF7B7FE054638B96FF00206304656
:103AA00003B0BDEC028BBDE8F08F2822002106F0A8
:103AB0004FFA228CE16905F1180006F0FFF9208C1D
:103AC000013080B2FFF7E6FEFFF7C8FE013880B292
:103AD0002084013085F820006369228C1B782A44F9
:103AE00003F01F0363F03F0348F000411376A96021
:103AF000D4E90A232946C5E904233846FFF7EAFD3D
:103B00000126CCE702339BB20722C18A0633B3FBFE
:103B1000F2F3828A521A9BB292B29342BDD800F15C
:103B20000C034FF0000908EE103A4FF0800ACB4624
:103B30004E4618EE100AFFF765FE05460028ACD089
:103B40002822002106F004FABBF1000F3CD1019BB2
:103B50002B83022205F1180E1FFA82FC0CF10100E2
:103B6000BCF1060F218C80B201D88B452ED3FFF714
:103B700091FEFFF773FE62691278013802F01F02AE
:103B80008B4508BF4FF0400A42EA491215FA80F10E
:103B90004AEA020A013048F0004281F818A0AA60FF
:103BA00085F82000D4E90A01C5E904012946384610
:103BB000FFF790FD228C01365A4536B289F0010993
:103BC0004FF0000AB5D16AE70022C3E7E1690BF1C3
:103BD000010311F80B100EF802101FFA83FB0132DB
:103BE000BAE76FF001065AE7F8B515460E463022DF
:103BF000002104461F4606F0ABF9B5F5201F069BD1
:103C0000636038BF2822079BA76028BF4FF6FF726A
:103C1000A36238BFB5FBF2F2E66197B204F110007F
:103C200000239A4206D800230360A782E3822383FD
:103C3000E360F8BD0660013330462836F1E7000046
:103C400003781BB94BB2002BC8BF0170704700004E
:103C500000787047F8B50C46C969074611B9238C3E
:103C6000002B37D1257E1F2D34D8387828BB228CE5
:103C7000072A2CD8268A36F003032BD14FF6FF7083
:103C8000FFF7B4FD20F001003102400441EA056174
:103C9000400C41EA40254FF6FF722346294638463C
:103CA000FFF7E0FE002807DD626913780133DBB21D
:103CB0001F2B88BF00231370F8BD218A2D0645EA0B
:103CC000012505432046FFF701FE0246E5E76FF0B8
:103CD0000300F1E76FF00100EEE700002DE9F0418D
:103CE000D36905460C4616460BB9138C5BBB377E71
:103CF0001F2F28D895F80080B8F1000F26D0304645
:103D0000FFF7E4FD3378210241EAC33141EA0801BB
:103D1000338A41EA076141EA03410246334641F0F2
:103D200080012846FFF79EFE00280ADD3378012B2C
:103D300007D1726913780133DBB21F2B88BF0023D0
:103D40001370BDE8F0816FF00100FAE76FF0030037
:103D5000F7E70000406A00B108307047436A1A680C
:103D6000426202691A600361C38A013BC3827047E1
:103D70002DE9F041D0F820802A4E14461D464146D8
:103D8000002721B9416A0B4661BBBDE8F081D1E94A
:103D90000232E31A65EB02029E4277EB02031ED267
:103DA000036A8B420DD1FFF7BBFD036A1B680362F8
:103DB00003690B60C38A0161016A013BC3828846C3
:103DC000DFE7FFF7ADFD0B68C8F8003003690B6053
:103DD000C38A0161013BC382D8F80010D1E788464D
:103DE0000968CEE7D1E90476A742AE410A680BD252
:103DF000466A8E420BD1036942620B60C38A01613D
:103E0000416A013BC3820A460B461146BCE71A6071
:103E100002690A60C28A0161013AC2821A681946BF
:103E2000F2E700BF80841E002DE9F04F8BB00D46F5
:103E3000DDF8509014469B468046002800F01B8118
:103E4000B9F1000F00F01781531E3F2B00F21381D0
:103E5000012A03D1BBF1000F40F00D810023CDE911
:103E60000833B8F81430B5EBC30F4FEAC30703D3D8
:103E700000200BB0BDE8F08F2B199F42D8F80C3012
:103E80003ABF7F1BFFB227461BB9D8F81030002B72
:103E90007CD0672D4ED8C5F16806B7424FF00003BD
:103EA0002CBFF6B23E4600932946D8F8080008AB6E
:103EB0003246FFF751FCA7EB060A35445FFA8AFA4F
:103EC000B8F8143003F100530D3BDB000493D8F82D
:103ED0000C3003936821039B13B1BAF1000F2CD16E
:103EE000D8F8100040B1BAF1000F05D0009608AB29
:103EF0005246691AFFF730FC38B2002FB8D0660777
:103F00000AD00AAB03EBD401624211F8083C02F07C
:103F10000702134101F8083C082C3ED9102C40F24E
:103F2000B780202C40F2B980BBF1000F00F09E80DA
:103F3000082336E0BA460026C2E7049BB3F5907F1B
:103F400028BF4FF4907306930B44AB42059314D9EA
:103F50005A1B03980096924534BF5246D2B2691A52
:103F600008AB04300792FFF7F7FB079A1644AAEB59
:103F7000020A1544F6B25FFA8AFA049B069A05997A
:103F80009B1A0493039B1B680393A4E70093D8F840
:103F9000080008AB3A462946ACE7BBF1000F13D046
:103FA0000123B4EBC30F6CD0082C12D89DF820303D
:103FB000621E23FA02F2D50706D54FF0FF3202FA4D
:103FC00004F423438DF820309DF8203089F8003028
:103FD0004FE7102C12D8BDF82030621E23FA02F2EF
:103FE000D10706D54FF0FF3202FA04F42343ADF8AF
:103FF0002030BDF82030A9F800303AE7202C0FD847
:104000000899631E21FA03F3DA0705D54FF0FF3252
:1040100002FA04F40C430894089BC9F8003028E71E
:10402000402C2BD0DDE90865611EC4F12102A4F10A
:10403000210326FA01F105FA02F225FA03F31143EE
:104040001943CB0712D50122A4F12003C4F12001AA
:1040500002FA03F322FA01F1A240524243EA0103B9
:1040600063EB430332432B43CDE90823DDE9082307
:10407000C9E90023FDE66FF00100FAE66FF00800E1
:10408000F7E6082CA0D9102CB3D9202CEED8C3E722
:10409000BBF1000FADD0022383E7BBF1000FBBD013
:1040A00004237EE730B5012A144638BF0124402C92
:1040B00085B028BF40240025012ACDE9025518D833
:1040C0001B788DF8083063070AD004AB03EBD405E6
:1040D000624215F8083C02F00702934005F8083CDC
:1040E000009103462246002102A8FFF735FB05B0E8
:1040F00030BD082AE4D9102A03D81B88ADF808304F
:10410000E1E7202A8DBFD3E900231B680293CDE9A4
:104110000223D8E710B5CB681BB98B600B618B828B
:1041200010BD04691A681C600361C38A013BC38225
:10413000CA60F0E703460A8B486918609A801846FF
:104140007047000082B08DED010A019820F0004315
:10415000B3F1FF4F08D31BD047F6FF73000C00F4F8
:104160000040184302B070470B4BDFED0C7A034060
:1041700007EE103A67EE277A17EE903A03F5805370
:10418000B3F1786F28BF4FF07863C3F34F33E5E79F
:104190004FF4F843E2E700BF00F0FF7F0000800724
:1041A0000D4BDFED0E7A03EA403307EE103A67EE6F
:1041B000277A9FED0B7A17EE903AF4EEC77AF1EE7C
:1041C00010FA4FEA0040A8BF43F0FF4300F0004060
:1041D000034300EE103A704700E0FF0F00008077C5
:1041E0000000804703064CBFC0F3C0300220704778
:1041F00008B50246FFF7F6FF022806D15306C2F3C0
:104200000F2001D100F0030008BDC2F30740FBE717
:104210002DE9F04F93B0CDE904230A680446104617
:10422000FFF7E0FF022814BFC2F306260026002A8B
:104230000D46824680F2088212F0C04940F00482A6
:10424000097E002900F00082022803D02378B342BF
:1042500040F0FD81C2F304630693104602F07F0331
:104260000393FFF7C5FF039B29444FEA834848EABD
:104270000A4848EA4668CE7B00230022CDE908239D
:10428000F309834648EA0008029367D0039B009332
:1042900002466768534608A92046B847002868D0F8
:1042A000276A4FB9414604F10C00FFF7B9FA0746F7
:1042B00090B96FF002006AE03B6998450DD03F6805
:1042C000002FF9D1414604F10C00FFF7A9FA074687
:1042D0000028EED0236A3B60276297F817C006F0EB
:1042E0001F08CCF3840CACEB08001FFA80FE0028FA
:1042F000B8BF0EF12000A8EB0C031FFA83FED7E92C
:104300000221B8BF00B2002B0793BEBF0EF12003FD
:104310001BB2079352EA010342D0049BDFF838E353
:104320009A1A059B4FF0000C63EB010196457CEB5C
:10433000010335D36B7E97F81AE0734521D1029BB8
:10434000002B00F0858001282ADC786840BBDFF86C
:1043500004C3944570EB010343D21EE0276A5FB9A2
:10436000039B0093656853465A4608A92046A84710
:1043700068BB6FF00B000AE03B699845ADD03F6821
:10438000EDE7B44890427CEB010303D3002013B067
:10439000BDE8F08F029B002BF8D0079B0F2B19DC98
:1043A000FA7DB30002F0030203F07C031343FB75B4
:1043B00039462046FFF7B4FA6B7EBB76029B4BB9B9
:1043C000FB7DC3F38402013262F38603FB756FF059
:1043D0000C00DCE76A7EBB7E9A42D7D1029B002BA1
:1043E00036D0B309022B33D0049BBB60059BFB6026
:1043F000142200210DA805F0ABFD049B0A93059B38
:104400000B9305F110030C932B7EADF83EB0013BEE
:10441000DBB2ADF83C30069B8DF84230039B8DF843
:10442000433094F82C308DF840A083F001038DF8D0
:1044300044308DF84180A3680AA920469847FB7D47
:10444000C3F38403013303F01F039B02FB829DE748
:10445000FB7DC6F34012B2EBD31F40F0FF80C3F3E5
:104460008403434540F0FD80029A2B7EB609002A62
:1044700053D016F0010663D1032B40F2F580049B64
:10448000BB60059BFB60FB8A66F30903FB822B7E06
:1044900005F11206033BDBB23246394604F10C004B
:1044A000FFF750FA00280CDA39462046FFF738FAB1
:1044B000FB7DC3F38403013303F01F039B02FB82E4
:1044C000F7E6DDE908842B8A3B834FF6FF73C9F1D9
:1044D0002000A9F1200228FA09F104FA00F00143B2
:1044E00024FA02F211431846C9B2FFF76DF909F137
:1044F0000809B9F1400F0346E9D1B8822A7E033A90
:10450000D2B23146FFF772F9FB7DB882DA43C2F3CB
:10451000C01262F3C713FB7538E78EB905F11006B8
:10452000013BDBB23246394604F10C00FFF70AFAD0
:104530000028B9DB2A7EB88A013AD2B23146E1E7D7
:10454000F98AC1F30901013B0C29DAB25DD805F102
:104550001000002307F11B069A4208D910F801CB7E
:1045600006F801C0013101330D29DBB2F4D1049901
:104570000A9105990B91934207F11B010C9138BFE9
:10458000103379680D9134BF55FA83F300230E93ED
:10459000FB8AADF83EB0C3F309031A44069B8DF8BD
:1045A0004230039B8DF8433094F82C30ADF83C201A
:1045B00083F001038DF8443000238DF840A08DF87E
:1045C00041807B602A7EB88A013A05F11001FFF72D
:1045D0000DF93B8BB882834203D1A3680AA9204618
:1045E000984720460AA9FFF795FDFB7DBA8AC3F3D9
:1045F0008403013303F01F039B02FB823B8B9A422F
:104600000CBF00206FF01000C1E67B68002BAED01D
:104610000D2001E0243033461E68002EFAD1091A1D
:10462000081D05F11006184401EB090CBCF1230F1D
:104630005FFA89F39BD89A4299D916F8013B00F8A2
:10464000013B09F10109EFE76FF009009FE66FF008
:104650000A009CE640420F0080841E006FF00D00AF
:1046600095E66FF00E0092E66FF00F008FE600BF48
:10467000EFF3098305494A6B22F001024A6368336C
:1046800083F30988002383F31188704700EF00E06B
:10469000302080F3118862B60C4B0D4AD96821F4A2
:1046A000E0610904090C0A43DA60D3F8FC200949E7
:1046B00042F08072C3F8FC200A6842F001020A60EE
:1046C0002022DA7783F82200704700BF00ED00E077
:1046D0000003FA05001000E010B5302383F31188C1
:1046E0000E4B5B6813F4006314D0F1EE103AEFF355
:1046F0000984683C4FF08073E361094BDB6B2366F0
:1047000084F3098802F07AFB10B1064BA36110BD57
:10471000054BFBE783F31188F9E700BF00ED00E0EC
:1047200000EF00E033B3000836B30008F0B500F145
:104730000B04002B14BF1D460D462346B1FBF2F7B8
:1047400002FB171101F13006392EC8BF01F13706FF
:1047500003F8016D2E4696423946B5FBF2F5EDD2CF
:10476000421EE11A13F8015B02F8015FA342F9D17E
:104770000844F0BD2DE9F04F2DED048B06468BB0BB
:10478000904600270C4614F8013B002B3FD0252B08
:1047900006D032681946D268304690470137C3E1E7
:1047A0004B782D2B06BF8C1C01230023029323780A
:1047B0002B2B04BF01344FF0010B94F800A018BF5D
:1047C0004FF0000BBAF1300F0CBF01344FF0200A4C
:1047D00023782A2B21D158F8043B0193023414F892
:1047E000013C2E2B48D123788BB12A2B26D0611C7B
:1047F0004FF000090A20A3F13002D2B2092A0C4678
:1048000020D811F8013B00FB0929002BF3D13846D1
:104810000BB0BDEC048BBDE8F08F002301930A219F
:1048200014F8013B002BF2D0A3F13002D2B2092AD6
:10483000D7D8019B01FB03230193F1E758F8049BB0
:104840006378023403F0DF024C2A18D12378002B5E
:10485000DDD0782B04F1010420D8622B00F27081A6
:10486000582B1BD84E2B00F29F81442B00F09680D2
:10487000492B00F0938011E04FF00009E2E7A3F12B
:104880004102782BD2B209D8622B0BD8582B05D80D
:104890004E2B3BD8442B7CD0492B7AD08DF810304E
:1048A000454656E0A3F163001528F7D801A555F851
:1048B00020F000BF45490208934902089D480208BC
:1048C000314A02089D4802089D480208934902089F
:1048D0009D4802089D4802089D4802089D4802081C
:1048E0009D480208F34A0208E54B02089D48020869
:1048F0009D4802085D4902089D480208E14B0208F4
:104900009D4802089D480208E54B0208A3F14F02AA
:10491000092AC3D801A050F822F000BFF34A0208C8
:10492000E54B02089D4802089D4802089D48020880
:104930009D480208E14B02089D4802089D48020874
:10494000E54B020845464FF0200A55F8043B8DF828
:1049500010300DF110080DF1110030E04546A24B6A
:1049600055F8048BB8F1000F08BF984647F6FF735F
:10497000B9F1000F08BF9946C1444346184613F8E1
:10498000012B1AB1A9EB0302002AF7DA4FF0200A33
:1049900015E04546192A55F8041B02D8454655F836
:1049A000041B00293BDA2D238DF8103049420DF10C
:1049B000110000230A22FFF7B9FE0DF11008019B38
:1049C0000299A0EB0809A3EB090222EAE27300298D
:1049D00040F0AC80002AC3F1000B1EDD98F80010F7
:1049E0002D2901D02B290DD1BAF1300F0AD132680F
:1049F0000193D26830469047019B013709F1FF3996
:104A000008F1010832680193D26851463046904758
:104A10001BF1010B019BF5D11F444B4678E0BBF124
:104A2000000F03D02B238DF81030C0E704A8C0E797
:104A300008F1070525F00705F5E80201E6F78EF80D
:104A400008EE100AB5EEC08AF1EE10FA47D52D2314
:104A50008DF81030B1EE488A0DF1110818EE100AE9
:104A6000E5F72CFD09F1FF33092B28BF4FF00909A9
:104A700009F1FF395D4BFDEEC87A53F829300393F5
:104A800041EC190B0A2217EE901A00234046FFF75B
:104A90004DFE83462E2317EE900A0BF8013BE5F7F7
:104AA000FBFC02460B4651EC190BE5F7A7FB8046D1
:104AB00003988946E5F7E0FC02460B464046494626
:104AC000E5F754FD4FF00A08039BB3FBF8F303939B
:104AD000E5F7FCFF039B0146424658466BE7BBF1F6
:104AE000000F03D02B238DF81030B5E70DF110081F
:104AF000B4E708224546002355F8041B04A85AE7EA
:104B0000326818F8011BD268019330469047019B28
:104B1000013BF5D5B9F1000FA8BF4F44D846B8F115
:104B2000000F05D15F44A84621462BE69B4674E75B
:104B300033685146DB683046984708F1FF38EEE7A6
:104B4000A3F16302152A3FF6A9AE01A151F822F0A4
:104B5000454902089D4902089D480208314A020859
:104B60009D4802089D4802089D4902089D48020888
:104B70009D4802089D4802089D4802089D48020879
:104B8000F34A0208E54B02089D4802089D480208C6
:104B90005D4902089D480208E14B02089D48020851
:104BA0009D480208E54B0208A3F14F02092A3FF68F
:104BB00075AE01A151F822F0F34A0208E54B020854
:104BC0009D4802089D4802089D4802089D48020829
:104BD000E14B02089D4802089D480208E54B020887
:104BE0000A2287E7102285E75C5C0308645C0308FF
:104BF00083685B0708D5836843F01003836083688C
:104C000013F01003FBD143607047000070B5194CDE
:104C1000194B1A4D002620461E6001F08FFA184BE2
:104C20002662C4E90635052142F28A5312206362E6
:104C300001F056FA134BDA6A42F40052DA62DA6A89
:104C400022F40052DA62DA6ADA6C42F40052DA6470
:104C5000DA6E42F40052DA66DA6E4FF4A022AA60ED
:104C6000DA6C22F40052DA64DA6E22F40052DA6668
:104C7000DB6E70BD18630020406300200003045009
:104C80000000045000100240436810B504460BB900
:104C90002A4B43602378012B4FD1294B9C4215D1DD
:104CA000284A23460521002000F070F9264A206298
:104CB000136843F001031360244BDA6C42F4005292
:104CC000DA64DA6E42F40052DA66DB6E226AA369B5
:104CD000526803F14001916062681268C3F8B02025
:104CE00000229A604FF080529A604FF4C86002F040
:104CF00037F9A3694FF0A0429A604FF050429A6092
:104D00009A68002AFCDB4FF4C86002F029F9A36915
:104D10004FF080529A604FF010429A609A68002AD1
:104D2000FCDB4FF4C86002F01BF9A3699A6842F0FB
:104D300001029A601A68D207FCD510BD885C03088E
:104D400018630020254E0208406300200010024036
:104D50000269436A1178F0B5D468C66800294AD15F
:104D600044F00104D0F820E08168DEF80450DEF859
:104D70000CC0E96051884E436E609EF810E0DCF88C
:104D800000700F2606FA0EF627EA06071E0C06FA32
:104D90000EF63E43CCF800602B602B6843F0010315
:104DA0002B60836918681860906870B14FF4647064
:104DB00058605069186290695862D0699862106AA8
:104DC000C3F8A000506AC3F8A400906A5861D06A82
:104DD0009861106B013901431963516B5963916BF1
:104DE0009963D16B1269D963DC601A619A6842F0E9
:104DF00004029A60F0BD012E44F0030494BF43F016
:104E0000200343F02403ADE7036A806959680A6808
:104E100022F00F020A60197C1A680E238B4053603F
:104E2000FFF7E6BE0B0710B504461DD5FFF7ECFFF4
:104E300023699B683BB105222270012120469847D7
:104E40002378052B03D10223237000232361302311
:104E500083F311884FF0FF3104F1140002F07AF966
:104E6000002383F311880FE003696BB18A0721D512
:104E70001A7852B15B683BB10422027098472378DC
:104E8000042B01D10323237010BDFFF7BDFF23695D
:104E90005B6833B104222270204698472378042BA4
:104EA00003D10223237000232361302383F311886D
:104EB0000021D1E74A07E7D55B68002BE4D0BDE8C5
:104EC000104018471F4A38B51F4D136813602A69F0
:104ED000002A33D013F0100404D02A78032A14BF18
:104EE00000240224190648BF44F00404DA0548BF30
:104EF00044F008049B051FD544F010041248FFF746
:104F000083FF2B699B683BB105220F482A7021461D
:104F100098472B78052B03D102232B7000232B619C
:104F2000302383F3118809484FF0FF3102F012F962
:104F3000002383F3118801E0002CDFD1BDE8384065
:104F4000FFF7CABB00000450186300202C63002048
:104F50000B480C49002210B5C0E9002201234C681F
:104F6000226040F8332001330F2B01F11401F6D1F8
:104F7000054A4FF0FF335360C2F8043410BD00BF40
:104F8000446300208C5C0308000002400D282DE9DA
:104F9000F04104464FD8294D01268640286830420A
:104FA00049D104F1010CDFF89C8045F83C2005EB69
:104FB000CC0C1427CCF804303043730607FB04876D
:104FC000286009D01E4B986C40F001009864986EE0
:104FD00040F0010098669B6E16F47E5F09D0184B76
:104FE000986C40F002009864986E40F00200986659
:104FF0009B6E62B1142303FB048368689A681042B5
:1050000002D1987C01F06CF86B6833436B6014201C
:10501000444308EB040158F804004B68097C1A6803
:1050200022F00F021A600E228A40426000221A60AB
:105030003846BDE8F0810027FAE700BF446300204E
:10504000001002408C5C030838B51C4C457C0123E1
:1050500003FA05F2236823EA02032360636823EA64
:10506000020382686360134202D1807C01F04EF833
:1050700001350023216844F8353004EBC5054A06A4
:105080006B600CD103F1804303F504339A6C22F07A
:1050900001029A649A6E22F001029A669B6E11F4E4
:1050A0007E5F09D1064B9A6C22F002029A649A6ED6
:1050B00022F002029A669B6E38BD00BF4463002056
:1050C0000010024010B40468037C21684268D94093
:1050D000126801F00E010A420FD0427C01FA03F37C
:1050E00063600132064B53F8324034B103EBC20324
:1050F000586823465DF8044B18475DF8044B704729
:105100004463002008B50348FFF7DCFFBDE8084012
:10511000FFF7E2BA8C5C030808B50348FFF7D2FF3B
:10512000BDE80840FFF7D8BAA05C030808B50348FB
:10513000FFF7C8FFBDE80840FFF7CEBAB45C03082C
:1051400008B50348FFF7BEFFBDE80840FFF7C4BA43
:10515000C85C030808B50348FFF7B4FFBDE8084082
:10516000FFF7BABADC5C030808B50348FFF7AAFFEB
:10517000BDE80840FFF7B0BAF05C030808B5034883
:10518000FFF7A0FFBDE80840FFF7A6BA045D0308DB
:1051900008B50348FFF796FFBDE80840FFF79CBA43
:1051A000185D030808B50348FFF78CFFBDE8084009
:1051B000FFF792BA2C5D030808B50348FFF782FF9A
:1051C000BDE80840FFF788BA405D030808B503480A
:1051D000FFF778FFBDE80840FFF77EBA545D03088B
:1051E00008B50348FFF76EFFBDE80840FFF774BA43
:1051F000685D030808B50348FFF764FFBDE8084091
:10520000FFF76ABA7C5D030808B50348FFF75AFF49
:10521000BDE80840FFF760BA905D03080023054A27
:1052200019460133102BC2E9001102F10802F8D12E
:10523000704700BFBC6300202DE9F04F85B0C2F37A
:10524000C31302F0030B0293C2F30033C2F3800ACC
:10525000C2F3C108C2F3411EC2F3C02903935F46E3
:105260000022CB0747D5029C02F007039B0004FAFB
:1052700003FC01254468954024EA050444EA0A0435
:105280004460C46A24EA050444EA0904C462EE43A3
:10529000032485680196560004FA06F625EA0605F9
:1052A00045EA08058560C56825EA060545EA0E0554
:1052B000C5600F2505FA03F3BBF1020F6FEA060480
:1052C0006FEA030324D1072A95BF056A456A2B407C
:1052D0002B4095BF43EA0C0343EA0C03036243628D
:1052E000036823403B430360C369019C1C40234681
:1052F000039C2343C36149081CD04FEA4A0A4FEA82
:1053000049094FEA88084FEA8E0EBF000132A8E72C
:1053100005682C403C43072A046095BF046A446A30
:105320002340234095BF43EA0C0343EA0C03036286
:105330004362D9E705B0BDE8F08F000070B50124E5
:105340008C4001F0030321F0030101F1804101F5DC
:1053500080319B008D68C0F383200F26984006FAA9
:1053600003F325EA030528430B4B88609868E14363
:1053700012F0010F14BF20430840986012F0020F92
:10538000DA6814BF22430A40DA601A6814431C60CA
:105390005A680A405A6070BD00040140124B70B553
:1053A0009C68D86801228A4044EA000515421AD058
:1053B0008D080E4E023524EA020456F825501D6869
:1053C00025EA02051D605D6820EA020025EA020563
:1053D0005D609C60D8605A61054B002243F8312023
:1053E00003EBC1014A6070BD0004014000000140B0
:1053F000BC630020C36A5B6830B5446B596843687E
:1054000062689B68FF2988BFFF2122F0FF7243EA90
:10541000014322F4803294BF00254FF0807513437E
:105420002B4343F48063636030BD0000D0E90C314E
:105430005B6840685A684B68806810B523F0FF735A
:10544000FF2A23F4803394BF00244FF0807443EA92
:10545000000388BFFF22234343EA02434B6010BD91
:10546000054B9A6B42F480029A639A6B22F4800295
:105470009A639B6B704700BF001002401A4908B541
:105480008B6B5A1C8A63CA6B93422AD98B6843F090
:1054900080038B60FFF7E4FF0B6B4BB15868026829
:1054A00022F00F020260187C1A680E2383405360BA
:1054B000CB6A4BB159680A6822F00F020A60197C66
:1054C0001A680E238B405360302383F311880748FA
:1054D0006FF0010101F03EFE002383F311880120EB
:1054E00008BD0020FCE700BF3C6400205C64002095
:1054F000F8B54A4C636B9E69FFF7C0FF074618B1C9
:10550000BDE8F840FFF7E8B8656B06F0FE03EB6115
:1055100094F8403033B92B6823F046032B60FFF733
:105520009FFFEDE7F1062DD5236B59680A6822F03D
:105530000F020A601A7C19680E2303FA02F24A600D
:10554000E26A5068016821F00F0101601168127C65
:1055500093404B60A36843F00403A3606B6843F47B
:1055600080436B602B6823F046032B60302383F36A
:1055700011886FF0010104F1200001F0EBFD87F3C9
:105580001188BDE7320609D52378032B204602D1C6
:10559000FFF74CFFB4E7FFF72DFFB1E77306AFD578
:1055A0002178E36A03295A681CD1236B5868016883
:1055B00021F00F010160187C19680E2383404B60B5
:1055C0005368C3B12046FFF715FFE36A5A681368B2
:1055D00043F0010313606B6843F400536B600423D2
:1055E00023708DE7116821F00F011160197C1A6892
:1055F0000E238B4053606B6843F480436B602B68D1
:1056000023F040032B60302383F3118804480021EA
:1056100001F0A0FD002383F3118871E73C640020B2
:105620005C64002038B52D4C636B9D69FFF726FF45
:1056300018B1BDE83840FFF74FB8636B05F47C52F2
:10564000DA6194F8402032B91A6822F046021A60F2
:10565000FFF706FFEDE7226B4AB15068016821F0C1
:105660000F010160107C11680E2282404A60E26ADC
:105670004AB15068016821F00F010160107C116887
:105680000E2282404A60EA0507D5A26842F0010274
:10569000A2609A6922F480729A61A80542BFA36849
:1056A00043F00203A360690542BFA36843F0080307
:1056B000A360EA04A3680ED543F02003A36030235F
:1056C00083F3118806486FF0010101F043FD0023C8
:1056D00083F31188ADE7002BABD0F0E73C640020EA
:1056E0005C64002010B5054C204600F051FD0023FD
:1056F000034A2362C4E90B33626310BD3C6400209B
:105700000058004038B5456B2B6823F001032B602F
:105710000378012B044637D18A239A22C0E9093243
:10572000254B984230D1254B9A6B42F480029A6304
:105730009A6B22F480029A639A6B9A6D42F480020B
:105740009A659A6F42F480029A679B6F0022034623
:1057500005210420FFF71AFC2346E0620022052100
:105760000320FFF713FC636A206343F44C33636246
:10577000A36A052143F44C332120A36200F0B0FC5E
:105780000521222000F0ACFCE36A5B6805F12402ED
:105790009A60236B5B6805F128029A60626853681F
:1057A00043F4404343F090032B6013682B612B6854
:1057B00043F001032B6038BD3C6400200010024020
:1057C00010B50378012B044613D0006BFFF73CFCA7
:1057D000E06AFFF739FC0023C4E90B33054B9C4218
:1057E00007D1212000F092FCBDE81040222000F0FB
:1057F0008DBC10BD3C6400202DE9F0470027044615
:105800000E46456B876087F3118806215943C0E92E
:105810000E71C06AD0F80CE090F81080DEF800102D
:105820004FF00F0C0CFA08FC21EA0C0CE18C01FA89
:1058300008F141EA0C01CEF800104168606A086086
:10584000CA604B6000F054FF4FF0300980464CF2C4
:105850004F3A89F31188AB69190409D500F048FF64
:10586000A0EB08039BB2534543D887F31188F0E7B8
:10587000626892680123120584F84030636B58BF58
:1058800076005E602046FFF7B5FDE36ABDF82010A4
:105890005A68136843F0010313602B6843F0400318
:1058A0002B606B6843F400536B6004F1200001F03F
:1058B00043FC431CE36A0DD16A68596842F4804294
:1058C0006A600A6822F00F020A601D7C19680E22C5
:1058D000AA404A6059680A6822F00F020A60197CDF
:1058E0001A680E238B405360002384F84030BDE8D3
:1058F000F0874FF0FF30FAE72DE9F84F0027044614
:105900000E469646DDF82CB0456B876087F311880C
:10591000062003EB0B014143C4E90E71D4F830C0FB
:10592000DCF80C909CF810A0D9F800100F2000FAB9
:105930000AF821EA0808618D01FA0AF141EA080132
:10594000C9F80010DCF80410A26A0A60C1F80CE083
:105950004B60E16AD1F80CC091F810E0DCF800303F
:1059600000FA0EF023EA0000E38C03FA0EF303437F
:10597000CCF800304B68616A19600A99D960C3F8A5
:1059800004B000F0B5FE4FF0300980464CF24F3ABB
:1059900089F31188AB69190409D500F0A9FEA0EBC1
:1059A00008039BB2534558D887F31188F0E7626823
:1059B00092680123120584F84030636B58BF76006B
:1059C0005E602046FFF732FD236BBDF830105A6849
:1059D000136843F0010313602B6843F040032B600E
:1059E0006B6843F400536B6004F1200001F0A4FBEA
:1059F000431CD4E90B3217D169681E6841F4804119
:105A000069605D68296821F00F0129601D7C0E2105
:105A100001FA05F575605668356825F00F053560A3
:105A2000167C1568B14069605568296821F00F013E
:105A30002960117C15680E2202FA01F169605D6827
:105A4000296821F00F01296019681B7C9A40002306
:105A50004A6084F84030BDE8F88F4FF0FF30FAE735
:105A600010B50B4C204600F001FC06232374094BB3
:105A7000E36101232376084C204600F0F7FB042362
:105A800023744FF08043E3610023237610BD00BFF1
:105A900080640020002C0140A0640020F0B5037851
:105AA000C269012B40F0B780634B984240F09B8065
:105AB000624B196E41F400611966D3F8801041F40D
:105AC0000061C3F88010D3F88010196C41F40061B4
:105AD0001964196C21F4006119641B6C584B436103
:105AE00046F668039361D36103F1807303F5803355
:105AF0005365416843690C68B3FBF4F3013B93625F
:105B00008368CF68013BD362CB6B536007F00F0310
:105B1000012B00F08D80022B40F08C8043F00103BC
:105B20004E6906F00F04012C03D0022C03D143F080
:105B3000200343F01003CD6905F00F04012C03D0BE
:105B4000022C03D143F4007343F480734C6A04F0D5
:105B50000F0CBCF1010F04D0BCF1020F03D143F4D0
:105B6000005343F4805390F818C0BCF1000F27D0C5
:105B700007F0F000102803D0202803D143F00803D9
:105B800043F0040306F0F000102803D0202803D1CE
:105B900043F0800343F0400305F0F000102803D0E9
:105BA000202803D143F4006343F4806304F0F00041
:105BB000102803D0202803D143F4004343F480434A
:105BC000136201235361002313614B6C23F0FF0325
:105BD000D360BCF1000F03D00B6C43F4004353645B
:105BE00085231360F0BD174B98427FF479AF134BB8
:105BF000996D41F001019965996F41F00101996733
:105C0000996F996B41F001019963996B21F0010142
:105C100099639B6B62E70023136053639363D363C1
:105C20001364017C042984BF9365D365536260E7E4
:105C3000002373E7002373E7806400200010024014
:105C400000B4C404A06400200378022B25D1C369EA
:105C5000017E00221A60DA601A6101B15A640F4BAA
:105C600098420DD10E4B1A6E22F400621A66D3F8D8
:105C7000802022F40062C3F88020D3F8803070477F
:105C8000084B984209D1064B9A6D22F001029A65A1
:105C90009A6F22F001029A679B6F70478064002020
:105CA00000100240A06400200329C3699BBF0C318F
:105CB00003EB810112314A6088BF43F8212070470D
:105CC0000329C3694FF000000CD801F10C0203EB6B
:105CD00082025060DA68022000FA01F122EA010132
:105CE000D9607047123143F821007047C36970B51D
:105CF0001A69DD681540EAB2D243AE0704461A615C
:105D000003D543681B6903B19847680704D56368E6
:105D10009B690BB120469847290704D563681B6A25
:105D20000BB120469847EA0604D563689B6A0BB11D
:105D300020469847EB0706D563689B681BB1204651
:105D4000BDE87040184770BD024A136843F0C003B5
:105D50001360704700380140024A136843F0C003E3
:105D60001360704700440040024A136843F0C003C8
:105D7000136070470048004037B5274C274D204638
:105D800000F06CFC009404F10C00254900234FF452
:105D9000007200F01DFB234900944FF4007204F1DF
:105DA0003000214B00F0A0FB204BC4E91535204CFE
:105DB000204600F053FC009404F10C001D49002320
:105DC0004FF4007200F004FB1B4900944FF4007282
:105DD00004F13000194B00F087FB194BC4E915356D
:105DE000184C204600F03AFC04F10C0016490094CF
:105DF00000234FF4007200F0EBFA144B14490094A6
:105E00004FF4007204F1300000F06EFB114BC4E956
:105E1000153503B030BD00BFC064002000B4C40419
:105E2000EC650020EC6B0020495D02080038014061
:105E300024650020EC670020EC6D0020595D02080D
:105E40000044004088650020EC690020695D02087C
:105E5000EC6F00200048004030B5037A304C002938
:105E600018BF0C46012B0FD12E4B984239D12E4B27
:105E70001A6E42F480421A66D3F8802042F48042BF
:105E8000C3F88020D3F880302268836D416D0466AA
:105E900003EB5203B3FBF2F36268150442BF23F035
:105EA000070503F0070343EA4503CB60A36843F00B
:105EB00040034B60E36843F001038B6042F4967348
:105EC00043F001030B604FF0FF330B62510505D522
:105ED00012F010221FD0B2F1805F1ED080F85C302B
:105EE00030BD124B98420BD0114B9842CCD10E4B87
:105EF0009A6D42F480229A659A6F42F4802207E0FC
:105F0000094B9A6D42F400329A659A6F42F400325E
:105F10009A679B6FB8E77F23E0E73F23DEE700BF88
:105F2000A45D0308C0640020001002402465002026
:105F300088650020037A022B22D1436D00221A606B
:105F40005A609A60154B98420DD1154B1A6E22F487
:105F500080421A66D3F8802022F48042C3F8802061
:105F6000D3F8803070470F4B98420AD10C4B9A6D92
:105F700022F400329A659A6F22F400329A679B6F7E
:105F80007047094B9842FBD1054B9A6D22F4802251
:105F90009A659A6F22F48022F0E700BFC064002067
:105FA0000010024024650020886500202DE9F0479C
:105FB000466D3768F46934622107054619D014F03C
:105FC000080118BF4FF48071E20748BF41F020017B
:105FD000A30748BF41F04001600748BF41F080017E
:105FE000302383F31188281D00F0F0FC002383F395
:105FF0001188E2050AD5302383F311884FF48061BC
:10600000281D00F0E3FC002383F311884FF03009D2
:106010004FF0000A14F0200838D13B0616D54FF097
:10602000300905EB090A200610D589F3118850467E
:1060300000F098FA002836DA0821281D00F0C6FC86
:1060400027F080033360002383F31188790614D589
:10605000620612D5302383F31188D5E911239A42C1
:1060600008D1AB6B33B11021281D27F0400700F099
:10607000ADFC3760002383F31188E30619D52A6E3F
:106080001369B3B1BDE8F0475069184789F3118827
:10609000B38C95F85C102846194000F00FFB8AF38A
:1060A0001188F469B6E780B2308588F31188F46905
:1060B000B9E7BDE8F08700004FF0E0230022586800
:1060C0004FF0FF31930003F1604303F56143013268
:1060D0009042C3F88010C3F88011F3D270470000DB
:1060E00000F1604303F561430901C9B283F800136D
:1060F000012200F01F039A4043099B0003F1604313
:1061000003F56143C3F880211A60704700F01F0354
:1061100001229A4043099B0003F1604303F5614368
:1061200000F1604000F56140C3F88020C3F8802191
:10613000002380F800337047FEF768BD0123037029
:106140000023C0E90133C0E9033343617047000015
:1061500010B53023044683F311884160FEF794FDA7
:1061600002232370002080F3118810BD38B530253C
:1061700085F31188C0E90223032303700161FEF750
:10618000E7FD002383F3118838BD0000FFF7AABAAA
:1061900001230370002343600C3000F0B9BC000001
:1061A00010B53023044683F311884160FFF7AAFA43
:1061B00002232370002080F3118810BD10B5302316
:1061C000044683F31188FFF7FBFA00230122636082
:1061D000227083F3118810BD7FB50446302585F306
:1061E0001188032606700025BDF828608560029698
:1061F000099E0196089E0096FFF77EFB431C14BF84
:1062000002230523237085F3118804B070BD0000BC
:1062100073B50446302585F31188042606700025E1
:10622000BDF8186085600096FFF7E6FA431C14BFBE
:1062300002230523237085F3118802B070BD00008E
:106240000C3000F0A7BC00000C3000F0CFBC000008
:10625000044B00F00F0043F8301003EBC0035A600A
:10626000704700BFBC630020FFF7FABB0123037037
:1062700000234360C36003747047000038B50446D0
:10628000302383F3118800254B6883604160C5602B
:10629000FFF704FC0223237085F31188284638BDDC
:1062A00010B53023044683F31188FFF7CDFC00239B
:1062B0000122E3606360227083F3118810BD000047
:1062C000302383F31188C36981600139D9620023C7
:1062D00083F311887047000070B5302585F311886D
:1062E0000126C46806FA01F52C43C460FFF7DCFC04
:1062F000002383F3118870BD38B5302484F31188EE
:106300000125C26805FA01F422EA0402C260FFF71F
:10631000D7FC002383F3118838BD0000F8B515467B
:1063200082680669AA420B46816938BF8568761A79
:10633000B54204460BD218462A4603F0BFFDA369B6
:106340002B44A361A3685B1BA3602846F8BD0CD94E
:106350001846324603F0B2FDAF1BE1683A463044BE
:1063600003F0ACFDE3683B44EBE718462A4603F034
:10637000A5FDE368E5E7000083689342F7B515469D
:10638000044638BF8568D0E90460361AB5420BD29E
:106390002A4603F093FD63692B446361A368284692
:1063A0005B1BA36003B0F0BD0DD93246019103F031
:1063B00085FD0199E068AF1B3A46314403F07EFD4C
:1063C000E3683B44E9E72A4603F078FDE368E4E745
:1063D00010B50A440024C361029B8460C0E9000038
:1063E000C0E90511C1600261036210BDC268C0E965
:1063F0000522002282606FF0010100F0D1BE000092
:1064000008B5D0E90532934201D1826882B9826829
:10641000013282605A1C42611970D0E904329A42FA
:1064200024BFC3684361002100F0AEFE002008BD18
:106430004FF0FF30FBE7000070B5302304460E46F6
:1064400083F31188A568A5B1A368A269013BA36085
:10645000531CA36115782269934224BFE368A361AA
:10646000E3690BB120469847002383F3118828463F
:1064700007E03146204600F077FE0028E2DA85F397
:10648000118870BD2DE9F74F04460E461746984611
:10649000D0F81C904FF0300A8AF311884FF0000BAF
:1064A000154665B12A4631462046FFF737FF0346B9
:1064B00060B94146204600F057FE0028F1D0002385
:1064C00083F31188781B03B0BDE8F08FB9F1000F9A
:1064D00003D001902046C847019B8BF31188ED1A29
:1064E0001E448AF31188DCE7C0E90511C160C3616D
:1064F0001144009B8260C0E90000016103627047A3
:10650000C1680269521AC0E9051182606FF0010189
:1065100000F046BEF8B504460D461646302383F318
:106520001188A768A7B1A368013BA36063695A1CDF
:1065300062611D70D4E904329A4224BFE36863614A
:10654000E3690BB120469847002080F3118807E0EB
:106550003146204600F008FE0028E2DA87F3118871
:10656000F8BD0000D0E905239A4210B501D1826838
:106570007AB98268013282605A1C82611C78036990
:106580009A4224BFC3688361002100F0FDFD2046CC
:1065900010BD4FF0FF30FBE72DE9F74F04460E46E4
:1065A00017469846D0F81C904FF0300A8AF31188AD
:1065B0004FF0000B154665B12A4631462046FFF7DD
:1065C000DBFE034660B94146204600F0CDFD0028C1
:1065D000F1D0002383F31188781B03B0BDE8F08F5E
:1065E000B9F1000F03D001902046C847019B8BF3FF
:1065F0001188ED1A1E448AF31188DCE70C30FFF78E
:1066000041BF00004FF6FF730C30FFF73BBF0000A7
:106610003030FFF7C1BF00004FF6FF733030FFF797
:10662000BBBF00000C30FFF707BF00004FF6FF7143
:106630000C30FFF701BF00003030FFF76BBF0000E8
:106640004FF6FF723030FFF765BF0000012914BF1D
:106650006FF0130000207047FFF78EBB0346034A1C
:1066600043F8042B4360012303727047BC5D0308A9
:1066700010B53023044683F31188FFF7EDFB0223A6
:106680002372002080F3118810BD000010B5302364
:10669000044683F31188FFF74DFC0123237204F1B4
:1066A0003000FFF72DFF04F10C00FFF79FFE00F014
:1066B000CFFB002383F3118810BD000038B5436978
:1066C00004460D461BB90421084400F07FF9294611
:1066D00004F10C00FFF794FE002806DA201D4FF4A9
:1066E0000061BDE8384000F071B938BD01F010BB61
:1066F000014B586A80B2704700400140034B0022B2
:1067000058631A610222DA60704700BF00400140FE
:10671000014B0022DA60704700400140014B586392
:10672000704700BF004001400448054B0360002350
:10673000C0E901330C3000F0EBB900BFEC71002070
:10674000C97D02082DE9F74F354F002818BF0746CD
:10675000082A07F10C0038BF08229146CD1D884653
:10676000019000F017FA0198ED083C1D09F10701AE
:10677000C9F1000E2246246864B900F037FA3B687C
:10678000BBB308224946E8009847044688B340E96D
:1067900002782EE0D4F804A004EB010C0CEA0E0CF5
:1067A0000AF10106ACF1080304EBC6069E42E1D9EA
:1067B000A6EB0C0CB5EBEC0F4FEAEC0BDAD89C42D5
:1067C0001BD204F108029A1AD210AB45626009D9B3
:1067D000691C03EBC102ED435D445560256843F835
:1067E000315022601C46C3F8048044F8087B00F056
:1067F000FDF9204603B0BDE8F08FAA45216802D11B
:1068000011602346EEE7013504EBC50344F835106B
:1068100003F10801761AF6105E601360F1E700BF1D
:10682000EC71002073B50446A0F1080554F8043C4F
:1068300050F8080C0733DB08061D44F8043C0C3004
:10684000019000F0A7F9019833469E421A6801D0E2
:10685000AB4228D20AB1954225D244F8082C54F80C
:10686000042C1D6054F8081C013205EBC206B1422D
:1068700006D14E68324444F8042C0A6844F8082CC7
:106880005E68711C03EBC1018D4207D154F8042CE2
:10689000013232445A6054F8082C1A6002B0BDE844
:1068A000704000F0A3B91346CFE700002DE9F34193
:1068B000124C002818BF044604F10C0001900F464A
:1068C000164600F067F9231D019800242546A046CE
:1068D0001B685BB90FB1ED003D600EB1E4003460A0
:1068E00000F084F9404602B0BDE8F0815A68944255
:1068F00008F10108154438BF1446E9E7EC7100209F
:1069000030B5302484F31188064C0568E4680D60C6
:106910000160C1E901420022C1E9032382F3118829
:1069200030BD00BF10720020302383F3118803466E
:106930001A461B68984203D08B42F9D11B6813603A
:10694000002383F311887047034BDA68136B23EA43
:1069500000011163184070471072002008B5302301
:1069600083F31188FFF7F0FF002383F3118808BD3C
:10697000302383F311880023C268C36083F3118836
:106980000069104070470000036B194390F82430F1
:1069900001630A2B03D1836A194205D170470B2B7F
:1069A00006D1836A8B4303D10023836200F0C0B910
:1069B0007047000008B5302383F31188FFF7E4FF28
:1069C00000F046FA002383F3118808BD70B504680F
:1069D00006460D46B44200D170BDE3682B43E36028
:1069E00015B123691D4203D0D4E90101FFF7CCFFA3
:1069F0002468EFE738B50C4B0446DD68302383F399
:106A000011882B6B034005D1A8620A2000F092F98F
:106A10002B6B2340584218402B6B23EA00032B6357
:106A2000002383F3118838BD1072002038B50C4B59
:106A30000446DD68302383F311882B6B184006D1A0
:106A40000A20AC6200F076F92B6B04EA03002B6B92
:106A500023EA00032B63002383F3118838BD00BFB2
:106A600010720020104A70B5D6680546302282F3B5
:106A70001188346B04400CD119B984F31188204675
:106A800070BDB0620A2000F073F90028F5DB346BAA
:106A90002C4063421C40336B23EA0403336300231E
:106AA00083F31188EBE700BF107200200F4A70B526
:106AB000D6680546302282F31188346B04400CD12D
:106AC00019B984F31188204670BDB0620A2000F025
:106AD0004FF90028F5DB346B2C40336B23EA0403B9
:106AE0003363002383F31188EDE700BF10720020A9
:106AF00010B503461B68984203D09C688A6894428C
:106B0000F8D25A680B604A601160596010BD0000ED
:106B10000023C0E9000083600361704738B58168D5
:106B20001B4B0446DD6851B3A94212D103690133FE
:106B3000036138BD8B6091F824307BB1062B14D1F2
:106B4000D1E90032886A13605A60FFF7D1FF8B6A7F
:106B50009968AB688A689A42ECD306E0D1E90032C2
:106B6000084613605A6000F0E3F820462946FFF714
:106B7000BFFFAC620620BDE8384000F0DBB8036917
:106B80008560013303616B6BC3606863D1E700BF4D
:106B90001072002008B5302383F31188FFF7BEFF81
:106BA000002383F3118808BD0A4B8268DB6832B189
:106BB0009A420CD1036901330361012070470269D5
:106BC0008360013202615A6BC2605863F5E70020AE
:106BD000704700BF1072002008B5302383F311887E
:106BE000FFF7E2FF002383F3118808BD194BD96832
:106BF00083688B4210B520D1302383F3118802695A
:106C0000013A0261B2B90468C3684B63A0421ED066
:106C10008A6B9BB98A600123036103681A6802606A
:106C200050605A6B8360C2605863184600F080F869
:106C300000F00EF9002383F3118810BD1C68A342F5
:106C400003D0A468A24238BF2246DB68E1E7826035
:106C5000F0E700BF10720020302383F31188054B4A
:106C6000986A837D01338375002383F3118810387C
:106C7000704700BF1072002010B5302383F31188D5
:106C8000084A036993421FBF9A7D0132A3F11004A1
:106C90009A7508BF0024002383F3118800F0E0F9FF
:106CA000204610BD38720020002380F8243082680E
:106CB00083691B6899689142FBD25A6803604260FD
:106CC0001060586070470000002380F8243082680C
:106CD00083691B6899689142FBD85A6803604260D7
:106CE000106058607047000008B50846302383F3F1
:106CF000118891F824200023052A06D8DFE802F045
:106D00000B050503120E826A13604FF0FF33836296
:106D1000FFF7CAFF002383F3118808BD826A9368D6
:106D200001339360D0E9003213605A60EDE7000050
:106D3000FFF7BABF38B50D4BDD681C6885F8240035
:106D400022681A605360012284F82420DC60EFF38B
:106D500009832A6A643B9A4202D9284600F0CEFE93
:106D600029462046BDE83840E4F7CEBA107200202C
:106D700030B50D4BDD684FF6FF73994287B004467E
:106D80000FD02B46094A684600F0DAFA2046FFF792
:106D9000D1FF009B13B1684600F0DCFAA86A07B087
:106DA00030BDFFF7C7FFF9E710720020E96C020859
:106DB00070B5114E8162F36881689A689142044609
:106DC00003D8BDE87040FFF76FBF1846FFF77CFFA0
:106DD0000123054684F82430F460EFF30983026A46
:106DE000643B9A4201D900F089FE29462046BDE85D
:106DF0007040E4F789BA00BF10720020044B1A6893
:106E0000DB6890689B68984294BF0020012070471F
:106E10001072002038B50D4B1C68D86822681A60C3
:106E20005360012284F82420DC60FFF74DFF054603
:106E3000EFF30983026A643B9A4201D900F05EFED7
:106E400029462046BDE83840E4F75EBA10720020BB
:106E5000044B1A68DB6892689B689A4201D9FFF775
:106E6000D9BF704710720020C0E9000081607047F0
:106E70008368013B002B10B583600CDA074BDC689C
:106E80004368A062206063601C6044600520FFF7D7
:106E900051FFA06A10BD0020FCE700BF1072002067
:106EA00008B5302383F31188FFF7E2FF002383F353
:106EB000118808BD83680133002B836008DC0368F8
:106EC0001A680260506000229A621846FFF730BFCD
:106ED0007047000030B5114C87B00123237068461D
:106EE0000023C4E9013300F069F90425684600F085
:106EF00071F9684600F074F9013DF7D1009BA36079
:106F000000F044FFFFF710FC0549064800F098FF29
:106F10000223237085F3118807B030BD80740020F0
:106F2000145E03081072002000F04CBAEFF31180D9
:106F300020B9EFF30583302282F3118870470000F7
:106F400010B530B9EFF30584C4F3080414B180F32D
:106F5000118810BDFFF77CFF84F31188F9E700006A
:106F6000034A516853685B1A9842FBD8704700BFC8
:106F7000001000E08B608B630023C1E90C33022317
:106F80008B84012381F82630CA6100F128020A614E
:106F9000C26A886101F110034A611360C36201F1A2
:106FA0002C03CB620846704703460A1A01338B4212
:106FB00088BF0122552102F0CBBF0000D0E901318A
:106FC00041F8203CA1F1A40341F8343C036941F8A5
:106FD000643C436941F8603C044B41F8443C02681E
:106FE000C36803484039FFF7C5BF00BF21B300089D
:106FF0001072002008B5FFF7E1FFBDE80840FFF779
:1070000097BE0000F8B50C4641181F4605461646C7
:10701000FFF7CAFF302383F31188A4F1400129440C
:10702000A1F16403CB60069B41F8203C094B0A4A5E
:107030000D6241F8247C41F8043C08483346FFF7D0
:1070400099FF00210446FFF7B3FE002383F3118864
:107050002046F8BD21B30008285E03081072002006
:10706000302383F3118890F82630013B80F82630D6
:10707000436A03F0FF130F2B0FD1D0E904321360E2
:107080005A60002383F3118890F8253003F003033E
:10709000012B05D1006AFFF7C5BB002383F31188DC
:1070A0007047000038B50E4BDC68A06204F12C0577
:1070B000E06AA8420FD194F826303BB994F8253005
:1070C0009B0702BFD4E9043213605A60BDE8384020
:1070D0000F20FFF72FBE0368E362FFF729FEE7E703
:1070E00010720020302383F31188FFF7DBBF00000C
:1070F0000A4B10B5DB68302282F311889C6B9A68CA
:10710000A24201D0824200D298609863FFF7A0FEAD
:10711000002383F31188204610BD00BF10720020A9
:1071200008B50146302383F311880820FFF720FEBD
:10713000002383F3118808BD054BDB6821B1036090
:1071400098620320FFF714BE4FF0FF30704700BF76
:107150001072002003682BB1002202609962184669
:10716000FFF7E6BD70470000064BDB6839B14268A7
:1071700018605A60136043600420FFF7F9BD4FF0B8
:10718000FF307047107200200368984206D01A68DA
:107190000260506099621846FFF7CABD7047000050
:1071A00038B504460D462068844200D138BD0368D6
:1071B00023605C608562FFF7BBFDF4E700234FF0BE
:1071C000FF32C0E90023C0E9023300220023C0E9F6
:1071D00004237047014B5B6883607047001000E038
:1071E0000D4A0E4B9168C2685B680132C2608268CA
:1071F0005B1A9B1AD0E90421D21841F10001C0E9C1
:107200000421426883609342026888BF43609342CE
:1072100038BF0360704700BF80740020001000E09A
:1072200010B503681C89A2420CD85C680A810B6007
:107230004C602160596019898A1A1A814FF6FF73D0
:10724000038110BD121B1B6892B2EBE70A2938BFFD
:107250000A2170B504460D460A26601980B2FFF770
:107260005DFAFFF745FA041BA4B2A54204D8751CC9
:10727000ADB22E460446F0E70A2E04D9BDE87040B0
:10728000012000F025BE70BDF8B5164B0F4699835E
:1072900003F1100141600A2A1969028138BF0A22EC
:1072A000016048601861B81880B21446FFF726FAEA
:1072B0000A25FFF71DFAC31B9BB2A342064609D35A
:1072C0000135ACB217FA85F5A8B2FFF727FA2546C3
:1072D0003746EEE70A2D04D9BDE8F840012000F05A
:1072E000F7BDF8BD10720020F8B506460D46FFF751
:1072F000FFF9114A134653F8107F9F4206D12A46E0
:1073000001463046BDE8F840FFF7BEBF918B441AF6
:10731000A3B215FA84F4A4B2A34288BF2C463B89D9
:10732000A34202D92946FFF791FF2246314603487E
:10733000BDE8F840FFF774BF1072002020720020F3
:1073400010B4C0E9032300235DF8044B8382FFF7E8
:10735000CBBF000010B51A4C236998420DD0D0E97C
:107360000032018913605A601A890A441A81002385
:1073700003604FF6FF73238310BD2346026843F872
:10738000102F53600022026022699A4203D1BDE8A7
:107390001040FFF7BDB9018913890B441381FFF732
:1073A000A7F92369A18B1B89441AA4B2A342E3D98C
:1073B0000B44191ABDE8104089B2FFF747BF00BF60
:1073C000107200202DE9F047DFF8CC8008F110079B
:1073D000304ED8F81050FFF78BF9B8F81C102B89F5
:1073E000441AA4B2A34244D81944D5E900328CB25D
:1073F0004FF00009A8F81C4013605A60C5F80090CF
:10740000D8F81030B34201D1FFF782F989F311881F
:10741000D5E9033128469847302383F31188AB8A96
:10742000002BD6D0FFF764F9AA8AA0EB04091FFA53
:1074300089F94A4582460DD2022000F049FD00221A
:10744000D8F81030B34209D151462846BDE8F0477C
:10745000FFF71ABF121A1444A2B2F1E702EB0903B4
:107460009BB2994598BF1A4629463846FFF7D8FE81
:10747000AEE7D8F81040B44209D00B44191A89B2CB
:10748000A8F81C002981BDE8F047FFF7DFBEBDE882
:10749000F08700BF207200201072002038B5FFF77F
:1074A00027F9054AD2E90845001B83B2181945F1AE
:1074B0000001C2E9080138BD107200204FF0FF3012
:1074C00070470000002070474FF0FF307047000009
:1074D000002070474FF0FF307047000001207047D8
:1074E00000207047FEE70000704700004FF0FF30BB
:1074F00070470000BFF34F8F024A1369DB03FCD4CF
:10750000704700BF0020024008B5094B1B7873B9D3
:10751000FFF7F0FF074B5A69002ABFBF064A9A607F
:1075200002F188329A601A6822F480621A6008BDFB
:107530009C740020002002402301674508B50B4BD6
:107540001B7893B9FFF7D6FF094B5A6942F0004206
:107550005A611A6842F480521A601A6822F4805202
:107560001A601A6842F480621A6008BD9C74002098
:10757000002002407F289ABF00F58030C002002022
:10758000704700004FF40060704700008020704793
:107590007F2808B50BD8FFF7EDFF00F50063026800
:1075A000013204D104308342F9D1012008BD00200A
:1075B000FCE700007F2870B504462DD800F0C0F924
:1075C000164E3060FFF7B2FCFFF794FFFFF79CFF09
:1075D000134BF3221A6102225A615A6942EAC40229
:1075E0005A615A6942F480325A61054620464FF486
:1075F0000061FFF77FFFFFF7BDFF00F07BFA284631
:10760000FFF79CFFFFF79CFC00F09AF930602046E2
:10761000BDE87040FFF7BCBF002070BDA074002023
:107620000020024040EA020313F007032DE9F0476F
:1076300005460C46164606D0344B40F282321A609C
:107640000020BDE8F0878118314A91420CD92F4AB9
:1076500040F287311160F3E72B1D1B68626893428B
:1076600008D1083E08350834072E19D92A6823683E
:107670009A42F1D0FFF75AFCFFF746FFFFF73AFFB7
:1076800004F10801234C4FF001084FF00009012ECE
:10769000A1F1080708D8FFF751FFFFF751FC01E0FF
:1076A000002EE7D10120CCE7C4F81480AA4651F897
:1076B000083C4AF8043B51F8043C6B60FFF71AFFA2
:1076C000236943F001032361C4F814902A6851F838
:1076D000083C9A420ED00D4B40F2AF321A600E4B6E
:1076E0001D600E4B1E600E4B1F60FFF727FFFFF75C
:1076F00027FCA5E7DAF800A051F8043C9A4501F10F
:107700000801E8D1083E0835C1E700BF98740020A1
:1077100000000408002002408C74002094740020B3
:1077200090740020084908B50B7828B11BB9FFF701
:10773000EBFE01230B7008BD002BFCD0BDE8084018
:107740000870FFF7FBBE00BF9C74002008B500F076
:10775000F7F8054B1B68C01A40F6B73398428CBF48
:107760000020012008BD00BFA07400207047000069
:1077700010B5044610B90023184610BD0146082272
:107780000020FEF7DFFF034630B908222146FEF74E
:10779000D9FF03460028EED018462246002102F009
:1077A000D7FB0346E8E7000038B578B1073020F092
:1077B0000705082229460020FEF7C4FF044618B139
:1077C0002A46002102F0C4FB204638BD0446FBE7F0
:1077D000FFF7EABF38B5044660B101460822002031
:1077E000FEF7B0FF054618B12246002102F0B0FBBB
:1077F000284638BD0546FBE74843FFF7B9BF000000
:1078000008B1FFF70FB8704707B5002201A910466D
:107810000192FFF74BF800F0E1FA019B184403B026
:107820005DF804FB13B5049CCDE9003413460A4609
:107830000146002000F0DAFA02B010BD024B0360EE
:10784000024B0B6001207047A4740020305E0308D7
:1078500002FB01F0FFF78CBF0846FFF789BF00006D
:107860000846FFF7CDBF000010F0070309D1064A14
:10787000904206D90844054988428CBF0020012067
:1078800070470020704700BFFF000020000001206B
:1078900038B5EFF311859DB9EFF30584C4F30804FF
:1078A000302334B183F31188FFF7F8FD85F3118895
:1078B00038BD83F31188FFF7F1FD84F3118838BDDB
:1078C000BDE83840FFF7EABD38B5EFF311852DBBB1
:1078D000EFF30584C4F3080430237CB183F31188EB
:1078E000FEF706FF1449154A0B880880C31A106872
:1078F00010FA83F0106085F3118838BD83F3118886
:10790000FEF7F6FE0C490D4A0B880880C31A106872
:1079100010FA83F0106084F3118838BD064CFEF72E
:10792000E7FE064923880D68C31A024615FA83F05C
:107930002280086038BD00BFC4740020C8740020D5
:1079400038B5FFF7A5FF114C114AC00840EA417055
:10795000A0FB025EC908A0FB040C1CEB050CA1FBFC
:1079600004404FF000035B41A1FB02121CEB040C2E
:1079700043EB000011EB0E0142F10002411842F10D
:107980000000090941EA007038BD00BFCFF753E39A
:10799000A59BC42038B504460D46FFF779FF844205
:1079A00075EB010305D3241A024B65EB0105C3E90E
:1079B000004538BDD074002008B5FFF769FF034AC1
:1079C000D2E90032C01842EB010108BDD07400209A
:1079D00010B50244064BD2B2904200D110BD441CF7
:1079E00000B253F8200041F8040BE0B2F4E700BF06
:1079F00050280040114B30B5D3F89040240409D4EE
:107A0000D3F89040C3F89040D3F8904044F4004439
:107A1000C3F890400A4C236843F480732360024407
:107A2000084BD2B2904200D130BD441C00B251F894
:107A3000045B43F82050E0B2F4E700BF00100240BE
:107A4000007000405028004007B5012201A9002025
:107A5000FFF7BEFF019803B05DF804FB13B50446C1
:107A6000FFF7F2FFA04205D0012201A900200194F6
:107A7000FFF7C0FF02B010BD7047000070B520F0E6
:107A80000F0400F00F01236862684E00CA40F34003
:107A9000920003F0030302F004021A43A368F340C8
:107AA000DB0003F018031A43E368F3405B0103F0C3
:107AB0006003134302070D4653BF206A606A08390A
:107AC0008D004ABF8900E840C840C00100F4F06062
:107AD000184370BD10B520F00F0400F00F00E368EC
:107AE00040000322824023EA020381400B43E3600B
:107AF00010BD00007047000070470000C069E7F744
:107B0000EFBC000003461968B1F1553F1A4603F176
:107B10000403F8D0101A704770B505460C460120D2
:107B200010211646FFF768FE286046733CB12046D8
:107B300036B1FFF74DFE2B68186000B19C6070BD38
:107B4000FFF732FEF7E70000F8B50F461646044689
:107B500010B901252846F8BD427B38683146FFF749
:107B600083FE05460028F4D13B686360A368B342F6
:107B700010D213B12068FFF743FE637B30462BB170
:107B8000FFF726FE206020B9A060E3E7FFF70CFEB8
:107B9000F8E7A66023683B6001252573DAE700005B
:107BA00010B5044640B10068884205D1606808B14C
:107BB00002F084F90023237310BD0000F8B50F46CE
:107BC0001646044610B901252846F8BD427B3868A0
:107BD0003146FFF749FE05460028F4D1A368B342B9
:107BE00010D213B12068FFF70BFE637B30462BB138
:107BF000FFF7EEFD206020B9A060E5E7FFF7D4FDB8
:107C0000F8E7A660396819B12068324602F056F9E3
:107C100023683B6001252573D6E7000020B1036887
:107C20008B4204BF002303737047000008B1002398
:107C300003737047074B45F255521A6003225A608E
:107C400040F2FF729A604CF6CC421A60024B01225D
:107C50001A70704700300040DC740020034B1B7822
:107C60001BB1034B4AF6AA221A607047DC7400204D
:107C700000300040054B1A6832B902F1804202F52B
:107C80000432D2F894201A60704700BFD8740020E4
:107C9000024B4FF40002C3F89420704700100240DA
:107CA00008B5FFF7E7FF024B1868C0F3407008BD46
:107CB000D8740020CAB201460120FFF79BBE000025
:107CC000CAB201460120FFF783BE000070470000E2
:107CD000FEE700000A4B0B480B4A90420BD30B4BBC
:107CE000DA1C121AC11E22F003028B4238BF002296
:107CF000002102F02DB953F8041B40F8041BECE7F7
:107D0000386A0308F0740020F0740020F07400203A
:107D1000104B1A6E42F480321A66D3F8802042F477
:107D20008032C3F880200C4AD3F88030136943F4C2
:107D300080331361094B4F229A624FF6FF72DA6269
:107D400000229A615A63DA605A6001225A611A600D
:107D5000704700BF00100240002004E000400140D6
:107D6000094A08B51169D3680B40D9B2C9439B07CA
:107D7000116107D5302383F31188FFF7D5F800236D
:107D800083F3118808BD00BF00400140024B034A45
:107D90001A60034A5A607047E0740020F0740020B3
:107DA00000000120074B10B55C684942201A0840CA
:107DB0001968821A8A4203D3A24201D85A6010BDC0
:107DC0000020FCE7E074002008B5302383F311881D
:107DD000FFF7E8FF002383F3118808BD024BD3E9C6
:107DE0000030C01A704700BFE0740020F0B517469D
:107DF00087B008220D461E46FEF7A4FC0446D0B10B
:107E00000C9B049341190D9B0593CDE90070CDE9BE
:107E10000216FFF7C9F8302383F311886846FFF78D
:107E2000CDF8012380F8253000210446FEF7C0FF7D
:107E3000002383F31188204607B0F0BDFEE7000061
:107E400070B51F4B81630025044686B058600563FA
:107E50000E46FCF71DFC04F12803C4E90A3304F1C3
:107E60001003C4E904334FF6FF732383C4E90044CD
:107E7000A5606563A583FEF73BFC2B460246C4E97B
:107E8000082304F13C010F4AA56780232046FFF731
:107E900071F87368E0600362012380F8243031696F
:107EA000094AF0680092CDE90213084B0190CDE930
:107EB0000435FFF779F86846FFF79CF806B070BD07
:107EC00080740020E45D03083C5E03083D7E0208E8
:107ED000024A536B18435063704700BF1072002072
:107EE000254B2649DA6A264842F00702DA62DA6A46
:107EF00022F00702DA62DA6ADA6C42F00702DA6428
:107F0000DA6E42F00702DA66DB6E4FF09043002231
:107F10005A6099601B49D9604FF6FF715961186228
:107F200041F211105862184818604FF4C040C3F86D
:107F300004041648C3F808041548C3F80C0415488F
:107F4000C3F81414C3F820041348C3F824041348D6
:107F5000C3F800044FF0AA30C3F80428C3F8080897
:107F6000C3F80C28C3F81418C3F82028C3F8242831
:107F7000C3F8002800F02EB800100240FAAAAAAAFE
:107F80001177505050010024AA89AA28AAFAFAAA07
:107F90001050500000000577997740045FA2AA288E
:107FA00008B500F025FAFEF795FFFFF763FEFFF72F
:107FB0006FFEBDE80840FFF7D9BB00007047000026
:107FC00008B5FCF7C5FFFEF777F8BDE8084000F0FC
:107FD000CFB900005A4B4FF0FF319A6A99629A6A02
:107FE00000229A62986AD86A60F00700D862D86A5C
:107FF00000F00700D862D86A186B1963186B1A630F
:10800000186B986B9963986B9A63986BD86BD9636C
:10801000D86BDA63D86B186C1964196C1A641A6C13
:10802000484A4FF4E06111601A6E474942F001027C
:108030001A66D3F8802022F00102C3F88020D3F81A
:1080400080209A6D42F080529A659A6F22F0805299
:108050009A679A6F4FF440720A604A6912F480621C
:10806000FBD14A601A6822F0F00242F060021A6006
:108070001A6842F001021A601A689107FCD50022C2
:108080009A609A6812F00C02FBD1D3F8901011F4A8
:10809000407F1EBF4FF48031C3F89010C3F890208A
:1080A00061221A601A689207FCD500229A609A68C9
:1080B00012F00C0FFBD169221A60D3F8942022F43D
:1080C000706242F4C062C3F894201A6842F48032AD
:1080D0001A601A689003FCD5D3F8902022F003228E
:1080E000C3F89020194ADA601A6842F080721A6068
:1080F0001A689101FCD5164A1A611A6842F080622A
:108100001A601A681201FCD500229A600D49114AC2
:10811000C3F888200A6822F0070242F004020A60CD
:108120000A6802F00702042AFAD19A6842F00302B0
:108130009A609A6802F00C020C2AFAD1704700BFCC
:1081400000100240002002400070004003140001B3
:10815000000C100055550134074A08B5536903F067
:108160000103536123B1054A13680BB15068984766
:10817000BDE80840FCF7B0BA00040140BC63002031
:10818000074A08B5536903F00203536123B1054A56
:1081900093680BB1D0689847BDE80840FCF79CBADB
:1081A00000040140BC630020074A08B5536903F08E
:1081B0000403536123B1054A13690BB15069984711
:1081C000BDE80840FCF788BA00040140BC63002009
:1081D000074A08B5536903F00803536123B1054A00
:1081E00093690BB1D0699847BDE80840FCF774BAB1
:1081F00000040140BC630020074A08B5536903F03E
:108200001003536123B1054A136A0BB1506A9847B2
:10821000BDE80840FCF760BA00040140BC630020E0
:10822000164B10B55C6904F478725A61A30604D544
:10823000134A936A0BB1D06A9847600604D5104A76
:10824000136B0BB1506B9847210604D50C4A936B06
:108250000BB1D06B9847E20504D5094A136C0BB1FA
:10826000506C9847A30504D5054A936C0BB1D06CAC
:108270009847BDE81040FCF72FBA00BF000401404A
:10828000BC630020194B10B55C6904F47C425A6150
:10829000620504D5164A136D0BB1506D984723053E
:1082A00004D5134A936D0BB1D06D9847E00404D503
:1082B0000F4A136E0BB1506E9847A10404D50C4AB7
:1082C000936E0BB1D06E9847620404D5084A136FC1
:1082D0000BB1506F9847230404D5054A936F0BB137
:1082E000D06F9847BDE81040FCF7F6B90004014094
:1082F000BC63002008B50348FDF758FEBDE8084000
:10830000FCF7EAB9C064002008B50348FDF74EFE4B
:10831000BDE80840FCF7E0B92465002008B5034833
:10832000FDF744FEBDE80840FCF7D6B9886500209B
:1083300008B5FFF715FDBDE80840FCF7CDB9000012
:1083400008B50348FDF7D2FCBDE80840FCF7C4B906
:1083500080640020FCF7C0B9FFF7F2BF08B50348FE
:10836000FDF7C4FCBDE80840FCF7B6B9A0640020E6
:10837000062108B50846FDF7B3FE06210720FDF7E4
:10838000AFFE06210820FDF7ABFE06210920FDF710
:10839000A7FE06210A20FDF7A3FE06211720FDF700
:1083A0009FFE06212820FDF79BFE07211820FDF7E0
:1083B00097FE07211920FDF793FE07211A20FDF7EC
:1083C0008FFE07211B20FDF78BFE07211C20FDF7E8
:1083D00087FE0C212520FDF783FE0C212620FDF7CA
:1083E0007FFEBDE808400C212720FDF779BE000084
:1083F00008B5FFF7E5FDFCF711FFFDF79DFEFDF762
:10840000C5FEFDF731FFFEF727F9FFF7D7FDBDE801
:108410000840FEF76BB900000B460146184601F014
:1084200029BD000010EE103A184A23F00043934291
:108430001BDDB3F1FF4F02DB30EE400A704700B5A1
:1084400083B0684600F016FE00F003000128DDED61
:10845000010A9DED000A0CD0022812D070B1012053
:1084600001F0FAFA03B05DF804FBDFED090A00F051
:1084700037BF01F0F1FAB1EE400AF3E700F030FF48
:10848000F0E700F02DFFB1EE400AEBE7D80F493FCF
:108490000000000010EE102AC2F3C7537F3B162BDA
:1084A00022F0004128DC002B18DB1A4919410A424E
:1084B00021D0DFED197A70EE277AF5EEC07AF1EE71
:1084C00010FA18DD002A04DA4FF4000040FA03F332
:1084D0001A4422EA010300EE103A7047DFED0E7AEB
:1084E00070EE277AF5EEC07AF1EE10FA03DD002A7D
:1084F00008DB9FED0A0A7047B1F1FF4FFBD330EE66
:10850000000A7047FFEE007A002918BFB0EE670A34
:10851000704700BFFFFF7F00CAF2497100000000F2
:1085200010B485B08DED010A019BC3F3C751A1F1D1
:108530007F021E2A2ADC501C23DB162A4FEAD37442
:108540000BDDC3F3160040F400009639884004B1F7
:10855000404205B05DF8044B7047164BDDED017AE3
:1085600003EB840393ED007A77EE277ACDED037A5F
:10857000DDED037A77EEC77A17EE903A33F00042DA
:108580000ED1002005B05DF8044B7047DDED017A97
:10859000FDEEE77A17EE900A05B05DF8044B7047E0
:1085A000C3F31600C3F3C75340F40000C3F19603AE
:1085B000D840CCE7445E030810EE103AC3F3C7522C
:1085C0007F3A162A10EE101A15DC002A0CDB0C4834
:1085D0001041034205D04FF4800313410B4423EABA
:1085E000000300EE103A7047013203F00043F8D167
:1085F00043F07E53F5E7802AF3D130EE000A70474E
:10860000FFFF7F0010EE103A194A23F00043934217
:108610001CDDB3F1FF4F02DB30EE400A704700B5BE
:1086200083B0684600F026FD00F003000128DDED70
:10863000010A9DED000A0ED0022813D070B100F09F
:108640004FFEB1EE400A03B05DF804FBDFED090A0E
:10865000002001F001BA00F043FEF4E7012001F030
:10866000FBF9F0E7012001F0F7F9B1EE400AEAE783
:10867000D80F493F0000000000F0CAB808B52DED42
:10868000028BF0EE408AB0EE608A00F069F90E4B82
:1086900093F9003001330BD0F4EE488AF1EE10FA72
:1086A00006D6DFED0A8AB4EE688AF1EE10FA02D03F
:1086B000BDEC028B08BD01F0EBFB88EEA80ABDEC17
:1086C000028B2123036008BDF00E00200000000093
:1086D00008B52DED048BF0EE408AB0EE608A00F014
:1086E000CFF9474B93F900300133B0EE409A1FD0D9
:1086F000B4EE488AF1EE10FA1AD6F4EE688AF1EE7A
:1087000010FA59D6DFED3F9AF4EE698AF1EE10FACD
:1087100013D1B4EE698AF1EE10FA29D0B0EE480A0E
:1087200001F0C4FA20B1B4EEE98AF1EE10FA4DD4AA
:10873000B0EE490ABDEC048B08BD01F0B7FAF0B108
:10874000B5EE409AF1EE10FAF2D1B0EE680A01F0FF
:10875000ADFA0028ECD0B0EE480A01F0A7FA0028E4
:10876000E6D001F095FB22239FED269A0360DFE718
:10877000B7EE009AB0EE490ABDEC048B08BDB0EE2E
:10878000680A01F093FA0028DAD0B0EE480A01F046
:108790008DFA0028D4D0B4EE499AF1EE10FA28D61A
:1087A00001F076FBF5EEC08A2223F1EE10FA0360A9
:1087B00013D49FED159ABBE7B5EE408AF7EE007A29
:1087C000F1EE10FA08BFB0EE679AB1E701F060FB76
:1087D00021239FED0E9A0360AAE7B0EE480A01F04C
:1087E00079FAB4EE480AF1EE10FAE2D09FED079A5A
:1087F0009EE701F04DFB212389EEA99A036097E7DC
:10880000F00E0020000000000000807F000080FFCC
:1088100010B582B0CDED010A019B23F00042B2F108
:10882000FF4FF0EE407A30DC10EE100A20F00041ED
:10883000B1F1FF4F29DCB3F17E5F42D09C1704F009
:10884000020444EAD07431B37AB3B2F1FF4F40D09E
:10885000B1F1FF4F29D08A1AB2F1F45F4FEAE25129
:1088600034DA002B42DA3C3140DA9FED340A012C35
:108870004ED0022C43D064B19FED317ADFED317AD6
:1088800030EE070A30EE670A03E09DED017A37EE1D
:10889000270A02B010BD022C10D09FED2B0A032C2A
:1088A00018BFB0EE670A02B010BD9FED280ADFEDD9
:1088B000287A0028B8BFB0EE670AEAE79FED210AE0
:1088C000E7E702B0BDE8104001F00EB99FED1F0AC6
:1088D000CDE7B1F1FF4F04F1FF3420D0022C26D8B0
:1088E0001C4B03EB840494ED000AD2E79DED017A62
:1088F00087EE870A01F0D2F901F0F6F8B7E79FEDAD
:10890000107ADFED107A30EE070A37EEC00AC0E7C2
:1089100010EE103A03F1004300EE103AB9E7022CD2
:1089200008D80D4B03EB840494ED000AB1E79FEDEA
:10893000030AAEE79FED090AABE700BF00000000A5
:108940002EBDBB33DB0F4940DB0F49C0DB0FC93FF6
:10895000DB0FC9BF585E03084C5E0308DB0F493FBD
:1089600030B583B0CDED010A019D35F0004041D016
:1089700010EE10EA2EF00043B3F1FF4F3ADAB0F1F7
:10898000FF4F37DC83423BDB0EF000443AD01EF051
:10899000FF4F56D1190200296FF07D0204DD490016
:1089A000002902F1FF32FADC15F0FF4F57D1010226
:1089B0006FF07D0C03D449000CF1FF3CFBD512F1A4
:1089C0007E0F47DBCEF3160343F400031CF17E0F4A
:1089D0003ADBC5F3160040F40000B2EB0C0204D100
:1089E00017E00FD04B00013A13D0191A0029F8DA1A
:1089F0005B00F8E7DDED017A60EE277A87EEA70AE3
:108A000003B030BD1D4B03EB547393ED000A03B06C
:108A100030BD181A58BF03461BB9F3E75B000CF1D1
:108A2000FF3CB3F5000FF9DB1CF17E0F1CDBA3F557
:108A300000030CF17F0C234343EACC5300EE103AC1
:108A4000DEE7DA157F3AAFE76FF07D01A1EB0C01AD
:108A50008840C2E76FF07D01891A8B40B6E74FEA84
:108A6000E05CACF17F0CAAE76FF07D02A2EB0C0C8E
:108A700043FA0CF3234300EE103AC1E7645E0308A7
:108A80002DE9F04710EE904A34F000482DED028BAE
:108A900015D010EE105A25F00047B7F1FF4F10EE39
:108AA000109A06DDBDEC028BB948BDE8F04701F035
:108AB0000BB9B8F1FF4F08DDB7F17E5FF2D1B7EE29
:108AC000000ABDEC028BBDE8F087002D10EE906A25
:108AD000C0F2F4804FF0000AB8F1FF4F00F00281BD
:108AE000B8F17E5F00F02881B6F1804F00F03D8143
:108AF000B6F17C5F00EE105A40F00181B9F1000F31
:108B000080F2388101F0CAF8B7F1FF4F00F0098117
:108B1000002F00F00281B7F17E5F00F0F8804FEA8D
:108B2000D973013B5AEA030200F02A81B8F19A4F47
:108B300040F35081974A974240F35982964A9742B0
:108B400000F3FF80F7EE007A30EE670A9FED936A3C
:108B5000DFED935AF5EE007AA0EE676AF6EE006A52
:108B6000E6EE406A20EE007ADFED8E7A9FED8E6AA7
:108B700027EE267A67EEC77AE0EE257AF0EE676A8E
:108B8000E0EE066A16EE902A22F47F6222F00F02CF
:108B900007EE102AA0EE467A06EE902A77EEC77A04
:108BA00026F47F6626F00F0607EE104A06EE106ADE
:108BB00067EE877A37EE466A07EE106AE6EE267AA7
:108BC0000AF1FF3A5AEA030326EE877AB7EE000A63
:108BD00077EE876ABFEE006A16EE903A0CBFB0EEF1
:108BE000468AB0EE408A002B23F0004240F3B58164
:108BF000B2F1864F00F3F48100F0E781B2F17C5FBF
:108C000000F3B7810022104623F47F6323F00F03A3
:108C100006EE103ADFED656A9FED655A9FED652A15
:108C20009FED653ADFED653A9FED654ADFED654AF8
:108C300036EE477AF0EE002A77EEC77A26EE267AED
:108C4000DFED616AA7EEA67AF0EE476AE6EE056A06
:108C500066EEA65AF0EE667AA5EE823AE6EE457A20
:108C6000B0EE636AA3EE256A77EE677AB0EE447AD7
:108C7000A6EE257AB0EE646AA7EE256AB0EE667AB3
:108C8000A6EE657AE6EEA77A66EE875A37EE626A56
:108C9000B7EE005A85EE867A77EE677A77EEE66A67
:108CA00035EE660A10EE103A1344B3F5000FC0F229
:108CB000B68100EE103A20EE080A02E7B8F1974FAD
:108CC0001ADAB8F17E5F0ADB4FEAE853C3F1960384
:108CD00048FA03F202FA03F3434500F039814FF0FA
:108CE000000AFDE6B7F17E5F3FF4E9AE2FDD002E0E
:108CF0002ADB00EE104AE4E64FF0020AECE600F050
:108D0000CDFFB7F1FF4F02D0002F7FF404AF002E4C
:108D1000BCBFF7EE007A87EE800AB9F1000FBFF60C
:108D2000D0AEA7F17E5757EA0A0340F00A8170EEF1
:108D3000407A87EEA70AC4E6002E0FDB00EE105A39
:108D4000BFE6002E00F356819FED200AB9E6002E03
:108D5000FADA07EE904AB1EE670AB2E607EE105A69
:108D6000F7EE007A87EE870AABE607EE905A27EE19
:108D7000A70AA6E6BDEC028BBDE8F04700F0ACBA4E
:108D800007EE905A77EEE77A87EEA70A99E600BFDA
:108D90006C5E0308F7FF7F3F0700803FABAAAA3E47
:108DA00070A5EC363BAAB83F00AAB83F8CBEBF35D1
:108DB0000072313F4CBB31330EEADDB555B38A3812
:108DC000610B36BBABAA2A3E1872313F000000008F
:108DD0000000804B19F0FF4F40F0F5805FED047A02
:108DE00060EE277A6FF0170217EE907A8D48F9152A
:108DF000C7F316077F398742114447F07E5240F38C
:108E0000DA808948874240F3FA809FED885A013121
:108E1000B0EE453AA2F50002F7EE005A002006EE49
:108E2000102A76EE257AB7EE007A87EE270A5210DE
:108E300042F0005202F58022024476EE656A07EEA7
:108E4000901A66EE803AB8EEE77A13EE901A07EEC3
:108E5000902A774ADFED770A9FED778A9FED771AA0
:108E6000DFED772ADFED771A9FED772A77EEE55A67
:108E7000114004EE901A36EE656A63EEA35AE4EEF2
:108E8000E76AF0EE607AE5EE887AE4EEC66AA7EE6D
:108E9000A51A66EE806AE1EE252A73EEA47AE2EE68
:108EA000A51A25EEA58AA1EEA52A67EEA67AB0EE50
:108EB000084AB0EE446AE8EE027AA4EEA46ADFED56
:108EC000630A9FED631ADFED632A36EE276A16EE1A
:108ED000101A114006EE101A76EE445AE4EEE45AE7
:108EE00077EEE57A67EEA37AE6EE867AF0EE675AD9
:108EF000E4EE865A15EE901A114006EE901AE4EE52
:108F0000C66A05EE901A77EEE67A67EEA07AE5EE8D
:108F1000817A77EE837AF0EE676AE5EEA26A76EE02
:108F2000856A76EE876A16EE901A114006EE901A60
:108F300036EEC77A37EE457AA5EEE27A77EEC77A53
:108F40002EE6BAF1010F7FF4BCADB1EE400AB8E5F0
:108F500002F00102C2F1020AC2E53F498A4257DC2F
:108F60007FF44CAE76EEC76AF4EEE76AF1EE10FAE3
:108F70004EDAD2154FF400017E3A41FA02F21A4459
:108F8000C2F3C751354C7F390C41C2F3160022EAB7
:108F9000040206EE902A37EE667A40F40000C1F132
:108FA00017010841002B77EE876AB8BF404216EEE2
:108FB000903AC20528E69FED1D5AF7EE005AB0EE32
:108FC000453A00202BE7002210E79FED256A76EE58
:108FD000C76A37EE866AB4EEE66AF1EE10FAC8DDCB
:108FE000DFED207A28EE270A20EE270A69E5002E19
:108FF000BFF6AAAE9FED1B0A20EE000A61E59FEDC9
:109000001A5A9FED1A3AF7EE085A4FF4001006E785
:10901000DFED177A28EE270A20EE270A51E500F047
:10902000B7FE48E671C41C00D6B35D000000000026
:1090300000F0FFFF55326C3E42F1533E05A38B3EDC
:10904000ABAAAA3EB76DDB3E9A99193F4F38763FDF
:10905000A0C39D360038763F00001643FFFF7F0017
:109060003CAA3833CAF2497100C0153FDCCFD13574
:109070006042A20D70B510EE103A894A23F0004408
:10908000944286B0054670DD864A944210EE106A1E
:1090900022DC002BDFED847A844A24F00F04B0EE4A
:1090A000407A40F3E480944270EE677A09BFDFEDC6
:1090B000806A9FED807A9FED807A77EEE67A0120D4
:1090C00077EEC76A77EEE67AC5ED006A77EEC77A83
:1090D000C5ED017A06B070BD784A944254DDB4F112
:1090E000FF4F49DAE215863AA4EBC25307EE903AF5
:1090F000BDEEE77ADFED726AB8EEC77A77EEC77A2F
:109100008DED037A67EEA67ABDEEE77AB8EEC77A00
:1091100077EEC77A8DED047A67EEA67AF5EE407A9F
:10912000F1EE10FACDED057A40F09080B5EE407A80
:10913000F1EE10FA14BF02230123624901910221CA
:10914000009103A8294600F04DF9002EC2DA95EDF2
:10915000007AD5ED017AB1EE477AF1EE677A85EDC6
:10916000007AC5ED017A4042B4E7002285ED000A9D
:109170004260002006B070BD70EE407A0020C5ED60
:10918000017AC5ED007AA5E700F088FD9FED4E7AE3
:109190009FED456AF6EE007AE0EE077A9FED457A9C
:1091A000FDEEE77A17EE900AF8EEE76A1F28A6EEC2
:1091B000C60A66EE877AB1EE666A1EDC434A411E35
:1091C00024F0FF0352F82120934216D030EE677A44
:1091D00085ED007A30EE470A002E30EE670A85ED05
:1091E000010ABFF677AFB1EE477AB1EE400A85EDDE
:1091F000007A85ED010A40426CE730EE677AE215AD
:1092000017EE103AC3F3C753C3EBD454082CDFDD79
:10921000DFED277A9FED287AF0EE405AE6EE275AE6
:1092200030EE650AA6EE270AF0EE407AD6EE877A8F
:1092300035EEE77A17EE103AC3F3C753D21A192A5C
:1092400006DCB0EE650A85ED007AC3E7032374E718
:109250009FED1F7A9FED1F5AB0EE650AA6EE070A32
:1092600075EEC07AE6EE077AD6EE857AAEE79442DE
:1092700070EE277A09BFDFED0E6A9FED0E7A9FED43
:109280000E7A77EEA67A4FF0FF3077EE876A77EEA8
:10929000E67AC5ED006A77EE877AC5ED017A19E7BF
:1092A000D80F493FE3CB1640800FC93FD00FC93FCD
:1092B000004435374344353708A3852E800F494392
:1092C00000008043F05E030884F9223F705E0308CB
:1092D00000A3852E32318D24B1EEC00A704700BF45
:1092E00010EE103A23F00043B3F1485F2CDAFDEEA4
:1092F000C07A17EE903A002B60D020EE007ADFEDB6
:10930000317A9FED315ADFED315A9FED316ADFED51
:10931000316AA7EE275ADFED307AE7EE055AA7EE5D
:10932000256AE7EE067AE7EE276A67EE266A60EEC0
:10933000C00AF6EE007AE7EE260AB7EE000AD7EE8C
:10934000270A30EE600A704720EE007ADFED1D7AC2
:109350009FED1D5ADFED1D5A9FED1D6ADFED1D6A61
:109360001E4AA7EE275A9342DFED1B7AE5EE075A15
:10937000A5EE876AE6EE077AE7EE876A66EE876A09
:10938000D5DD174A934214DC03F17F4307EE903A90
:10939000B7EE006A36EE676A60EEC00AF6EE005A73
:1093A000D7EE257AE7EE260A77EEE00A36EE600A77
:1093B0007047B6EE076AF5EE027AEDE7B7EE000AFF
:1093C000704700BF4ED747ADF6740F317CF293B4AF
:1093D000010DD037ABAA2A3D610BB6BA9999993ED7
:1093E0000000483F2DE9F04F2DED048BDBB01C460B
:1093F00003930691A34B6899089253F82150111DCD
:10940000824604F1FF38C0F2A282D31E44BF134645
:109410000433DB1002930133DB000793DDE90723FC
:109420009B1A0593029B15EB0801A3EB080316D4C6
:1094300001319FED957A699819441EAA002BA4BFAB
:1094400050F8234007EE904A03F10103ACBFF8EE59
:10945000E77AF0EE477A8B42E2EC017AEED1002D0A
:10946000C0F2E582039B1EA901EB830446AE4FEADE
:10947000830C4046EF180AEB8301B8F1000FDFEDD3
:10948000827A09DB22465346F3EC016A32ED017A17
:109490008B42E6EE877AF7D10130B842E6EC017AEA
:1094A00004F10404E9D109AB0AAF03EB850907EB2A
:1094B0008503083B9FED769ADFED748A0598049347
:1094C0000AEB0C0446AE00955AAB03EB8503002D66
:1094D00013ED140A4FEA850B16DD06EB85033A46B9
:1094E00060EE097AB0EE407AFDEEE77A73ED016A3C
:1094F000F8EEE77AB342A7EEE87A37EEA60ABDEEB9
:10950000C77AA2EC017AEBD1019000F041FCB0EEF9
:10951000408AB4EE000A28EE000AFEF7BBFFF2EE26
:10952000007AA0EE678A01980028FDEEC89AF8EE4E
:10953000E97A38EE678A79DD05F1FF3EC0F108036C
:1095400057F82E1041FA03FC0CFA03F3CB1AC0F1C2
:10955000070219EE901A43FA02F26144002A47F812
:109560002E3009EE901A69DCB5EE408AF1EE10FA61
:1095700040F0C180009B05F1FF3B5B4510DC05F12D
:109580008043013B07EB83030021944653F80429F1
:109590004B4541EA0201F9D16246002940F0F380CF
:1095A000009B013B57F82330002B40F0E880049BE0
:1095B0004FF0010C53F804290CF1010C002AF9D0EA
:1095C0006B1CAC449E46039A5119029A02EB030BA2
:1095D0000BF1804B699A0BF1FF3B06EB83051EAB49
:1095E00002EB8B0B03EB8101DBED017A9FED267A19
:1095F000F8EEE77AB8F1000F0BF1040BC1ED007A39
:109600000A4601F1040109DB534601E072ED017ADB
:10961000F3EC016AA342A6EEA77AF7D10EF1010E90
:10962000E645A5EC017ADFDD65464DE740F09D801B
:109630006B1E57F823201212002A95DD19EE903A7E
:10964000002D03F1010309EE903A40F39681396849
:10965000002940F08080012D26D03B464FF0010CC0
:1096600053F8041F00297AD00CF10103C1F5807171
:109670009D4247F82C1016DD57F82310BB4407EB2A
:1096800083030AE034620308000000000000804306
:109690000000803B0000C93F1968C1F1FF0143F899
:1096A000041B5B45F8D1012100280CDD012800F0E6
:1096B0004581022807D105F1FF3C57F82C3003F013
:1096C0003F0347F82C30022A7FF44EAFB7EE000A72
:1096D00030EE488A00293FF447AF0992019000F02C
:1096E00057FB38EE408A099A0198B5EE408AF1EEB0
:1096F00010FA3FF43FAF0292DDE90732B0EE480ABC
:10970000981A0195009D00F043FB1FED207AB4EEFE
:10971000C70AF1EE10FADDE90132C0F256815FEDC1
:10972000247A059960EE277A0831FDEEE77A0591F3
:10973000F8EEE77A03F1010BA7EEC70AFDEEE77A30
:10974000BDEEC00A10EE101A47F8231017EE903A3B
:1097500047F82B302EE001234FF0000C86E70CF188
:10976000010CAC457FF47CAF9EE7F6EE007AB4EED8
:10977000E78AF1EE10FA80F2EF800022F4E66B1C2B
:109780009E469C461FE70599A1F1080057F82B104B
:1097900005902B46009D69B903F18043023B07EB1E
:1097A0008303014653F804090BF1FF3B08390028F5
:1097B000F8D0059105980092B7EE000A00F0E8FA9B
:1097C000BBF1000F009AC0F225814FEA8B0E46AB29
:1097D00003EB0E060EF1040C1FED537A07EB0C039E
:1097E000311D73ED017AF8EEE77ABB4267EE807ABD
:1097F00020EE070A61ED017AF3D1002D1FED5B6ABF
:109800004FF0000420DB9248DFED927AB0EE467A0A
:109810003146002303E09C4208DBB0EC017AF1EC16
:10982000016A01339D42E6EE877AF4DA5AAB03EB24
:109830008403A34543ED287AA6F1040604F101034D
:1098400005D0002D1C46DEDADFED827AEEE768995E
:1098500002291CDC002900F392800FD132ABDFED2E
:109860007D7A9C443CED017A634577EE877AF9D1A5
:109870000AB1F1EE677A069BC3ED007A19EE903AD1
:1098800003F007005BB0BDEC048BBDE8F08F689B74
:10989000032BF3D1BBF1000F00F0D1805AAB73441E
:1098A00032A913ED287A01EB8B0373ED017AF0EE08
:1098B000476A37EE277A994277EEC77A83ED007AC6
:1098C00077EEA67AC3ED017AEFD1BBF1010F40F339
:1098D000B6800BF1804B5AAB0BF1FF3B9E444FEA35
:1098E0008B0B0BF104031EED287A0B4433A873EDA8
:1098F000017AF0EE476A37EE277A984277EEC77A18
:1099000083ED007A77EEA67AC3ED017AEFD10BF101
:10991000080BDFED507A01EB0B03083133ED017AD0
:10992000994277EE877AF9D1002A56D10699329A70
:10993000339B0A604B60C1ED027A9FE705F1FF3C63
:1099400057F82C3003F07F0347F82C30BBE6082390
:1099500007930023029361E519EE903A002D03F17D
:10996000010309EE903AC8BF02223FF770AEF7EE4E
:10997000007A37EEC88A0222F6E5002194E632A981
:10998000DFED347A01EB830333ED017A994277EE10
:10999000877AF9D19DED327A8ABB069BBBF1000F25
:1099A000C3ED007A77EE677A0BDD33A90123B1ECC2
:1099B000017A01339B4577EE877AF8DA0AB1F1EE46
:1099C000677A069BC3ED017A58E7BDEEC00A9B4655
:1099D00010EE101A47F82310ECE6DDED326A9DED2B
:1099E000337A069BF1EE666AB1EE477AF1EE677A5A
:1099F000C3ED006A83ED017AC3ED027A3EE7069B70
:109A0000F1EE676ABBF1000F77EE677AC3ED006A8B
:109A1000CBDCD4E7689B022B0DDC002B14DC7FF43D
:109A20002DAFDFED0C7A002A3FF425AF21E7039B31
:109A30004FEA830C37E5689B032B7FF41FAFDFED04
:109A4000057A002AC9D171E7DFED027AA2E700BFEB
:109A50000C6203080000000010EE103A23F00043EF
:109A6000B3F1485F04DAFDEEC07A17EE903A5BB3CB
:109A700060EE007A9FED157ADFED155A9FED156ABD
:109A8000DFED156AE7EE875A9FED147AA5EEA76A17
:109A900020EE275AE6EE276AA6EEA77A30B9DFED68
:109AA000106AE7EE876AA6EE850A704727EE457AC8
:109AB000F6EE006AA0EEA67ADFED0A6AD7EE270A74
:109AC000E5EE260A30EE600A704700BFD3C92E2F9C
:109AD000342FD7B21BEF3836010D50B98988083CB6
:109AE000ABAA2ABEABAA2A3E38B510EE105A25F012
:109AF0000044B4F1A14FF0EE407A0BDBB4F1FF4F1C
:109B00005BDCDFED537A9FED530A002DC8BFB0EE4A
:109B1000670A38BD504B9C425EDCB4F1445F4FDBBA
:109B20004FF0FF3367EEA76ADFED4C4ADFED4C5A8A
:109B30009FED4C5A9FED4C4A26EEA67AB0EE666A2F
:109B4000E7EE245A5A1CDFED494ADFED496AA5EEDB
:109B5000875AE7EE246ADFED475ADFED474AE6EE23
:109B6000875AA5EE074A9FED455ADFED456AA5EEF7
:109B7000875AE4EE074ADFED435AE4EE876AE5EEE2
:109B8000075A66EE866A25EE877A3AD03E4A02EB9D
:109B9000830276EE876A92ED000A3C4A96EEA70AA7
:109BA00002EB8303002D93ED007A70EE677A37EEB7
:109BB000670AAEDAB1EE400A38BD30EE000A38BDB1
:109BC0009FED337A30EE077AF7EE006AB4EEE67A6C
:109BD000F1EE10FAA4DD38BD00F060F82D4B9C4288
:109BE00016DCA3F5D0039C4227DCF0EE007ABFEE32
:109BF000007AA0EE277A002330EE270AC7EE007A1B
:109C000090E776EE876AE6EEE77AB0EE670A38BD4F
:109C1000214B9C420BDCF7EE087AB7EE007AA0EEFF
:109C2000277A022330EE670AC0EE077A7AE7BFEEA2
:109C3000007AC7EE007A032374E7F7EE007A30EE7D
:109C4000677A30EE270A0123C7EE007A6AE700BF81
:109C5000DB0FC93FDB0FC9BFFFFFDF3ED769853C84
:109C600059DA4B3D356B883D6E2EBA3D21A215BDAC
:109C70006BF16EBD95879DBD2549123E388EE3BDC3
:109C8000ABAAAA3ECDCC4CBE50620308406203088A
:109C9000CAF24971FFFF973FFFFF1B4010EE103AD9
:109CA00023F0004300EE103A704700BF82B08DED04
:109CB000010A019820F00040B0F1FF4FACBF002036
:109CC000012002B0704700BF9FED010A704700BF3E
:109CD0000000C07F10EE101AC1F3C753A3F17F023A
:109CE000162A21F0004325DC53B3002A82B04FEA44
:109CF000D17026DB244B1341194219D04FEA530C83
:109D000011EA530307D04FF4001321EA0C01134169
:109D10000B4300EE103A1D4B03EB8003D3ED007AAA
:109D200037EE800A8DED010A9DED010A30EE670ADB
:109D300002B07047B3F1FF4F02D330EE000A704714
:109D40007047124AC1F316035B4202EB80005B0AC4
:109D50000A0D03F480031205134307EE903AD0ED89
:109D6000006A36EEA77A01F000418DED017ADDED53
:109D7000017A77EEE67A17EE903A23F000430B4330
:109D800000EE103AD4E700BFFFFF7F0060620308D7
:109D900082B08DED010A019B33F000422AD0B2F16E
:109DA000FF4F23D213F0FF4F28D19DED017ADFED55
:109DB0002A7A2A4B67EE277A9842CDED017A37DB73
:109DC000019BC3F3C752193A0244FE2A1ADD9FEDE4
:109DD000240A9FED247A019B002BF0EE407AB8BF55
:109DE000B0EE470A20EE270A02B0704730EE000AB4
:109DF00002B070479DED010A02B07047D20D0244D7
:109E0000FE2AE4DC002A0BDC12F1160F17DA4CF202
:109E100050339842DBDC9FED140A9FED147ADAE7A9
:109E200023F0FF4343EAC25300EE103A02B07047FA
:109E30009FED0D0ADDED017A27EE800AD8E7193291
:109E400023F0FF4343EAC253DFED097A07EE103AED
:109E500027EE270ACCE700BF0000004CB03CFFFF14
:109E6000CAF24971CAF249F16042A20D6042A28D64
:109E70000000003310B5054C13462CB10A460146CC
:109E80000220AFF3008010BD2046FCE70000000078
:109E9000014B1868704700BFF40E002010B501395F
:109EA0000244904201D1002005E0037811F8014FEF
:109EB000A34201D0181B10BD0130F2E70A449142C1
:109EC00000F1FF3300D1704710B511F8014B03F8D2
:109ED000014F9142F9D110BD2DE9F041A3B1C91A4A
:109EE00017780144044603F1FF3C8C42204601D917
:109EF000002009E00578BD4204F10104F5D10CEB26
:109F00000405D618A54201D1BDE8F08115F8018DF0
:109F100016F801EDF045F5D0E7E70000884210B5EE
:109F200001EB020402D98442234607D8431EA14212
:109F300008D011F8012B03F8012FF8E7024401467D
:109F40008A4200D110BD13F8014D02F8014DF7E728
:109F500002440346934200D1704703F8011BF9E71E
:109F60002DE9FF4755EC104B002D0E4619462B46A8
:109F7000BBBF05F100431D4600232D230B700D9B35
:109F8000DDF830A0914623F02008BCBF22461446DD
:109F9000B8F1460F05D0B8F1450F00D101360221C6
:109FA00000E0032103AB019302AB009345EC104B9F
:109FB0005346324601F0E4FBB8F1470F074602D1A1
:109FC00019F0010F22D0B8F1460F07EB060910D1A6
:109FD0003B78302B0AD10022002320462946E0F7A7
:109FE0002DFD18B9C6F10106CAF80060DAF8003094
:109FF00099440022002320462946E0F71FFD08B1BE
:10A00000CDF80C903022039B4B4507D3039B0E9A4F
:10A01000DB1B3846136004B0BDE8F087591C039180
:10A020001A70F0E7F7B503460029B8BF494203F8B4
:10A03000022BB4BF2D222B22092942702ADD0DF1FB
:10A040000704A4460A27A6460A4691FBF7F607FB33
:10A0500016153035632A04F1FF340EF8015C3146E1
:10A06000F1DC3031AEF1020504F8011C441C294634
:10A0700061450AD30DF10902A2EB0E02654588BFC6
:10A0800000221344181A03B0F0BD11F8012B04F894
:10A09000012FEDE7302330318370C170031DF1E7EC
:10A0A0002DE9F04F2DED028B8DB00C46DDF8608070
:10A0B00016461F46054602F0C1FCD0F800A05046E7
:10A0C000E1F796F900230A9323680593D8F8003046
:10A0D00094F818B0073323F0070303F10802C8F817
:10A0E0000020D3E90023C4E91223D4E9128929F01E
:10A0F00000430793CDF8188008EE100A9F4BDDE966
:10A1000006014FF0FF32E0F7CBFC88BBDDE906012A
:10A110009A4B4FF0FF32E0F7A5FC48BB002200232A
:10A1200040464946E0F794FC10B12D2384F84330B3
:10A13000934B9448BBF1470F94BF98468046032346
:10A140002361059B23F0040222604FF00009009771
:10A1500033460BAA2146284600F0D8F9013040F0DA
:10A1600090804FF0FF300DB0BDEC028BBDE8F08F5A
:10A1700042464B4640464946E0F792FC40B14B46CA
:10A18000002BBCBF2D2384F843307F487F4BD1E7A1
:10A1900063680BF0DF0206925A1C3FD1062363600E
:10A1A000059B616843F48062002303930AABCDE909
:10A1B00001B309AB49EC108B009322600DF123032E
:10A1C0002846FFF7CDFE069B0999472B804608D10C
:10A1D000C81C02DB6368994241DDABF1020B5FFAF8
:10A1E0008BFBBBF1650F20D801395A4604F15000B2
:10A1F0000991FFF717FF0A9A1318012A8146236174
:10A2000002DC2268D20701D5013323619DF8233097
:10A21000002B9CD02D2384F8433098E7069A472AD8
:10A22000BED1002BBCD10123B9E7BBF1660F18D119
:10A23000002963680BDD216113B92268D00702D5BC
:10A2400001330B442361A1654FF00009DEE713B928
:10A250002268D20701D50233F4E70123F2E74FF079
:10A26000670B0A9B994205DB23682161D807EAD571
:10A270004B1CE7E70029D4BFC1F1020201221344BD
:10A28000E0E723685A0507D4236942463146284649
:10A29000B84701302CD164E7BBF1650F40F2E08094
:10A2A000D4E9120100220023E0F7C8FB002834D0D3
:10A2B000374A012331462846B84701303FF451AFB1
:10A2C000DDE909239A4202DB2368D80710D518EE8E
:10A2D000103A524631462846B84701303FF441AF64
:10A2E0004FF0000804F11A090A9B013B434509DCC1
:10A2F00023689B0700F10581E0680B9B9842B8BF7B
:10A30000184630E701234A4631462846B84701300F
:10A310003FF427AF08F10108E6E7099B002B39DC81
:10A320001B4A012331462846B84701303FF419AF94
:10A33000DDE90923134302D12368D907D8D518EEE4
:10A34000103A524631462846B84701303FF409AF2B
:10A350004FF0000904F11A0A099B5B424B4501DCEE
:10A360000A9B92E70123524631462846B8470130FE
:10A370003FF4F7AE09F10109EEE700BFFFFFEF7F01
:10A380006C62030800E5020804E502087062030835
:10A3900090F202080A9AA36D9A42A8BF1A46002AB0
:10A3A000914637DC4FF0000B29EAE97904F11A02F3
:10A3B000A36D0593A3EB09035B4533DCDDE90923BA
:10A3C0009A423BDB2368DA0738D40A9B059A09993D
:10A3D0009A1AA3EB01099145A8BF9146B9F1000F64
:10A3E00035DC4FF0000829EAE97904F11A0ADDE9C1
:10A3F00009239B1AA3EB090343457FF779AF012398
:10A40000524631462846B84701303FF4AAAE08F11B
:10A410000108ECE71346314642462846B84701306A
:10A42000C0D19EE60123314628460592B847013047
:10A430003FF497AE059A0BF1010BB9E718EE103A0D
:10A44000524631462846B8470130BED189E6059AC2
:10A450004B46424431462846B8470130C1D180E6D8
:10A460000A9A012A01DCDB0738D50123424631462E
:10A470002846B84701303FF474AE18EE103A524601
:10A4800031462846B84701303FF46BAED4E912019B
:10A4900000220023E0F7D2FAD8B90A9B08F10102A2
:10A4A000013B31462846B84701300ED159E6012319
:10A4B000524631462846B84701303FF452AE08F1C3
:10A4C00001080A9B013B4345F1DC4B4604F1500275
:10A4D000DCE64FF0000804F11A0AF2E701234246D5
:10A4E000DFE701234A4631462846B84701303FF4AA
:10A4F00038AE08F10108E3680B995B1A4345F0DCBC
:10A50000FAE64FF0000804F11909F4E72DE9F047E5
:10A51000164699468A680B69DDF820809342B8BFD9
:10A520001346336091F8432007460C460AB10133C5
:10A5300033602368990642BF33680233336025686D
:10A5400015F0060506D104F1190AE36832689B1A72
:10A55000AB4226DC94F84320131E226818BF012367
:10A5600092062BD404F1430249463846C0470130D5
:10A570001ED02368E568326803F00603042B08BF89
:10A58000AD1AA36822690CBF25EAE5750025934240
:10A59000C4BF9B1AED1800261A34B5421AD1002008
:10A5A00008E00123524649463846C047013003D1EE
:10A5B0004FF0FF30BDE8F0870135C6E7E1185A1CBF
:10A5C000302081F84300224494F8451082F843106B
:10A5D0000233C7E70123224649463846C0470130C7
:10A5E000E6D00136D9E700002DE9FF470F7E0C9D2C
:10A5F000782F914680460C469A4601F1430207D8CF
:10A60000622F0AD8002F00F0D880582F00F0A380C6
:10A6100004F1420584F842703AE0A7F16303152B78
:10A62000F6D801A151F823F081A6020895A60208E8
:10A6300011A6020811A6020811A6020811A6020816
:10A6400095A6020811A6020811A6020811A6020882
:10A6500011A60208A1A70208C5A6020883A702083E
:10A6600011A6020811A60208C3A7020811A6020833
:10A67000C5A6020811A6020811A602088BA70208A7
:10A680002B681A1D1B682A6004F1420584F84230C9
:10A690000123A3E020682968060601F104030AD516
:10A6A0000E682B60002E03DA2D23764284F84330A7
:10A6B0005E480A2319E00E682B6010F0400F18BFA7
:10A6C00036B2EFE72B682068191D2960010601D515
:10A6D0001E6802E04606FBD51E8854486F2F0CBF4B
:10A6E00008230A23002184F843106568A560002D23
:10A6F000A2BF216821F0040121600EB9002D4DD0C8
:10A700001546B6FBF3F103FB1167C75D05F8017D44
:10A710003746BB420E46F4D9082B0BD12368DE071F
:10A7200008D5236961689942DEBF302305F8013CF2
:10A7300005F1FF35521B2261CDF800A04B4603AA5C
:10A7400021464046FFF7E2FE01304CD14FF0FF308A
:10A7500004B0BDE8F087354881F845702968236862
:10A7600051F8046B29601D0614D5DF0744BF43F080
:10A77000200323601EB9236823F0200323601023E5
:10A78000B0E7236843F0200323607823284884F847
:10A790004530E3E7590648BFB6B2E6E71546BBE7E2
:10A7A0002B6826686169181D286035061B6801D56D
:10A7B000196002E07006FBD519800023236115465D
:10A7C000BAE72B681A1D2A601D68626800212846B6
:10A7D000E0F7B4FD08B1401B6060636823610023AB
:10A7E00084F84330A8E723692A4649464046D047C3
:10A7F0000130ABD023689B0713D4E068039B9842D9
:10A80000B8BF1846A4E70123324649464046D04720
:10A8100001309BD00135E36803995B1AAB42F2DC4F
:10A82000EBE7002504F11906F5E700BF74620308A1
:10A830008562030830B50B4D044614F8013B5A5DA0
:10A8400002F00302012A11F8012BA85C00F00300BA
:10A8500008BF2033012808BF2032981A01D1002AEE
:10A86000EBD130BDE962030870B50F4E04460A44CF
:10A870008A4201D1002013E014F8013B985D00F0FA
:10A880000300012811F8010B355C05F0030508BF32
:10A890002033012D08BF20301B1A02D10028E7D138
:10A8A00070BD1846FCE700BFE962030810B57AB135
:10A8B00003460139841813F8010B11F8012F904257
:10A8C00001D1A34201D1801A10BD0028F3D1FAE7CB
:10A8D0001046F9E710B50139034632B111F8014FBE
:10A8E00003F8014B013A002CF7D11A44002193429E
:10A8F00000D110BD03F8011BF9E7000010B50246B6
:10A9000001448A42134603D01C780132002CF8D14E
:10A91000181A10BD70B504460D4645EC104B16468E
:10A9200002F014FC51EC100B7EB1C5F30A53C3F1D5
:10A930006B03002B09DD1B0503F17F55002405F592
:10A94000401522462B46DFF711FE70BD2DE9F04F72
:10A950002DED028B9DB01F4600231893A24B13923E
:10A960001B680593044618468846E0F741FD4FF002
:10A97000000A05464FF0000BCDF85C80179B1A7853
:10A980002B2A4ED03BD80D2A34D8082A34D8002A96
:10A990003ED000230A93179E3378302B40F0B080CE
:10A9A000737803F0DF03582B68D10A9B019318AB2F
:10A9B000029700938D4A19AB17A9204601F036FD86
:10A9C00010F00707054605D0062F2CD101360023CD
:10A9D00017960A93139B002B40F090850A9BEBB1CE
:10A9E00052460BF1004343EC102B1DB0BDEC028B23
:10A9F000BDE8F08F202ACCD101331793BEE72D2A72
:10AA0000C7D101220A925A1C17925B78002BC2D13F
:10AA1000139BCDF85C80002B40F06E8552465B4660
:10AA2000E1E70022EEE7189A3AB135211AA802F0C0
:10AA300099FC1899204602F057F8013F042F06D8D8
:10AA4000DFE807F00A0314170A00DDE91AAB28074C
:10AA5000C0D54BF0004BBDE7DDE91AA3199A23F4EA
:10AA6000801302F2334243EA025BF0E7DFF880B181
:10AA7000EDE76FF0004B4FF0FF3AE8E7179B5A1CE9
:10AA800017925B78302BF9D0002BA3D001234FF025
:10AA900000090493179B0893CDF81C904F460A2297
:10AAA00017980678A6F13003D9B209292AD9059951
:10AAB0002A46FFF7FBFE98B3002032463D4605903C
:10AAC0000346652A01D0452A18D11DB9049A0243CC
:10AAD0009ED00025DDF85C8008F10102179298F8FD
:10AAE00001202B2A75D02D2A7BD04FF0000CA2F12B
:10AAF0003001092940F28280CDF85C8000269DE07B
:10AB00000023C4E7082FD8BF079900F10100DABF7E
:10AB100002FB0133079302FB093901371790BFE7A6
:10AB2000179B5A1917925A5D002F37D005903D4652
:10AB3000A2F13003092B12D90123C2E7179B5A1C3B
:10AB400017925A780130302AF8D0A2F13103082B3D
:10AB500000F2D984179B0590002008930546303AEF
:10AB600000F1010314D00599194405912B4600EB1F
:10AB7000050E0A21734513D12B18082B05F1010589
:10AB800005441CDC07990A2303FB012307930023D8
:10AB9000179A511C179152781846C9E73846D2E7E0
:10ABA000082B04DC079E4E4307960133E2E703F1CE
:10ABB000010CBCF1100FD8BF01FB09F9F5E7102D0E
:10ABC000DCBF0A2303FB0929E1E7002305930123E6
:10ABD0007CE74FF0000C08F10202179298F802206F
:10ABE00085E74FF0010CF6E7286503089862030833
:10ABF0000000F07F179A511C17915278302AF9D033
:10AC0000A2F1310108293FF679AFA2F1300E179A6F
:10AC10000692179A511C17915278A2F13006092E0C
:10AC200037D9069E891B082944F61F6602DC764543
:10AC3000A8BF7646BCF1000F00D07642002D4DD162
:10AC4000049901437FF4C6AE002B7FF4E1AE692A7C
:10AC500027D024DC492A24D04E2A7FF4D9AE9F493C
:10AC600017A801F03BFE00283FF4D2AE179B1B78DB
:10AC7000282B2DD19A491AAA17A801F043FE0528BE
:10AC800026D11B9BDDF868A043F0FF4B4BF4E00B93
:10AC9000A0E60A2101FB0E2EAEF1300EB9E76E2AB6
:10ACA000DBE7904917A801F019FE00283FF4B0AE89
:10ACB000179B8D49013B17A8179301F00FFE10B9A0
:10ACC000179B01331793DFF830B24FF0000A81E68B
:10ACD000864802F08DFB5BEC10AB7BE6059B07988A
:10ACE000F31A002F08BF2F46102D0693A846A8BFC1
:10ACF0004FF01008DFF7C0FB092D82468B4613DDAD
:10AD00007B4B03EBC80353E91223DFF72FFC82468A
:10AD100048468B46DFF7B0FB02460B465046594685
:10AD2000DFF76EFA82468B460F2D38DC069B002B30
:10AD30003FF450AE24DD162B0BDC6D4901EBC30153
:10AD4000D1E9000152465B46DFF710FC82468B4694
:10AD500040E6069AC5F12503934220DB644CC5F119
:10AD60000F0504EBC50152465B46D1E90001DFF750
:10AD7000FDFB069B5D1B04EBC504D4E90023E3E760
:10AD8000069B16330BDB059B9E1B594B03EBC6063C
:10AD9000D6E9002350465946DFF712FDD6E7069B59
:10ADA000A5EB08089844B8F1000F74DD18F00F0304
:10ADB0000AD04F4901EBC30152465B46D1E900017D
:10ADC000DFF7D4FB82468B4638F00F084FD0B8F53A
:10ADD0009A7F22DD00252E46079505952223DFF870
:10ADE00018B123604FF0000A079B002B3FF4F2AD2F
:10ADF0001899204601F078FE0599204601F074FE6E
:10AE00003146204601F070FE0799204601F06CFEA5
:10AE10002946204601F068FEDCE5364B049300230A
:10AE20004FEA2818504659469946B8F1010F21DCDF
:10AE30000BB182468B462F4BABF1547B03EBC90918
:10AE400052465B46D9E90001DFF790FB2A4B0A46E0
:10AE50000B402A498B428246BCD8A1F580118B4217
:10AE600086BFDFF89CB04FF0FF3A02F1547B00231D
:10AE7000049384E018F0010F05D0049BD3E900236C
:10AE8000DFF774FB0123049A083209F101094FEA44
:10AE900068080492C9E7EAD0C8F1000818F00F0268
:10AEA0000AD0134B03EBC20350465946D3E90023A3
:10AEB000DFF786FC82468B465FEA2818D7D0B8F1C8
:10AEC0001F0F1FDD00252E460795059522234FF005
:10AED000000A4FF0000B236086E700BF05E502087B
:10AEE000AC62030801E50208EF630308F2E602081A
:10AEF000E4650308BC6503080000F07F0000A07C47
:10AF0000FFFFEF7F18F0100318BF6A23DFF8AC9340
:10AF1000049350465946002318F0010F04D0D9E994
:10AF20000023DFF723FB01235FEA680809F1080922
:10AF3000F2D10BB182468B46049BC3B1CBF30A52CC
:10AF4000C2F16B03002B594611DD1F2B40F3248106
:10AF5000342BDEBFC2F14B024FF0FF3303FA02F293
:10AF60004FF0000ACCBF4FF05C7B02EA010B0022DD
:10AF7000002350465946DFF761FD0028A2D1079B08
:10AF8000009308992B463A46204601F015FE07909B
:10AF900000283FF41FAF059B9E1B069B002BB4BFF0
:10AFA000334600230C93069B002523EAE373129398
:10AFB0002E46079B2046596801F056FD0590002853
:10AFC0003FF40CAF079B1A69023203F10C019200A7
:10AFD0000C30FEF773FF4BEC10AB1AAA19A92046F0
:10AFE00002F030F94BEC18AB189000283FF4F6AEA5
:10AFF0000121204601F07AFE064600283FF4EEAE1D
:10B00000199B0499002BABBF0C9A129A129FDDF882
:10B010003090ACBF03EB0209D71A1A9AA3EB0108D0
:10B020009044A14B08F1FF389845C2F1360280F2F6
:10B03000C780A3EB08031F2BA2EB03024FF0010113
:10B0400000F3B18001FA03F30D930023089309EB99
:10B050000208049BC14517441F444B46A8BF434602
:10B06000BB42A8BF3B46002BC2BFA8EB0308FF1A98
:10B07000A9EB03090C9B002B17DD31461A4620462D
:10B0800001F0F4FE064600283FF4A8AE0146189AE7
:10B09000204601F041FE0B9000283FF49FAE189926
:10B0A000204601F021FD0B9B1893B8F1000F00F32F
:10B0B0008C80069B002B08DD129A0599204601F032
:10B0C000D5FE059000283FF489AE002F08DD0599D4
:10B0D0003A46204601F024FF059000283FF47EAE5A
:10B0E000B9F1000F08DD31464A46204601F018FF4D
:10B0F000064600283FF472AE059A1899204601F0E2
:10B100009BFF054600283FF469AEC3680B930023FC
:10B11000C360314601F074FF002860DA0B9B53EAEC
:10B120000A0340F08280CBF31303002B7DD12BF078
:10B1300000431B0D1B05B3F1D66F76D96B6913B9AC
:10B140002B69012B71DD29460122204601F0E8FE22
:10B150003146054601F054FF002866DD0499534A44
:10B160005B46002900F0818002EA0B01B1F1D66F45
:10B170007BDCB1F15C7F7FF7A9AE4D4B5046594661
:10B180000022DFF7F3F90B46034308BF2223824670
:10B190008B4608BF23602BE64FF0FF3202FA03F321
:10B1A00003EA0A0AE3E6C8F17F4808F57F0808F5D4
:10B1B0007B4808F1E20801FA08F308930D9146E78D
:10B1C0000023089301230D9341E718994246204636
:10B1D00001F0A6FE189000287FF46BAFFEE55F46F5
:10B1E0006ED10B9ACBF3130342B3324A934228D168
:10B1F000049B5146EBB12D4B3B40B3F1D46F4FF064
:10B20000FF3219D81B0DC3F16B0302FA03F3994205
:10B2100017D1294B9F4202D101313FF4DFAD234BBF
:10B220003B4003F5801B4FF0000A049B002BA4D188
:10B23000DEE54FF0FF33EAE71346E8E753EA0A0397
:10B240008CD0089BDBB13B42EFD00B9B049A50465D
:10B250005946C3B1FFF75EFB02460B4651EC180B93
:10B26000DEF7CEFF82468B46DFE71340A3F580135F
:10B270006FEA135B6FEA0B5B4FF0FF3AD5E70D9B6C
:10B2800013EA0A0FE0E7FFF745FB02460B4651ECD5
:10B29000180BDEF7B3FF0022002382468B46DFF750
:10B2A000CDFB0028C1D011E602FCFFFF0000F07FBB
:10B2B00000005039FFFF0F00FFFFEF7FC06203085F
:10B2C0003146284602F01AF859EC108B10EE100A9D
:10B2D00000224FF080434946DFF7C4FB00287AD0B4
:10B2E0000B9B002B4AD0954B0022CDE90823DFF8B9
:10B2F0004C924FF00008924B3B400D930D9A914BAE
:10B300009A4240F0B080DDE90801A7F1547B4BEC94
:10B3100010ABCDE9080101F019FFDDE9080153EC9C
:10B32000102BDFF723F952465B46DEF769FF0B4629
:10B330008349854A19409142824660D918EE903A75
:10B3400002F15472934204D118EE103A01333FF4E3
:10B3500045ADDFF800B24FF0FF3A1899204601F0F2
:10B36000C3FB0599204601F0BFFB3146204601F0A2
:10B37000BBFB2946204601F0B7FB1AE6BAF1000FE5
:10B380001BD1CBF31303F3B96C4B00224046494663
:10B39000DFF75EFBD0B9404649466C4B0022DFF731
:10B3A000E5F88046894609F10043CDF850801593B1
:10B3B000DDE91423CDE908239DE7BAF1010F02D19D
:10B3C000002F3FF483AD624B00228EE7DFF87C91C3
:10B3D0004FF00008E7E75D4B404649460022DFF7A3
:10B3E000C5F80B9B8046894633B901F100430E90A6
:10B3F0000F93DDE90E23DDE7CDE90E89F9E703F1CF
:10B40000547B049B002BA8D12BF000430D9A1B0DFD
:10B410001B059A42A1D140464946DFF7F1FFDFF70D
:10B4200077F802460B4640464946DEF7E7FE0B9AA0
:10B43000CBF3130343EA0A0313438046894655D0EE
:10B4400036A3D3E90023DFF703FB00287FF4D0AC59
:10B4500034A3D3E9002340464946DFF717FB002811
:10B460003FF47BAFC4E4049B33B30D9BB3F1D46FC3
:10B4700022D82EA3D3E9002340464946DFF7F2FA4B
:10B48000A0B149464046DFF749FB012838BF0120FB
:10B49000DEF7F2FF0B9B8046894623BB01F1004398
:10B4A00010901193DDE91023CDE90823099B0D9A33
:10B4B00003F1D6639B1A0993DDE90801B0EE480A4F
:10B4C000F0EE680ACDE9080101F040FEDDE908016F
:10B4D00053EC102BDFF74AF853EC182BDEF790FEF5
:10B4E00082468B468DE7CDE91089DBE711A3D3E9CE
:10B4F0000023DFF7ADFAB2E700230A93139A179BF4
:10B500001360FFF76BBA652A3FF45FAB452A3FF43F
:10B510005CAB0123FFF794BBAFF300809535A0949B
:10B52000FFFFDF3F35E5AF350000E03F0000C0FF23
:10B53000FFFFDF419535A094FFFFCF3F0000F03FB4
:10B540000000F07F0000E07FFFFF9F7C0000E03FF5
:10B550000000F0BFFFFFEF7F2DE9F041DFF8AC8086
:10B56000264B0A462DED028B0146D8F80000FFF766
:10B57000EDF955EC104B10EE102A10EE100A2B4688
:10B580002946DFF78DFA90B1002D1D4809DAFEF744
:10B590009BFBB1EE408AB0EE480ABDEC028BBDE8E1
:10B5A000F081BDEC028BBDE8F041FEF78DBB20467B
:10B5B0002946DFF7D3FA08EE100ADFED127AB0EE73
:10B5C000C87AB4EE677AF1EE10FAE4DD25F00047B0
:10B5D0000D4B4FF0FF3220463946DFF761FA40B994
:10B5E000094B4FF0FF3220463946DFF73BFA00287F
:10B5F000D1D0D8F8003022221A60CCE75C0F0020AE
:10B60000F2E60208FFFF7F7FFFFFEF7FF40E0020CE
:10B61000F0B508B9106888B10446204614F8015BFB
:10B620000F4617F8016B1EB965B91560284605E08D
:10B63000B542F6D1002BF0D114600370F0BD1C466A
:10B640000CE015B914F8013B0E4616F8015BAB424D
:10B65000F7D1002BF3D0002304F8013C1460EDE790
:10B660000123FFF7D5BF00002DE9F74F03690C69EF
:10B67000A3420746C0F28180013C01F1140800F1A9
:10B68000140505EB8403019358F8243055F8242061
:10B6900001339A424FEA840B08EB8409B2FBF3F6BC
:10B6A00031D34FF0000E4046AC46F24650F8042B22
:10B6B00093B206FB03E34FEA134E9BB2AAEB0303DC
:10B6C000120CDCF800A006FB02E213FA8AF34FEA40
:10B6D000124E1FFA82FADCF80020CAEB124202EB8B
:10B6E00023429BB243EA024381454CF8043B4FEAB4
:10B6F000224ADBD255F80B302BB9019B043B9D420B
:10B700001A462ED33C61384601F07AFC002824DB2F
:10B71000013628464FF0000C58F8042BD0F800E012
:10B7200093B2ACEB0303120C13FA8EF3C2EB1E427E
:10B7300002EB23429BB243EA0243C14540F8043B7B
:10B740004FEA224CE8D255F8242005EB840322B9B5
:10B75000043B9D421A460AD33C61304603B0BDE823
:10B76000F08F1268043B002ACCD1013CC7E7126875
:10B77000043B002AF0D1013CEBE70020EEE700009B
:10B780002DE9F04F2DED048B57EC106B93B0456A0B
:10B79000DDF88080069110EE10AA044609920C9301
:10B7A000BB4675B91020FBF7E3FF0246606220B983
:10B7B000A74BEA21A74801F031FEC0E90155056019
:10B7C000C560636A196851B15A684A6001239340A1
:10B7D0008B60204601F088F9636A00221A603B1EE4
:10B7E000AABF002323F0004BC8F800309A4BBCBF1F
:10B7F0000122C8F8002033EA0B031BD10C9A42F255
:10B800000F731360CBF31303334300F09285219B36
:10B8100063B9924B22E0924B01930833219A136053
:10B82000019813B0BDEC048BBDE8F08F8B4B0193F6
:10B830000333F3E70022002350465946DFF7FEF8B2
:10B840004BEC19AB804658B10C9A01231360219B35
:10B85000002B00F06B8583481860431E0193DFE7DF
:10B860004BEC10AB10AA11A9204601F0EBFCCBF376
:10B870000A5508EE100A002D00F0848019EE903A67
:10B88000C3F3130343F07F57564647F44017A5F21E
:10B89000FF35CDF83880744B002230463946DEF74C
:10B8A000ADFC65A3D3E90023DEF760FE64A3D3E912
:10B8B0000023DEF7A5FC064628460F46DEF7ECFD22
:10B8C00061A3D3E90023DEF751FE02460B46304662
:10B8D0003946DEF795FC06460F46DFF7F7F80022FB
:10B8E0000090002330463946DFF7B2F850B1009897
:10B8F000DEF7D2FD32463B46DFF7A0F810B9009BD9
:10B90000013B0093009B162B5AD8009A574B03EB30
:10B91000C203D3E9002351EC190BDFF799F8002893
:10B9200050D0009B013B009300230B93109B5D1BA9
:10B930006B1E059345BFC5F101030493002300234B
:10B940004CBF05930493009B002B3DDB059B009AA5
:10B950000A921344059300230793069B092B00F2D8
:10B960008980052BC4BF043B0693069BA3F1020309
:10B97000CCBF00250125032B00F28780DFE803F010
:10B980002D3A3859DDE910531D4405F23243202B7E
:10B99000C1BFC3F1400305F212400BFA03F326FACC
:10B9A00000F0DABFC3F1200306FA03F01843DEF714
:10B9B00063FD01230646A1F1F877013D0E936AE786
:10B9C0000123B2E70B90B1E7049B009A9B1A049302
:10B9D0005342079300230A93BFE700230893099B70
:10B9E000002B55DC0123CDE902331A4609920CE005
:10B9F0000123F3E70023099A0893009B1344029361
:10BA00000133012B0393B8BF0123606A0022426017
:10BA1000042202F114069E4241683DD9204601F0FD
:10BA200023F8019000283BD1114B02464FF4D57109
:10BA3000C0E60123DFE700BF61436F63A787D23F02
:10BA4000B3C8608B288AC63FFB799F501344D33F0D
:10BA5000F9630308106403080000F07FF56303082E
:10BA6000EC63030891F202080000F83FE465030864
:10BA70008D64030801250023069308954FF0FF33DA
:10BA8000CDE9023300221223B0E701230893F5E742
:10BA9000099BCDE90233B8E7013141605200B8E7B4
:10BAA000636A019A1A60039B0E2B00F29D80002DA1
:10BAB00000F09A80009B002B32DDB74A03F00F03A1
:10BAC00002EBC303D3E90089009BD8054FEA231793
:10BAD00016D5B24B51EC190BD3E90823DEF770FEF3
:10BAE00007F00F0782468B460325AC4E57B94246F6
:10BAF0004B4650465946DEF763FE82468B4628E0A9
:10BB00000225F2E7F90708D540464946D6E9002361
:10BB1000DEF72CFD0135804689467F100836E5E7C3
:10BB200000F09B80009B9D4F5E429B4B06F00F02F6
:10BB300003EBC203D3E9002351EC190BDEF716FD2A
:10BB4000361182468B4600230225002E7AD1002B27
:10BB5000D3D10B9B002B00F08280914B00225046EA
:10BB60005946DEF775FF002879D0039B002B76D06D
:10BB7000029B002B36DD009B504659465F1E00227B
:10BB8000884BDEF7F3FC029E82468B460135284641
:10BB9000DEF782FC52465B46DEF7E8FC824B002271
:10BBA000DEF72EFBD046D9468246A1F1507B002E0F
:10BBB00058D17E4B002240464946DEF71FFB5246D5
:10BBC0005B4680468946DEF761FF002840F095829B
:10BBD00052460BF1004340464946DEF739FF002844
:10BBE00040F089825BEC19AB119B002BC0F24881BD
:10BBF000009A0E2A00F34481674B03EBC203D3E99A
:10BC00000089099B002B80F2D580039B002B00F359
:10BC1000D18040F06F82654B002240464946DEF7F6
:10BC2000A5FC52465B46DEF727FF039E37460028F9
:10BC300040F04582019D312305F8013B009B013313
:10BC4000009340E2F20705D5D7E90023DEF78EFC2A
:10BC5000013501237610083777E7022579E7009F41
:10BC6000039E94E701994C4B31440D91089903EBE5
:10BC7000C60353E90223002943D04D490020DEF7D3
:10BC80009FFD52465B46DEF7B9FA019D82468B4620
:10BC900049464046DEF71AFF0646DEF7FDFB024640
:10BCA0000B4640464946DEF7A9FA303605F8016BE7
:10BCB00052465B4680468946DEF7CAFE002863D1BD
:10BCC00042464B4636490020DEF798FA52465B461C
:10BCD000DEF7BEFE002840F0B5800D9B9D4281D06E
:10BCE000304B002250465946DEF740FC2D4B824631
:10BCF0008B46404649460022DEF738FC804689469E
:10BD0000C6E750465946DEF731FC0D9B019D0F9367
:10BD100082468B4649464046DEF7D8FE0646DEF7A9
:10BD2000BBFB303602460B4640464946DEF766FA14
:10BD300005F8016B0D9B9D42804689464FF000023D
:10BD400024D11B4B50465946DEF75AFA02460B46A1
:10BD500040464946DEF79AFE002873D152465B46BC
:10BD600013490020DEF74AFA02460B464046494690
:10BD7000DEF76EFE00283FF435AF0F9D6B1E0F936C
:10BD800015F8013C302BF8D0009749E0054BDEF761
:10BD9000EDFB80468946BDE7E4650308BC65030802
:10BDA0000000F03F0000244000001C400000144050
:10BDB0000000E03F019D56465F4642464B463046F6
:10BDC0003946DEF7FDFCDEF781FE8246DEF764FBD6
:10BDD00042464B46DEF7CAFB02460B463046394622
:10BDE0000AF13006DEF70AFA05F8016B019E039F9F
:10BDF000AE1BB74202460B4635D1DEF701FA42468A
:10BE00004B4606460F46DEF741FED0B942464B464A
:10BE100030463946DEF712FE10B11AF0010F10D18C
:10BE2000204618EE101A00F05FFE002300982B70D9
:10BE30000C9B01301860219B002B3FF4F1AC1D607E
:10BE4000EEE4009F2B461D4613F8012D392A06D13A
:10BE5000019A9A42F7D10199302201370A701A7873
:10BE600001321A7090E7A64B0022DEF77FFB00221A
:10BE7000002306460F46DEF7E1FD00289DD0CFE700
:10BE8000089A002A00F0D780069A012A00F3BA80A7
:10BE90000E9A002A00F0B28003F23343079E049DFD
:10BEA000049A1A440492059A01211A4420460592E4
:10BEB00000F01CFF0746002D0CDD059B002B09DD63
:10BEC000AB42049AA8BF2B46D21A0492059AED1AE7
:10BED000D31A0593079B1BB3089B002B00F0AF8080
:10BEE000002E13DD39463246204600F0BFFF18EE23
:10BEF000102A01460746204600F00EFF18EE101AE1
:10BF00008046204600F0F0FD08EE108A079B9A1B41
:10BF100006D018EE101A204600F0A8FF08EE100A0E
:10BF20000121204600F0E2FE0A9B002B064640F36A
:10BF300088801A460146204600F098FF069B012B98
:10BF4000064640F381804FF00008336906EB830317
:10BF5000186900F07BFEC0F12000059B184410F02A
:10BF60001F0000F09280C0F12003042B40F38A8070
:10BF7000C0F11C00049B03440493059B0344054447
:10BF80000593049B002B07DD18EE101A1A46204675
:10BF900000F0C6FF08EE100A059B002B05DD3146B8
:10BFA0001A46204600F0BCFF06460B9B002B6ED0C5
:10BFB00018EE100A314601F023F8002867DA009BDA
:10BFC000013B18EE101A00930A220023204600F0CD
:10BFD000ADFD089B08EE100A002B00F0B181002394
:10BFE00039460A22204600F0A1FD029B002B07469D
:10BFF00000F38E80069B022B51DC89E0109BC3F17D
:10C0000036034BE7039B5E1E079BB342BFBF079BF4
:10C010000796F21A0A9BB6BF9B189E1B0A93039BB6
:10C02000B8BF0026002BB7BFDDE90323DDE90335E8
:10C030009D1A002334E7079E049D089F3BE7079A5B
:10C0400067E7069B012B18DCBAF1000F15D1CBF383
:10C05000130393B92BF000431B0D1B0583B1049B05
:10C0600001330493059B013305934FF001080A9BAC
:10C07000002B7FF46AAF01206FE74FF00008F6E76E
:10C080009846F4E73FF47DAF18461C3072E7039BF7
:10C09000002B37DC069B022B34DD039B0293029BB3
:10C0A0006BB931460522204600F040FD01460646A8
:10C0B00018EE100A00F0A4FF00283FF7BBAD099B63
:10C0C000019DDB4300934FF000083146204600F00D
:10C0D0000BFD002F3FF4A4AEB8F1000F05D0B8451A
:10C0E00003D04146204600F0FFFC3946204600F0D0
:10C0F000FBFC95E600263746E1E70097374699E5D1
:10C1000000002440089B002B00F0CA80039B029390
:10C11000002D05DD39462A46204600F001FF07467E
:10C12000B8F1000F5BD07968204600F09DFC054611
:10C1300028B9874B024640F2EA21FFF73BBB3A6938
:10C140000232920007F10C010C30FDF7B7FE01221C
:10C150002946204600F0E4FE019B03F10109DDE9D8
:10C160000123134405930AF00103B84604930746DC
:10C17000314618EE100AFFF777FA4146029000F1B7
:10C18000300A18EE100A00F03BFF3A4603903146A1
:10C19000204600F051FFC26809F1FF3B054602BB93
:10C1A000014618EE100A00F02BFF024629462046F1
:10C1B000079200F099FCDDE9063243EA0201049B94
:10C1C0000B434D460FD1BAF1390F2AD0039B002BF8
:10C1D00002DD029B03F1310A8BF800A075E73846B7
:10C1E000BAE70122E2E7039B002B04DB06990B432D
:10C1F00004990B4322D1002AEEDD18EE101A012219
:10C20000204600F08DFE314608EE100A00F0F8FEE0
:10C21000002803DCE0D11AF0010FDDD0BAF1390FAC
:10C22000D7D139238BF800302B461D46013B15F83A
:10C23000012C392A71D001321A7046E7002A07DD35
:10C24000BAF1390FEDD00AF101038BF800303CE769
:10C25000059B09F801AC994547D018EE101A002348
:10C260000A22204600F062FCB84508EE100A4FF0A2
:10C2700000034FF00A024146204606D100F056FC6A
:10C280008046074609F1010972E700F04FFC394684
:10C29000804600230A22204600F048FC0746F1E7CA
:10C2A000039B0293019D18EE100A3146FFF7DCF95B
:10C2B00000F1300A019B05F801ABEA1A029B934298
:10C2C00009DD18EE101A00230A22204600F02EFC89
:10C2D00008EE100AE7E7029B002BC8BF1D46019B32
:10C2E000D8BF01251D444FF0000818EE101A012296
:10C2F000204600F015FE314608EE100A00F080FEE0
:10C30000002891DC02D11AF0010F8DD12B461D4679
:10C3100013F8012D302AFAD0D7E6019A9A4284D137
:10C32000009B0133009331231370CEE6094BFFF7D6
:10C3300095BA219B002B7FF46EAA074BFFF78EBAAC
:10C34000029B002BAEDC069B022B3FF7A8AEA9E7B1
:10C350008D64030890F20208EC6303080369B3EBF1
:10C36000611F2DE9F0434FEA611200F1140445DD2D
:10C3700011F01F0104EB830604EB82050CD100F1E0
:10C3800010072946B14234D39B1A9B00EA1E9642FD
:10C3900038BF0023234415E054F82270C1F120086F
:10C3A000CF4005F1040EA1467645F44615D89A1AF9
:10C3B0009200043A0135AE4238BF0022A318A750BC
:10C3C00007B104331A1BA3424FEAA20208BF00239D
:10C3D000026108BF4361BDE8F083DCF800C00CFADD
:10C3E00008FC4CEA070749F8047B5EF8047BCF4061
:10C3F000DAE751F804CB47F804CFC3E72346E1E777
:10C40000A0F13003092B02D82038C0B27047A0F148
:10C410006103052B01D84738F7E7A0F14103052B4D
:10C4200001D82738F1E70020704700002DE9F04FD0
:10C430002DED028B89B008EE100A0493B44B1B68F3
:10C44000019318468B469046DEF7D2FF019BDBF83E
:10C4500000200344824613F8013C0593931CC2F16B
:10C46000FF2202F57F02FE32D1181F4613F8010B9E
:10C4700000913028F8D0FFF7C3FF044600283AD1D6
:10C48000019952463846FEF711FA0546002868D150
:10C4900017F80A0007EB0A06FFF7B2FF002862D080
:10C4A0003346187830281F4603F10103F9D0FFF70F
:10C4B000A7FF0123B0FA80F46409354600933A4699
:10C4C000164601323078FFF79BFF0028F8D101991A
:10C4D00052463046FEF7EAF980B94DB906EB0A0537
:10C4E0002A46164601323078FFF78AFF0028F8D135
:10C4F000AD1BAD0004E000242546E0E7002DF7D198
:10C50000337803F0DF03502B3BD173782B2B2CD0E7
:10C510002D2B2ED0711C4FF000090878FFF770FF0B
:10C52000431EDBB2182B2CD8A0F1100211F8010F1A
:10C53000FFF766FF431EDBB2182B1DD9B9F1000FC0
:10C5400000D052421544CBF80010E4B1009B002B00
:10C5500014BF00270627384609B0BDEC028BBDE8A2
:10C56000F08F3E4625460124CAE74FF00009B11C72
:10C57000D3E74FF00109FAE70A2303FB0202103A5E
:10C58000D4E73146DFE7F31B013B2146072B0BDCE9
:10C5900018EE100A00F068FA044640B95D4B0246F6
:10C5A000DE215D4800F03AFF01315B10EEE700F15B
:10C5B00014094FF0000BCAF10103CDF80890CDF833
:10C5C00000B00693B74240D30298009B40F8043B6A
:10C5D000A0EB0900801046012061184600F036FBF0
:10C5E000301AD8F80060B04263DD871B3946204618
:10C5F00000F0DCFE8246A8B17B1E591103F01F0239
:10C6000059F821104FF0010A0AFA02F20A4209D041
:10C61000534505DDB91E204600F0C8FE002845D16F
:10C620004FF0020A39462046FFF798FE3D44D8F8FD
:10C630000830AB424CDA18EE100A214600F054FAEA
:10C64000149A00231360A32785E7731E059A0393AA
:10C6500016F8013C934219D0BBF1200F07D1029B81
:10C66000009A43F8042B0293002300939B4616F88C
:10C67000010CFFF7C5FE009B00F00F0000FA0BF065
:10C68000034300930BF1040B039B0DE0039B069AFD
:10C690001344BB42E0D31846019907935246FEF774
:10C6A00005F9079B0028D7D11E468BE74FF0030AF8
:10C6B000B8E70ADA371A214618EE100A3A4600F0AF
:10C6C0002FFCED1B044600F114094FF0000AAEE701
:10C6D000D8F80400A84272DD451BAE4236DCD8F81B
:10C6E0000C30022B2AD0032B2CD0012B1CD1AE42B4
:10C6F0001AD1012E12D1049AD8F804301360012304
:10C700002361C9F80030149B62271C6023E700BF37
:10C71000286503088D640308A0640308711E204681
:10C7200000F044FE0028E6D118EE100A214600F081
:10C73000DBF9149A0023136050270CE7159B002B9C
:10C74000F2D1D8E7159B002BD5D1EDE76F1EBAF1DA
:10C75000000F31D127B13946204600F027FE82462E
:10C760007B11012159F8233007F01F0701FA07F761
:10C770001F422946204618BF4AF0020A761BFFF7DF
:10C78000EDFDD8F804500227BAF1000F48D0D8F8D0
:10C790000C30022B15D0032B17D0012B09D11AF026
:10C7A000020F06D0D9F800004AEA000A1AF0010F79
:10C7B0000ED147F0100733E04FF0010AD0E7012710
:10C7C000E2E7159BC3F101031593159B002BF0D0F5
:10C7D000D4F810B004F114034FEA8B0A03EB8B0179
:10C7E0004FF0000C184653F8042BB2F1FF3F1CD059
:10C7F00001320260022F04F114033FD1D8F8002067
:10C80000013AB2420AD17111012253F8213006F0E7
:10C810001F0602FA06F61E4218BF174647F0200709
:10C82000149B1C60049B1D6095E6994243F804CC60
:10C83000D8D8A3689B4519DB616818EE100A01314E
:10C8400000F012F9814618B91A4B02468421A8E675
:10C850002269023204F10C0192000C30FDF72EFB2C
:10C86000214618EE100A00F03FF94C4623695A1C85
:10C8700004EB8303226101225A61BBE722695A4516
:10C880000BDD01212046FFF769FDD8F8083001359E
:10C89000AB42FFF6D0AE0127C0E716F01F06FAD074
:10C8A0005344C6F1200653F8040C00F0CFF9B0420F
:10C8B000E7DBF0E78D640308C2F10802920070B56F
:10C8C000C2F120064368046803FA06F52C43D340FE
:10C8D000046040F8043F8842F4D370BD30B503686B
:10C8E000013311F8014B14B90360012030BD13F876
:10C8F000012BA2F14105192D98BF2032A242F0D0A0
:10C900000020F3E72DE9F04F0B685E1102EB86067D
:10C9100013F01F0387B018BF04360025371F904659
:10C9200002680193824646F8045CB9463C4602958B
:10C93000AB465178531C039341B3084605920491CA
:10C94000FFF75EFD00284FD10499059A202918D8D9
:10C95000029B9B4513DD4C4506D2072D04DC2A467D
:10C9600049462046FFF7A8FF444550D90023A4F1CB
:10C97000040944F8043CCDF808B04C461D46039A1F
:10C98000D7E7292956D10232CAF80020BBF1000F9F
:10C9900050D04C4506D2072D04DC2A464946204695
:10C9A000FFF78AFF444534D9A8F10402234653F81F
:10C9B000041B42F8041F9F42F9D23B1B23F00303E0
:10C9C00004330134033EB44288BF042343440022AD
:10C9D00043F8042B9F42FBD23B681BB9474527D144
:10C9E00001233B60052026E00135082D0BF1010BEA
:10C9F00006DD4445C3D9002344F8043C0125043C2A
:10CA0000226800F00F0040EA02122260B7E7082512
:10CA1000B5E7019B002BDFD04FF0FF32C3F12003BD
:10CA200022FA03F356F8042C1A4046F8042CD3E7F4
:10CA3000043FD1E7042007B0BDE8F08F00487047FD
:10CA40004C10002082B001B901A942B14BB113785A
:10CA50000B601278101E18BF012002B070471046FC
:10CA6000FBE76FF00100F8E770B5466A04460D4633
:10CA700076B91020FAF77CFE0246606220B9184BA6
:10CA80001848662100F0CAFCC0E901660660C6606D
:10CA9000666AF36883B1636ADB6853F82500B8B946
:10CAA000012101FA05F6721D92002046FAF7D0FE28
:10CAB00060B1C0E901560EE0212204212046FAF7B8
:10CAC000C7FE636AF060DB68002BE4D1002070BD14
:10CAD000026843F825200023C0E90333F7E700BFCD
:10CAE000F96303083C65030870B5466A05460C46C1
:10CAF00076B91020FAF73CFE0246686220B9094B6D
:10CB000009488A2100F08AFCC0E901660660C66017
:10CB10003CB16B6A6268DB6853F82210216043F80D
:10CB2000224070BDF96303083C6503082DE9F0411C
:10CB30000D6907460C461E4601F1140C0020DCF876
:10CB4000003099B202FB01611E0C0B0C02FB063394
:10CB500089B2013001EB034185424CF8041B4FEAD6
:10CB60001346ECDC0EB3A368AB4219DC61683846AF
:10CB70000131FFF779FF804628B902460C4B0D487A
:10CB8000B52100F04BFC2269023204F10C01920045
:10CB90000C30FDF793F921463846FFF7A5FF4446D0
:10CBA00004EB850301355E6125612046BDE8F08117
:10CBB0008D6403083C6503082DE9F8430C461546CF
:10CBC0001F4609220833064693FBF2F30021012297
:10CBD0009A4209DB3046FFF747FF40B90246194B3E
:10CBE0001948CE2100F01AFC52000131F0E7089BF1
:10CBF0004361092D4FF00103036116DD04F10909BA
:10CC0000C8462C4418F8013B0146303B0A22304606
:10CC1000FFF78CFFA045F5D1A5F108044C442D1B6E
:10CC20006319BB4204DBBDE8F8830A340925F6E743
:10CC300014F8013B0146303B0A223046FFF776FFED
:10CC4000EEE700BF8D6403083C650308030C1B047A
:10CC5000D3B90004102310F07F4F04BF0002083343
:10CC600010F0704F04BF0001043310F0404F04BFB8
:10CC700080000233002805DB10F0804F03F1010330
:10CC800008BF2023184670470023E4E7036813F029
:10CC9000070201460BD0DA0723D4980749BF5B0887
:10CCA0009B0801200B605CBF0B600220704798B2AC
:10CCB000A8B91B0C1020DAB20AB908301B0A1A07EF
:10CCC00004BF1B0904309A0704BF9B080230DA072F
:10CCD00003D45B0800F1010005D00B6070471046DB
:10CCE000E9E70020704720207047000010B50C468F
:10CCF0000121FFF7B9FE024628B9054B05484FF45C
:10CD0000A07100F08BFB01234461036110BD00BFE3
:10CD10008D6403083C6503082DE9F04F91460A69CC
:10CD2000D9F810309A42B8BF0B460C46BCBF4C46EF
:10CD300099462769D9F810A0A368616807EB0A062D
:10CD4000B34285B0B8BF0131FFF78EFE30B902465D
:10CD5000444B454840F25D1100F060FB00F11405C2
:10CD600005EB86082B460022434521D304F114032A
:10CD700003EB870709F1140303EB8A0202923A1BC3
:10CD8000153A22F00302043204F115018F4238BF34
:10CD900004220192029A03939A420CD8002E03DDDA
:10CDA00058F8043D002B5AD0066105B0BDE8F08F5D
:10CDB00043F8042BD8E7B3F800A0BAF1000F24D051
:10CDC00004F1140EA9464FF0000C5EF8042BD9F8BC
:10CDD00000101FFA82FB89B20AFB0B114FEA124BBB
:10CDE000D9F8002061444FEA124C0AFB0BC202EB57
:10CDF000114289B241EA0241774549F8041B4FEAE2
:10CE0000124CE2D8019A45F802C0039AB2F8029097
:10CE10000433B9F1000F20D0296804F1140CAE4698
:10CE20004FF0000ABCF800B0BEF8022009FB0B224C
:10CE3000924489B241EA0A414EF8041B5CF8042B83
:10CE4000BEF80010120C09FB021101EB1A416745F4
:10CE50004FEA114AE6D8019AA95004359AE7013EF3
:10CE60009CE700BF8D6403083C6503082DE9F84387
:10CE7000154612F0030206460F4607D0254C013A2C
:10CE8000002354F82220FFF751FE0746AD103DD095
:10CE9000746A7CB91020FAF76BFC0246706228B9FC
:10CEA0001D4B1E484FF4D77100F0B8FAC0E9014499
:10CEB0000460C460D6F82480D8F808404CB940F229
:10CEC00071213046FFF712FF0023C8F8080004461E
:10CED00003604FF00009EB070AD539462246304679
:10CEE000FFF71AFF394680463046FFF7FDFD4746FB
:10CEF0006D100BD0206838B9224621463046FFF726
:10CF00000BFF2060C0F800900446E4E73846BDE817
:10CF1000F88300BFAC660308F96303083C650308A7
:10CF20002DE9F0470C464968236903EB6218A368B2
:10CF3000074691464FEA621A08F10106B3420BDB3D
:10CF40003846FFF791FD054648B902462A4B2B4863
:10CF500040F2D91100F062FA01315B00EEE70023E4
:10CF600000F1140100F110021846534537DB206927
:10CF70002AEAEA7A04F1140319F01F0901EB8A0185
:10CF800003EB80002FD0C9F1200E8A464FF0000C31
:10CF90001A6802FA09F242EA0C024AF8042B53F822
:10CFA000042B984222FA0EFCF2D8031B153B23F007
:10CFB0000303043304F11502904238BF042341F8FF
:10CFC00003C0BCF1000F01D008F10206013E384653
:10CFD0002E612146FFF788FD2846BDE8F08742F81C
:10CFE000040F0133C1E7043953F8042B41F8042F2F
:10CFF0009842F9D8EAE700BF8D6403083C6503084E
:10D0000030B502690C69121B0ED100F11403143102
:10D0100003EB840001EB840150F8045D51F8044DEA
:10D02000A54203D005D30122104630BD8342F3D37D
:10D03000FAE74FF0FF32F7E72DE9F84F0C460646C6
:10D04000114620469046FFF7DBFF051E10D129460A
:10D050003046FFF709FD30B93A4B024640F2322123
:10D06000394800F0DBF90123C0E90435BDE8F88F49
:10D07000A4BF4346A0463046D8F80410A6BF1C46BD
:10D0800000250125FFF7F0FC20B92E4B02464FF496
:10D090001071E5E7D8F810702669C56004F114092D
:10D0A00008F1140500F1140E05EB870C09EB860658
:10D0B00008F11002F246002159F8043B52F804BF6F
:10D0C0001FFA83F811FA8BF11B0CA1EB0808C3EBD4
:10D0D0001B4303EB28431FFA88F819144E4548EA0E
:10D0E00003434AF8043BE7D8331B153B23F0030303
:10D0F00004331534A64238BF04231D4473449E46AE
:10D100002E4666450ED30CF10302521B22F0030299
:10D11000033DAC4538BF00221A4452F8043D7BB1B0
:10D120000761A3E756F8048B11FA88F2141404EB94
:10D13000184492B242EA04424EF8042B2114E0E76C
:10D14000013FEAE78D6403083C65030882B08DED7A
:10D15000000B019B12491940A1F15071002905DD16
:10D1600000220B4643EC102B02B070474942B1F14C
:10D17000A07F4FEA21504FF000024FF0000304DA85
:10D180004FF4002141FA00F3ECE7A0F114011E294D
:10D19000DABF4FF0004020FA01F101210A46E1E731
:10D1A0000000F07FF8B5056900F1140707EB85056D
:10D1B0002E1F55F8044C2046FFF748FDC0F1200310
:10D1C0000A28DFF87CC00B6014DCC0F10B0E24FAD7
:10D1D0000EF1B74241EA0C0334BF55F8081C002198
:10D1E000153004FA00F021FA0EF140EA010243EC96
:10D1F000102BF8BDB7423ABF55F8081CA5F1080638
:10D2000000210B3817D0C0F1200C04FA00F5BE4203
:10D2100021FA0CF445EA04058CBF56F8044C0024AE
:10D2200045F07F5301FA00F024FA0CF443F4401364
:10D2300040EA0402DBE744EA0C030A46D7E700BFF2
:10D240000000F03F2DE9F7438946012157EC106BB0
:10D250009046FFF709FC044630B90246254B2648A4
:10D2600040F20A3100F0DAF8C7F30A55C7F31303A6
:10D2700035BB002E019328D068460096FFF706FDC7
:10D28000009900B3019AC0F1200302FA03F30B43A3
:10D29000C24063610192019BA361002B14BF022273
:10D2A00001222261D5B1A5F233450544C9F80050E9
:10D2B000C0F13500C8F80000204603B0BDE8F08397
:10D2C00043F48013D5E76161E5E701A8FFF7DEFCD1
:10D2D000019B6361012222612030E3E704EB8203BA
:10D2E000A0F23240C9F800001869FFF7AFFCC0EBAC
:10D2F0004210DFE78D6403083C6503082DE9F74F12
:10D30000884669468146FFF74DFF01A9404655EC26
:10D31000104BFFF747FFD9F81030D8F81020A3EBD7
:10D32000020CDDE900329B1A03EB4C1351EC100B9D
:10D33000002BD6BF0A462A46C3EB03338B462F4643
:10D34000D4BF02EB035B02EB0357204610EE102A1A
:10D350005B463946DDF734FA41EC100B03B0BDE80B
:10D36000F08F0000013970B549111469013102F1E3
:10D37000140300EB810103EB8404051FA3420CD3CB
:10D38000A31A113B23F003031132A24288BF0023EA
:10D3900018440023884205D370BD53F8046B45F848
:10D3A000046FEBE740F8043BF4E7000000F11402DF
:10D3B00000694B11984210B511DB0ADD11F01F0115
:10D3C00007D052F8234024FA01F000FA01F18C4210
:10D3D0000BD102EB8303934203D8002010BD034618
:10D3E000F7E753F8041D0029F5D00120F6E7000007
:10D3F0009FED010B704700BF000000000000F87FA8
:10D4000049B1FF2A85BF8A2303600A704FF0FF30BD
:10D4100098BF012070470846704700001FB51446AA
:10D420001A46094B1B680546D8684CB1074B00915A
:10D43000CDE9013406492B4600F00EF800F038FA29
:10D44000044B1C46F3E700BFF40E0020B866030847
:10D45000C5660308F2E602080EB403B5014603AB45
:10D46000054853F8042B0068019300F031F802B02E
:10D470005DF804EB03B07047F40E00209368013BA5
:10D48000002B10B4936008DA9469A34201DB0A29E7
:10D4900003D15DF8044B00F04BB91368581C1060C1
:10D4A000197008465DF8044B70470000F8B5064651
:10D4B0000F461446D518AC4201D1002007E014F8FD
:10D4C000011B3A463046FFF7D9FF431CF3D1F8BDA4
:10D4D0002DE9F04F0D469DB014469846064618B10A
:10D4E00083690BB900F006FB894B9D421BD175681F
:10D4F0006B6ED90705D4AB899A0502D4A86D00F0EC
:10D5000099FBAB891B0701D52B69EBB9294630463E
:10D5100000F060F9C0B16B6EDC070ED54FF0FF3044
:10D520001DB0BDE8F08F7B4B9D4201D1B568DFE7B0
:10D53000794B9D4208BFF568DAE7AB899805EDD4D1
:10D54000A86D00F079FBE9E70023099320238DF80B
:10D550002930CDF80C803023DFF8C0818DF82A30D7
:10D560004FF0010923469A4613F8012B0AB1252AE8
:10D57000F9D1BAEB040B0BD05B4622462946304664
:10D58000FFF794FF013000F0AA80099A5A440992EB
:10D590009AF80030002B00F0A28000234FF0FF32F9
:10D5A000CDE905230AF1010A049307938DF853305E
:10D5B0001A935446052214F8011B5848DDF7BEFEA5
:10D5C000049AD8B9D10644BF20238DF853301307ED
:10D5D00044BF2B238DF853309AF800302A2B15D0F6
:10D5E000079A544600204FF00A0C214611F8013BDF
:10D5F000303B092B4ED9B0B1079214E0A0EB0803E1
:10D6000009FA03F313430493A246D2E7039B191DBF
:10D610001B680391002BBBBF5B4242F002020793E1
:10D620000793B8BF049223782E2B0CD163782A2B52
:10D6300035D1039B1A1D1B680392002BB8BF4FF016
:10D64000FF3302340593DFF8E4A02178032250462B
:10D65000DDF774FE40B14023A0EB0A0003FA00F0AE
:10D66000049B03430134049314F8011B2C488DF8E8
:10D6700028100622DDF762FE00283FD0294B1BBB95
:10D68000039B073323F0070308330393099B3B44B1
:10D69000099367E70CFB02320C460120A5E7002343
:10D6A0000134059319464FF00A0C204610F8012B5F
:10D6B000303A092A03D9002BC5D00591C3E70CFBEA
:10D6C000012104460123F0E703AB00932A46164BE1
:10D6D00004A93046FCF7E4FC0746781CD6D16B6EF3
:10D6E000D90705D4AB899A0502D4A86D00F0A4FA35
:10D6F000AB895B063FF512AF099811E703AB0093C6
:10D700002A46094B04A93046FCF76EFFE4E700BF48
:10D71000286703084867030808670308F4660308D6
:10D72000FE660308A1A00208ADD40208FA66030849
:10D73000F8B50E461446054618B183690BB900F0DA
:10D74000D9F9214B9C422BD16C68A369A360A389B2
:10D750001A072FD523696BB323692068C01A636940
:10D76000F6B28342374604DC2146284600F02EF903
:10D7700030BBA368013BA36023685A1C22601E7063
:10D7800063690130834204D0A389DB0706D50A2EE2
:10D7900004D12146284600F019F988B93846F8BD69
:10D7A0000A4B9C4201D1AC68CFE7094B9C4208BFB1
:10D7B000EC68CAE72146284600F00CF80028CBD0D8
:10D7C0004FF0FF37EAE700BF286703084867030800
:10D7D00008670308324B70B51D6806460C4625B134
:10D7E000AB6913B9284600F085F92E4B9C420FD146
:10D7F0006C68A389B4F90C2019072CD4DD0611D468
:10D800000923336042F04003A3814FF0FF303EE034
:10D81000254B9C4201D1AC68EBE7244B9C4208BFEE
:10D82000EC68E6E7580712D5616B41B104F1440397
:10D83000994202D03046FAF713F800236363A389B4
:10D8400023F02403A3810023636023692360A38959
:10D8500043F00803A38123694BB9A38903F4207320
:10D86000B3F5007F03D02146304600F00DFAA089C1
:10D87000B4F90C2010F001030AD00023A3606369FF
:10D880005B42A361236943B910F08000BAD170BD37
:10D89000810758BF6369A360F4E70020F7E700BF82
:10D8A000F40E002028670308486703080867030888
:10D8B00008B5062000F050FA0120F9F713FE000029
:10D8C0008A892DE9F041054610070C4658D44B686B
:10D8D000002B05DC0B6C002B02DC0020BDE8F08186
:10D8E000E66A002EF9D0002312F480522F682B60D4
:10D8F00032D0606DA3895A0705D56368C01A636B7F
:10D900000BB1236CC01A00230246E66A216A28463E
:10D91000B047431CA38906D129681D292CD82A4A5F
:10D92000CA40D60728D500226260D9042269226045
:10D9300004D5421C01D12B6803B96065616B2F606F
:10D940000029CAD004F14403994202D02846F9F7CD
:10D9500087FF00206063C1E7216A01232846B047A2
:10D96000411CC7D12B68002BC4D01D2B01D0162B16
:10D9700001D12F60B1E7A38943F04003A381ADE754
:10D980000F69002FA9D093070E6808BF4B690F607D
:10D9900018BF0023A6EB07088B60B8F1000F9CDDD1
:10D9A000216AA66A43463A462846B047002806DC64
:10D9B000A38943F04003A3814FF0FF308EE7074473
:10D9C000A8EB0008E9E700BF0100402038B50B696B
:10D9D00005460C4613B90025284638BD18B18369A1
:10D9E0000BB900F087F8144B9C421BD16C68B4F95A
:10D9F0000C30002BEFD0626ED00704D4990502D40E
:10DA0000A06D00F017F928462146FFF759FF636E15
:10DA1000DA070546E0D4A3899B05DDD4A06D00F0AC
:10DA20000BF9D9E7054B9C4201D1AC68DFE7044B09
:10DA30009C4208BFEC68DAE72867030848670308D8
:10DA400008670308002310B50446C0E90033C0E9A5
:10DA50000433836081814366C28183611946082251
:10DA60005C30FCF775FA054B6362054BA362054B0E
:10DA7000E362054B2462236310BD00BF91DD020801
:10DA8000B5DD0208EDDD020811DE0208014900F0F3
:10DA9000AFB800BFCDD9020870B568224D1E5543FE
:10DAA0000E4605F17401F9F7D7FE044640B1002196
:10DAB000C0E900160C30A06005F16802FCF748FAD6
:10DAC000204670BD014800F0B5B800BFE8740020E2
:10DAD000014800F0B1B800BFE8740020014800F030
:10DAE000A9B800BFE9740020014800F0A5B800BF44
:10DAF000E974002010B50446FFF7F0FFA3691BB1DD
:10DB0000BDE81040FFF7F0BFC4E912332365134BA3
:10DB1000134A1B68A262A34204BF0123A3612046EB
:10DB200000F020F86060204600F01CF8A06020465D
:10DB300000F018F80022E06004216068FFF782FF1F
:10DB4000A06801220921FFF77DFFE068022212216F
:10DB5000FFF778FF0123A361D2E700BF68620308E3
:10DB60008DDA0208F8B50746FFF7ACFF1E4B1E68BA
:10DB7000B36913B93046FFF7BDFF4836D6E9013423
:10DB8000013B03D533680BB33668F7E7B4F90C50A3
:10DB9000D5B9164BE36004F15800656600F048F80B
:10DBA000FFF796FFC4E90155C4E904552560A56156
:10DBB0000822294604F15C00FCF7CAF9C4E90D55B6
:10DBC000C4E912552046F8BD6834D9E70421384627
:10DBD000FFF762FF044630600028D5D1FFF778FFD9
:10DBE0000C233B60EEE700BF686203080100FFFF03
:10DBF0002DE9F8430646884600F148040027D4E999
:10DC00000195B9F1010905D52468002CF7D13846F2
:10DC1000BDE8F883AB89012B07D9B5F90E30013384
:10DC200003D029463046C04707436835E9E700007E
:10DC300070470000704700007047000070B50E4646
:10DC4000B1F90E10002996B014461D4608DAB6F94F
:10DC50000C3000222A601A0610D44FF480630EE0C4
:10DC60006A4600F0FBF80028F1DB019A02F47042EA
:10DC7000A2F500535A425A412A60EEE740230020A1
:10DC8000236016B070BD00008B8973B59D070646F2
:10DC90000C4607D504F14703236023610123636128
:10DCA00002B070BD01AB6A46FFF7C8FF0099054698
:10DCB0003046F9F7D1FD48B9B4F90C309A05EFD4E4
:10DCC00023F0030343F00203A381E3E70D4BB362A8
:10DCD000A389206043F08003A381009B6361019BC3
:10DCE00020615BB1B4F90E10304600F0C9F828B1DC
:10DCF000A38923F0030343F00103A381A089054313
:10DD0000A581CDE78DDA02081F2938B504460D46F6
:10DD100004D9162303604FF0FF3038BD426C12B1B6
:10DD200052F821304BB9204600F030F82A4601461F
:10DD30002046BDE8384000F017B8012B0AD0591C26
:10DD400003D1162303600120E7E7002442F82540B1
:10DD5000284698470020E0E7024B01461868FFF785
:10DD6000D3BF00BFF40E002038B5074D0023044692
:10DD7000084611462B60F9F7B9FB431C02D12B680A
:10DD800003B1236038BD00BFEC740020F9F7A8BBD5
:10DD900010B50C46B1F90E1000F094F80028ABBF96
:10DDA000636DA3891B1823F48053ACBF6365A38103
:10DDB00010BD00002DE9F0411F468B89DB050546AB
:10DDC0000C46164605D5B1F90E100223002200F0CC
:10DDD00067F8A389B4F90E1023F48053A381324667
:10DDE0003B462846BDE8F04100F016B810B50C4699
:10DDF000B1F90E1000F054F8431CA38915BF6065FB
:10DE000023F4805343F48053A38118BFA38110BD32
:10DE1000B1F90E1000F012B838B5074D04460846A7
:10DE2000114600222A601A46F9F74EFB431C02D124
:10DE30002B6803B1236038BDEC74002038B5064D63
:10DE40000023044608462B60F9F742FB431C02D12D
:10DE50002B6803B1236038BDEC74002038B5074D42
:10DE600000230446084611462B60F9F733FB431C98
:10DE700002D12B6803B1236038BD00BFEC740020D1
:10DE800038B5064D0023044608462B60F9F726FBFB
:10DE9000431C02D12B6803B1236038BDEC74002011
:10DEA00038B5074D04460846114600222A601A4636
:10DEB000F9F708FB431C02D12B6803B1236038BD7E
:10DEC000EC74002038B5074D044608461146002280
:10DED0002A601A46F9F7F2FA431C02D12B6803B103
:10DEE000236038BDEC740020020000000100000037
:10DEF00008E50208030000000100000011E5020827
:10DF000004000000040000001AE5020805000000FB
:10DF10000400000024E502080600000004000000E0
:10DF20002FE5020814000000010000003AE5020895
:10DF300001000200080009000C00000000000000C1
:10DF40000B00000001000000EEE2020808000000E3
:10DF50001300000004000000B0F9020818000000DF
:10DF60001900000003000000BAF9020841505F5098
:10DF70006172616D206D7573742062652073696EC6
:10DF8000676C65746F6E0041505F506572697068B0
:10DF90005F4657206D7573742062652073696E67E4
:10DFA0006C65746F6E0000005265626F6F74206163
:10DFB00066746572207761746368646F6720726548
:10DFC0007365740A000000004953522025752F25FF
:10DFD0007500257320535441434B3D25752F2575FE
:10DFE0000A000000494552522030782578202575D6
:10DFF00000000000464F524D41545F564552534970
:10E000004F4E0043414E5F4E4F44450043414E5FEB
:10E01000424155445241544500464C4153485F42A9
:10E020004F4F544C4F4144455200444542554700E0
:10E030004252445F53455249414C5F4E554D004753
:10E040005053004750535F504F5254004750535F56
:10E050004D425F4F4E4C595F504F52540042415415
:10E060005400424154545F484944455F4D41534B2D
:10E07000004152535044004F5554004553435F52A2
:10E08000415445004553435F50574D5F54595045E7
:10E09000004553435F434D445F54494D4F00524543
:10E0A0004C415900F4DF0208F0100020000000008D
:10E0B000000000000200000003E00208F21000204F
:10E0C0000000000000000300020000000CE0020855
:10E0D000F410002000247449000004000300000034
:10E0E00019E00208F81000200000000000000A00FB
:10E0F000010000002AE002080211002000000000D8
:10E10000000012000100000030E0020804110020AD
:10E110000000000000001300030000003FE00208C0
:10E120003811002020EB020800000100060000006A
:10E1300043E00208F9100020000000400000170032
:10E14000010000004CE00208FA100020000000006E
:10E1500000002400010000005DE0020878140020A7
:10E160001CE60208000011000600000062E0020840
:10E17000081100200000000000004400030000001F
:10E1800071E002082C15002020FA020800000800A7
:10E190000600000077E002089C150020A04003085C
:10E1A00000001500060000007BE00208FC100020C3
:10E1B0000000C843000051000200000084E0020893
:10E1C000FE1000200000000000001A000100000006
:10E1D00091E00208001100200000484300003200D6
:10E1E000020000009EE002084A1600207841030861
:10E1F00000004B0006000000C4F802080C110020CB
:10E200000000000000004F0003000000F2E60208DA
:10E2100000000000000000000000000000000000FE
:10E22000257320256C64006F72672E6172647570AF
:10E23000696C6F742E4265796F6E64526F626F7491
:10E2400069784D2D5065726970680000416C6C6F83
:10E25000636174696F6E2072657175657374206691
:10E26000726F6D20616E6F7468657220616C6C6F87
:10E2700063617465650A004D69736D6174636869F3
:10E280006E6720616C6C6F636174696F6E2072657C
:10E2900073706F6E73650A004D61746368696E67B1
:10E2A00020616C6C6F636174696F6E20726573704E
:10E2B0006F6E73653A2025640A0049462564204E36
:10E2C0006F646520494420616C6C6F6361746564A0
:10E2D0003A2025640A0000002573282575290000CE
:10E2E0004750535F5459504500475053315F54597C
:10E2F00050450000526573746172744E6F64650A14
:10E300000000000057616974696E6720666F7220B3
:10E3100064796E616D6963206E6F64652049442085
:10E32000616C6C6F636174696F6E2025782E2E2E80
:10E330002028706F6F6C202575290A005741524EB6
:10E34000494E473A20454E4C41524745204D454D98
:10E350004F525920504F4F4C0A00656E74657269D8
:10E360006E67206C6F636B75700A00656E74657202
:10E37000696E67206661756C740A00466C6173682B
:10E3800020626F6F746C6F61646572204F4B0A007E
:10E39000426F6F746C6F6164657220756E63686143
:10E3A0006E6765640A00466C61736820626F6F7403
:10E3B0006C6F61646572204641494C45440A000017
:10E3C000030303030202010041505F50657269704C
:10E3D000682056312E382E302D64657620286666EA
:10E3E00063386266303829006666633862663038A2
:10E3F0000041505F5065726970682056312E382E8A
:10E40000302D6465760043686962694F5300346655
:10E410003334653231370000FB72657677667061A0
:10E4200000020400090A9113010800000000000026
:10E43000C8E30208E8E3020808BFC8FF00000000C4
:10E44000F1E30208000000000000000006E40208FA
:10E450000EE402080000000000000000BDEE00080D
:10E4600049AE0108CDEE0008D1EE0008D1EF00085A
:10E4700021EF0008D5EE0008D9EE0008DDEE000817
:10E48000E1EE0008E5EE0008E9EE0008EDEE000818
:10E49000F1EE000849AE01087DEF0008F5EE000836
:10E4A00049AE010849AE010800000000000000006C
:10E4B00045F1000849F10008737461636B206F76C1
:10E4C0006572666C6F772025730000000000000005
:10E4D000000000007DF5000899F5000809F4000827
:10E4E00021F400089DF5000845F4000835F5000802
:10E4F00049F4000851F4000855F500084DF40008EF
:10E50000696E66006E616E00564F4C545F50494E06
:10E5100000435552525F50494E00564F4C545F4D88
:10E52000554C5400414D505F504552564C5400419B
:10E530004D505F4F4646534554004932435F425564
:10E540005300000041505F426174744D6F6E6974F6
:10E550006F72206D7573742062652073696E676CCD
:10E5600065746F6E00000000424154542558002528
:10E57000735F2573004D4F4E49544F520000000009
:10E58000637269746963616C006C6F77006D6973A5
:10E5900073696E672C206C6173743A004261747405
:10E5A00065727920256420697320257320252E3219
:10E5B0006656207573656420252E3066206D41688F
:10E5C000000000000000000000000000B902010887
:10E5D000BD020108C5BA01082DBB01088D02010862
:10E5E00091020108AD0201089D020108A50201087F
:10E5F000E5B5010819B8010815BB01086DB6010899
:10E60000D1B90108B1020108950201089902010877
:10E61000B5020108E9BC0108B5BE0108C8EA020854
:10E620000400000064E6020801001706C8EA0208B8
:10E6300090000000B02E002012002906F2E6020829
:10E6400000000000000000000000FF0000000000CB
:10E6500000000000C9020108434150414349545998
:10E660000000000075E50208240000000000000022
:10E670000400010158E6020800000000000000004C
:10E680000000070334E0020804000000000080BF1F
:10E6900000000903F2E6020800000000000000008C
:10E6A0000000FF0042616420706172616D657465F5
:10E6B00072207461626C6500556E6B6E6F776E20B0
:10E6C000636F6E76657273696F6E20272573270AF4
:10E6D0000042616420636F6E76657273696F6E20AD
:10E6E0007479706520272573270A00002C203D09C6
:10E6F0000D0A0040524541444F4E4C590000000065
:10E7000041505F506172616D3A204661696C656489
:10E7100020746F20616C6C6F63617465206F766527
:10E720007272696465730000454550524F4D206612
:10E73000756C6C0A000000004552524F523A205549
:10E740006E61626C6520746F2066696E6420706112
:10E7500072616D20706F696E7465720A000000004E
:10E76000010204040C0000005041524D4445460093
:10E770005537F4A0385D485B00020000000000003F
:10E780000000000000000000000000000000000089
:10E790000000000000000000000000000000000079
:10E7A0000000000000000000000000000000000069
:10E7B0000000000000000000000000000000000059
:10E7C0000000000000000000000000000000000049
:10E7D0000000000000000000000000000000000039
:10E7E0000000000000000000000000000000000029
:10E7F0000000000000000000000000000000000019
:10E800000000000000000000000000000000000008
:10E8100000000000000000000000000000000000F8
:10E8200000000000000000000000000000000000E8
:10E8300000000000000000000000000000000000D8
:10E8400000000000000000000000000000000000C8
:10E8500000000000000000000000000000000000B8
:10E8600000000000000000000000000000000000A8
:10E870000000000000000000000000000000000098
:10E880000000000000000000000000000000000088
:10E890000000000000000000000000000000000078
:10E8A0000000000000000000000000000000000068
:10E8B0000000000000000000000000000000000058
:10E8C0000000000000000000000000000000000048
:10E8D0000000000000000000000000000000000038
:10E8E0000000000000000000000000000000000028
:10E8F0000000000000000000000000000000000018
:10E900000000000000000000000000000000000007
:10E9100000000000000000000000000000000000F7
:10E9200000000000000000000000000000000000E7
:10E9300000000000000000000000000000000000D7
:10E9400000000000000000000000000000000000C7
:10E9500000000000000000000000000000000000B7
:10E9600000000000000000000000000000000000A7
:10E9700000000000000000000000000053746F72EF
:10E980006167654D616E616765723A20657261739A
:10E9900065206661696C65640A00000041505F474C
:10E9A0005053206D7573742062652073696E676CB7
:10E9B00065746F6E000000004750532025643A20B4
:10E9C0006465746563746564202573004750533231
:10E9D0005F5459504500475053315F474E53535F82
:10E9E0004D4F444500475053325F474E53535F4DA0
:10E9F0004F444500475053315F524154455F4D539A
:10EA000000475053325F524154455F4D53004750C9
:10EA100053315F504F5300475053325F504F5300B4
:10EA2000475053315F44454C41595F4D5300475067
:10EA300053325F44454C41595F4D53004750533169
:10EA40005F434F4D5F504F525400475053325F4326
:10EA50004F4D5F504F5254005F4E415646494C5403
:10EA60004552005F4155544F5F5357495443480046
:10EA70005F534241535F4D4F4445005F4D494E5FE8
:10EA8000454C4556005F494E4A4543545F544F003C
:10EA90005F5241575F44415441005F534156455FC7
:10EAA000434647005F4155544F5F434F4E464947E9
:10EAB000005F4452565F4F5054494F4E53005F50D1
:10EAC00052494D41525900315F00325F0000000051
:10EAD0008025000000C20100C0120000004B0000B1
:10EAE0000096000000E10000008403000008070019
:10EAF000B56206010300010601124F245055425829
:10EB00002C34312C312C303032332C303030312C0D
:10EB10003233303430302C302A31450D0A000000B9
:10EB200058EA02086C0000000000004100000201E9
:10EB300063EA02086D0000000000803F000003014E
:10EB400070EA0208780000000000004000000501A3
:10EB50007BEA0208790000000000C8C2000006013C
:10EB600085EA0208700000000000FE420000070174
:10EB700090EA02087A00000000000000000009018D
:10EB80009AEA02087B0000000000004000000B0130
:10EB9000A4EA02087C0000000000803F00000D0194
:10EBA000B1EA02087E00000000000000000016022A
:10EBB000BEEA0208800000000000000000001B0107
:10EBC000C7EA020800000000D4ED02080100200698
:10EBD000CAEA020824000000D4ED02080100210660
:10EBE000F2E6020800000000000000000000FF0044
:10EBF000B56206010300010601124F245055425828
:10EC00002C34312C312C303032332C303030312C0C
:10EC10003131353230302C302A31430D0A000000BA
:10EC2000B56206010300010601124F2450554258F7
:10EC30002C34312C312C303032332C303030312CDC
:10EC40003436303830302C302A31310D0A00000093
:10EC500047534F460000000047534F4620696E73EC
:10EC600074616E636520256420686173206E6F2077
:10EC7000706F72740047534F4620696E7374616EF3
:10EC800063652025642068617320696E76616C6914
:10EC90006420434F4D20706F7274207365747469E3
:10ECA0006E67206F662025640000000000000000F1
:10ECB00000000000593A01085D3A0108CD3D010805
:10ECC0004D3A01081D3A0108956D0108213A0108E5
:10ECD000253A0108313A0108353A0108513A01084C
:10ECE000393A01083D3A0108413A0108453A01081C
:10ECF000493A01084E4F5641000000000D0A0D0A26
:10ED0000756E6C6F67616C6C0D0A006C6F672062CA
:10ED1000657374706F7362206F6E74696D652030F7
:10ED20002E322030206E6F686F6C640D0A00000078
:10ED30006C6F67206265737476656C62206F6E74A9
:10ED4000696D6520302E322030206E6F686F6C64E4
:10ED50000D0A006C6F6720707372646F7062206FB1
:10ED60006E74696D6520302E322030206E6F686FB2
:10ED70006C640D0A00000000FCEC02080BED0208B8
:10ED800030ED020853ED0208000000000000000012
:10ED9000C93E0108CD3E01088D420108BD3E010873
:10EDA0001D3A0108956D0108213A0108253A01082C
:10EDB000313A0108353A0108C13E0108393A0108E3
:10EDC0003D3A0108413A0108453A0108493A01082B
:10EDD0004D425F00EEE2020800000000000000006B
:10EDE00004000101DBE9020801000000000000004E
:10EDF00000000201F9E90208020000000000484397
:10EE00000000030213EA02080400000000000000F2
:10EE10000000040525EA02081000000000000000C0
:10EE20000000050241EA0208120000000000803FD5
:10EE300000000601D0ED02081400000034F80208BA
:10EE400001000706F2E602080000000000000000D2
:10EE50000000FF00534246004750532025753A20DA
:10EE6000534246206973206E6F742066756C6C790E
:10EE700020636F6E66696775726564202825752F3B
:10EE800025752F25752F2575290000000A5353532A
:10EE9000535353535353530A000000004750532019
:10EEA00025753A20534246206572726F722063685E
:10EEB000616E67656420283078253038782F307887
:10EEC0002530387829000000656D642C2044534BB0
:10EED000312C204D6F756E740A000000475053208E
:10EEE00025643A20534246206469736B206973207D
:10EEF0006E6F74206D6F756E74656400475053209B
:10EF000025643A20417474656D7074696E6720746D
:10EF10006F206D6F756E74206469736B004750537A
:10EF20002025643A20534246206469736B2069733C
:10EF30002066756C6C004750532025643A2053427C
:10EF400046206973206E6F742063757272656E74EB
:10EF50006C79206C6F6767696E67000053424620CA
:10EF6000756E6D6F756E74696E67206469736B0082
:10EF7000656D642C2044534B312C20556E6D6F759C
:10EF80006E740A006E6F6E65005254537C43545386
:10EF9000002B417474436F7645756C65722B417517
:10EFA00078416E74506F736974696F6E73002B478C
:10EFB000414C494C454F002B424549444F55002B8D
:10EFC000515A5353002B474C4F4E415353004D75EC
:10EFD0006C7469416E74656E6E61007363732C436B
:10EFE0004F4D25642C6261756425642C62697473CD
:10EFF000382C4E6F2C626974312C25730A007373A0
:10F000006F2C53747265616D25642C434F4D2564DC
:10F010002C50565447656F64657469632B444F5098
:10F020002B52656365697665725374617475732BD1
:10F0300056656C436F7647656F64657469632B42F0
:10F04000617365566563746F7247656F6425732CD1
:10F050006D7365633130300A007373742C2025732F
:10F06000257325732573257325730A007373742C18
:10F07000202D53424153007367612C2025730A00F1
:10F08000736E742C2B47454F4C312B47454F4C35F5
:10F09000007373742C2B5342415300737362632CBF
:10F0A0006175746F2C4F7065726174696F6E616CFD
:10F0B0002C4D6978656453797374656D732C617533
:10F0C000746F007372642C4D6F6465726174652C8B
:10F0D0005541560073656D2C5056542C3500737095
:10F0E0006D2C526F7665722C616C6C0073736F2C93
:10F0F00053747265616D322C44736B312C706F7375
:10F100007470726F636573732B6576656E742B63B1
:10F110006F6D6D656E742B526563656976657253AC
:10F1200074617475732C6D73656331303000434FB7
:10F130004D0055534200495031004E545200495041
:10F14000530049505200000080F0020891F002087C
:10F150009BF002082EF1020832F1020836F1020893
:10F160003AF102083EF1020842F10208C3F0020837
:10F17000D4F00208DEF00208ECF002080000000003
:10F18000000000007D4301088D430108B54D0108D2
:10F190003143010855430108956D0108E143010819
:10F1A0003D4301086D430108A143010835430108AF
:10F1B000194D01083D3A0108413A01084943010847
:10F1C000493A0108752D626C6F7800004750532052
:10F1D00025753A20752D626C6F7820257320636F3A
:10F1E0006E66696775726174696F6E20307825305C
:10F1F000327800004750532025643A20752D626C08
:10F200006F7820736176696E6720636F6E666967D9
:10F2100000000000752D626C6F782025643A20662E
:10F2200061696C6564205254434D7633207061727D
:10F2300073657220616C6C6F636174696F6E00003E
:10F240004750532025753A20756E61626C652074B5
:10F250006F20636F6E6669677572652062616E64A8
:10F2600020307825303278004D4F443D00752D62B6
:10F270006C6F78202573257325642048573A202524
:10F28000732053573A2025730030303139303030F5
:10F29000300045585420434F52452031005A4544D0
:10F2A0002D463950004E454F2D4639500045585493
:10F2B00020434F5245203400303030413030303020
:10F2C000004C314C3500752D626C6F782073757071
:10F2D000706F727473204C352042616E6400556EFD
:10F2E0006578706563746564207374617465202546
:10F2F000640057726F6E672055626C6F78204861AA
:10F300007264776172652056657273696F6E2575D8
:10F310000A0000006E617669676174696F6E207221
:10F3200061746500706F736C6C6820726174650045
:10F33000737461747573207261746500736F6C759A
:10F3400074696F6E20726174650076656C6E6564B9
:10F35000207261746500646F70207261746500686A
:10F3600077206D6F6E69746F7220726174650068CA
:10F370007732206D6F6E69746F72207261746500F0
:10F3800072617720726174650076657273696F6E61
:10F39000006E617669676174696F6E20736574745D
:10F3A000696E677300474E53532073657474696EBA
:10F3B000677300534241532073657474696E6773B9
:10F3C0000050565420726174650074696D65207038
:10F3D000756C73652073657474696E677300544946
:10F3E0004D4547505320726174650054696D652026
:10F3F0006D6F64652073657474696E677300525431
:10F400004B204D420054494D20544D3200463900A6
:10F410004D3130004C3520456E61626C6520446989
:10F420007361626C650000000101020408000000C5
:10F4300014F3020824F3020830F302083CF3020834
:10F440004AF3020856F302085FF302086FF302085A
:10F4500080F3020889F3020891F30208A5F3020879
:10F46000B3F30208C1F30208CAF30208DEF302088C
:10F47000EBF30208FEF3020805F402080DF402089B
:10F4800010F4020814F402082200311001000000F8
:10F490000D003110000000000F00311001000000CD
:10F4A0002500311000000000240031100100000090
:10F4B00012003110010000001400311001000000A2
:10F4C000210011200800000001003210000000009F
:10F4D00001003210010000000400311001000000A2
:10F4E0000400741001000000040076100000000009
:10F4F0008E009120000000008F009120000000008D
:10F50000FF02912001000000820391200100000011
:10F51000CD02912001000000D202912001000000E4
:10F520001903912001000000D70291200100000082
:10F53000040391200100000000039120000000005E
:10F540008303912000000000CE0291200000000003
:10F55000D3029120000000001A0391200000000057
:10F56000D802912000000000050391200000000057
:10F57000050053100100000001005340000807007F
:10F580000400761001000000040074100000000068
:10F5900004007310010000008F00912000000000A3
:10F5A0008E00912000000000000391200100000067
:10F5B0008303912001000000CE0291200100000091
:10F5C000D3029120010000001A03912001000000E5
:10F5D000D8029120010000000503912001000000E5
:10F5E000FF02912000000000820391200000000033
:10F5F000CD02912000000000D20291200000000006
:10F600001903912000000000D702912000000000A3
:10F6100004039120000000000400761000000000A8
:10F6200004007310010000000400751000000000C9
:10F630008E009120010000008F009120000000004A
:10F64000FF029120000000008203912000000000D2
:10F65000CD02912000000000D202912000000000A5
:10F660001903912000000000D70291200000000043
:10F67000040391200000000000039120000000001E
:10F680008303912000000000CE02912000000000C2
:10F69000D3029120000000001A0391200000000016
:10F6A000D802912000000000050391200000000016
:10F6B000050053100100000001005340000807003E
:10F6C0000400761000000000040075100100000026
:10F6D00004007310000000008E0091200100000063
:10F6E0008F00912000000000000391200000000026
:10F6F0008303912000000000CE0291200000000052
:10F70000D3029120000000001A03912000000000A5
:10F71000D8029120000000000503912000000000A5
:10F72000FF029120000000008203912000000000F1
:10F73000CD02912000000000D202912000000000C4
:10F740001903912000000000D70291200000000062
:10F7500004039120000000000000000000000000F1
:10F760000D51010831510108556B0108A1500108E4
:10F77000A5500108956D0108D15001086951010893
:10F78000C5590108353A0108C9500108393A01083C
:10F79000455101085D510108BD500108493A010871
:10F7A000000000001F06000000000000475053202A
:10F7B00025643A2070726F62696E6720666F7220EE
:10F7C00025732061742025642062617564004750B0
:10F7D000532025643A207370656369666965642007
:10F7E000617320257300000000000000000000008D
:10F7F000000000000000000049AE0108916D010802
:10F800001D3A0108956D0108213A0108253A0108C1
:10F81000313A0108353A010849AE0108393A010880
:10F820003D3A0108413A0108453A0108493A0108C0
:10F830004F465300EEE20208000000000000000006
:10F840000400010130F8020804000000000000007C
:10F8500000000205F2E602080000000000000000BF
:10F860000000FF00556E61626C6520746F20736547
:10F87000747570206F7074696F6E7320666F72207C
:10F8800053657269616C25750A000000305F424162
:10F89000554400305F50524F544F434F4C00315F3E
:10F8A00050524F544F434F4C00315F42415544003A
:10F8B000325F50524F544F434F4C00325F424155DC
:10F8C0004400315F4F5054494F4E5300325F4F5008
:10F8D00054494F4E53005F5041535331005F5041E4
:10F8E000535332005F5041535354494D4F00000071
:10F8F0008CF80208000000000000E642000000034F
:10F9000093F80208060000000000004000000B0110
:10F910009EF802080E000000000080BF00000101F8
:10F92000A9F8020808000000000064420000020379
:10F93000B0F8020816000000000080BF00000301BC
:10F94000BBF802081000000000006442000004033D
:10F95000C2F802080C0000000000000000000E02C7
:10F96000CCF80208140000000000000000000F02A4
:10F97000D6F802082000000000000000000014017A
:10F98000DDF8020821000000000080BF0000150122
:10F99000E4F8020822000000000070410000160197
:10F9A000F2E6020800000000000000000000FF0076
:10F9B0005053495F52414E47450044455649440023
:10F9C00041505F4169727370656564206D75737431
:10F9D0002062652073696E676C65746F6E0000004D
:10F9E000546F6F206D616E79206169727370656507
:10F9F0006420647269766572730041697273706520
:10FA0000656420257520696E6974206661696C657E
:10FA10006400000041525350445F25730000000011
:10FA2000C8EA02081400000040FA020801001C069F
:10FA3000F2E6020800000000000000000000FF00E5
:10FA4000EEE20208080000000000000004000101CE
:10FA5000B0F90208040000000000803F0000090423
:10FA6000BAF90208000000000000000020000B03AB
:10FA7000F2E6020800000000000000000000FF00A5
:10FA8000626F6F746C6F616465722E62696E0000E4
:10FA900000090020B1010008952300084D2300084B
:10FAA000752300084D2300086D230008B3010008EA
:10FAB000B3010008B3010008B30100084134000895
:10FAC000B3010008B3010008B3010008B301000846
:10FAD000B3010008B3010008B3010008B301000836
:10FAE000B3010008B301000899410008C1410008B2
:10FAF000E94100081142000839420008B30100083A
:10FB0000B3010008B3010008B3010008B301000805
:10FB1000B3010008B3010008B30100080123000885
:10FB20002D2300083D230008B301000861420008AE
:10FB3000B3010008B3010008B3010008B3010008D5
:10FB400035430008B3010008B3010008B301000801
:10FB5000B3010008B3010008B3010008B3010008B5
:10FB6000B3010008B3010008B3010008B3010008A5
:10FB7000C5420008B3010008B3010008B301000842
:10FB8000B3010008B3010008B3010008B301000885
:10FB9000B3010008B3010008B3010008B301000875
:10FBA000B3010008B3010008B3010008B301000865
:10FBB000B3010008B3010008B3010008B301000855
:10FBC000B3010008B3010008B3010008B301000845
:10FBD000B3010008B3010008B3010008B301000835
:10FBE000B3010008B3010008B3010008B301000825
:10FBF000B3010008B3010008B3010008B301000815
:10FC0000B3010008B3010008B3010008B301000804
:10FC1000B3010008B3010008B3010008B3010008F4
:10FC2000B3010008B3010008B3010008B3010008E4
:10FC3000010F0008000000000000000000000000AC
:10FC400002E000F000F8FEE772B6374880F308885B
:10FC5000364880F3098836483649086040F200008B
:10FC6000CCF200004EF63471CEF200010860BFF312
:10FC70004F8FBFF36F8F40F20000C0F2F0004EF6DE
:10FC80008851CEF200010860BFF34F8FBFF36F8F32
:10FC90004FF00000E1EE100A4EF63C71CEF200018A
:10FCA0000860062080F31488BFF36F8F03F0D8FD3F
:10FCB00003F05AFE4FF055301F491B4A91423CBF9A
:10FCC00041F8040BFAE71D49184A91423CBF41F83C
:10FCD000040BFAE71A491B4A1B4B9A423EBF51F8E4
:10FCE000040B42F8040BF8E700201849184A914227
:10FCF0003CBF41F8040BFAE703F0B6FD03F086FEC3
:10FD0000144C154DAC4203DA54F8041B8847F9E74C
:10FD100000F042F8114C124DAC4203DA54F8041BC7
:10FD20008847F9E703F09EBD00090020001100207C
:10FD30000000000808ED00E000010020000900209C
:10FD400040450008001100207C1100208011002097
:10FD5000043B0020A0010008A4010008A401000841
:10FD6000A40100082DE9F04F2DED108AC1F80CD048
:10FD7000C3689D46BDEC108ABDE8F08F002383F375
:10FD800011882846A047002003F012FAFEE703F08E
:10FD90009BF900DFFEE70000F8B500F00BFE03F072
:10FDA00001FD074603F052FD0646C0BB274B9F42AC
:10FDB00035D001339F4235D0254B27F0FF029A42C0
:10FDC00033D1F8B200F03AFC354642F2107400F03C
:10FDD0003BFC08B10024254601F0E2F848B30320BB
:10FDE00000F03AF80024254636B11A4B9F4203D062
:10FDF00003F024FD00242546002003F0DDFC0DB1B6
:10FE000000F040F800F054FC02F014F80546ACB9DC
:10FE100000F096FC4FF47A7003F0D0F9F7E735461E
:10FE20000024D4E704460125D1E705464FF47A744F
:10FE3000CDE7B4F57A7F08BF0125D5E701F0FAFFD9
:10FE4000431BA342E4D900F01DF8DDE7010007B031
:10FE5000000008B0263A09B0084B187003280CD8E7
:10FE6000DFE800F008050208022000F001BE0220D1
:10FE700000F0F4BD024B00225A6070478011002050
:10FE80008411002010B501F08BF830B1234B032210
:10FE90001A70234B00225A6010BD224B224A1C4686
:10FEA00019680131F8D004339342F9D16268A24253
:10FEB000F2D31E4B9B6803F1006303F520439A4283
:10FEC000EAD203F08DFC03F09FFC002000F08CFDD3
:10FED0000220FFF7C1FF164B9A6D00229A65996FB9
:10FEE0009A67996FD96DDA65D96FDA67D96F196E2C
:10FEF0001A66D3F88010C3F88020D3F8803072B629
:10FF00004FF0E0233021C3F8084DD4E9003281F3EB
:10FF100011889D4683F308881047BDE780110020B3
:10FF20008411002000A0000820A00008001100207B
:10FF300000100240094A136849F2690099B21B0C8B
:10FF400000FB01331360064B186844F2506182B223
:10FF5000000C01FB0200186080B2704714110020F1
:10FF60001011002010B500211022044600F09AFD67
:10FF7000034B03CB206061601868A06010BD00BF18
:10FF80009075FF1FF0B5ADF5517D6EAC4FF4C472A6
:10FF900007460D462046002100F084FD01F04AFF8F
:10FFA000264B4FF47A72B0FBF2F0186093E807002A
:10FFB000022384E807000DF5ED702382FFF7D2FFDE
:10FFC0004FF611031E49238406A803F097FF23234D
:10FFD00084F832310DF2EB2206AB0DF1380C1E46DF
:10FFE00003CE664510605160334602F10802F6D137
:10FFF0003188B37893700FAE1180204631460122CC
:020000040803EF
:1000000000F09CFD00230393AB7E029305F11903DE
:10001000019380B20123CDE904600093E97E05A33A
:10002000D3E90023384602F023FB0DF5517DF0BDE6
:10003000AFF300809E6AC421818A46EE8C110020B5
:100040007C4400082DE9F0412C4C237ADAB080463C
:100050000D465BBB27A9284600F096FE0746002800
:1000600042D19DF89D60C82E3ED801464FF4A6624D
:10007000204600F017FD4FF48073C4F8F8314FF4B8
:100080000073C4F80C334FF44073C4F82034324684
:100090000DF19E0104F1090000F0F2FC26449DF8E8
:1000A0009C30777223720BB9EB7E23728122002180
:1000B00006AC27A800F0F6FC0122214627A800F094
:1000C000A9FE00230393AB7E029305F1190380B2CE
:1000D00001932823CDE904400093E97E05A3D3E9E9
:1000E0000023404602F0C4FA5AB0BDE8F08100BFD8
:1000F000AFF3008026417272DF25D7B7D4210020EC
:10010000F0B5254E4FF48A7505FB0065F1B096F801
:10011000D83085F8DC300024D822214685F8E84024
:100120003AA800F0BFFC06F1090000F0B3FCD5F8D6
:10013000E4308DF8F000C2B206AF06F109010DF10E
:10014000F100CDE93A3400F09BFC394601223AA88F
:1001500000F096FE80B2CDE9047008230127CDE9B6
:10016000023706F1D803019330230093317A0B480C
:1001700007A3D3E9002302F07BFAA04206DD01F0D9
:1001800059FEC5F8E000384671B0F0BD2046FBE7E7
:1001900078F6339F93CACD8DD4210020A42100206E
:1001A0002DE9F0411D4D1E4E1E4F86B0284602F02F
:1001B0008BFA034658B30024CDE90344ADF814404C
:1001C000027B8DF8142099684068029403AA03C248
:1001D0001B68DFF8548043F00043029301F02CFECB
:1001E000821941F10003009402A9384601F0C0F8D9
:1001F000A04205DD284602F06BFA88F80040D5E7FA
:1002000098F80030072B05D8013388F8003006B085
:10021000BDE8F081014802F05BFAF8E7A421002074
:1002200040420F00102700200927002070B50D461E
:1002300014461E4602F078F950B9022E10D1012C56
:100240000ED112A3D3E90023C5E90023012007E062
:10025000282C10D005D8012C09D0052C0FD0002057
:1002600070BD302CFBD10BA3D3E90023ECE70BA32B
:10027000D3E90023E8E70BA3D3E90023E4E70BA3CA
:10028000D3E90023E0E700BFAFF30080401DA120C9
:1002900026812A0B78F6339F93CACD8D9E6AC4219E
:1002A000818A46EE26417272DF25D7B7F017304AB1
:1002B00039059E5638B505460E4C0021013500F033
:1002C000B5FBA4F82C55B4F82C0500F097FB78B1D9
:1002D000B4F82C0500F0A2FB014648B9B4F82C058F
:1002E00000F0A4FBB4F82C350133A4F82C35EAE770
:1002F00038BD00BFD421002010B50A4B0A4A1A604D
:1003000003F5805393F870203AB9DC6E2CB1204687
:1003100000F0C4FE204601F001F8BDE8104003489B
:1003200000F0BCBE10270020DC4400086837002025
:100330002DE9F04F8FB000AF05460C4602F0F4F8FF
:1003400000284BD1237E022B1BD1E38A012B18D12D
:1003500001F070FD0646FFF7EDFD03464FF4C8704F
:10036000DFF8D482B3FBF0F206F5167602FB103309
:1003700016FA83F3C8F80030E37E33B9A74B0022A6
:100380001A703C37BD46BDE8F08F07F124012046C6
:1003900000F0AEFC0028F4D107F11400FFF7E2FDF5
:1003A00097F8264007F11401224607F1270003F0D1
:1003B00073FD0028E2D10F2C08D8984B1C70D8F898
:1003C0000030A3F51673C8F80030DAE797F8241068
:1003D0000029D6D0284602F09FF8D2E7E38A282BDE
:1003E00033D010D8012B2BD0052BCAD1BFF34F8FA0
:1003F0008B498C4BCA6802F4E0621343CB60BFF3B5
:100400004F8F00BFFDE7302BBBD1874EE17E327AA4
:100410009142B6D1607E3146002291F8DC5085428F
:1004200000F0AD800132042A01F58A71F5D13268FD
:1004300040F6B831FA328A4294BF32603160A0E7A8
:1004400021462846FFF79EFD9BE721462846FFF7F9
:10045000F9FD96E7B2F8EC507B6005F103094FEA2D
:1004600099094FEA8902D11DC908A8EBC1039D462D
:10047000EB460021584600F015FB04F1EE012A4638
:100480003144584600F0FCFA7B6813B9012000F0B3
:10049000ABFA96F8D20000F0B1FA044630B93072E7
:1004A00000F0CCFA204600F09FFAB0E0D6F8D42055
:1004B0003AB996F8D200B6F82C25824201D8FFF757
:1004C000F9FED6F8D4202A44944208D296F8D200F5
:1004D000B6F82C250130824201D8FFF7EBFE706898
:1004E0005FFA89F2594600F0E5FA08B9C54679E0A5
:1004F000726896F8D2002A447260D6F8D42005EBD0
:100500000209C6F8D49000F079FA814509D396F82B
:10051000D220D6F8D4000132001B86F8D220C6F8CB
:10052000D400FF2D0FD80024347200F087FA204643
:1005300000F05AFA00F034FD3C4B188108B9FFF77F
:10054000A1FCC5461DE7BB6896F8D9000AFB03620B
:10055000FB68D2F8E41082F8E83001F58061C2F857
:10056000E030C2F8E410FFF7CBFDFFF719FE96F874
:10057000D920013202F0030286F8D920B6E74FF401
:100580008A7A0AFB02F505F1EA013144204600F0BF
:10059000ABFCF86000287FF4F4AE3544012285F806
:1005A000E82001F047FCD5F8E020D6ED007ADFED39
:1005B000206A801A192838BF192040F6B8329042B4
:1005C00028BF1046B8EE677A07EE900AF8EEE77A91
:1005D00067EEA67ADFED176AE7EE267AFCEEE77A99
:1005E000C6ED007A96F8D9307168BB600AFB03F457
:1005F000321992F8E8505DB1D2F8E4308B42E84607
:100600003FF428AF002182F8E810C2F8E010C54698
:100610007368064A9B0A01331381B2E69D210020CC
:1006200000ED00E00400FA05D42100208C11002028
:10063000CDCCCC3D6666663FA0210020014B1870F2
:10064000704700BF9811002038B54FF00054144B8C
:1006500022689A4221D1607DF0B1124B1249187084
:100660001248237D03724FF48073C0F8F8314FF4C1
:100670000073C0F80C3300254FF44073C0F82034E9
:10068000C0F8E450C922093000F0FAF9E022294606
:10069000204600F007FA012038BD0020FCE700BF2B
:1006A0009AAD44C59811002016000020D4210020E6
:1006B00037B500F075FC194D194928810223012234
:1006C00018486B7101F050FA00230193164B17493B
:1006D00000931748174B4FF4805201F0F5FE164B6C
:1006E000197811B1124801F017FF01F0A3FB04467D
:1006F000FFF720FC4FF4C873B0FBF3F202FB1303C7
:1007000004F5167010FA83F00C4B186003F09EF895
:1007100008B10F232B8103B030BD00BF8C11002026
:1007200040420F00102700209D0700089C11002068
:10073000A4210020A108000898110020A021002079
:100740002DE9F04F2DED028B0FF23829D9E9008900
:10075000834C93B00BAE9FED7E8BFFF721FD814F55
:10076000DFF828A200230A93ADF834300B937360AE
:100770004FF0000B5B468DED008B01250DF11D0246
:1007800007A938468DF81C508DF81DB001F09AF974
:100790009DF81C30002B40F0A580204601F0C4FEDF
:1007A0000646002845D1704F01F044FB3B68984253
:1007B0003FD301F03FFB8246FFF7BCFB4FF4C87309
:1007C000B0FBF3F202FB13030AF5167010FA83F084
:1007D0003860664F97F800B0CBF1100ABBF1000FFC
:1007E00014BF33462B465FFA8AFA0EA88DF82830DC
:1007F000FFF7B8FBBAF1060F28BF4FF0060A0EABA1
:1008000003EB0B0152460DF1290000F039F90AAB58
:100810000393182302930AF10102554BD2B2CDE99A
:100820000053049220464CA3D3E9002301F0C2FEFA
:100830003E7001F0FFFA4F4A4F4D1368C31AB3F5EB
:100840007A7F2ED3106001F0F7FA02460B4620465D
:1008500001F048FF204601F067FE10B32B7A474EA7
:10086000002B14BF03230223737101F0E3FA0EAFD0
:100870004FF47A730122B0FBF3F039463060304612
:1008800000F00EFA182302933D4B019380B240F220
:100890005513CDE90370009342464B46204601F0C4
:1008A00089FE2B7A93B101F0C5FA002607464FF472
:1008B0008A7A95F8D900304400F003000AFB00530F
:1008C00093F8E82092B30136042EF2D1C82002F04A
:1008D00075FC2B7A002B7FF43DAF13B0BDEC028B7F
:1008E000BDE8F08FDAF8143083F00803CAF814304A
:1008F000594610220EA800F0D5F80DF11E0308AAE3
:100900000AA9384600F03AFE96E803000FAB83E8E8
:1009100003009DF834308DF844300A9B0E930EA9E5
:10092000DDE90823204602F0B1F821E7D3F8E02002
:1009300042B12B68FA2B38BFFA23BA1A0533B2EB4F
:10094000430FC0D3FFF7DCFB0028BCD1BEE700BFDC
:100950000000000000000000401DA12026812A0B9D
:10096000A421002010270020A02100209D2100208C
:100970009C21002004270020D42100208C1100207D
:1009800008270020F1C6A7C1D068080F000400485E
:1009900008B5054800F090FEBDE80840034A044948
:1009A000002003F055BA00BF102700203038002087
:1009B0006908000870B502F09DFD094E094D3080B0
:1009C000002428683388834208D902F08FFD2B6801
:1009D00004440133B4F5204F2B60F2D370BD00BF47
:1009E00024380020F837002002F036BE00F1006005
:1009F000920000F5204002F0B9BD0000054B1A68D6
:100A0000054B1B889B1A834202D9104402F06EBD2D
:100A100000207047F837002024380020024B1B6864
:100A2000184402F069BD00BFF8370020024B1B6874
:100A3000184402F073BD00BFF8370020064991F852
:100A4000243033B10023086A81F824300822FFF7EC
:100A5000CDBF0120704700BFFC370020022802BF35
:100A6000024B4FF400229A61704700BF0004004817
:100A7000022802BF014B08229A6170470004004817
:100A800010B50023934203D0CC5CC4540133F9E782
:100A900010BD000003460246D01A12F9011B0029BE
:100AA000FAD1704702440346934202D003F8011B77
:100AB000FAE770472DE9F8431F4D144695F82420B6
:100AC0000746884652BBDFF870909CB395F82430F7
:100AD0002BB92022FF2148462F62FFF7E3FF95F84C
:100AE0002400C0F10802A24228BF2246D6B24146E5
:100AF000920005EB8000FFF7C3FF95F82430A41B9C
:100B00001E44F6B2082E17449044E4B285F82460DF
:100B1000DBD1FFF793FF0028D7D108E02B6A03EB66
:100B200082038342CFD0FFF789FF0028CBD100207A
:100B3000BDE8F8830120FBE7FC3700202DE9F347EF
:100B40000D46044600219046284640F27912FFF7F0
:100B5000A9FF234620220021284601F039FF231D4A
:100B600002222021284601F033FF631D03222221A7
:100B7000284601F02DFFA31D03222521284601F060
:100B800027FF04F1080310222821284601F020FF46
:100B900004F1100308223821284601F019FF04F15E
:100BA000110308224021284601F012FF04F112032C
:100BB00008224821284601F00BFF04F114032022EB
:100BC0005021284601F004FF04F11803402270214F
:100BD000284601F0FDFE04F120030822B02128463A
:100BE00001F0F6FE04F121030822B821284601F0A5
:100BF000EFFE04F12207C0263B4631460822284674
:100C0000083601F0E5FEB6F5A07F07F10107F3D144
:100C100094F832308DF8073031460DF10703082281
:100C2000284601F0D5FE002604F1330A9DF807306E
:100C30004FEAC6099E4209F5A47720D394F83231D1
:100C4000502B28BF50238DF80730B8F1000F08D182
:100C500039460DF107030722284601F0B9FE09F2D3
:100C60004F17002604F233149DF807309E4207EB1D
:100C7000C6010DD30731C80802B0BDE8F0870AEB02
:100C8000060308223946284601F0A2FE0136CDE7C8
:100C9000A3190822284601F09BFE0136E4E7000074
:100CA00013B504460846002101602346C0F803102E
:100CB0002022019001F08CFE0198231D02222021A8
:100CC00001F086FE0198631D0322222101F080FEBF
:100CD0000198A31D0322252101F07AFE019804F159
:100CE00008031022282101F073FE072002B010BD76
:100CF000F7B5047F05460E462CB1838A122B02D924
:100D0000012003B0F0BD00231946072200962846B3
:100D100001F022FD731C00930122002307212846C5
:100D200001F01AFDD4B9B31C009305222346082113
:100D3000284601F011FD0D24B378102BE0D837467A
:100D4000B278BB1B934210D32B7FA88A0734E408E8
:100D5000B3B9844294BF00200120D2E7AB8ADB0004
:100D6000083BDB08B3700824E6E7FB1C0093214630
:100D700000230822284601F0EFFC08340137DFE7A2
:100D8000201A18BF0120BCE7F7B5047F05460E46C0
:100D90002CB1838ACA2B02D9012003B0F0BD0023F5
:100DA000194600960822284601F0D6FC731CD4B9D7
:100DB0000822009311462346284601F0CDFC10245A
:100DC0007378C82BE8D8012372785F1C013B9342EB
:100DD00010D32B7FA88A0734E408B3B9844294BFA8
:100DE00000200120D9E7AB8ADB00083BDB087370E9
:100DF0000824E5E7F319009321460023082228463A
:100E000001F0AAFC08343B46DEE7201A18BF012097
:100E1000C3E70000F7B50D460446002116462846F4
:100E20008122FFF73FFE234608220021284601F0D9
:100E3000CFFD94F901206378002AB8BF7F238DF895
:100E400007309EB90DF1070307220821284601F05B
:100E5000BFFD0F27002602349DF807309E4207EBA6
:100E6000C60105D30731C80803B0F0BD0827F1E774
:100E7000A3190822284601F0ABFD0136ECE700007B
:100E8000F7B50E460546002114463046CE22FFF740
:100E900009FE2B4628220021304601F099FD2B7ACD
:100EA000C82B28BFC8238DF807308CB90DF1070374
:100EB00008222821304601F08BFD30242F469DF872
:100EC00007207B1B934205D3E01DC00803B0F0BD93
:100ED0002824F3E707F1090321460822304601F0F0
:100EE00077FD08340137EAE7F7B5047F05460E467B
:100EF00034B1838AB3F5827F02D9012003B0F0BDFB
:100F00000096012310220021284601F025FCDCB9BF
:100F1000B31C0093092223461021284601F01CFC33
:100F200019247388B3F5807FE7D837467288BB1BD6
:100F3000934210D32B7FA88A0734E408B3B98442C4
:100F400094BF00200120D9E7AB8ADB00103BDB080F
:100F500073801024E5E73B1D0093214600230822FF
:100F6000284601F0F9FB08340137DFE7201A18BFE3
:100F70000120C3E730B5094D0A4491420DD011F864
:100F8000013B5840082340F30004013B2C4013F080
:100F9000FF0384EA5000F6D1EFE730BD2083B8EDBF
:100FA000F7B5384A106851686B4603C36A4636493C
:100FB0003648082302F080FF0446002833D10A2572
:100FC000334A106851686B4603C36A4631492F485B
:100FD000082302F071FF0446002849D00369B3F5E5
:100FE000583F45D8B0F8661041F2F81291423FD10F
:100FF000294A024402F15C018B4239D35C3B23490C
:1010000000209E1AFFF7B6FF3246074604F164013E
:101010000020FFF7AFFFA3689F4229D1E368984201
:1010200008BF002524E00369B3F5583F27D8418B5A
:1010300041F2F812914220D1174A024402F1100104
:101040008B4218D3103B114900209D1AFFF792FFE5
:101050002A46064604F118010020FFF78BFFA3681B
:101060009E4202D1E368984201D00D25A8E70025F1
:10107000284603B0F0BD1025A2E70C25A0E70B25FC
:101080009EE700BFA0440008DC5F030000A000084A
:10109000A9440008905F03000860FFF710B5037CC7
:1010A000044613B9006802F0EFFE204610BD0000B0
:1010B0000023BFF35B8FC360BFF35B8FBFF35B8F16
:1010C0008360BFF35B8F7047BFF35B8F0068BFF334
:1010D0005B8F704770B505460C30FFF7F5FF05F1E3
:1010E000080604463046FFF7EFFFA04206D9304617
:1010F0006D68FFF7E9FF2544281A70BD3046FFF7F9
:10110000E3FF201AF9E7000070B50546406898B182
:1011100005F10800FFF7D8FF05F10C06044630463C
:10112000FFF7D2FF8442304694BF6D680025FFF779
:10113000CBFF013C2C44201A70BD000038B50C4692
:101140000546FFF7C7FFA04210D305F10800FFF7DF
:10115000BBFF04446868B4FBF0F100FB1144BFF32B
:101160005B8F0120AC60BFF35B8F38BD0020FCE7D4
:101170002DE9F041144607460D46FFF7C5FF8442AE
:1011800028BF0446D4B1B84658F80C6B4046FFF768
:101190009BFF3044286040467E68FFF795FF331A76
:1011A0009C4203D86C600120BDE8F0816B60A41BF9
:1011B0003B68AB602044E8600220F5E72046F3E797
:1011C00038B50C460546FFF79FFFA04210D305F146
:1011D0000C00FFF779FF04446868B4FBF0F100FBF2
:1011E0001144BFF35B8F0120EC60BFF35B8F38BD10
:1011F0000020FCE72DE9FF41884669460746FFF7D6
:10120000B7FF6C4606B204EBC6060025B44209D00F
:101210006268206808EB0501FFF732FC6368083458
:101220001D44F3E729463846FFF7CAFF284604B0B5
:10123000BDE8F081F8B505460C300F46FFF744FFD6
:1012400005F1080604463046FFF73EFFA04230464F
:1012500088BF6C68FFF738FF201A386020B130462D
:101260002C68FFF731FF2044F8BD000073B5144629
:1012700006460D46FFF72EFF844228BF0446019024
:10128000DCB101A93046FFF7D5FF019B33B93268C5
:10129000C5E90233C5E9002401200CE09C4238BFB7
:1012A00001942860019868608442F5D93368AB6086
:1012B000241AEC60022002B070BD2046FBE700005B
:1012C0002DE9FF410F466946FFF7D0FF6C4600B29B
:1012D00004EBC0050026AC4209D0D4F8048054F8D1
:1012E000081BB8194246FFF7CBFB4644F3E73046EC
:1012F00004B0BDE8F081000038B50546FFF7E0FF17
:10130000044601462846FFF719FF204638BD000075
:101310000121884238BF084602F0A0BD08B102F0A2
:10132000B3BD704710B4026854681A4623465DF88E
:10133000044B18470020704700207047704700009A
:10134000002070470E20704700F5805090F8D800BC
:10135000C0F340007047000000F5805090F9E000B5
:101360007047000000F58050C0F8DC100120704785
:10137000F7B50C68BDF8207014F0005473D10D7BE4
:10138000082D70D8302585F31188456AAE6876013E
:101390000CD4AC68240108D4AC6814F0805460D13B
:1013A00084F31188204603B0F0BD01240E6804F1D7
:1013B000180C002EB8BFF6004FEA0C1CB4BF46F064
:1013C0000406760545F80C600E680FFA84FC16F0EA
:1013D000804F18BF05EB0C1E05EB0C1C1EBFDEF882
:1013E000806146F00206CEF880610E7BCCF8846105
:1013F00005EB04158E68C5F88C614E68C5F88861E8
:10140000DCF8805145F00105CCF8805141F27805B7
:1014100000EB441C660105EB4414AC440444CCE9E5
:1014200000230D46083401F10C0C55F804EB44F888
:1014300004EB6545F9D12D882580841904F5805485
:1014400007F0030594F8946026F00B06354384F802
:101450009450002484F31188009700F03BFD012094
:10146000A1E70224A2E74FF0FF309CE713B500F597
:1014700080540191E06EFFF747FE1F280AD90199B9
:10148000E06E2022FFF7B6FEA0F12003584258413B
:1014900002B010BD0020FBE708B5302383F31188AC
:1014A00000F58050C06EFFF703FE002383F3118820
:1014B00008BD0000002202608281426082607047A5
:1014C00010B500220023C0E9002300230446038155
:1014D0000C30FFF7EFFF204610BD0000F0B50546C9
:1014E00000F580500C4690F8D83013F0040FC3F389
:1014F000800108BF114661F3820380F8D83005EB04
:10150000441303F58453103389B01B79D8074FEA8D
:1015100044162FD582B319072ED46846FFF7D0FFA3
:1015200005EB441303F5845303AA03F10807186875
:101530005968144603C40833BB422246F7D11868E1
:1015400020609B88A380DDE90E23CDE900230123E1
:10155000ADF808302B6869461B6C2846984735441F
:1015600005F5845510352B791A075CBF43F0080345
:101570002B7101E0002AF2D109B0F0BD2DE9F0474E
:101580009A4688B0074688469146302383F31188EF
:1015900007F580546846FFF793FFE06EFFF79AFD6A
:1015A0001F282AD9E06E20226946FFF7A5FE2028D1
:1015B00023D103AD444605AB2E4603CE9E422060A8
:1015C0006160354604F10804F6D130682060B388C4
:1015D000A380DDE90023C9E90023BDF80830AAF89B
:1015E0000030002383F3118853464A46414638466B
:1015F00008B0BDE8F04700F02BBC002080F3118854
:1016000008B0BDE8F08700002DE9F84F1822044625
:101610000F4604300021FFF745FA2046234B40F8DF
:10162000283BFFF747FF04F13800FFF749FF04F1BB
:10163000580804F582554646183530462036FFF7DF
:101640003FFFAE42F9D104F580554FF480534FF07F
:101650000009C5E91739C5F858800123EE6604F57D
:10166000875804F58456C5F8649085F8683085F885
:101670007030183608F118084FF0000A4FF0000BD0
:1016800046E908ABA6F11800FFF714FF203646F82C
:10169000289C4645F4D185F8E07017B1044800F065
:1016A000C3FB044B63622046BDE8F88FDC440008AE
:1016B000B44400080064004010B5044B1978044697
:1016C0004A1C1A70FFF7A0FF204610BD2C380020DE
:1016D0002DE9F047002950D0294B2A4FB7FBF1F5EF
:1016E00099428CBF0A231123581EB5FBF3FC03FB60
:1016F0001C53C4B22BB102280346F5D80020BDE824
:10170000F0870CF1FF36B6F5806FF7D2C4EBC40E4C
:101710000EF103034FEAE309C3F3C703A4EB030885
:1017200009F1010A4FF47A755FFA88F009FB055553
:101730005AFA88F8B5FBF8F5B5F5617FC1BF0EF12F
:10174000FF33C3F3C703E01AC0B25C1C50FA84F441
:101750000CFB04F4B7FBF4F4A142CFD1013BDBB2A4
:101760000F2BCBD80138C0B20728C7D80021107181
:1017700016809170D3700120C1E70846BFE700BF13
:101780003F420F0000B4C40470B505460E464FF446
:101790007A746B6A5B6803F00103B34207D04FF4BD
:1017A0007A7001F00BFD013CF3D1204670BD0120A1
:1017B000FCE7000070B5426A936913F0700F17D010
:1017C00000230C4D936141F2900400EB431222443C
:1017D00011794E0709D5890707D5416A55F8236065
:1017E0008E60117941F0040111710133032BECD1AA
:1017F00070BD00BFC844000873B51D46436A164655
:101800009A68D207044609D59A6801219960C2F303
:101810004002CDE900650021FFF760FE636A9A6827
:10182000D1050BD59A684FF480719960C2F34022BC
:10183000CDE9006501212046FFF750FE636A9A68F2
:10184000D2030BD59A684FF480319960C2F34042BD
:10185000CDE9006502212046FFF740FE04F58053E4
:10186000D3F8DC0010B103681B699847204602B02A
:10187000BDE87040FFF79EBFF8B50446466A0029F0
:1018800077D106F10C073868800775D006EB011593
:101890003868D5F8B00110F0040FD5F8B0011ABFC0
:1018A000C00840F00040400DA062D5F8B0C11CF067
:1018B000020F1CBF40F08040A062D5F8B40106EBD7
:1018C000011100F00F0084F83400D1F8B80184F859
:1018D0002C00D1F8B801000A84F82D00D1F8B80125
:1018E000000C84F82E00D1F8B801000E84F82F0007
:1018F000D1F8BC0184F83000D1F8BC01000A84F8AA
:101900003100D1F8BC01000C84F83200D1F8BC11D0
:10191000090E84F833103821396004F1440004F1D1
:10192000280104F1340551F8046B40F8046BA94216
:10193000F9D109880180C4E90E2321460023A4F8C7
:10194000403051F8383B20461B6C984704F58053D3
:1019500093F8D820D3F8DC0042F0040283F8D820B2
:1019600010B103681B6998472046BDE8F840FFF7AF
:1019700021BF06F1100786E7F8BD000010B5044648
:1019800000F05AFA02460B4652EA030102D0013A2D
:1019900063F100030449086820B12146BDE8104006
:1019A000FFF76ABF10BD00BF28380020F0B5302116
:1019B00081F31188DFF848E000F5835118310024E5
:1019C00041F2900C00EB441565442E7977070ED454
:1019D000F6060CD5D1E9007697429E4107D2466AB9
:1019E0005EF82470B7602E7946F004062E7101343B
:1019F000032C01F12001E5D1002383F31188F0BD10
:101A0000C844000808B5302383F31188FFF7D2FEDD
:101A1000002383F3118808BD2DE9F041436A044691
:101A2000986800F0E050B0F1E05F0E4622D0F8B1C7
:101A3000302383F31188002504F5845741F2900880
:101A400004EB451343441B791A0706D50135032DD2
:101A500007F12007F4D1012007E05B07F6D43946EF
:101A6000304600F08BFA0028F0D1002383F3118870
:101A7000BDE8F0810120FBE708B5302383F311882E
:101A800000F58050C06EFFF725FB002383F311881B
:101A900043090CBF0120002008BD0000F8B51D4619
:101AA000002313700F4606461446FFF7E5FF80F04B
:101AB0000100387025B129463046FFF7ADFF207090
:101AC000F8BD00002DE9B8410C4615461F4680467A
:101AD00000F0B2F90B462178024609B9287850B1D6
:101AE0004046FFF763FFFFF78DFF3B462A4621463E
:101AF000FFF7D4FF0120BDE8B881000070B53026A3
:101B000086F31188174B9A6D42F000729A659A6BB2
:101B100042F000729A639A6B22F000729A6300237B
:101B200083F3118800F5805494F8D83013F0010540
:101B300016D1A9B186F311880321132001F03AFAD6
:101B40000321142001F036FA0321152001F032FAA6
:101B500094F8D83043F0010384F8D83085F3118825
:101B600070BD00BF001002402DE9F04700F5805520
:101B700088B095F8E030012B04468846164600F2FE
:101B80008280824F57F823200AB947F82300D7F8FC
:101B900000A0C4F81C8084F82060BAF1000F64D063
:101BA00095F8E030012B70D001212046FFF7A6FF09
:101BB000302383F31188626A136823F002031360F1
:101BC000626A136843F001031360636A00275F6170
:101BD00087F3118801212046FFF7D6FD002800F089
:101BE0009580E86EFFF764FA04F58359BA4609F167
:101BF0001809202200216846FEF754FF02A8FFF7CB
:101C000059FCCDF818A06A4609EB07030DF1180E30
:101C10009446BCE80300F44518605960624603F13D
:101C20000803F5D1DCF80000186020379CF8042088
:101C30001A71602FDDD195F8D8306FF38203002739
:101C400085F8D8306A4641462046ADF80070ADF8B8
:101C500002708DF80470FFF73BFD636A48BB4FF4D8
:101C600000421A6008B0BDE8F08741F2E800FFF7D3
:101C70004FFB814610B15146FFF7C6FCC7F80090F4
:101C8000B9F1000F8CD10020ECE7386803681B6BBA
:101C900098470146002887D13868FFF72FFF38683A
:101CA000036832465B684146984700287FF47CAF62
:101CB000E9E761221A609DF802309DF803201B06B7
:101CC000120402F4702203F040731343BDF80020A5
:101CD000C2F3090213439DF804201205022E02F4F8
:101CE000E0020CBF4FF0004100211343626A0B4336
:101CF000D361636A13225A61626A136823F0010395
:101D0000136039462046FFF73FFD08B9636AA6E72E
:101D100095F8E03093BB616AD1F8002242F00102ED
:101D2000C1F80022616AD1F8002222F47C5222F02C
:101D30000E02C1F80022616AD1F8002242F460620A
:101D4000C1F80022626AC2F81432626AC2F8043230
:101D5000626A41F6FF71C2F80C12626AC2F8403240
:101D6000626AC2F84432636A0122C3F81C22626AC2
:101D7000D2F8003223F00103C2F8003295F8D830CF
:101D800043F0020385F8D8306CE700BF2838002004
:101D900008B500F051F850EA0103024602D0421E95
:101DA00061F10001044B186810B10B46FFF724FDE8
:101DB000BDE8084001F0C0B82838002008B5002070
:101DC000FFF7DCFDBDE8084001F0B6B808B501201A
:101DD000FFF7D4FDBDE8084001F0AEB800B59BB0F8
:101DE000EFF3098168226846FEF74AFEEFF30583A8
:101DF000014B9B6BFEE700BF00ED00E008B5FFF76D
:101E0000EDFF000000B59BB0EFF309816822684642
:101E1000FEF736FEEFF30583014B5B6BFEE700BF79
:101E200000ED00E0FEE700000FB408B5029801F0F5
:101E300075F9FEE701F050BC01F032BC0139C9B2BE
:101E400002299EBF00EBC1000023C0E901337047A7
:101E50002DE9F8431E461B885B070546884618D4C3
:101E6000044600F118094C4513D063686BB12B6828
:101E70002846DB6B98473388A768C1B243F0040358
:101E800060684246B8470834EDE7A368002BEED1FE
:101E9000F9E70120BDE8F88373B56C4684E80600D5
:101EA000014600224E68D5B26EB98E685EB900EB6D
:101EB000C200021D94E80300013582E803001D7092
:101EC000012002B070BD0132032A01F10801E9D1FD
:101ED0000020F6E72DE9F04F2DED028B89B09FED44
:101EE000258BBDF8508004468B46054600F1180945
:101EF000002708F0040AA94536D06B680BB9AB6817
:101F000063B1BAF1000F0BD123682046DB6B984711
:101F10004346C1B25A46D5E90106B0470835EAE75B
:101F2000002FFBD18DED008BADF808705B4603AA46
:101F30000BF1080C18685968174603C70833634546
:101F40003A46F7D1186838609B88BB80FFF774FF6A
:101F50000423ADF808302368CDE900011B6C694605
:101F6000204698470127D9E7012009B0BDEC028B34
:101F7000BDE8F08F000000000000000030B50368ED
:101F80000968DD0FB5EBD17F23F0604421F060429A
:101F90004FEAD1700BD0002BB8BFA40C0029B8BFFA
:101FA000920C944202D034BF0120002030BD9442F4
:101FB00005D1C1F38070C3F380738342F6D194429C
:101FC0002CBF00200120F1E72DE9F041456A15B949
:101FD0004162BDE8F0814B6823F06047C3F38A4655
:101FE0004FEAD37EC3F3807816EA230638BF3E4615
:101FF000AC462B465A68BEEBD27F22F060440AD032
:10200000002A18DAA40CB44217D19D420FD10D60FA
:10201000DEE71346EEE7A74207D102F08044C2F3A1
:10202000807242450BD054B1EFE708D2EDE7CCF80F
:1020300000100B60CDE7B44201D0B442E5D81A6875
:102040009C46002AE5D11960C3E700002DE9F0475E
:10205000089D01F007044FEAD508224405F0070562
:1020600000EBD1004FF47F49944201D1BDE8F087E5
:1020700004F0070705F0070A57453E4638BF5646A5
:10208000C6F10806111B8E4228BF0E46E10808EB78
:10209000D50E415C13F80EC0B94029FA06F721FAB3
:1020A0000AF1FFB28CEA010147FA0AF739408CEADB
:1020B000010C03F80EC034443544D5E780EA012012
:1020C000082341F2210201B24000002980B203F14D
:1020D000FF33B8BF504013F0FF03F4D17047000046
:1020E00038B50C468D18A54200D138BD14F8011B37
:1020F000FFF7E4FFF7E7000042684AB11368436066
:102100004389818901339BB29942438138BF8381DE
:102110001046704770B588B0202204460D466846C8
:102120000021FEF7BFFC20460495FFF7E5FF0246BD
:1021300058B16B46054608AE1C4603CCB442286035
:102140006960234605F10805F6D1104608B070BD58
:10215000082817D909280CD00A280CD00B280CD035
:102160000C280CD00D280CD00E2814BF4020302095
:1021700070470C20704710207047142070471820BB
:102180007047202070470000082817D90C280CD968
:1021900010280CD914280CD918280CD920280CD9AF
:1021A00030288CBF0F200E207047092070470A206E
:1021B00070470B2070470C2070470D2070470000BF
:1021C0002DE9F843078C072F04461ED9D0E9029861
:1021D00000254FF6FF73C5F12006A5F1200029FA6E
:1021E00005F108FA06F628FA00F031430143C9B2B6
:1021F0001846FFF763FF0835402D0346EBD1E16930
:102200003A46BDE8F843FFF76BBF4FF6FF70BDE8F5
:10221000F883000010B54B6823B9CA8A63F309023A
:10222000CA8210BD04691A681C600361C38A013B3D
:10223000C3824A60EFE700002DE9F84F1D46CB8AC4
:102240000F46C3F309010529814692460B4630D05B
:102250000020AAB207F11A049EB2042E1FFA80F8D9
:102260000FD8904503F1010306D3FB8A0A4462F3B9
:102270000903FB8201201AE01AF80060E6540130DD
:10228000EAE79045F1D2A1F1050B1C237C68BBFB6A
:10229000F3F203FB12BB1FFA8BF6002C45D1484624
:1022A000FFF72AFF044638B978606FF00200BDE8F6
:1022B000F88F4FF00008E6E7002606607860ADB2C0
:1022C0004FF0000B454510D90AEB0803221D13F807
:1022D000011B9155B1B208F101081B291FFA88F8BA
:1022E0002BD0454506F10106F1D8FB8AC3F309025C
:1022F000154465F30903BCE7013292B21C4623681A
:10230000002BF9D16B1F0B441C21B3FBF1F30133FC
:102310009BB29A42D3D2BBF1000FD0D14846FFF70F
:10232000EBFE20B9C4F800B0BFE70122E7E7C0F830
:1023300000B05E4620600446C1E74545D5D9484611
:10234000FFF7DAFE08B92060AFE7C0F800B000265A
:1023500020600446B6E700002DE9F04F2DED028B1A
:102360001C4683B05B69019207468846002B00F04B
:10237000A780238C2BB1E269002A00F0A180072BF3
:1023800035D807F10C00FFF7B7FE054638B96FF0F6
:102390000205284603B0BDEC028BBDE8F08F142285
:1023A0000021FEF77FFB228CE16905F10800FEF7B2
:1023B00067FB208C013080B2FFF7E6FEFFF7C8FE16
:1023C000013880B22084013028746369228C1B7824
:1023D0002A4403F01F0363F03F0348F000411372E7
:1023E000384669602946FFF7EFFD0125D1E7023342
:1023F0009BB20722C18A0633B3FBF2F3828A521AD8
:102400009BB292B29342C2D800F10C034FF0000984
:1024100008EE103A4FF0800A4E464D4618EE100A6C
:10242000FFF76AFE83460028B1D014220021FEF790
:1024300039FB002E3AD1019BABF8083002220BF198
:10244000080E1FFA82FC0CF10100BCF1060F218C72
:1024500080B201D88E422BD3FFF796FEFFF778FEAD
:1024600062691278013802F01F028E4208BF4FF0F5
:10247000400A42EA49121BFA80F14AEA020A013094
:1024800048F0004281F808A08BF81000CBF8042037
:1024900059463846FFF798FD238C0135B3422DB2DB
:1024A00089F001094FF0000AB8D172E70022C6E7AF
:1024B000E169895D0EF802100136B6B20132C0E75B
:1024C0006FF0010565E70000F8B515460E463022AD
:1024D000002104461F46FEF7E5FA069B6360B5F54A
:1024E000001F079BA76034BF6A094FF6FF72A36203
:1024F00097B2E66104F1100000239A4206D8002347
:102500000360A782E3822383E360F8BD06600133A2
:1025100030462036F1E7000003781BB94BB2002BA0
:10252000C8BF01707047000000787047F8B50C46CE
:10253000C969074611B9238C002B37D1257E1F2D81
:1025400034D8387828BB228C072A2CD8268A36F033
:1025500003032BD14FF6FF70FFF7C2FD20F00100FF
:102560003102400441EA0561400C41EA40254FF642
:10257000FF72234629463846FFF7EEFE002807DDA6
:10258000626913780133DBB21F2B88BF00231370FD
:10259000F8BD218A2D0645EA012505432046FFF7AF
:1025A0000FFE0246E5E76FF00300F1E76FF0010070
:1025B000EEE7000070B58AB00446164600212822D6
:1025C00068461D46FEF76EFABDF83830ADF810309B
:1025D0000F9B05939DF840308DF81830119B0793A1
:1025E0006946BDF84830ADF820302046CDE9026597
:1025F000FFF79CFF0AB070BD2DE9F041D369054695
:102600000C4616460BB9138C5BBB377E1F2F28D8A0
:1026100095F80080B8F1000F26D03046FFF7D0FDC6
:102620003378210241EAC33141EA0801338A41EAA1
:10263000076141EA03410246334641F080012846E2
:10264000FFF78AFE00280ADD3378012B07D1726973
:1026500013780133DBB21F2B88BF00231370BDE852
:10266000F0816FF00100FAE76FF00300F7E7000078
:10267000F0B58BB004460D46174600212822684667
:102680001E46FEF70FFA9DF84C305A1E5342534136
:102690008DF800309DF84030ADF81030119B059357
:1026A0009DF848308DF81830149B07936A46BDF8A2
:1026B0005430ADF8203029462046CDE90276FFF7A8
:1026C0009BFF0BB0F0BD0000406A00B104307047C2
:1026D000436A1A68426202691A600361C38A013B55
:1026E000C38270472DE9F041D0F82080194E14467E
:1026F0001D464146002709B9BDE8F081D1E9022312
:10270000A21A65EB0303964277EB03031ED2036A1A
:102710008B420DD1FFF77EFD036A1B6803620369DC
:102720000B60C38A0161016A013BC3828846E2E70C
:10273000FFF770FD0B68C8F8003003690B60C38AAF
:102740000161013BC382D8F80010D4E788460968CC
:10275000D1E700BF80841E002DE9F04F8BB00D46FD
:10276000DDF8509014469B468046002800F0198101
:10277000B9F1000F00F01581531E3F2B00F21181BB
:10278000012A03D1BBF1000F40F00B810023CDE9FA
:102790000833B8F81430B5EBC30F4FEAC30703D3BF
:1027A00000200BB0BDE8F08F2B199F42D8F80C30F9
:1027B0003ABF7F1BFFB227461BB9D8F81030002B59
:1027C0007AD0272D4ED8C5F12806B7424FF0000326
:1027D0002CBFF6B23E4600932946D8F8080008AB55
:1027E0003246FFF733FCA7EB060A35445FFA8AFA54
:1027F000B8F8143003F10053053BDB000493D8F81C
:102800000C3003932821039B13B1BAF1000F2CD194
:10281000D8F8100040B1BAF1000F05D0009608AB0F
:102820005246691AFFF712FC38B2002FB8D066077B
:102830000AD00AAB03EBD401624211F8083C02F063
:102840000702134101F8083C082C3CD9102C40F237
:10285000B580202C40F2B780BBF1000F00F09C80C7
:10286000082334E0BA460026C2E7049BE02B28BFC9
:10287000E02306930B44AB42059314D95A1B0398EB
:102880000096924534BF5246D2B2691A08AB043062
:102890000792FFF7DBFB079A1644AAEB020A1544DE
:1028A000F6B25FFA8AFA049B069A05999B1A04937A
:1028B000039B1B680393A6E70093D8F8080008ABB6
:1028C0003A462946AEE7BBF1000F13D00123B4EB23
:1028D000C30F6CD0082C12D89DF82030621E23FA4A
:1028E00002F2D50706D54FF0FF3202FA04F4234373
:1028F0008DF820309DF8203089F8003051E7102CF9
:1029000012D8BDF82030621E23FA02F2D10706D594
:102910004FF0FF3202FA04F42343ADF82030BDF843
:102920002030A9F800303CE7202C0FD80899631E0E
:1029300021FA03F3DA0705D54FF0FF3202FA04F467
:102940000C430894089BC9F800302AE7402C2BD090
:10295000DDE90865611EC4F12102A4F1210326FA14
:1029600001F105FA02F225FA03F311431943CB07EB
:1029700012D50122A4F12003C4F1200102FA03F3CD
:1029800022FA01F1A240524243EA010363EB4303FE
:1029900032432B43CDE90823DDE90823C9E90023AD
:1029A000FFE66FF00100FCE66FF00800F9E6082C86
:1029B000A0D9102CB3D9202CEED8C3E7BBF1000F5F
:1029C000ADD0022383E7BBF1000FBBD004237EE729
:1029D00030B5012A144638BF0124402C85B028BFE9
:1029E00040240025012ACDE9025518D81B788DF81E
:1029F000083063070AD004AB03EBD405624215F834
:102A0000083C02F00702934005F8083C0091034699
:102A10002246002102A8FFF719FB05B030BD082AA5
:102A2000E4D9102A03D81B88ADF80830E1E7202A42
:102A30008DBFD3E900231B680293CDE90223D8E7B9
:102A400010B5CB681BB98B600B618B8210BD04691C
:102A50001A681C600361C38A013BC382CA60F0E745
:102A600003064CBFC0F3C0300220704708B50246D1
:102A7000FFF7F6FF022806D15306C2F30F2001D15B
:102A800000F0030008BDC2F30740FBE72DE9F04F5B
:102A900093B0CDE903230A6804461046FFF7E0FF30
:102AA000022814BFC2F306260026002A0D468246DD
:102AB00080F2F78112F0C04940F0F381097B0029D0
:102AC00000F0EF81022803D02378B34240F0EC817C
:102AD000C2F304630693104602F07F030593FFF7E9
:102AE000C5FF059B29444FEA834848EA0A4848EA5B
:102AF0004668CE7800230022CDE90823F3098346F7
:102B000048EA0008029367D0059B00930246676875
:102B1000534608A92046B847002800F0C881276A14
:102B20004FB9414604F10C00FFF7F4FA074690B99B
:102B30006FF0020054E03B6998450DD03F68002FCC
:102B4000F9D1414604F10C00FFF7E4FA07460028EA
:102B5000EED0236A3B60276297F817C006F01F0883
:102B6000CCF3840CACEB08001FFA80FE0028B8BF41
:102B70000EF12000A8EB0C031FFA83FED7E9022117
:102B8000B8BF00B2002B0793BEBF0EF120031BB2EB
:102B9000079352EA010338D0039BDFF824E39A1A23
:102BA000049B4FF0000C63EB010196457CEB0103A5
:102BB0002BD36B7B97F81AE0734519D1029B002B3E
:102BC00078D0012821DC7868F8B9DFF8F0C29445A4
:102BD00070EB010316D337E0276A27B96FF00C00BA
:102BE00013B0BDE8F08F3B699845B5D03F68F4E776
:102BF000B24890427CEB010301D30020F0E7029B36
:102C0000002BFAD0079B0F2B17DCFA7DB30002F0E4
:102C1000030203F07C031343FB7539462046FFF79C
:102C2000F9FA6B7BBB76029B3BB9FB7DC3F3840255
:102C3000013262F38603FB75D0E76A7BBB7E9A4262
:102C4000DBD1029B002B35D0B309022B32D0039B82
:102C5000BB60049BFB60142200210DA8FDF722FF3E
:102C6000039B0A93049B0B932B1D0C932B7BADF8BA
:102C70003EB0013BDBB2ADF83C30069B8DF84230F4
:102C8000059B8DF8433094F82C308DF840A083F0EC
:102C900001038DF844308DF84180A3680AA92046CD
:102CA0009847FB7DC3F38403013303F01F039B02AA
:102CB000FB82A2E7FB7DC6F34012B2EBD31F40F0CC
:102CC000F980C3F38403434540F0FC80029A2B7BD8
:102CD000B609002A52D016F0010661D1032B40F24A
:102CE000F480039BBB60049BFB60FB8A66F30903D3
:102CF000FB822B7BAE1D033BDBB23246394604F12F
:102D00000C00FFF799FA00280CDA39462046FFF745
:102D100081FAFB7DC3F38403013303F01F039B029D
:102D2000FB8205E7DDE90884AB883B834FF6FF7340
:102D3000C9F12000A9F1200228FA09F104FA00F0F3
:102D4000014324FA02F211431846C9B2FFF7B6F95B
:102D500009F10809B9F1400F0346E9D1B8822A7B8D
:102D6000033AD2B23146FFF7BBF9FB7DB882DA43B2
:102D7000C2F3C01262F3C713FB753EE786B92E1D7E
:102D8000013BDBB23246394604F10C00FFF754FA3E
:102D90000028BADB2A7BB88A013AD2B23146E2E790
:102DA000F98AC1F30901013B0429DAB25BD8281D75
:102DB000002307F11B069A4208D910F801CB06F848
:102DC00001C0013101330529DBB2F4D103990A9125
:102DD00004990B91934207F11B010C9138BF043306
:102DE00079680D9134BF55FA83F300230E93FB8A63
:102DF000ADF83EB0C3F309031A44069B8DF8423088
:102E0000059B8DF8433094F82C30ADF83C2083F0CE
:102E100001038DF8443000238DF840A08DF84180E7
:102E20007B602A7BB88A013A291DFFF759F93B8B51
:102E3000B882834203D1A3680AA920469847204656
:102E40000AA9FFF7FDFDFB7DBA8AC3F384030133B2
:102E500003F01F039B02FB823B8B9A420CBF0020B6
:102E60006FF01000BCE67B68002BAFD0052001E0BE
:102E70001C3033461E68002EFAD1091A081D2E1D7B
:102E8000184401EB090CBCF11B0F5FFA89F39DD8C4
:102E90009A429BD916F8013B00F8013B09F1010960
:102EA000EFE76FF009009BE66FF00A0098E66FF01D
:102EB0000B0095E66FF00D0092E600BF40420F0058
:102EC00080841E006FF00E008AE66FF00F0087E628
:102ED000EFF3098305494A6B22F001024A63683324
:102EE00083F30988002383F31188704700EF00E023
:102EF000302080F3118862B60C4B0D4AD96821F45A
:102F0000E0610904090C0A43DA60D3F8FC2009499E
:102F100042F08072C3F8FC200A6842F001020A60A5
:102F20002022DA7783F82200704700BF00ED00E02E
:102F30000003FA05001000E010B5302383F3118878
:102F40000E4B5B6813F4006314D0F1EE103AEFF30C
:102F50000984683C4FF08073E361094BDB6B2366A7
:102F600084F3098800F0A4F810B1064BA36110BDEA
:102F7000054BFBE783F31188F9E700BF00ED00E0A4
:102F800000EF00E0FF020008020300084FF0E0231A
:102F9000002258684FF0FF31930003F1604303F5BE
:102FA000614301329042C3F88010C3F88011F3D21C
:102FB0007047000000F1604303F561430901C9B2A5
:102FC00083F80013012200F01F039A4043099B007D
:102FD00003F1604303F56143C3F880211A60704731
:102FE00000230375826803691B6899689142FBD2CC
:102FF0005A68036042601060586070470023037590
:10300000826803691B6899689142FBD85A6803601B
:10301000426010605860704708B50846302383F35B
:1030200011880B7D032B05D0042B0DD02BB983F316
:10303000118808BD8B6900221A604FF0FF3383614D
:10304000FFF7CEFF0023F2E7D1E9003213605A60A8
:10305000F3E70000FFF7C4BF054BD968087518688F
:1030600002681A60536001220275D860FCF77ABECC
:103070003838002030B50C4BDD684B1C87B0044657
:103080000FD02B46094A684600F02AF92046FFF780
:10309000E3FF009B13B1684600F02CF9A86907B064
:1030A00030BDFFF7D9FFF9E738380020893500082F
:1030B000044B1A68DB6890689B68984294BF0020B4
:1030C0000120704738380020084B10B51C68D868BC
:1030D00022681A60536001222275DC60FFF78EFFC0
:1030E00001462046BDE81040FCF73CBE38380020C1
:1030F00038B5074C0749084801230025237065604F
:1031000000F0EAFB0223237085F3118838BD00BF6D
:10311000603A0020244500083838002008B572B60F
:10312000044B186500F0ACFA00F058FB024B032288
:103130001A70FEE738380020603A002000F010B91D
:103140008B60022308618B82084670478368A3F175
:10315000840243F8142C026943F8442C426943F872
:10316000402C094A43F8242CC26843F8182C022248
:1031700003F80C2C002203F80B2C044A43F8102C03
:10318000A3F12000704700BFED020008383800208E
:1031900008B5FFF7DBFFBDE80840FFF75BBF0000A5
:1031A000024BDB6898610F20FFF756BF38380020CC
:1031B000302383F31188FFF7F3BF000008B5014601
:1031C000302383F311880820FFF754FF002383F393
:1031D000118808BD10B503689C68A2420CD85C68D1
:1031E0008A600B604C602160596099688A1A9A6005
:1031F0004FF0FF33836010BD1B68121BECE700002B
:103200000A2938BF0A2170B504460D460A266019FE
:1032100000F05CFB00F048FB041BA54203D8751CC2
:103220002E460446F3E70A2E04D9BDE8704001207B
:1032300000F092BB70BD0000F8B5144B0D46D9618B
:1032400003F1100141600A2A1969826038BF0A221D
:10325000016048601861A818144600F029FB0A278D
:1032600000F022FB431BA342064606D37C1C281910
:1032700000F02CFB27463546F2E70A2F04D9BDE8BB
:10328000F840012000F068BBF8BD00BF38380020CE
:10329000F8B506460D4600F007FB0F4A134653F8F3
:1032A000107F9F4206D12A4601463046BDE8F840CD
:1032B000FFF7C2BFD169BB68441A2C1928BF2C463E
:1032C000A34202D92946FFF79BFF22463146034815
:1032D000BDE8F840FFF77EBF3838002048380020AE
:1032E00010B4C0E9032300235DF8044B4361FFF7EA
:1032F000CFBF000010B5194C236998420DD0D0E91A
:103300000032816813605A609A680A449A60002308
:1033100003604FF0FF33A36110BD2346026843F8FA
:10332000102F53600022026022699A4203D1BDE847
:10333000104000F0C5BA936881680B44936000F0B8
:10334000B3FA2269E1699268441AA242E4D91144AD
:10335000BDE81040091AFFF753BF00BF38380020FE
:103360002DE9F047DFF8BC8008F110072C4ED8F8A3
:10337000105000F099FAD8F81C40AA68031B9A4232
:103380003ED81444D5E900324FF00009C8F81C407B
:1033900013605A60C5F80090D8F81030B34201D1DC
:1033A00000F08EFA89F31188D5E903312846984751
:1033B000302383F311886B69002BD8D000F074FAA6
:1033C0006A69A0EB04094A4582460DD2022000F04A
:1033D000C3FA0022D8F81030B34208D1514628462B
:1033E000BDE8F047FFF728BF121A2244F2E712EBBC
:1033F000090938BF4A4629463846FFF7EBFEB5E7CC
:10340000D8F81030B34208D01444211AC8F81C0070
:10341000A960BDE8F047FFF7F3BEBDE8F08700BF45
:10342000483800203838002038B500F03DFA054A09
:10343000D2E90845031B181945F10001C2E908014A
:1034400038BD00BF3838002000207047FEE700007C
:10345000704700004FF0FF3070470000BFF34F8F00
:10346000024A1369DB03FCD4704700BF002002400E
:1034700008B5094B1B7873B9FFF7F0FF074B5A6982
:10348000002ABFBF064A9A6002F188329A601A6821
:1034900022F480621A6008BD783A002000200240C1
:1034A0002301674508B50B4B1B7893B9FFF7D6FF8F
:1034B000094B5A6942F000425A611A6842F480523C
:1034C0001A601A6822F480521A601A6842F4806204
:1034D0001A6008BD783A0020002002407F289ABF79
:1034E00000F58030C0020020704700004FF40060FB
:1034F00070470000802070477F2808B50BD8FFF781
:10350000EDFF00F500630268013204D1043083420C
:10351000F9D1012008BD0020FCE700007F2810B58C
:1035200004461FD8FFF79AFFFFF7A2FF0E4BF322C6
:103530001A6102225A615A6942EAC0025A615A6902
:1035400042F480325A61FFF789FF4FF40061FFF7C0
:10355000C5FF00F03FF9FFF7A5FF2046BDE810408A
:10356000FFF7CABF002010BD002002402DE9F8433C
:1035700040EA020313F00703144606D0304B40F232
:1035800082321A600020BDE8F88385182D4A9542E2
:103590000CD92B4A40F287311160F3E7031D1B68F9
:1035A0004A68934208D1083C08300831072C14D9E6
:1035B00002680B689A42F1D0FFF75AFFFFF74EFFFF
:1035C000214E08314FF001084FF00009012CA1F104
:1035D000080706D8FFF766FF01E0002CECD10120B8
:1035E000D1E7C6F81480054651F8083C45F8043B7D
:1035F00051F8043C4360FFF731FF336943F00103A6
:103600003361C6F81490026851F8083C9A420CD015
:103610000B4B40F2AF321A600C4B18600C4B1C6025
:103620000C4B1F60FFF73EFFACE72D6851F8043CE0
:103630009D4201F10801EBD1083C0830C6E700BF0C
:10364000743A00200000040800200240683A00207C
:10365000703A00206C3A0020084908B50B7828B170
:103660001BB9FFF705FF01230B7008BD002BFCD031
:10367000BDE808400870FFF715BF00BF783A00208A
:1036800002484FF47F4100F0A7B800BF00010020BE
:103690000846114600F0E2BB084600F0F5BB00000A
:1036A00038B5EFF311859DB9EFF30584C4F3080431
:1036B000302334B183F31188FFF7B6FE85F3118808
:1036C00038BD83F31188FFF7AFFE84F3118838BD4E
:1036D000BDE83840FFF7A8BE38B5FFF7E1FF114C51
:1036E000114AC00840EA4170A0FB025EC908A0FB75
:1036F000040C1CEB050CA1FB04404FF000035B41E4
:10370000A1FB02121CEB040C43EB000011EB0E01B9
:1037100042F10002411842F10000090941EA00703B
:1037200038BD00BFCFF753E3A59BC42010B50244BA
:10373000064BD2B2904200D110BD441C00B253F8E7
:10374000200041F8040BE0B2F4E700BF502800402D
:10375000114B30B5D3F89040240409D4D3F89040ED
:10376000C3F89040D3F8904044F40044C3F890402C
:103770000A4C236843F4807323600244084BD2B29E
:10378000904200D130BD441C00B251F8045B43F8B4
:103790002050E0B2F4E700BF00100240007000408B
:1037A0005028004007B5012201A90020FFF7BEFF05
:1037B000019803B05DF804FB13B50446FFF7F2FF70
:1037C000A04205D0012201A900200194FFF7C0FF0B
:1037D00002B010BD70470000704700007047000045
:1037E000074B45F255521A6003225A6040F2FF72AD
:1037F0009A604CF6CC421A60024B01221A70704754
:1038000000300040803A0020034B1B781BB1034B73
:103810004AF6AA221A607047803A00200030004021
:10382000054B1A6832B902F1804202F50432D2F82F
:1038300094201A60704700BF7C3A0020024B4FF47E
:103840000002C3F8942070470010024008B5FFF74B
:10385000E7FF024B1868C0F3407008BD7C3A0020B7
:1038600070470000FEE700000A4B0B480B4A9042ED
:103870000BD30B4BDA1C121AC11E22F003028B422F
:1038800038BF00220021FDF70DB953F8041B40F8A2
:10389000041BECE7BC450008043B0020043B00206F
:1038A000043B002000F0BEB84FF08043586A7047D8
:1038B0004FF08043002258631A610222DA60704799
:1038C0004FF080430022DA60704700004FF08043E1
:1038D00058637047FEE7000070B51B4B016300257D
:1038E000044686B0586085620E46FFF701FB04F17E
:1038F0001003C4E904334FF0FF33C4E90635C4E9CB
:103900000044A560E562FFF7CFFF2B460246C4E9FD
:10391000082304F134010D4A256580232046FFF772
:103920000FFC0123E0600A4A03750092726801925D
:10393000B268CDE90223074B6846CDE90435FFF7AD
:1039400027FC06B070BD00BF603A0020304500087B
:1039500035450008453E0008024AD36A1843D06244
:10396000704700BF38380020244B2548DA6A42F0FF
:10397000070210B4DA62DA6A224C22F00702DA6235
:10398000DA6ADA6C42F00702DA64DA6E42F00702B1
:10399000DA664FF09042DB6E4FF0AA31002353609D
:1039A0009160D0604FF6FF705061136253621460F3
:1039B0001024C2F80434C2F80814C2F80C444FF6BC
:1039C000F774C2F814449924C2F82034C2F824448D
:1039D0000D4CC2F80044C2F80438C2F80818C2F806
:1039E0000C38C2F81408C2F82038C2F82438C2F8DB
:1039F00000385DF8044B00F055B800BF00100240DD
:103A0000000100240001002850000A0008B500F061
:103A100005FAFFF76DFBBDE80840FFF701BF0000A6
:103A2000704700000F4B9A6D42F001029A659A6F41
:103A300042F001029A670C4A9B6F936843F00103BE
:103A400093604FF080434F229A624FF0FF32DA6268
:103A500000229A615A63DA605A6001225A611A6040
:103A6000704700BF00100240002004E04FF0804289
:103A700008B51169D3680B40D9B2C9439B071161DE
:103A800007D5302383F31188FFF758FB002383F316
:103A9000118808BD08B5FFF779FABDE8084000F0C5
:103AA00099B900005A4B4FF0FF319A6A99629A6AAD
:103AB00000229A62986AD86A60F00700D862D86AD1
:103AC00000F00700D862D86A186B1963186B1A6384
:103AD000186B986B9963986B9A63986BD86BD963E2
:103AE000D86BDA63D86B186C1964196C1A641A6C89
:103AF000484A4FF4E06111601A6E474942F00102F2
:103B00001A66D3F8802022F00102C3F88020D3F88F
:103B100080209A6D42F080529A659A6F22F080520E
:103B20009A679A6F4FF440720A604A6912F4806291
:103B3000FBD14A601A6822F0F00242F060021A607B
:103B40001A6842F001021A601A689107FCD5002237
:103B50009A609A6812F00C02FBD1D3F8901011F41D
:103B6000407F1EBF4FF48031C3F89010C3F89020FF
:103B700061221A601A689207FCD500229A609A683E
:103B800012F00C0FFBD169221A60D3F8942022F4B2
:103B9000706242F4C062C3F894201A6842F4803222
:103BA0001A601A689003FCD5D3F8902022F0032203
:103BB000C3F89020194ADA601A6842F080721A60DD
:103BC0001A689101FCD5164A1A611A6842F080629F
:103BD0001A601A681201FCD500229A600D49114A38
:103BE000C3F888200A6822F0070242F004020A6043
:103BF0000A6802F00702042AFAD19A6842F0030226
:103C00009A609A6802F00C020C2AFAD1704700BF41
:103C10000010024000200240007000400314000128
:103C2000000C100055550134074A08B5536903F0DC
:103C30000103536123B1054A13680BB150689847DB
:103C4000BDE80840FFF778B900040140843A00203D
:103C5000074A08B5536903F00203536123B1054ACB
:103C600093680BB1D0689847BDE80840FFF764B986
:103C700000040140843A0020074A08B5536903F064
:103C80000403536123B1054A13690BB15069984786
:103C9000BDE80840FFF750B900040140843A002015
:103CA000074A08B5536903F00803536123B1054A75
:103CB00093690BB1D0699847BDE80840FFF73CB95C
:103CC00000040140843A0020074A08B5536903F014
:103CD0001003536123B1054A136A0BB1506A984728
:103CE000BDE80840FFF728B900040140843A0020ED
:103CF000164B10B55C6904F478725A61A30604D5BA
:103D0000134A936A0BB1D06A9847600604D5104AEB
:103D1000136B0BB1506B9847210604D50C4A936B7B
:103D20000BB1D06B9847E20504D5094A136C0BB16F
:103D3000506C9847A30504D5054A936C0BB1D06C21
:103D40009847BDE81040FFF7F7B800BF00040140F6
:103D5000843A0020194B10B55C6904F47C425A6126
:103D6000620504D5164A136D0BB1506D98472305B3
:103D700004D5134A936D0BB1D06D9847E00404D578
:103D80000F4A136E0BB1506E9847A10404D50C4A2C
:103D9000936E0BB1D06E9847620404D5084A136F36
:103DA0000BB1506F9847230404D5054A936F0BB1AC
:103DB000D06F9847BDE81040FFF7BEB8000401403F
:103DC000843A002008B5FFF751FEBDE80840FFF730
:103DD000B3B80000062108B50846FFF7EBF8062146
:103DE0000720FFF7E7F806210820FFF7E3F8062190
:103DF0000920FFF7DFF806210A20FFF7DBF806218C
:103E00001720FFF7D7F806212820FFF7D3F8BDE8E1
:103E1000084007211C20FFF7CDB8000008B5FFF7C8
:103E200039FE00F007F8FFF7FBFDBDE80840FFF79B
:103E300039BD00000023054A19460133102BC2E9A1
:103E4000001102F10802F8D1704700BF843A002047
:103E50000B460146184600F009B80000024B0A461E
:103E600001461868FFF714BC1811002010B5054C66
:103E700013462CB10A4601460220AFF3008010BD64
:103E80002046FCE700000000024B01461868FFF7DF
:103E900003BC00BF1811002010B501390244904244
:103EA00001D1002005E0037811F8014FA34201D0B1
:103EB000181B10BD0130F2E72DE9F041A3B1C91A7A
:103EC00017780144044603F1FF3C8C42204601D997
:103ED000002009E00578BD4204F10104F5D10CEBA6
:103EE0000405D618A54201D1BDE8F08115F8018D71
:103EF00016F801EDF045F5D0E7E70000034611F8AC
:103F0000012B03F8012B002AF9D170476F72672E3D
:103F10006172647570696C6F742E4265796F6E643E
:103F2000526F626F7469784D2D50657269706800C8
:103F300040A2E4F1646891060041A3E5F26569924C
:103F4000070000004261642043414E496661636599
:103F500020696E6465782E008000000000800000FB
:103F6000000080000000000000000000951800081C
:103F7000D920000835200008D5180008E1180008ED
:103F8000ED1A0008A5180008B5180008A9180008BF
:103F9000B1180008AD180008091A0008B91800087F
:103FA00009240008AD230008C9180008DD1900081D
:103FB000633000002045000890380020603A00205F
:103FC0006D61696E0069646C6500000000000000AE
:103FD000F811000000000000006003000000000075
:103FE000FE2A0100D20400001C1100200000000085
:103FF00000000000000000000000000000000000C1
:1040000000000000000000000000000000000000B0
:1040100000000000000000000000000000000000A0
:104020000000000000000000000000000000000090
:104030000000000000000000000000000000000080
:10404000000000000000000000000000FFFFFFFF74
:1040500080FA0208C0450000C0450000A16A4896E9
:1040600090FA0208335F00345F00355F00365F006E
:104070005F4453484F545F52415445005F44534896
:104080004F545F455343005F4750494F5F4D415385
:104090004B005F52435F46535F4D534B000000009F
:1040A000C7EA020804000000945303080100010657
:1040B000CAEA02081800000094530308010002062F
:1040C000644003082C000000945303080100030619
:1040D00067400308400000009453030801000406F1
:1040E0006A400308540000009453030801000506C9
:1040F0006D400308680000009453030801000606A1
:104100007EE002087E00000000004842000012022B
:10411000704003088000000000000000000017014C
:104120007C4003088100000000000000000018012E
:1041300087400308840000000000000000001A030C
:1041400092400308880000000000000000002C03DB
:10415000F2E6020800000000000000000000FF007E
:10416000426F6F74696E672025752F25750A0000F0
:10417000FFFFFFFFFFFF0000C7EA0208000000008A
:104180000854030801000706CAEA020806000000F6
:104190000854030801000806644003080C000000EE
:1041A00008540308010009066740030812000000D4
:1041B0000854030801000A066A40030818000000BA
:1041C0000854030801000B066D4003081E000000A0
:1041D0000854030801000C06F2E602080000000083
:1041E000000000000000FF004261642043414E498E
:1041F0006661636520696E6465782E00800000004A
:1042000000800000000080000000000000000000AE
:10421000BDEE000869900108C58F010831860108CC
:104220003D860108FD8901087D870108098601088E
:10423000DDEE0008E1EE00081D8601080586010894
:10424000EDEE0008F98801080D8601087DEF0008F1
:10425000F5EE000825860108C98801084932433A6D
:1042600025753A2530327800493243257520636C34
:104270006F636B2025756B487A0A00004932433A18
:10428000206E6F74206F776E6572206F66203078B5
:10429000257820666F722061646472203078253042
:1042A00032780A000000000000000000000000005A
:1042B00000000000ED92010849AE010849AE010876
:1042C000F19201080193010805930108099301087F
:1042D0000D93010849AE010849AE010849AE010835
:1042E0002593010829930108419301084993010886
:1042F00055930108599301085D9301083C6400201F
:10430000020403000D0400480E04004800000000F1
:1043100000000000A1950108899301089D93010800
:104320008D9301080000000000000000D9930108EF
:10433000F9930108619301087193010859970108E5
:10434000F1920108019301080593010809930108FE
:104350000D93010875930108B9930108D1930108E1
:104360002593010829930108419301084993010805
:104370005593010859930108699301088593010831
:104380007D93010800000000000000003198010842
:1043900029980108159801081D98010809080108C5
:1043A000C9270108444D4156310A00444D413D257D
:1043B00031753A2531752054583D25387520554CB6
:1043C000434B3D25387520434C434B3D25387520E4
:1043D000434F4E543D25342E316625250A000000FA
:1043E00049535220666C6F6F64206F6E2070696E47
:1043F000202575005265747279696E672070696E48
:104400002025642061667465722049535220666CD1
:104410006F6F640050696E20257520646973616256
:104420006C6564202849535220666C6F6F642900C4
:10443000020103000000000000000000C19E01080E
:10444000459D01085D9D0108819D01080000000057
:1044500000000000E59D0108259E0108C99C010897
:10446000FD9C0108819E01081D9D0108A19D010878
:10447000B59D0108099E0108D59E0108059F010808
:1044800015A20108E5A101082DA10108419D01081F
:10449000859F010849A0010841505F50657269700D
:1044A00068000000000000000000000049AE0108A4
:1044B000000000000000000075A3010879A30108B6
:1044C0007DA3010881A30108000000000000000096
:1044D000CDA40108E5A40108ED92010885A3010817
:1044E00089A3010845A30108019301080593010868
:1044F000099301080D93010891A3010895A30108F0
:1045000059A3010825930108299301084193010843
:104510004993010855930108599301085D930108D7
:104520008DA3010855A301085DA301080000000048
:104530000000000049A4010861A3010865A3010867
:1045400069A30108000000000000000021A4010888
:1045500019A4010815A40108F1A30108C5A30108C5
:10456000BDA30108B5A30108000000000000000081
:1045700079A6010853746F726167653A20557369B3
:104580006E6720666C6173682070616765732025B3
:104590007520616E642025750A00556E61626C6538
:1045A00020746F20696E697420666C617368207373
:1045B000746F726167650000496E697469616C6946
:1045C0007365642053746F726167652074797065D8
:1045D0003D25640A0000000053746F726167653AFC
:1045E000206661696C65642061742025753A2575C3
:1045F00020666F72202575202D2072652D696E69E9
:10460000742025750A000000000000000000000072
:1046100069A9010885A901085DAA01088DAA0108F8
:1046200019AB01088DA901086DA901084E6F74200E
:10463000656E6F75676820636865636B656420727B
:10464000656769737465727320666F72207265673F
:1046500020307825303278206F6E2064657669636B
:104660006520307825780A002C76D888674F082393
:10467000C1DFAE59B1B796E5E453C63A5199769683
:10468000E6C28426898C9B62407C6FFCBC9C9F4068
:10469000BAA56FA590055A2A5C936B6C676DC11B18
:1046A000E0E40D47F520E6B5D0ED902E0094357787
:1046B0000080841E0000204E000000C833333333D6
:1046C000986E128341EF8D21893BE655CFFEE6DBE4
:1046D000D1844B38F77C1D90A4BBE4243284725EF5
:1046E0008100C9F1ECA1E53DDCDFE1E3E6E8EBEDBB
:1046F000EFF2F4F7F9FCFE000305080A0C0F1114A1
:1047000016181B1D202224270000000000000000B6
:1047100079B2010881B20108159801086DB201084B
:1047200091B2010895B201080000000000000000ED
:104730007DF5000899F500086DF20008DDF200082B
:10474000B9F20008F9F2000899F2000885F20008B1
:1047500009F30008C9F30008B1B20108A9B20108C1
:10476000A9B201081DF2000829F200082DF2000884
:1047700031F2000835F2000839F200083DF2000875
:1047800041F2000845F20008D9F2000849F2000899
:1047900051F2000855F2000859F200085DF20008D5
:1047A00061F2000865F2000869F20008A1B2010890
:1047B000B5B20108B9B20108A5B20108A5B2010855
:1047C000ADB20108A9B201080000211042206330F7
:1047D0008440A550C660E770088129914AA16BB159
:1047E0008CC1ADD1CEE1EFF1311210027332522201
:1047F000B5529442F772D662399318837BB35AA3A9
:10480000BDD39CC3FFF3DEE36224433420040114D0
:10481000E664C774A44485546AA54BB528850995F8
:10482000EEE5CFF5ACC58DD55336722611163006A0
:10483000D776F6669556B4465BB77AA71997388748
:10484000DFF7FEE79DD7BCC7C448E5588668A77860
:104850004008611802282338CCC9EDD98EE9AFF998
:10486000488969990AA92BB9F55AD44AB77A966A40
:10487000711A500A333A122AFDDBDCCBBFFB9EEBE8
:10488000799B588B3BBB1AABA66C877CE44CC55C10
:10489000222C033C600C411CAEED8FFDECCDCDDD38
:1048A0002AAD0BBD688D499D977EB66ED55EF44EE0
:1048B000133E322E511E700E9FFFBEEFDDDFFCCF88
:1048C0001BBF3AAF599F788F8891A981CAB1EBA1DC
:1048D0000CD12DC14EF16FE18010A100C230E32058
:1048E0000450254046706760B9839893FBA3DAB300
:1048F0003DC31CD37FE35EF3B1029012F322D232A8
:104900003542145277625672EAB5CBA5A8958985CF
:104910006EF54FE52CD50DC5E234C324A0148104F7
:104920006674476424540544DBA7FAB79987B8979F
:104930005FE77EF71DC73CD7D326F2369106B01647
:1049400057667676154634564CD96DC90EF92FE95F
:10495000C899E9898AB9ABA9445865480678276897
:10496000C018E1088238A3287DCB5CDB3FEB1EFB3F
:10497000F98BD89BBBAB9ABB754A545A376A167AE7
:10498000F10AD01AB32A923A2EFD0FED6CDD4DCD0F
:10499000AABD8BADE89DC98D267C076C645C454C37
:1049A000A23C832CE01CC10C1FEF3EFF5DCF7CDFDF
:1049B0009BAFBABFD98FF89F176E367E554E745E87
:1049C000932EB23ED10EF01E000000009630077705
:1049D0002C610EEEBA51099919C46D078FF46A70F3
:1049E00035A563E9A395649E3288DB0EA4B8DC7913
:1049F0001EE9D5E088D9D2972B4CB609BD7CB17E93
:104A0000072DB8E7911DBF906410B71DF220B06A62
:104A10004871B9F3DE41BE847DD4DA1AEBE4DD6D72
:104A200051B5D4F4C785D38356986C13C0A86B6472
:104A30007AF962FDECC9658A4F5C0114D96C066392
:104A4000633D0FFAF50D088DC8206E3B5E10694C72
:104A5000E44160D5727167A2D1E4033C47D4044BB2
:104A6000FD850DD26BB50AA5FAA8B5356C98B24292
:104A7000D6C9BBDB40F9BCACE36CD832755CDF4512
:104A8000CF0DD6DC593DD1ABAC30D9263A00DE5142
:104A90008051D7C81661D0BFB5F4B42123C4B35632
:104AA0009995BACF0FA5BDB89EB802280888055FB2
:104AB000B2D90CC624E90BB1877C6F2F114C685812
:104AC000AB1D61C13D2D66B69041DC760671DB0100
:104AD000BC20D2982A10D5EF8985B1711FB5B606D2
:104AE000A5E4BF9F33D4B8E8A2C9077834F9000F12
:104AF0008EA8099618980EE1BB0D6A7F2D3D6D08B2
:104B0000976C6491015C63E6F4516B6B62616C1CA1
:104B1000D83065854E0062F2ED95066C7BA5011BD1
:104B2000C1F4088257C40FF5C6D9B06550E9B71271
:104B3000EAB8BE8B7C88B9FCDF1DDD62492DDA1531
:104B4000F37CD38C654CD4FB5861B24DCE51B53A51
:104B50007400BCA3E230BBD441A5DF4AD795D83D51
:104B60006DC4D1A4FBF4D6D36AE96943FCD96E3491
:104B7000468867ADD0B860DA732D0444E51D033371
:104B80005F4C0AAAC97C0DDD3C710550AA41022781
:104B900010100BBE86200CC925B56857B3856F2051
:104BA00009D466B99FE461CE0EF9DE5E98C9D929B1
:104BB0002298D0B0B4A8D7C7173DB359810DB42EF1
:104BC0003B5CBDB7AD6CBAC02083B8EDB6B3BF9A3D
:104BD0000CE2B6039AD2B1743947D5EAAF77D29DC9
:104BE0001526DB048316DC73120B63E3843B6494A9
:104BF0003E6A6D0DA85A6A7A0BCF0EE49DFF0993A9
:104C000027AE000AB19E077D44930FF0D2A3088718
:104C100068F2011EFEC206695D5762F7CB676580C8
:104C200071366C19E7066B6E761BD4FEE02BD389C8
:104C30005A7ADA10CC4ADD676FDFB9F9F9EFBE8E28
:104C400043BEB717D58EB060E8A3D6D67E93D1A168
:104C5000C4C2D83852F2DF4FF167BBD16757BCA648
:104C6000DD06B53F4B36B248DA2B0DD84C1B0AAFE8
:104C7000F64A0336607A0441C3EF60DF55DF67A868
:104C8000EF8E6E3179BE69468CB361CB1A8366BCF8
:104C9000A0D26F2536E2685295770CCC03470BBB48
:104CA000B91602222F260555BE3BBAC5280BBDB248
:104CB000925AB42B046AB35CA7FFD7C231CFD0B5E8
:104CC0008B9ED92C1DAEDE5BB0C2649B26F263ECDA
:104CD0009CA36A750A936D02A906099C3F360EEBE8
:104CE0008567077213570005824ABF95147AB8E2A8
:104CF000AE2BB17B381BB60C9B8ED2920DBED5E588
:104D0000B7EFDC7C21DFDB0BD4D2D38642E2D4F1D7
:104D1000F8B3DD686E83DA1FCD16BE815B26B9F667
:104D2000E177B06F7747B718E65A0888706A0FFFC7
:104D3000CA3B06665C0B0111FF9E658F69AE62F887
:104D4000D3FF6B6145CF6C1678E20AA0EED20DD787
:104D50005483044EC2B30339612667A7F71660D0A7
:104D60004D476949DB776E3E4A6AD1AEDC5AD6D9E7
:104D7000660BDF40F03BD83753AEBCA9C59EBBDE07
:104D80007FCFB247E9FFB5301CF2BDBD8AC2BACAB7
:104D90003093B353A6A3B4240536D0BA9306D7CD27
:104DA0002957DE54BF67D9232E7A66B3B84A61C447
:104DB000021B685D942B6F2A37BE0BB4A18E0CC307
:104DC0001BDF055A8DEF022D25733A2025730A004B
:104DD000436F6E666967204572726F720000000053
:104DE0004E6F20616E616C6F6720766F6C746167C7
:104DF00065206368616E6E656C20666F722062610B
:104E00007474657279202564004E6F20616E616C48
:104E10006F672063757272656E74206368616E6E71
:104E2000656C20666F7220626174746572792025EA
:104E300064000000564C545F4F46465345540000F2
:104E400008E50208400000000000A0400000010149
:104E500011E50208410000000000C040000002010E
:104E60001AE50208300000000000A8410000030419
:104E700024E5020834000000000020420000040481
:104E80002FE50208380000000000000000000504C3
:104E9000344E03083C00000000000000000006043F
:104EA000F2E6020800000000000000000000FF0021
:104EB0000000000000000000A1B401084DB5010889
:104EC0007DB40108A5B401088D02010875B401087C
:104ED00081B4010869B401086DB40108E5B50108A1
:104EE00019B8010871B401086DB60108D1B90108FB
:104EF000F1B50108950201089902010800000000BF
:104F0000000000000000000000000000E1B5010802
:104F100049AE01088D0201089102010849AE01085D
:104F200069B401086DB40108E5B5010819B80108B4
:104F300071B401086DB60108D1B90108F1B50108D5
:104F400095020108990201084932435F41444452E5
:104F5000000000003AE502084000000000000000E8
:104F600000000A01484F03084100000000003041E2
:104F700000000B01F2E60208000000000000000043
:104F80000000FF0000000000000000000000000022
:104F900000000000C5BA01082DBB01088D02010800
:104FA00091020108AD0201089D020108A502010855
:104FB000E5B5010819B8010815BB01086DB601086F
:104FC000D1B90108B102010895020108990201084E
:104FD000C1BA0108E9BC010849AE01084869746119
:104FE000636869206D6178656C6C000000000000EA
:104FF0000000000019BE01081DBE0108C5BA010865
:105000002DBB01088D02010891020108AD020108C3
:105010009D020108A5020108E5B5010819B80108BB
:1050200015BB01086DB60108D1B90108B10201082C
:105030009502010899020108C1BA0108E9BC0108FA
:10504000B5BE0108000000000000000039C00108E2
:105050006DC10108C5BA01082DBB01088D02010808
:1050600091020108AD0201089D020108A502010894
:10507000E5B5010819B8010815BB01086DB60108AE
:10508000D1B90108B102010895020108990201088D
:10509000C1BA0108E9BC01083DC0010800000000D8
:1050A0000000000099C1010825C20108C5BA010825
:1050B0002DBB01088D02010891020108AD02010813
:1050C0009D020108A5020108E5B5010819B801080B
:1050D00015BB01086DB60108D1B90108B10201087C
:1050E0009502010899020108C1BA01089DC1010891
:1050F000B5BE0108000000000000000031C2010838
:1051000061C2010835C201082DBB01088D020108EA
:1051100091020108AD0201089D020108A5020108E3
:10512000E5B5010819B8010815BB01086DB60108FD
:10513000D1B90108B10201089502010899020108DC
:10514000C1BA0108E9BC010811C40108000000004F
:105150000000000089CA010855CB0108B5CB010841
:10516000A5CA0108FDCA01087DCA010881CA010853
:1051700085CA010841554156204149525350454581
:10518000445B25755D3A206E6F2073656E736F7298
:1051900020666F756E64206F6E20627573202575B2
:1051A00000415541562041495253504545445B25E5
:1051B000755D3A20466F756E6420627573202575A3
:1051C000206164647220307825303278000000005D
:1051D000000000000000000045CD0108F5CD0108E9
:1051E0003DD1010861CD0108C5CD01087DCA010886
:1051F00081CA010885CA0108000000000000000003
:10520000000000000000000049AE010811D20108B2
:1052100049AE01087DCA010881CA010885CA010892
:1052200000000000000000008DD2010851D30108E9
:10523000EDD30108A9D20108FDD201087DCA0108F9
:1052400081CA010885CA01084D53343532355B25C2
:10525000755D3A206E6F2073656E736F7220666F96
:10526000756E64004D53343532355B25755D3A20DB
:10527000466F756E642062757320257520616464C5
:1052800072203078253032780000000000000000E5
:10529000000000003DD5010801D60108EDD8010845
:1052A00059D50108ADD501087DCA010881CA010898
:1052B00085CA0108283646004D53353532353A2027
:1052C000435243206D69736D6174636820307825A3
:1052D000303478203078253034780A004D53353515
:1052E00032355B25755D3A20466F756E64206F6EB2
:1052F00020627573202575206164647220307825E2
:10530000303278004D53353532355B25755D3A20A6
:105310006E6F2073656E736F7220666F756E6400BA
:10532000000000000000000041DA010805DB010870
:10533000DDDB01085DDA0108B1DA01087DCA010888
:1053400081CA010885CA010821222300000000004B
:10535000000000000DDF01087DDF010895E2010873
:1053600025E1010829DF01087DCA010881CA010879
:1053700085CA01084D494E004D4158005452494DCF
:105380000052455645525345440046554E435449F4
:105390004F4E000074530308000000000080894451
:1053A0000000010278530308020000000080ED4471
:1053B000000002027C530308040000000080BB448C
:1053C00000000302815303080600000000000000F3
:1053D000000004018A5303080800000000000000D8
:1053E00000000502F2E602080000000000000000D4
:1053F0000000FF0044454641554C5400494E564577
:1054000052544544000000008A5303080000000085
:10541000000000000400010116E50208020000007F
:10542000000080BF00000202F453030804000000E3
:105430000000000000000301FC5303080500000009
:105440000000000000000401F2E602080000000075
:10545000000000000000FF004F7574206F6620619F
:105460006E616C6F67206368616E6E656C730A00B5
:105470004661696C656420746F20616C6C6F636158
:1054800074652041444320444D4120627566666541
:10549000720000000F0F00003333533A1010000069
:1054A0003333533A0000000000000000B9E6010861
:1054B000B1E6010881E70108D5E8010811E9010812
:1054C000F5E801080000000000000000B1E8010854
:1054D00015E7010891E6010899E60108A1E601082F
:1054E000A9E6010849324325750053504925750046
:1054F0004661696C656420746F20637265617465D0
:1055000020627573207468726561642025730000E1
:10551000000000000000000061ED010849ED0108F5
:10552000BDED010871ED010881ED0108F9ED0108FB
:1055300051ED010859ED01084DED010869ED010833
:1055400052434F75743A20496E697469616C69738E
:10555000696E670052434F75743A204E6F6E650056
:1055600052434F75743A00004368616E2025692CE0
:105570002025733A202573004368616E2025692039
:10558000746F2025692C2025733A202573000000B4
:105590006661696C656420746F20616C6C6F636117
:1055A000746520444D41006661696C656420746FC8
:1055B00020616C6C6F6361746520444D412062759D
:1055C00066666572006661696C656420746F206D43
:1055D0006174636820636C6F636B207370656564CE
:1055E0000000000054494D455256310A0054494DBF
:1055F000252D327520434C4B3D2534754D687A205E
:105600004D4F44453D25357320465245513D253883
:1056100075205447543D2538750A00006661696C51
:1056200065642C206E6F20444D410000F04902005B
:10563000E0930400C0270900804F120000350C00E1
:1056400060E3160000350C000000000000000000C0
:1056500015F30108DDF90108C5F60108E9F60108AE
:1056600015F70108B5FF0108851302087913020830
:1056700069EE01089113020885EE01088DEE01081C
:1056800085EF01081D000208F5EE010849F0010848
:105690000DEF01081DEF0108A5EF010891EF0108CA
:1056A0009DEF010831EE010835EE010841EE0108D9
:1056B00045EE01088DEF010849EE01084DFC010897
:1056C00001070208DD070208E50B02086D0B02085E
:1056D00045EF010879F001089DEE01080DF0010881
:1056E00079EF01088D12020871EE010889F20108B4
:1056F0004DEE010851EE010851F2010861EE01087A
:105700005D14020855EE010851F70108091002085E
:1057100051F801082509020859EE01085DEE01085B
:1057200095EE01084F7574206F662074696D65727F
:105730002070726F6365737365730A0072636F75AF
:105740007400000050414E49433A20736368656419
:10575000756C65723A3A7365745F73797374656DCD
:105760005F696E697469616C697A65642063616CF4
:105770006C65646D6F7265207468616E206F6E6316
:10578000650000004F7574206F6620494F207072CD
:105790006F6365737365730A0000000074696D655B
:1057A00072000000696F00000000000000000000AF
:1057B0004115020811160208F1170208CD1502085A
:1057C0006D190208A91702080918020869F10008F2
:1057D0005DF10008AD16020829180208F914020844
:1057E000CD170208F51402082117020865F1000818
:1057F000F9150208E5170208E917020871F1000817
:10580000FD18020800B601B402B503B004B205B534
:1058100006B5073C08B1093A0A3C0B3B0C020D3CAB
:10582000554152545F525800436F756C64206E6F3F
:10583000742063726561746520554152542052583A
:1058400020746872656164004F54472531750055B6
:1058500041525425317500436F756C64206E6F742E
:10586000206372656174652055415254205458205C
:10587000746872656164000064697361626C696E6A
:105880006720666C6F7720636F6E74726F6C206F29
:105890006E2073657269616C2025750A0000000036
:1058A000C06400200100010D02000000010C000096
:1058B0000200000006040048070400480000000041
:1058C00000000000FF00FF0000FF00002465002032
:1058D00002000000000000000106000002000000BD
:1058E0000200004803000048000000000000000023
:1058F000FF00FF0000FF000088650020030000009B
:105900000000000000000000000000000A04004841
:105910000B0400480000000000000000FF00FF0032
:1059200000FF000000000000000000007DF50008FE
:1059300099F500086DF20008DDF20008B9F20008E0
:10594000F9F2000899F2000885F2000809F300084E
:10595000C9F30008A51C0208A51B0208051C0208C3
:10596000F12E0208011C0208851D0208751B0208A1
:105970000D1F0208D51F0208911C0208BD1C020859
:1059800045F20008C11B02087D1B0208951B020896
:10599000991B0208C920020881200208B91B0208CD
:1059A000BD1B0208D51E0208D922020839200208B0
:1059B000A92A0208351C020829200208151C020821
:1059C000592A020840524F4D46532F64656661754F
:1059D0006C74732E7061726D000000006661696CFA
:1059E000656420746F2066696E642025730A004226
:1059F0006F6F746C6F616465722075702D746F2D9C
:105A0000646174650A0045726173696E670A0045D6
:105A100072617365202575206661696C65640A0092
:105A2000466C617368696E672025732040253038A5
:105A3000780A00466C617368206661696C65642150
:105A40002028617474656D70743D25752F25752946
:105A50000A00466C617368204F4B0A00466C617304
:105A600068206661696C65642061667465722025D2
:105A70007520617474656D7074730A002573202538
:105A8000303258253032582530325825303258209F
:105A9000253032582530325825303258253032588A
:105AA00020253032582530325825303258253032B2
:105AB000580000005468726561647356320A495395
:105AC0005220202020202020202020205052493DFC
:105AD0003235352073703D257020535441434B3D82
:105AE00025752F25750A00252D31332E313373206E
:105AF0005052493D2533752073703D257020535415
:105B000041434B3D25752F25750A00004D656D49B4
:105B10006E666F56310A0053544152543D30782519
:105B2000303878204C454E3D2533756B2046524524
:105B3000453D253675204C52473D25367520545934
:105B400050453D2531750A000000000000000000AE
:105B5000E535020815340208DDF30008E1F300081A
:105B6000E5F30008BD300208E9F300081D31020822
:105B7000DD310208E5310208E93102086D3302081F
:105B8000FD300208EDF30008C53002082D3102088F
:105B9000F5F30008F9F300081D350208F13002089A
:105BA00039350208ED300208FDF300081934020807
:105BB000A5340208AD34020801F4000805F4000819
:105BC000D13002087D350208E5300208E9300208CC
:105BD000556E6B6E6F776E0025732025733A2575B1
:105BE0000025732025733A25752D257500000000CA
:105BF00050574D004F6E6553004F533132350042C0
:105C0000727573680044533135300044533330307B
:105C100000445336303000445331323030004E654A
:105C20006F500050726F66694C4544005B55030825
:105C3000F05B0308F45B0308F95B0308FF5B0308F0
:105C4000055C03080B5C0308115C0308175C030880
:105C50001E5C0308235C03081E5C0308286E756C39
:105C60006C2900000A00000064000000E803000046
:105C700010270000A086010040420F008096980087
:105C800000E1F50500CA9A3B000000000000024058
:105C90000800024001000000A800024000000B00C4
:105CA000000002401C00024002000000A800024068
:105CB00004010C000000024030000240040000001B
:105CC000A800024008020D0000000240440002400B
:105CD00008000000A80002400C030E000000024073
:105CE0005800024010000000A800024010040F00FD
:105CF000000002406C00024020000000A8000240AA
:105D00001405100000000240800002404000000026
:105D1000A8000240180611000004024008040240D6
:105D200080000000A8040240000738000004024080
:105D30001C04024000010000A804024004083900CD
:105D4000000402403004024000020000A8040240A7
:105D500008093A0000040240440402400004000024
:105D6000A80402400C0A3B00000402405804024010
:105D700000080000A8040240100B3C000004024090
:105D80006C04024000100000A8040240140C4400FF
:105D9000000402408004024000200000A8040240E9
:105DA000180D4500009600000000000000000000F3
:105DB00000000000000000000000000000000000E3
:105DC0001966020805660208416602082D66020887
:105DD000396602082566020811660208FD65020898
:105DE0004D6602086D61696E002C043804023C089F
:105DF0000C10141C20242526000000000000640262
:105E00000100040000000000000C001028303400E5
:105E100063300000105E030800040020000E002024
:105E200090720020807400206E6F6E616D650000BE
:105E30000001002000FF00000100000069646C65A3
:105E4000000000000000004B000000CBDB0F49BF4A
:105E5000E4CB1640E4CB16C000000080DB0F4940C5
:105E6000DB0F49C0000000000000008000000000BF
:105E7000000FC93F000F494000CB9640000FC940BA
:105E80000053FB4000CB164100ED2F41000F49416C
:105E90000031624100537B41003A8A4100CB964178
:105EA000005CA34100EDAF41007EBC41000FC94141
:105EB00000A0D5410031E24100C2EE410053FB4158
:105EC00000F20342003A0A420083104200CB16421D
:105ED00000141D42005C234200A5294200ED2F4220
:105EE00000363642007E3C4200C74242000F494223
:105EF000A2000000F9000000830000006E00000016
:105F00004E000000440000001500000029000000C1
:105F1000FC0000002700000057000000D100000036
:105F2000F500000034000000DD000000C0000000AB
:105F3000DB000000620000009500000099000000F6
:105F40003C00000043000000900000004100000001
:105F5000FE0000005100000063000000AB000000E4
:105F6000DE000000BB000000C50000006100000072
:105F7000B7000000240000006E0000003A0000009E
:105F8000420000004D000000D2000000E0000000D0
:105F900006000000490000002E000000EA0000009A
:105FA00009000000D1000000920000001C00000069
:105FB000FE0000001D000000EB0000001C000000BF
:105FC000B100000029000000A70000003E00000012
:105FD000E80000008200000035000000F50000002D
:105FE0002E000000BB000000440000008400000000
:105FF000E90000009C000000700000002600000086
:10600000B40000005F0000007E00000041000000BE
:106010003900000091000000D600000039000000A7
:10602000830000005300000039000000F40000006D
:106030009C000000840000005F0000008B00000056
:10604000BD000000F9000000280000003B00000037
:106050001F000000F800000097000000FF00000093
:10606000DE00000005000000980000000F000000A6
:10607000EF0000002F000000110000008B00000066
:106080005A0000000A0000006D0000001F00000020
:106090006D000000360000007E000000CF00000010
:1060A00027000000CB00000009000000B70000003E
:1060B0004F000000460000003F00000066000000A6
:1060C0009E0000005F000000EA0000002D000000BC
:1060D0007500000027000000BA000000C7000000A3
:1060E000EB000000E5000000F10000007B00000074
:1060F0003D0000000700000039000000F70000002C
:106100008A0000005200000092000000EA00000037
:106110006B000000FB0000005F000000B100000009
:106120001F0000008D0000005D000000080000005E
:106130005600000003000000300000004600000090
:10614000FC0000007B0000006B000000AB000000C2
:10615000F0000000CF000000BC00000020000000A4
:106160009A000000F4000000360000001D0000004E
:10617000A9000000E30000009100000061000000A1
:106180005E000000E60000001B00000008000000A8
:106190006500000099000000850000005F0000001D
:1061A00014000000A0000000680000004000000093
:1061B0008D000000FF000000D800000080000000FB
:1061C0004D000000730000002700000031000000B7
:1061D0000600000006000000150000005600000048
:1061E000CA00000073000000A8000000C900000001
:1061F00060000000E20000007B000000C000000022
:106200008C0000006B0000000000C93F0000F03966
:106210000000DA370000A2330000842E0000502B6B
:106220000000C2270000D0220000C41F0000C61BCF
:1062300000004417040000000700000009000000EF
:106240003863ED3EDA0F493F5E987B3FDA0FC93F76
:106250006937AC3168212233B40F14336821A2337B
:106260000000004B000000CBF80E0020494E460015
:106270004E414E00303132333435363738394142B1
:10628000434445460030313233343536373839618E
:10629000626364656600000035000000CEFBFFFF0E
:1062A000CB030000010000000000000034000000EB
:1062B000CEFBFFFFCB030000010000000000000048
:1062C000BC89D897B2D29C3C33A7A8D523F64939CC
:1062D0003DA7F444FD0FA5329D978CCF08BA5B25EE
:1062E000436FAC6428066811002020202020202065
:1062F0002020282828282820202020202020202076
:106300002020202020202020208810101010101085
:1063100010101010101010101004040404040404D1
:10632000040404101010101010104141414141416B
:10633000010101010101010101010101010101014D
:10634000010101011010101010104242424242425D
:10635000020202020202020202020202020202021D
:1063600002020202101010102000000000000000C5
:10637000000000000000000000000000000000001D
:10638000000000000000000000000000000000000D
:1063900000000000000000000000000000000000FD
:1063A00000000000000000000000000000000000ED
:1063B00000000000000000000000000000000000DD
:1063C00000000000000000000000000000000000CD
:1063D00000000000000000000000000000000000BD
:1063E000000000000000000000000000496E666927
:1063F0006E697479004E614E005245454E54206DD1
:10640000616C6C6F632073756363656564656400BC
:106410002F6D6E742F776F726B73706163652F775A
:106420006F726B73706163652F4743432D31302D5D
:10643000706970656C696E652F6A656E6B696E73E5
:106440002D4743432D31302D706970656C696E6541
:106450002D34385F32303230313132345F313630C2
:10646000363138303634312F7372632F6E65776C66
:1064700069622F6E65776C69622F6C6962632F7336
:1064800074646C69622F64746F612E630042616C86
:106490006C6F6320737563636565646564000000F9
:1064A0002F6D6E742F776F726B73706163652F77CA
:1064B0006F726B73706163652F4743432D31302DCD
:1064C000706970656C696E652F6A656E6B696E7355
:1064D0002D4743432D31302D706970656C696E65B1
:1064E0002D34385F32303230313132345F31363032
:1064F000363138303634312F7372632F6E65776CD6
:1065000069622F6E65776C69622F6C6962632F73A5
:1065100074646C69622F6764746F612D6765746859
:1065200065782E6300000000FA410308F2E60208D5
:10653000580F0020504F5349580000002F6D6E74C3
:106540002F776F726B73706163652F776F726B73E8
:10655000706163652F4743432D31302D706970653D
:106560006C696E652F6A656E6B696E732D47434368
:106570002D31302D706970656C696E652D34385F12
:1065800032303230313132345F31363036313830BA
:106590003634312F7372632F6E65776C69622F6E9C
:1065A00065776C69622F6C6962632F7374646C69C0
:1065B000622F6D707265632E630000000080E0370B
:1065C00079C34143176E05B5B5B89346F5F93FE970
:1065D000034F384D321D30F94877825A3CBF737FE4
:1065E000DD4F1575000000000000F03F00000000C6
:1065F000000024400000000000005940000000009E
:1066000000408F40000000000088C34000000000F0
:10661000006AF8400000000080842E410000000065
:10662000D01263410000000084D7974100000000B1
:1066300065CDCD41000000205FA00242000000E8CF
:1066400076483742000000A2941A6D42000040E5EF
:106650009C30A2420000901EC4BCD64200003426EA
:10666000F56B0C430080E03779C3414300A0D88527
:106670005734764300C84E676DC1AB43003D91600F
:10668000E458E143408CB5781DAF154450EFE2D695
:10669000E41A4B4492D54D06CFF08044F64AE1C748
:1066A000022DB544B49DD9794378EA440500000031
:1066B000190000007D0000002C2066756E6374696F
:1066C0006F6E3A2000617373657274696F6E202279
:1066D000257322206661696C65643A2066696C6581
:1066E00020222573222C206C696E65202564257379
:1066F00025730A00232D302B2000686C4C00656642
:106700006745464700000000000000000000000050
:106710000000000000000000000000000000000079
:106720000000000000000000000000000000000069
:106730000000000000000000000000000000000059
:106740000000000000000000000000000000000049
:106750000000000000000000000000000000000039
:106760000000000000000000A847FD7F01000000BD
:1067700001000000FE2A0100D20400000100000018
:10678000000000000000000001000000E9E2020833
:10679000000000000100000001000000CCE9020838
:1067A000000000000A00000001000000D6E9020815
:1067B000000000000C00000001000000E5E90208F4
:1067C000000000000E00000002000000F4E90208D2
:1067D000000000000F0000000200000001EA0208B3
:1067E0000000000010000000050000000EEA020892
:1067F00000000000110000000500000017EA020878
:1068000000000000120000000200000020EA020860
:106810000000000013000000020000002EEA020841
:106820000000000017000000010000003CEA020820
:106830000000000018000000010000004AEA020801
:10684000999C0108B84403083F3E3D3C3B3A393827
:106850003736353403000000060000000800000051
:10686000FF000000F80E0020000000002867030869
:1068700048670308086703080000000000000000E4
:106880000000000000000000000000000000000008
:1068900000000000000000000000000000000000F8
:1068A00000000000000000000000000000000000E8
:1068B00000000000000000000000000000000000D8
:1068C0000000000000000000FF0000004300000086
:1068D00000000000000000000000000000000000B8
:1068E0000000000000000000000000004300000065
:1068F0000000000000000000000000000000000098
:106900000000000000000000000000004300000044
:106910000000000000000000000000000000000077
:106920000000000000000000000000004300000024
:106930000000000000000000000000000000000057
:106940000000000000000000000000004300000004
:106950000000000000000000000000000000000037
:1069600000000000000000000000000043000000E4
:106970000000000000000000000000000000000017
:1069800000000000000000000000000043000000C4
:1069900000000000000000000000000000000000F7
:1069A00000000000000000000000000001D4020808
:1069B00045CA020800000000E8620308FA41030823
:1069C000F2E60208F2E60208F2E60208F2E602083F
:1069D000F2E60208F2E60208F2E60208F2E602082F
:1069E000F2E60208FFFFFFFFFFFFFFFFFFFFFFFFD1
:1069F000FFFF00000100415343494900000000002F
:106A00000000000000000000000000000000000086
:106A1000000000000000415343494900000000000D
:106A20000000000000000000000000000000000066
:086A300000000000000000005E
:00000001FF
