ISO-10303-21;
HEADER;
/* Generated by software containing ST-Developer
 * from STEP Tools, Inc. (www.steptools.com) 
 */

FILE_DESCRIPTION(
/* description */ (''),
/* implementation_level */ '2;1');

FILE_NAME(
/* name */ 'BR ADM AUAV Lid.step',
/* time_stamp */ '2025-12-26T18:13:18Z',
/* author */ (''),
/* organization */ (''),
/* preprocessor_version */ 'ST-DEVELOPER v20.1',
/* originating_system */ 'Autodesk Translation Framework v14.21.0.0',
/* authorisation */ '');

FILE_SCHEMA (('AUTOMOTIVE_DESIGN { 1 0 10303 214 3 1 1 }'));
ENDSEC;

DATA;
#10=MECHANICAL_DESIGN_GEOMETRIC_PRESENTATION_REPRESENTATION('',(#13),#2365);
#11=SHAPE_REPRESENTATION_RELATIONSHIP('SRR','None',#2372,#12);
#12=ADVANCED_BREP_SHAPE_REPRESENTATION('',(#14),#2364);
#13=STYLED_ITEM('',(#2381),#14);
#14=MANIFOLD_SOLID_BREP('Body1',#1465);
#15=ELLIPSE('',#1502,3.98513687876483,2.81101940001095);
#16=ELLIPSE('',#1503,4.0601429228892,2.86392685377375);
#17=ELLIPSE('',#1512,3.98513687876482,2.81101940001095);
#18=ELLIPSE('',#1543,4.0601429228892,2.86392685377375);
#19=B_SPLINE_CURVE_WITH_KNOTS('',3,(#2056,#2057,#2058,#2059,#2060,#2061),
 .UNSPECIFIED.,.F.,.F.,(4,2,4),(2.12222849810824,2.28535676311375,2.46913674244789),
 .UNSPECIFIED.);
#20=B_SPLINE_CURVE_WITH_KNOTS('',3,(#2070,#2071,#2072,#2073,#2074,#2075),
 .UNSPECIFIED.,.F.,.F.,(4,2,4),(1.03955355341045,1.22333353274458,1.38646179775009),
 .UNSPECIFIED.);
#21=(
BOUNDED_CURVE()
B_SPLINE_CURVE(2,(#2052,#2053,#2054),.UNSPECIFIED.,.F.,.F.)
B_SPLINE_CURVE_WITH_KNOTS((3,3),(0.0714246480262224,0.322595000005551),
 .UNSPECIFIED.)
CURVE()
GEOMETRIC_REPRESENTATION_ITEM()
RATIONAL_B_SPLINE_CURVE((1.01138464853554,1.02697014495403,1.01138464853554))
REPRESENTATION_ITEM('')
);
#22=(
BOUNDED_CURVE()
B_SPLINE_CURVE(2,(#2269,#2270,#2271),.UNSPECIFIED.,.F.,.F.)
B_SPLINE_CURVE_WITH_KNOTS((3,3),(0.0714246480262208,0.322595000005564),
 .UNSPECIFIED.)
CURVE()
GEOMETRIC_REPRESENTATION_ITEM()
RATIONAL_B_SPLINE_CURVE((1.01138464853554,1.02697014495404,1.01138464853554))
REPRESENTATION_ITEM('')
);
#23=CONICAL_SURFACE('',#1500,2.89683326533777,0.0698131700797732);
#24=CONICAL_SURFACE('',#1541,2.89683326533777,0.0698131700797732);
#25=CONICAL_SURFACE('',#1560,1.6,0.0698131700797732);
#26=CONICAL_SURFACE('',#1561,1.6,0.0698131700797732);
#27=FACE_BOUND('',#137,.T.);
#28=FACE_BOUND('',#138,.T.);
#29=FACE_BOUND('',#155,.T.);
#30=FACE_BOUND('',#177,.T.);
#31=FACE_BOUND('',#178,.T.);
#32=FACE_BOUND('',#193,.T.);
#33=FACE_BOUND('',#194,.T.);
#34=FACE_BOUND('',#195,.T.);
#35=FACE_BOUND('',#196,.T.);
#36=FACE_BOUND('',#206,.T.);
#37=CIRCLE('',#1493,3.2493121866259);
#38=CIRCLE('',#1494,3.2493121866259);
#39=CIRCLE('',#1495,3.2493121866259);
#40=CIRCLE('',#1496,3.2493121866259);
#41=CIRCLE('',#1497,1.94613771912038);
#42=CIRCLE('',#1498,1.94613771912038);
#43=CIRCLE('',#1501,2.99407932303209);
#44=CIRCLE('',#1504,2.99407932303209);
#45=CIRCLE('',#1542,2.99407932303209);
#46=CIRCLE('',#1544,2.99407932303209);
#47=CIRCLE('',#1558,1.6);
#48=CIRCLE('',#1559,1.6);
#49=FACE_OUTER_BOUND('',#123,.T.);
#50=FACE_OUTER_BOUND('',#124,.T.);
#51=FACE_OUTER_BOUND('',#125,.T.);
#52=FACE_OUTER_BOUND('',#126,.T.);
#53=FACE_OUTER_BOUND('',#127,.T.);
#54=FACE_OUTER_BOUND('',#128,.T.);
#55=FACE_OUTER_BOUND('',#129,.T.);
#56=FACE_OUTER_BOUND('',#130,.T.);
#57=FACE_OUTER_BOUND('',#131,.T.);
#58=FACE_OUTER_BOUND('',#132,.T.);
#59=FACE_OUTER_BOUND('',#133,.T.);
#60=FACE_OUTER_BOUND('',#134,.T.);
#61=FACE_OUTER_BOUND('',#135,.T.);
#62=FACE_OUTER_BOUND('',#136,.T.);
#63=FACE_OUTER_BOUND('',#139,.T.);
#64=FACE_OUTER_BOUND('',#140,.T.);
#65=FACE_OUTER_BOUND('',#141,.T.);
#66=FACE_OUTER_BOUND('',#142,.T.);
#67=FACE_OUTER_BOUND('',#143,.T.);
#68=FACE_OUTER_BOUND('',#144,.T.);
#69=FACE_OUTER_BOUND('',#145,.T.);
#70=FACE_OUTER_BOUND('',#146,.T.);
#71=FACE_OUTER_BOUND('',#147,.T.);
#72=FACE_OUTER_BOUND('',#148,.T.);
#73=FACE_OUTER_BOUND('',#149,.T.);
#74=FACE_OUTER_BOUND('',#150,.T.);
#75=FACE_OUTER_BOUND('',#151,.T.);
#76=FACE_OUTER_BOUND('',#152,.T.);
#77=FACE_OUTER_BOUND('',#153,.T.);
#78=FACE_OUTER_BOUND('',#154,.T.);
#79=FACE_OUTER_BOUND('',#156,.T.);
#80=FACE_OUTER_BOUND('',#157,.T.);
#81=FACE_OUTER_BOUND('',#158,.T.);
#82=FACE_OUTER_BOUND('',#159,.T.);
#83=FACE_OUTER_BOUND('',#160,.T.);
#84=FACE_OUTER_BOUND('',#161,.T.);
#85=FACE_OUTER_BOUND('',#162,.T.);
#86=FACE_OUTER_BOUND('',#163,.T.);
#87=FACE_OUTER_BOUND('',#164,.T.);
#88=FACE_OUTER_BOUND('',#165,.T.);
#89=FACE_OUTER_BOUND('',#166,.T.);
#90=FACE_OUTER_BOUND('',#167,.T.);
#91=FACE_OUTER_BOUND('',#168,.T.);
#92=FACE_OUTER_BOUND('',#169,.T.);
#93=FACE_OUTER_BOUND('',#170,.T.);
#94=FACE_OUTER_BOUND('',#171,.T.);
#95=FACE_OUTER_BOUND('',#172,.T.);
#96=FACE_OUTER_BOUND('',#173,.T.);
#97=FACE_OUTER_BOUND('',#174,.T.);
#98=FACE_OUTER_BOUND('',#175,.T.);
#99=FACE_OUTER_BOUND('',#176,.T.);
#100=FACE_OUTER_BOUND('',#179,.T.);
#101=FACE_OUTER_BOUND('',#180,.T.);
#102=FACE_OUTER_BOUND('',#181,.T.);
#103=FACE_OUTER_BOUND('',#182,.T.);
#104=FACE_OUTER_BOUND('',#183,.T.);
#105=FACE_OUTER_BOUND('',#184,.T.);
#106=FACE_OUTER_BOUND('',#185,.T.);
#107=FACE_OUTER_BOUND('',#186,.T.);
#108=FACE_OUTER_BOUND('',#187,.T.);
#109=FACE_OUTER_BOUND('',#188,.T.);
#110=FACE_OUTER_BOUND('',#189,.T.);
#111=FACE_OUTER_BOUND('',#190,.T.);
#112=FACE_OUTER_BOUND('',#191,.T.);
#113=FACE_OUTER_BOUND('',#192,.T.);
#114=FACE_OUTER_BOUND('',#197,.T.);
#115=FACE_OUTER_BOUND('',#198,.T.);
#116=FACE_OUTER_BOUND('',#199,.T.);
#117=FACE_OUTER_BOUND('',#200,.T.);
#118=FACE_OUTER_BOUND('',#201,.T.);
#119=FACE_OUTER_BOUND('',#202,.T.);
#120=FACE_OUTER_BOUND('',#203,.T.);
#121=FACE_OUTER_BOUND('',#204,.T.);
#122=FACE_OUTER_BOUND('',#205,.T.);
#123=EDGE_LOOP('',(#913,#914,#915,#916));
#124=EDGE_LOOP('',(#917,#918,#919,#920));
#125=EDGE_LOOP('',(#921,#922,#923,#924));
#126=EDGE_LOOP('',(#925,#926,#927,#928));
#127=EDGE_LOOP('',(#929,#930,#931,#932));
#128=EDGE_LOOP('',(#933,#934,#935,#936));
#129=EDGE_LOOP('',(#937,#938,#939,#940));
#130=EDGE_LOOP('',(#941,#942,#943,#944,#945,#946,#947));
#131=EDGE_LOOP('',(#948,#949,#950,#951));
#132=EDGE_LOOP('',(#952,#953,#954,#955,#956,#957,#958));
#133=EDGE_LOOP('',(#959,#960,#961,#962));
#134=EDGE_LOOP('',(#963,#964,#965,#966,#967,#968,#969));
#135=EDGE_LOOP('',(#970,#971,#972,#973,#974,#975,#976,#977,#978,#979));
#136=EDGE_LOOP('',(#980,#981,#982,#983,#984,#985));
#137=EDGE_LOOP('',(#986));
#138=EDGE_LOOP('',(#987));
#139=EDGE_LOOP('',(#988,#989,#990,#991));
#140=EDGE_LOOP('',(#992,#993,#994,#995,#996,#997,#998,#999,#1000));
#141=EDGE_LOOP('',(#1001,#1002,#1003,#1004,#1005,#1006,#1007,#1008,#1009,
#1010));
#142=EDGE_LOOP('',(#1011,#1012,#1013,#1014));
#143=EDGE_LOOP('',(#1015,#1016,#1017,#1018));
#144=EDGE_LOOP('',(#1019,#1020,#1021,#1022,#1023,#1024,#1025));
#145=EDGE_LOOP('',(#1026,#1027,#1028,#1029));
#146=EDGE_LOOP('',(#1030,#1031,#1032,#1033));
#147=EDGE_LOOP('',(#1034,#1035,#1036,#1037,#1038));
#148=EDGE_LOOP('',(#1039,#1040,#1041,#1042));
#149=EDGE_LOOP('',(#1043,#1044,#1045,#1046));
#150=EDGE_LOOP('',(#1047,#1048,#1049,#1050));
#151=EDGE_LOOP('',(#1051,#1052,#1053,#1054));
#152=EDGE_LOOP('',(#1055,#1056,#1057,#1058));
#153=EDGE_LOOP('',(#1059,#1060,#1061,#1062));
#154=EDGE_LOOP('',(#1063,#1064,#1065,#1066,#1067,#1068));
#155=EDGE_LOOP('',(#1069,#1070,#1071,#1072,#1073,#1074,#1075,#1076,#1077,
#1078,#1079,#1080,#1081,#1082));
#156=EDGE_LOOP('',(#1083,#1084,#1085,#1086));
#157=EDGE_LOOP('',(#1087,#1088,#1089,#1090));
#158=EDGE_LOOP('',(#1091,#1092,#1093,#1094));
#159=EDGE_LOOP('',(#1095,#1096,#1097,#1098));
#160=EDGE_LOOP('',(#1099,#1100,#1101,#1102));
#161=EDGE_LOOP('',(#1103,#1104,#1105,#1106));
#162=EDGE_LOOP('',(#1107,#1108,#1109,#1110,#1111,#1112));
#163=EDGE_LOOP('',(#1113,#1114,#1115,#1116));
#164=EDGE_LOOP('',(#1117,#1118,#1119,#1120));
#165=EDGE_LOOP('',(#1121,#1122,#1123,#1124));
#166=EDGE_LOOP('',(#1125,#1126,#1127,#1128));
#167=EDGE_LOOP('',(#1129,#1130,#1131,#1132));
#168=EDGE_LOOP('',(#1133,#1134,#1135,#1136));
#169=EDGE_LOOP('',(#1137,#1138,#1139,#1140));
#170=EDGE_LOOP('',(#1141,#1142,#1143,#1144));
#171=EDGE_LOOP('',(#1145,#1146,#1147,#1148));
#172=EDGE_LOOP('',(#1149,#1150,#1151,#1152));
#173=EDGE_LOOP('',(#1153,#1154,#1155,#1156));
#174=EDGE_LOOP('',(#1157,#1158,#1159,#1160));
#175=EDGE_LOOP('',(#1161,#1162,#1163,#1164,#1165,#1166,#1167,#1168,#1169,
#1170,#1171,#1172));
#176=EDGE_LOOP('',(#1173,#1174,#1175,#1176));
#177=EDGE_LOOP('',(#1177,#1178));
#178=EDGE_LOOP('',(#1179,#1180));
#179=EDGE_LOOP('',(#1181,#1182,#1183,#1184,#1185,#1186,#1187,#1188,#1189));
#180=EDGE_LOOP('',(#1190,#1191,#1192,#1193,#1194,#1195,#1196,#1197,#1198,
#1199,#1200));
#181=EDGE_LOOP('',(#1201,#1202,#1203,#1204,#1205));
#182=EDGE_LOOP('',(#1206,#1207,#1208,#1209,#1210,#1211));
#183=EDGE_LOOP('',(#1212,#1213,#1214,#1215));
#184=EDGE_LOOP('',(#1216,#1217,#1218));
#185=EDGE_LOOP('',(#1219,#1220,#1221,#1222));
#186=EDGE_LOOP('',(#1223,#1224,#1225,#1226,#1227,#1228));
#187=EDGE_LOOP('',(#1229,#1230,#1231,#1232));
#188=EDGE_LOOP('',(#1233,#1234,#1235,#1236));
#189=EDGE_LOOP('',(#1237,#1238,#1239,#1240));
#190=EDGE_LOOP('',(#1241,#1242,#1243,#1244));
#191=EDGE_LOOP('',(#1245,#1246,#1247,#1248));
#192=EDGE_LOOP('',(#1249,#1250,#1251,#1252,#1253,#1254));
#193=EDGE_LOOP('',(#1255,#1256,#1257,#1258,#1259,#1260));
#194=EDGE_LOOP('',(#1261,#1262,#1263,#1264,#1265,#1266,#1267,#1268,#1269,
#1270,#1271,#1272));
#195=EDGE_LOOP('',(#1273));
#196=EDGE_LOOP('',(#1274));
#197=EDGE_LOOP('',(#1275,#1276,#1277,#1278));
#198=EDGE_LOOP('',(#1279,#1280,#1281,#1282));
#199=EDGE_LOOP('',(#1283,#1284,#1285,#1286));
#200=EDGE_LOOP('',(#1287,#1288,#1289,#1290));
#201=EDGE_LOOP('',(#1291,#1292,#1293,#1294));
#202=EDGE_LOOP('',(#1295,#1296,#1297,#1298));
#203=EDGE_LOOP('',(#1299,#1300,#1301,#1302,#1303,#1304));
#204=EDGE_LOOP('',(#1305,#1306,#1307,#1308));
#205=EDGE_LOOP('',(#1309,#1310,#1311,#1312,#1313,#1314));
#206=EDGE_LOOP('',(#1315,#1316,#1317,#1318,#1319,#1320));
#207=LINE('',#1939,#391);
#208=LINE('',#1941,#392);
#209=LINE('',#1943,#393);
#210=LINE('',#1944,#394);
#211=LINE('',#1947,#395);
#212=LINE('',#1949,#396);
#213=LINE('',#1950,#397);
#214=LINE('',#1953,#398);
#215=LINE('',#1955,#399);
#216=LINE('',#1956,#400);
#217=LINE('',#1959,#401);
#218=LINE('',#1961,#402);
#219=LINE('',#1962,#403);
#220=LINE('',#1966,#404);
#221=LINE('',#1968,#405);
#222=LINE('',#1970,#406);
#223=LINE('',#1971,#407);
#224=LINE('',#1974,#408);
#225=LINE('',#1976,#409);
#226=LINE('',#1977,#410);
#227=LINE('',#1980,#411);
#228=LINE('',#1982,#412);
#229=LINE('',#1983,#413);
#230=LINE('',#1987,#414);
#231=LINE('',#1988,#415);
#232=LINE('',#1989,#416);
#233=LINE('',#1992,#417);
#234=LINE('',#1994,#418);
#235=LINE('',#1995,#419);
#236=LINE('',#1999,#420);
#237=LINE('',#2000,#421);
#238=LINE('',#2001,#422);
#239=LINE('',#2004,#423);
#240=LINE('',#2005,#424);
#241=LINE('',#2008,#425);
#242=LINE('',#2010,#426);
#243=LINE('',#2012,#427);
#244=LINE('',#2014,#428);
#245=LINE('',#2015,#429);
#246=LINE('',#2018,#430);
#247=LINE('',#2020,#431);
#248=LINE('',#2022,#432);
#249=LINE('',#2024,#433);
#250=LINE('',#2026,#434);
#251=LINE('',#2027,#435);
#252=LINE('',#2035,#436);
#253=LINE('',#2040,#437);
#254=LINE('',#2047,#438);
#255=LINE('',#2049,#439);
#256=LINE('',#2050,#440);
#257=LINE('',#2078,#441);
#258=LINE('',#2080,#442);
#259=LINE('',#2082,#443);
#260=LINE('',#2083,#444);
#261=LINE('',#2086,#445);
#262=LINE('',#2088,#446);
#263=LINE('',#2089,#447);
#264=LINE('',#2092,#448);
#265=LINE('',#2093,#449);
#266=LINE('',#2095,#450);
#267=LINE('',#2097,#451);
#268=LINE('',#2099,#452);
#269=LINE('',#2101,#453);
#270=LINE('',#2102,#454);
#271=LINE('',#2106,#455);
#272=LINE('',#2108,#456);
#273=LINE('',#2109,#457);
#274=LINE('',#2112,#458);
#275=LINE('',#2115,#459);
#276=LINE('',#2119,#460);
#277=LINE('',#2121,#461);
#278=LINE('',#2123,#462);
#279=LINE('',#2124,#463);
#280=LINE('',#2127,#464);
#281=LINE('',#2129,#465);
#282=LINE('',#2130,#466);
#283=LINE('',#2133,#467);
#284=LINE('',#2135,#468);
#285=LINE('',#2136,#469);
#286=LINE('',#2139,#470);
#287=LINE('',#2141,#471);
#288=LINE('',#2142,#472);
#289=LINE('',#2145,#473);
#290=LINE('',#2147,#474);
#291=LINE('',#2148,#475);
#292=LINE('',#2150,#476);
#293=LINE('',#2151,#477);
#294=LINE('',#2153,#478);
#295=LINE('',#2155,#479);
#296=LINE('',#2156,#480);
#297=LINE('',#2160,#481);
#298=LINE('',#2162,#482);
#299=LINE('',#2164,#483);
#300=LINE('',#2165,#484);
#301=LINE('',#2168,#485);
#302=LINE('',#2170,#486);
#303=LINE('',#2171,#487);
#304=LINE('',#2174,#488);
#305=LINE('',#2176,#489);
#306=LINE('',#2177,#490);
#307=LINE('',#2180,#491);
#308=LINE('',#2182,#492);
#309=LINE('',#2183,#493);
#310=LINE('',#2186,#494);
#311=LINE('',#2188,#495);
#312=LINE('',#2189,#496);
#313=LINE('',#2191,#497);
#314=LINE('',#2192,#498);
#315=LINE('',#2197,#499);
#316=LINE('',#2199,#500);
#317=LINE('',#2201,#501);
#318=LINE('',#2202,#502);
#319=LINE('',#2205,#503);
#320=LINE('',#2207,#504);
#321=LINE('',#2208,#505);
#322=LINE('',#2211,#506);
#323=LINE('',#2213,#507);
#324=LINE('',#2214,#508);
#325=LINE('',#2217,#509);
#326=LINE('',#2219,#510);
#327=LINE('',#2220,#511);
#328=LINE('',#2223,#512);
#329=LINE('',#2225,#513);
#330=LINE('',#2226,#514);
#331=LINE('',#2229,#515);
#332=LINE('',#2231,#516);
#333=LINE('',#2232,#517);
#334=LINE('',#2235,#518);
#335=LINE('',#2237,#519);
#336=LINE('',#2238,#520);
#337=LINE('',#2241,#521);
#338=LINE('',#2243,#522);
#339=LINE('',#2244,#523);
#340=LINE('',#2247,#524);
#341=LINE('',#2249,#525);
#342=LINE('',#2250,#526);
#343=LINE('',#2253,#527);
#344=LINE('',#2255,#528);
#345=LINE('',#2256,#529);
#346=LINE('',#2259,#530);
#347=LINE('',#2261,#531);
#348=LINE('',#2262,#532);
#349=LINE('',#2264,#533);
#350=LINE('',#2265,#534);
#351=LINE('',#2268,#535);
#352=LINE('',#2278,#536);
#353=LINE('',#2280,#537);
#354=LINE('',#2281,#538);
#355=LINE('',#2283,#539);
#356=LINE('',#2285,#540);
#357=LINE('',#2288,#541);
#358=LINE('',#2289,#542);
#359=LINE('',#2292,#543);
#360=LINE('',#2297,#544);
#361=LINE('',#2299,#545);
#362=LINE('',#2301,#546);
#363=LINE('',#2302,#547);
#364=LINE('',#2305,#548);
#365=LINE('',#2307,#549);
#366=LINE('',#2308,#550);
#367=LINE('',#2311,#551);
#368=LINE('',#2313,#552);
#369=LINE('',#2314,#553);
#370=LINE('',#2317,#554);
#371=LINE('',#2319,#555);
#372=LINE('',#2320,#556);
#373=LINE('',#2323,#557);
#374=LINE('',#2325,#558);
#375=LINE('',#2326,#559);
#376=LINE('',#2328,#560);
#377=LINE('',#2334,#561);
#378=LINE('',#2336,#562);
#379=LINE('',#2339,#563);
#380=LINE('',#2341,#564);
#381=LINE('',#2342,#565);
#382=LINE('',#2345,#566);
#383=LINE('',#2346,#567);
#384=LINE('',#2349,#568);
#385=LINE('',#2350,#569);
#386=LINE('',#2353,#570);
#387=LINE('',#2354,#571);
#388=LINE('',#2357,#572);
#389=LINE('',#2358,#573);
#390=LINE('',#2360,#574);
#391=VECTOR('',#1573,10.);
#392=VECTOR('',#1574,10.);
#393=VECTOR('',#1575,10.);
#394=VECTOR('',#1576,10.);
#395=VECTOR('',#1579,10.);
#396=VECTOR('',#1580,10.);
#397=VECTOR('',#1581,10.);
#398=VECTOR('',#1584,10.);
#399=VECTOR('',#1585,10.);
#400=VECTOR('',#1586,10.);
#401=VECTOR('',#1589,10.);
#402=VECTOR('',#1590,10.);
#403=VECTOR('',#1591,10.);
#404=VECTOR('',#1594,10.);
#405=VECTOR('',#1595,10.);
#406=VECTOR('',#1596,10.);
#407=VECTOR('',#1597,10.);
#408=VECTOR('',#1600,10.);
#409=VECTOR('',#1601,10.);
#410=VECTOR('',#1602,10.);
#411=VECTOR('',#1605,10.);
#412=VECTOR('',#1606,10.);
#413=VECTOR('',#1607,10.);
#414=VECTOR('',#1610,10.);
#415=VECTOR('',#1611,10.);
#416=VECTOR('',#1612,10.);
#417=VECTOR('',#1615,10.);
#418=VECTOR('',#1616,10.);
#419=VECTOR('',#1617,10.);
#420=VECTOR('',#1620,10.);
#421=VECTOR('',#1621,10.);
#422=VECTOR('',#1622,10.);
#423=VECTOR('',#1625,10.);
#424=VECTOR('',#1626,10.);
#425=VECTOR('',#1629,10.);
#426=VECTOR('',#1630,10.);
#427=VECTOR('',#1631,10.);
#428=VECTOR('',#1632,10.);
#429=VECTOR('',#1633,10.);
#430=VECTOR('',#1636,10.);
#431=VECTOR('',#1637,10.);
#432=VECTOR('',#1638,10.);
#433=VECTOR('',#1639,10.);
#434=VECTOR('',#1640,10.);
#435=VECTOR('',#1641,10.);
#436=VECTOR('',#1648,10.);
#437=VECTOR('',#1653,10.);
#438=VECTOR('',#1660,10.);
#439=VECTOR('',#1661,10.);
#440=VECTOR('',#1662,10.);
#441=VECTOR('',#1675,10.);
#442=VECTOR('',#1676,10.);
#443=VECTOR('',#1677,10.);
#444=VECTOR('',#1678,10.);
#445=VECTOR('',#1681,10.);
#446=VECTOR('',#1682,10.);
#447=VECTOR('',#1683,10.);
#448=VECTOR('',#1686,10.);
#449=VECTOR('',#1687,10.);
#450=VECTOR('',#1690,10.);
#451=VECTOR('',#1691,10.);
#452=VECTOR('',#1692,10.);
#453=VECTOR('',#1693,10.);
#454=VECTOR('',#1694,10.);
#455=VECTOR('',#1699,10.);
#456=VECTOR('',#1700,10.);
#457=VECTOR('',#1701,10.);
#458=VECTOR('',#1704,10.);
#459=VECTOR('',#1707,10.);
#460=VECTOR('',#1710,10.);
#461=VECTOR('',#1711,10.);
#462=VECTOR('',#1712,10.);
#463=VECTOR('',#1713,10.);
#464=VECTOR('',#1716,10.);
#465=VECTOR('',#1717,10.);
#466=VECTOR('',#1718,10.);
#467=VECTOR('',#1721,10.);
#468=VECTOR('',#1722,10.);
#469=VECTOR('',#1723,10.);
#470=VECTOR('',#1726,10.);
#471=VECTOR('',#1727,10.);
#472=VECTOR('',#1728,10.);
#473=VECTOR('',#1731,10.);
#474=VECTOR('',#1732,10.);
#475=VECTOR('',#1733,10.);
#476=VECTOR('',#1736,10.);
#477=VECTOR('',#1737,10.);
#478=VECTOR('',#1740,10.);
#479=VECTOR('',#1741,10.);
#480=VECTOR('',#1742,10.);
#481=VECTOR('',#1745,10.);
#482=VECTOR('',#1746,10.);
#483=VECTOR('',#1747,10.);
#484=VECTOR('',#1748,10.);
#485=VECTOR('',#1751,10.);
#486=VECTOR('',#1752,10.);
#487=VECTOR('',#1753,10.);
#488=VECTOR('',#1756,10.);
#489=VECTOR('',#1757,10.);
#490=VECTOR('',#1758,10.);
#491=VECTOR('',#1761,10.);
#492=VECTOR('',#1762,10.);
#493=VECTOR('',#1763,10.);
#494=VECTOR('',#1766,10.);
#495=VECTOR('',#1767,10.);
#496=VECTOR('',#1768,10.);
#497=VECTOR('',#1771,10.);
#498=VECTOR('',#1772,10.);
#499=VECTOR('',#1777,10.);
#500=VECTOR('',#1778,10.);
#501=VECTOR('',#1779,10.);
#502=VECTOR('',#1780,10.);
#503=VECTOR('',#1783,10.);
#504=VECTOR('',#1784,10.);
#505=VECTOR('',#1785,10.);
#506=VECTOR('',#1788,10.);
#507=VECTOR('',#1789,10.);
#508=VECTOR('',#1790,10.);
#509=VECTOR('',#1793,10.);
#510=VECTOR('',#1794,10.);
#511=VECTOR('',#1795,10.);
#512=VECTOR('',#1798,10.);
#513=VECTOR('',#1799,10.);
#514=VECTOR('',#1800,10.);
#515=VECTOR('',#1803,10.);
#516=VECTOR('',#1804,10.);
#517=VECTOR('',#1805,10.);
#518=VECTOR('',#1808,10.);
#519=VECTOR('',#1809,10.);
#520=VECTOR('',#1810,10.);
#521=VECTOR('',#1813,10.);
#522=VECTOR('',#1814,10.);
#523=VECTOR('',#1815,10.);
#524=VECTOR('',#1818,10.);
#525=VECTOR('',#1819,10.);
#526=VECTOR('',#1820,10.);
#527=VECTOR('',#1823,10.);
#528=VECTOR('',#1824,10.);
#529=VECTOR('',#1825,10.);
#530=VECTOR('',#1828,10.);
#531=VECTOR('',#1829,10.);
#532=VECTOR('',#1830,10.);
#533=VECTOR('',#1833,10.);
#534=VECTOR('',#1834,10.);
#535=VECTOR('',#1839,10.);
#536=VECTOR('',#1850,10.);
#537=VECTOR('',#1851,10.);
#538=VECTOR('',#1852,10.);
#539=VECTOR('',#1855,10.);
#540=VECTOR('',#1858,10.);
#541=VECTOR('',#1861,10.);
#542=VECTOR('',#1862,10.);
#543=VECTOR('',#1867,10.);
#544=VECTOR('',#1872,10.);
#545=VECTOR('',#1873,10.);
#546=VECTOR('',#1874,10.);
#547=VECTOR('',#1875,10.);
#548=VECTOR('',#1878,10.);
#549=VECTOR('',#1879,10.);
#550=VECTOR('',#1880,10.);
#551=VECTOR('',#1883,10.);
#552=VECTOR('',#1884,10.);
#553=VECTOR('',#1885,10.);
#554=VECTOR('',#1888,10.);
#555=VECTOR('',#1889,10.);
#556=VECTOR('',#1890,10.);
#557=VECTOR('',#1893,10.);
#558=VECTOR('',#1894,10.);
#559=VECTOR('',#1895,10.);
#560=VECTOR('',#1898,10.);
#561=VECTOR('',#1905,1.6);
#562=VECTOR('',#1908,1.6);
#563=VECTOR('',#1911,10.);
#564=VECTOR('',#1912,10.);
#565=VECTOR('',#1913,10.);
#566=VECTOR('',#1916,10.);
#567=VECTOR('',#1917,10.);
#568=VECTOR('',#1920,10.);
#569=VECTOR('',#1921,10.);
#570=VECTOR('',#1924,10.);
#571=VECTOR('',#1925,10.);
#572=VECTOR('',#1928,10.);
#573=VECTOR('',#1929,10.);
#574=VECTOR('',#1932,10.);
#575=VERTEX_POINT('',#1937);
#576=VERTEX_POINT('',#1938);
#577=VERTEX_POINT('',#1940);
#578=VERTEX_POINT('',#1942);
#579=VERTEX_POINT('',#1946);
#580=VERTEX_POINT('',#1948);
#581=VERTEX_POINT('',#1952);
#582=VERTEX_POINT('',#1954);
#583=VERTEX_POINT('',#1958);
#584=VERTEX_POINT('',#1960);
#585=VERTEX_POINT('',#1964);
#586=VERTEX_POINT('',#1965);
#587=VERTEX_POINT('',#1967);
#588=VERTEX_POINT('',#1969);
#589=VERTEX_POINT('',#1973);
#590=VERTEX_POINT('',#1975);
#591=VERTEX_POINT('',#1979);
#592=VERTEX_POINT('',#1981);
#593=VERTEX_POINT('',#1985);
#594=VERTEX_POINT('',#1986);
#595=VERTEX_POINT('',#1991);
#596=VERTEX_POINT('',#1993);
#597=VERTEX_POINT('',#1997);
#598=VERTEX_POINT('',#1998);
#599=VERTEX_POINT('',#2003);
#600=VERTEX_POINT('',#2007);
#601=VERTEX_POINT('',#2009);
#602=VERTEX_POINT('',#2011);
#603=VERTEX_POINT('',#2013);
#604=VERTEX_POINT('',#2017);
#605=VERTEX_POINT('',#2019);
#606=VERTEX_POINT('',#2021);
#607=VERTEX_POINT('',#2023);
#608=VERTEX_POINT('',#2025);
#609=VERTEX_POINT('',#2029);
#610=VERTEX_POINT('',#2030);
#611=VERTEX_POINT('',#2032);
#612=VERTEX_POINT('',#2034);
#613=VERTEX_POINT('',#2036);
#614=VERTEX_POINT('',#2038);
#615=VERTEX_POINT('',#2041);
#616=VERTEX_POINT('',#2043);
#617=VERTEX_POINT('',#2046);
#618=VERTEX_POINT('',#2048);
#619=VERTEX_POINT('',#2055);
#620=VERTEX_POINT('',#2062);
#621=VERTEX_POINT('',#2064);
#622=VERTEX_POINT('',#2066);
#623=VERTEX_POINT('',#2068);
#624=VERTEX_POINT('',#2077);
#625=VERTEX_POINT('',#2079);
#626=VERTEX_POINT('',#2081);
#627=VERTEX_POINT('',#2085);
#628=VERTEX_POINT('',#2087);
#629=VERTEX_POINT('',#2091);
#630=VERTEX_POINT('',#2096);
#631=VERTEX_POINT('',#2098);
#632=VERTEX_POINT('',#2100);
#633=VERTEX_POINT('',#2105);
#634=VERTEX_POINT('',#2107);
#635=VERTEX_POINT('',#2111);
#636=VERTEX_POINT('',#2113);
#637=VERTEX_POINT('',#2117);
#638=VERTEX_POINT('',#2118);
#639=VERTEX_POINT('',#2120);
#640=VERTEX_POINT('',#2122);
#641=VERTEX_POINT('',#2126);
#642=VERTEX_POINT('',#2128);
#643=VERTEX_POINT('',#2132);
#644=VERTEX_POINT('',#2134);
#645=VERTEX_POINT('',#2138);
#646=VERTEX_POINT('',#2140);
#647=VERTEX_POINT('',#2144);
#648=VERTEX_POINT('',#2146);
#649=VERTEX_POINT('',#2154);
#650=VERTEX_POINT('',#2158);
#651=VERTEX_POINT('',#2159);
#652=VERTEX_POINT('',#2161);
#653=VERTEX_POINT('',#2163);
#654=VERTEX_POINT('',#2167);
#655=VERTEX_POINT('',#2169);
#656=VERTEX_POINT('',#2173);
#657=VERTEX_POINT('',#2175);
#658=VERTEX_POINT('',#2179);
#659=VERTEX_POINT('',#2181);
#660=VERTEX_POINT('',#2185);
#661=VERTEX_POINT('',#2187);
#662=VERTEX_POINT('',#2195);
#663=VERTEX_POINT('',#2196);
#664=VERTEX_POINT('',#2198);
#665=VERTEX_POINT('',#2200);
#666=VERTEX_POINT('',#2204);
#667=VERTEX_POINT('',#2206);
#668=VERTEX_POINT('',#2210);
#669=VERTEX_POINT('',#2212);
#670=VERTEX_POINT('',#2216);
#671=VERTEX_POINT('',#2218);
#672=VERTEX_POINT('',#2222);
#673=VERTEX_POINT('',#2224);
#674=VERTEX_POINT('',#2228);
#675=VERTEX_POINT('',#2230);
#676=VERTEX_POINT('',#2234);
#677=VERTEX_POINT('',#2236);
#678=VERTEX_POINT('',#2240);
#679=VERTEX_POINT('',#2242);
#680=VERTEX_POINT('',#2246);
#681=VERTEX_POINT('',#2248);
#682=VERTEX_POINT('',#2252);
#683=VERTEX_POINT('',#2254);
#684=VERTEX_POINT('',#2258);
#685=VERTEX_POINT('',#2260);
#686=VERTEX_POINT('',#2273);
#687=VERTEX_POINT('',#2279);
#688=VERTEX_POINT('',#2287);
#689=VERTEX_POINT('',#2295);
#690=VERTEX_POINT('',#2296);
#691=VERTEX_POINT('',#2298);
#692=VERTEX_POINT('',#2300);
#693=VERTEX_POINT('',#2304);
#694=VERTEX_POINT('',#2306);
#695=VERTEX_POINT('',#2310);
#696=VERTEX_POINT('',#2312);
#697=VERTEX_POINT('',#2316);
#698=VERTEX_POINT('',#2318);
#699=VERTEX_POINT('',#2322);
#700=VERTEX_POINT('',#2324);
#701=VERTEX_POINT('',#2329);
#702=VERTEX_POINT('',#2331);
#703=VERTEX_POINT('',#2338);
#704=VERTEX_POINT('',#2340);
#705=VERTEX_POINT('',#2344);
#706=VERTEX_POINT('',#2348);
#707=VERTEX_POINT('',#2352);
#708=VERTEX_POINT('',#2356);
#709=EDGE_CURVE('',#575,#576,#207,.T.);
#710=EDGE_CURVE('',#577,#576,#208,.T.);
#711=EDGE_CURVE('',#577,#578,#209,.T.);
#712=EDGE_CURVE('',#575,#578,#210,.T.);
#713=EDGE_CURVE('',#576,#579,#211,.T.);
#714=EDGE_CURVE('',#580,#579,#212,.T.);
#715=EDGE_CURVE('',#577,#580,#213,.T.);
#716=EDGE_CURVE('',#579,#581,#214,.T.);
#717=EDGE_CURVE('',#582,#581,#215,.T.);
#718=EDGE_CURVE('',#582,#580,#216,.T.);
#719=EDGE_CURVE('',#583,#578,#217,.T.);
#720=EDGE_CURVE('',#584,#583,#218,.T.);
#721=EDGE_CURVE('',#584,#575,#219,.T.);
#722=EDGE_CURVE('',#585,#586,#220,.T.);
#723=EDGE_CURVE('',#587,#586,#221,.T.);
#724=EDGE_CURVE('',#587,#588,#222,.T.);
#725=EDGE_CURVE('',#588,#585,#223,.T.);
#726=EDGE_CURVE('',#586,#589,#224,.T.);
#727=EDGE_CURVE('',#590,#589,#225,.T.);
#728=EDGE_CURVE('',#587,#590,#226,.T.);
#729=EDGE_CURVE('',#591,#585,#227,.T.);
#730=EDGE_CURVE('',#592,#588,#228,.T.);
#731=EDGE_CURVE('',#591,#592,#229,.T.);
#732=EDGE_CURVE('',#593,#594,#230,.T.);
#733=EDGE_CURVE('',#581,#593,#231,.T.);
#734=EDGE_CURVE('',#594,#584,#232,.T.);
#735=EDGE_CURVE('',#595,#589,#233,.T.);
#736=EDGE_CURVE('',#596,#595,#234,.T.);
#737=EDGE_CURVE('',#590,#596,#235,.T.);
#738=EDGE_CURVE('',#597,#598,#236,.T.);
#739=EDGE_CURVE('',#595,#597,#237,.T.);
#740=EDGE_CURVE('',#598,#591,#238,.T.);
#741=EDGE_CURVE('',#593,#599,#239,.T.);
#742=EDGE_CURVE('',#599,#582,#240,.T.);
#743=EDGE_CURVE('',#594,#600,#241,.T.);
#744=EDGE_CURVE('',#601,#600,#242,.T.);
#745=EDGE_CURVE('',#602,#601,#243,.T.);
#746=EDGE_CURVE('',#603,#602,#244,.T.);
#747=EDGE_CURVE('',#603,#599,#245,.T.);
#748=EDGE_CURVE('',#596,#604,#246,.T.);
#749=EDGE_CURVE('',#605,#604,#247,.T.);
#750=EDGE_CURVE('',#606,#605,#248,.T.);
#751=EDGE_CURVE('',#607,#606,#249,.T.);
#752=EDGE_CURVE('',#607,#608,#250,.T.);
#753=EDGE_CURVE('',#592,#608,#251,.T.);
#754=EDGE_CURVE('',#609,#610,#37,.T.);
#755=EDGE_CURVE('',#611,#609,#38,.T.);
#756=EDGE_CURVE('',#612,#611,#252,.T.);
#757=EDGE_CURVE('',#613,#612,#39,.T.);
#758=EDGE_CURVE('',#614,#613,#40,.T.);
#759=EDGE_CURVE('',#610,#614,#253,.T.);
#760=EDGE_CURVE('',#615,#615,#41,.T.);
#761=EDGE_CURVE('',#616,#616,#42,.T.);
#762=EDGE_CURVE('',#617,#600,#254,.T.);
#763=EDGE_CURVE('',#618,#617,#255,.T.);
#764=EDGE_CURVE('',#618,#601,#256,.T.);
#765=EDGE_CURVE('',#611,#612,#21,.T.);
#766=EDGE_CURVE('',#619,#609,#19,.T.);
#767=EDGE_CURVE('',#619,#620,#43,.F.);
#768=EDGE_CURVE('',#620,#621,#15,.T.);
#769=EDGE_CURVE('',#621,#622,#16,.T.);
#770=EDGE_CURVE('',#622,#623,#44,.F.);
#771=EDGE_CURVE('',#613,#623,#20,.T.);
#772=EDGE_CURVE('',#624,#603,#257,.T.);
#773=EDGE_CURVE('',#625,#624,#258,.T.);
#774=EDGE_CURVE('',#626,#625,#259,.T.);
#775=EDGE_CURVE('',#626,#583,#260,.T.);
#776=EDGE_CURVE('',#625,#627,#261,.T.);
#777=EDGE_CURVE('',#628,#627,#262,.F.);
#778=EDGE_CURVE('',#626,#628,#263,.T.);
#779=EDGE_CURVE('',#629,#624,#264,.T.);
#780=EDGE_CURVE('',#627,#629,#265,.T.);
#781=EDGE_CURVE('',#608,#598,#266,.T.);
#782=EDGE_CURVE('',#630,#607,#267,.T.);
#783=EDGE_CURVE('',#631,#630,#268,.T.);
#784=EDGE_CURVE('',#632,#631,#269,.T.);
#785=EDGE_CURVE('',#632,#597,#270,.T.);
#786=EDGE_CURVE('',#632,#633,#271,.T.);
#787=EDGE_CURVE('',#631,#634,#272,.T.);
#788=EDGE_CURVE('',#633,#634,#273,.F.);
#789=EDGE_CURVE('',#635,#630,#274,.T.);
#790=EDGE_CURVE('',#636,#635,#17,.T.);
#791=EDGE_CURVE('',#636,#634,#275,.T.);
#792=EDGE_CURVE('',#637,#638,#276,.T.);
#793=EDGE_CURVE('',#637,#639,#277,.T.);
#794=EDGE_CURVE('',#640,#639,#278,.T.);
#795=EDGE_CURVE('',#638,#640,#279,.T.);
#796=EDGE_CURVE('',#638,#641,#280,.T.);
#797=EDGE_CURVE('',#642,#640,#281,.T.);
#798=EDGE_CURVE('',#641,#642,#282,.T.);
#799=EDGE_CURVE('',#641,#643,#283,.T.);
#800=EDGE_CURVE('',#644,#642,#284,.T.);
#801=EDGE_CURVE('',#643,#644,#285,.T.);
#802=EDGE_CURVE('',#643,#645,#286,.T.);
#803=EDGE_CURVE('',#646,#644,#287,.T.);
#804=EDGE_CURVE('',#645,#646,#288,.T.);
#805=EDGE_CURVE('',#645,#647,#289,.T.);
#806=EDGE_CURVE('',#648,#646,#290,.T.);
#807=EDGE_CURVE('',#647,#648,#291,.T.);
#808=EDGE_CURVE('',#647,#637,#292,.T.);
#809=EDGE_CURVE('',#639,#648,#293,.T.);
#810=EDGE_CURVE('',#633,#617,#294,.T.);
#811=EDGE_CURVE('',#628,#649,#295,.T.);
#812=EDGE_CURVE('',#649,#604,#296,.T.);
#813=EDGE_CURVE('',#650,#651,#297,.T.);
#814=EDGE_CURVE('',#650,#652,#298,.T.);
#815=EDGE_CURVE('',#652,#653,#299,.T.);
#816=EDGE_CURVE('',#651,#653,#300,.T.);
#817=EDGE_CURVE('',#654,#650,#301,.T.);
#818=EDGE_CURVE('',#654,#655,#302,.T.);
#819=EDGE_CURVE('',#655,#652,#303,.T.);
#820=EDGE_CURVE('',#656,#654,#304,.T.);
#821=EDGE_CURVE('',#656,#657,#305,.T.);
#822=EDGE_CURVE('',#657,#655,#306,.T.);
#823=EDGE_CURVE('',#658,#656,#307,.T.);
#824=EDGE_CURVE('',#658,#659,#308,.T.);
#825=EDGE_CURVE('',#659,#657,#309,.T.);
#826=EDGE_CURVE('',#660,#658,#310,.T.);
#827=EDGE_CURVE('',#660,#661,#311,.T.);
#828=EDGE_CURVE('',#661,#659,#312,.T.);
#829=EDGE_CURVE('',#651,#660,#313,.T.);
#830=EDGE_CURVE('',#653,#661,#314,.T.);
#831=EDGE_CURVE('',#662,#663,#315,.T.);
#832=EDGE_CURVE('',#662,#664,#316,.T.);
#833=EDGE_CURVE('',#664,#665,#317,.T.);
#834=EDGE_CURVE('',#663,#665,#318,.T.);
#835=EDGE_CURVE('',#666,#662,#319,.T.);
#836=EDGE_CURVE('',#666,#667,#320,.T.);
#837=EDGE_CURVE('',#667,#664,#321,.T.);
#838=EDGE_CURVE('',#668,#666,#322,.T.);
#839=EDGE_CURVE('',#668,#669,#323,.T.);
#840=EDGE_CURVE('',#669,#667,#324,.T.);
#841=EDGE_CURVE('',#670,#668,#325,.T.);
#842=EDGE_CURVE('',#670,#671,#326,.T.);
#843=EDGE_CURVE('',#671,#669,#327,.T.);
#844=EDGE_CURVE('',#672,#670,#328,.T.);
#845=EDGE_CURVE('',#672,#673,#329,.T.);
#846=EDGE_CURVE('',#673,#671,#330,.T.);
#847=EDGE_CURVE('',#674,#672,#331,.T.);
#848=EDGE_CURVE('',#674,#675,#332,.T.);
#849=EDGE_CURVE('',#675,#673,#333,.T.);
#850=EDGE_CURVE('',#676,#674,#334,.T.);
#851=EDGE_CURVE('',#676,#677,#335,.T.);
#852=EDGE_CURVE('',#677,#675,#336,.T.);
#853=EDGE_CURVE('',#678,#676,#337,.T.);
#854=EDGE_CURVE('',#678,#679,#338,.T.);
#855=EDGE_CURVE('',#679,#677,#339,.T.);
#856=EDGE_CURVE('',#680,#678,#340,.T.);
#857=EDGE_CURVE('',#680,#681,#341,.T.);
#858=EDGE_CURVE('',#681,#679,#342,.T.);
#859=EDGE_CURVE('',#682,#680,#343,.T.);
#860=EDGE_CURVE('',#682,#683,#344,.T.);
#861=EDGE_CURVE('',#683,#681,#345,.T.);
#862=EDGE_CURVE('',#684,#682,#346,.T.);
#863=EDGE_CURVE('',#684,#685,#347,.T.);
#864=EDGE_CURVE('',#685,#683,#348,.T.);
#865=EDGE_CURVE('',#663,#684,#349,.T.);
#866=EDGE_CURVE('',#665,#685,#350,.T.);
#867=EDGE_CURVE('',#634,#618,#351,.T.);
#868=EDGE_CURVE('',#614,#610,#22,.T.);
#869=EDGE_CURVE('',#623,#686,#45,.F.);
#870=EDGE_CURVE('',#686,#636,#18,.T.);
#871=EDGE_CURVE('',#635,#619,#46,.F.);
#872=EDGE_CURVE('',#602,#620,#352,.T.);
#873=EDGE_CURVE('',#606,#687,#353,.T.);
#874=EDGE_CURVE('',#629,#687,#354,.T.);
#875=EDGE_CURVE('',#621,#618,#355,.T.);
#876=EDGE_CURVE('',#622,#686,#356,.T.);
#877=EDGE_CURVE('',#688,#605,#357,.T.);
#878=EDGE_CURVE('',#687,#688,#358,.T.);
#879=EDGE_CURVE('',#649,#688,#359,.F.);
#880=EDGE_CURVE('',#689,#690,#360,.T.);
#881=EDGE_CURVE('',#690,#691,#361,.T.);
#882=EDGE_CURVE('',#691,#692,#362,.T.);
#883=EDGE_CURVE('',#692,#689,#363,.T.);
#884=EDGE_CURVE('',#693,#689,#364,.T.);
#885=EDGE_CURVE('',#692,#694,#365,.T.);
#886=EDGE_CURVE('',#694,#693,#366,.T.);
#887=EDGE_CURVE('',#695,#693,#367,.T.);
#888=EDGE_CURVE('',#694,#696,#368,.T.);
#889=EDGE_CURVE('',#696,#695,#369,.T.);
#890=EDGE_CURVE('',#697,#695,#370,.T.);
#891=EDGE_CURVE('',#696,#698,#371,.T.);
#892=EDGE_CURVE('',#698,#697,#372,.T.);
#893=EDGE_CURVE('',#698,#699,#373,.T.);
#894=EDGE_CURVE('',#699,#700,#374,.T.);
#895=EDGE_CURVE('',#700,#697,#375,.T.);
#896=EDGE_CURVE('',#691,#699,#376,.T.);
#897=EDGE_CURVE('',#701,#701,#47,.T.);
#898=EDGE_CURVE('',#702,#702,#48,.T.);
#899=EDGE_CURVE('',#702,#615,#377,.T.);
#900=EDGE_CURVE('',#701,#616,#378,.T.);
#901=EDGE_CURVE('',#703,#693,#379,.T.);
#902=EDGE_CURVE('',#703,#704,#380,.T.);
#903=EDGE_CURVE('',#704,#689,#381,.T.);
#904=EDGE_CURVE('',#705,#695,#382,.T.);
#905=EDGE_CURVE('',#705,#703,#383,.T.);
#906=EDGE_CURVE('',#706,#697,#384,.T.);
#907=EDGE_CURVE('',#706,#705,#385,.T.);
#908=EDGE_CURVE('',#707,#700,#386,.T.);
#909=EDGE_CURVE('',#707,#706,#387,.T.);
#910=EDGE_CURVE('',#708,#690,#388,.T.);
#911=EDGE_CURVE('',#708,#707,#389,.T.);
#912=EDGE_CURVE('',#704,#708,#390,.T.);
#913=ORIENTED_EDGE('',*,*,#709,.T.);
#914=ORIENTED_EDGE('',*,*,#710,.F.);
#915=ORIENTED_EDGE('',*,*,#711,.T.);
#916=ORIENTED_EDGE('',*,*,#712,.F.);
#917=ORIENTED_EDGE('',*,*,#713,.T.);
#918=ORIENTED_EDGE('',*,*,#714,.F.);
#919=ORIENTED_EDGE('',*,*,#715,.F.);
#920=ORIENTED_EDGE('',*,*,#710,.T.);
#921=ORIENTED_EDGE('',*,*,#716,.T.);
#922=ORIENTED_EDGE('',*,*,#717,.F.);
#923=ORIENTED_EDGE('',*,*,#718,.T.);
#924=ORIENTED_EDGE('',*,*,#714,.T.);
#925=ORIENTED_EDGE('',*,*,#712,.T.);
#926=ORIENTED_EDGE('',*,*,#719,.F.);
#927=ORIENTED_EDGE('',*,*,#720,.F.);
#928=ORIENTED_EDGE('',*,*,#721,.T.);
#929=ORIENTED_EDGE('',*,*,#722,.T.);
#930=ORIENTED_EDGE('',*,*,#723,.F.);
#931=ORIENTED_EDGE('',*,*,#724,.T.);
#932=ORIENTED_EDGE('',*,*,#725,.T.);
#933=ORIENTED_EDGE('',*,*,#726,.T.);
#934=ORIENTED_EDGE('',*,*,#727,.F.);
#935=ORIENTED_EDGE('',*,*,#728,.F.);
#936=ORIENTED_EDGE('',*,*,#723,.T.);
#937=ORIENTED_EDGE('',*,*,#729,.T.);
#938=ORIENTED_EDGE('',*,*,#725,.F.);
#939=ORIENTED_EDGE('',*,*,#730,.F.);
#940=ORIENTED_EDGE('',*,*,#731,.F.);
#941=ORIENTED_EDGE('',*,*,#732,.F.);
#942=ORIENTED_EDGE('',*,*,#733,.F.);
#943=ORIENTED_EDGE('',*,*,#716,.F.);
#944=ORIENTED_EDGE('',*,*,#713,.F.);
#945=ORIENTED_EDGE('',*,*,#709,.F.);
#946=ORIENTED_EDGE('',*,*,#721,.F.);
#947=ORIENTED_EDGE('',*,*,#734,.F.);
#948=ORIENTED_EDGE('',*,*,#727,.T.);
#949=ORIENTED_EDGE('',*,*,#735,.F.);
#950=ORIENTED_EDGE('',*,*,#736,.F.);
#951=ORIENTED_EDGE('',*,*,#737,.F.);
#952=ORIENTED_EDGE('',*,*,#738,.F.);
#953=ORIENTED_EDGE('',*,*,#739,.F.);
#954=ORIENTED_EDGE('',*,*,#735,.T.);
#955=ORIENTED_EDGE('',*,*,#726,.F.);
#956=ORIENTED_EDGE('',*,*,#722,.F.);
#957=ORIENTED_EDGE('',*,*,#729,.F.);
#958=ORIENTED_EDGE('',*,*,#740,.F.);
#959=ORIENTED_EDGE('',*,*,#717,.T.);
#960=ORIENTED_EDGE('',*,*,#733,.T.);
#961=ORIENTED_EDGE('',*,*,#741,.T.);
#962=ORIENTED_EDGE('',*,*,#742,.T.);
#963=ORIENTED_EDGE('',*,*,#732,.T.);
#964=ORIENTED_EDGE('',*,*,#743,.T.);
#965=ORIENTED_EDGE('',*,*,#744,.F.);
#966=ORIENTED_EDGE('',*,*,#745,.F.);
#967=ORIENTED_EDGE('',*,*,#746,.F.);
#968=ORIENTED_EDGE('',*,*,#747,.T.);
#969=ORIENTED_EDGE('',*,*,#741,.F.);
#970=ORIENTED_EDGE('',*,*,#737,.T.);
#971=ORIENTED_EDGE('',*,*,#748,.T.);
#972=ORIENTED_EDGE('',*,*,#749,.F.);
#973=ORIENTED_EDGE('',*,*,#750,.F.);
#974=ORIENTED_EDGE('',*,*,#751,.F.);
#975=ORIENTED_EDGE('',*,*,#752,.T.);
#976=ORIENTED_EDGE('',*,*,#753,.F.);
#977=ORIENTED_EDGE('',*,*,#730,.T.);
#978=ORIENTED_EDGE('',*,*,#724,.F.);
#979=ORIENTED_EDGE('',*,*,#728,.T.);
#980=ORIENTED_EDGE('',*,*,#754,.F.);
#981=ORIENTED_EDGE('',*,*,#755,.F.);
#982=ORIENTED_EDGE('',*,*,#756,.F.);
#983=ORIENTED_EDGE('',*,*,#757,.F.);
#984=ORIENTED_EDGE('',*,*,#758,.F.);
#985=ORIENTED_EDGE('',*,*,#759,.F.);
#986=ORIENTED_EDGE('',*,*,#760,.F.);
#987=ORIENTED_EDGE('',*,*,#761,.F.);
#988=ORIENTED_EDGE('',*,*,#762,.F.);
#989=ORIENTED_EDGE('',*,*,#763,.F.);
#990=ORIENTED_EDGE('',*,*,#764,.T.);
#991=ORIENTED_EDGE('',*,*,#744,.T.);
#992=ORIENTED_EDGE('',*,*,#757,.T.);
#993=ORIENTED_EDGE('',*,*,#765,.F.);
#994=ORIENTED_EDGE('',*,*,#755,.T.);
#995=ORIENTED_EDGE('',*,*,#766,.F.);
#996=ORIENTED_EDGE('',*,*,#767,.T.);
#997=ORIENTED_EDGE('',*,*,#768,.T.);
#998=ORIENTED_EDGE('',*,*,#769,.T.);
#999=ORIENTED_EDGE('',*,*,#770,.T.);
#1000=ORIENTED_EDGE('',*,*,#771,.F.);
#1001=ORIENTED_EDGE('',*,*,#719,.T.);
#1002=ORIENTED_EDGE('',*,*,#711,.F.);
#1003=ORIENTED_EDGE('',*,*,#715,.T.);
#1004=ORIENTED_EDGE('',*,*,#718,.F.);
#1005=ORIENTED_EDGE('',*,*,#742,.F.);
#1006=ORIENTED_EDGE('',*,*,#747,.F.);
#1007=ORIENTED_EDGE('',*,*,#772,.F.);
#1008=ORIENTED_EDGE('',*,*,#773,.F.);
#1009=ORIENTED_EDGE('',*,*,#774,.F.);
#1010=ORIENTED_EDGE('',*,*,#775,.T.);
#1011=ORIENTED_EDGE('',*,*,#774,.T.);
#1012=ORIENTED_EDGE('',*,*,#776,.T.);
#1013=ORIENTED_EDGE('',*,*,#777,.F.);
#1014=ORIENTED_EDGE('',*,*,#778,.F.);
#1015=ORIENTED_EDGE('',*,*,#773,.T.);
#1016=ORIENTED_EDGE('',*,*,#779,.F.);
#1017=ORIENTED_EDGE('',*,*,#780,.F.);
#1018=ORIENTED_EDGE('',*,*,#776,.F.);
#1019=ORIENTED_EDGE('',*,*,#738,.T.);
#1020=ORIENTED_EDGE('',*,*,#781,.F.);
#1021=ORIENTED_EDGE('',*,*,#752,.F.);
#1022=ORIENTED_EDGE('',*,*,#782,.F.);
#1023=ORIENTED_EDGE('',*,*,#783,.F.);
#1024=ORIENTED_EDGE('',*,*,#784,.F.);
#1025=ORIENTED_EDGE('',*,*,#785,.T.);
#1026=ORIENTED_EDGE('',*,*,#731,.T.);
#1027=ORIENTED_EDGE('',*,*,#753,.T.);
#1028=ORIENTED_EDGE('',*,*,#781,.T.);
#1029=ORIENTED_EDGE('',*,*,#740,.T.);
#1030=ORIENTED_EDGE('',*,*,#786,.F.);
#1031=ORIENTED_EDGE('',*,*,#784,.T.);
#1032=ORIENTED_EDGE('',*,*,#787,.T.);
#1033=ORIENTED_EDGE('',*,*,#788,.F.);
#1034=ORIENTED_EDGE('',*,*,#783,.T.);
#1035=ORIENTED_EDGE('',*,*,#789,.F.);
#1036=ORIENTED_EDGE('',*,*,#790,.F.);
#1037=ORIENTED_EDGE('',*,*,#791,.T.);
#1038=ORIENTED_EDGE('',*,*,#787,.F.);
#1039=ORIENTED_EDGE('',*,*,#792,.F.);
#1040=ORIENTED_EDGE('',*,*,#793,.T.);
#1041=ORIENTED_EDGE('',*,*,#794,.F.);
#1042=ORIENTED_EDGE('',*,*,#795,.F.);
#1043=ORIENTED_EDGE('',*,*,#796,.F.);
#1044=ORIENTED_EDGE('',*,*,#795,.T.);
#1045=ORIENTED_EDGE('',*,*,#797,.F.);
#1046=ORIENTED_EDGE('',*,*,#798,.F.);
#1047=ORIENTED_EDGE('',*,*,#799,.F.);
#1048=ORIENTED_EDGE('',*,*,#798,.T.);
#1049=ORIENTED_EDGE('',*,*,#800,.F.);
#1050=ORIENTED_EDGE('',*,*,#801,.F.);
#1051=ORIENTED_EDGE('',*,*,#802,.F.);
#1052=ORIENTED_EDGE('',*,*,#801,.T.);
#1053=ORIENTED_EDGE('',*,*,#803,.F.);
#1054=ORIENTED_EDGE('',*,*,#804,.F.);
#1055=ORIENTED_EDGE('',*,*,#805,.F.);
#1056=ORIENTED_EDGE('',*,*,#804,.T.);
#1057=ORIENTED_EDGE('',*,*,#806,.F.);
#1058=ORIENTED_EDGE('',*,*,#807,.F.);
#1059=ORIENTED_EDGE('',*,*,#808,.F.);
#1060=ORIENTED_EDGE('',*,*,#807,.T.);
#1061=ORIENTED_EDGE('',*,*,#809,.F.);
#1062=ORIENTED_EDGE('',*,*,#793,.F.);
#1063=ORIENTED_EDGE('',*,*,#809,.T.);
#1064=ORIENTED_EDGE('',*,*,#806,.T.);
#1065=ORIENTED_EDGE('',*,*,#803,.T.);
#1066=ORIENTED_EDGE('',*,*,#800,.T.);
#1067=ORIENTED_EDGE('',*,*,#797,.T.);
#1068=ORIENTED_EDGE('',*,*,#794,.T.);
#1069=ORIENTED_EDGE('',*,*,#810,.T.);
#1070=ORIENTED_EDGE('',*,*,#762,.T.);
#1071=ORIENTED_EDGE('',*,*,#743,.F.);
#1072=ORIENTED_EDGE('',*,*,#734,.T.);
#1073=ORIENTED_EDGE('',*,*,#720,.T.);
#1074=ORIENTED_EDGE('',*,*,#775,.F.);
#1075=ORIENTED_EDGE('',*,*,#778,.T.);
#1076=ORIENTED_EDGE('',*,*,#811,.T.);
#1077=ORIENTED_EDGE('',*,*,#812,.T.);
#1078=ORIENTED_EDGE('',*,*,#748,.F.);
#1079=ORIENTED_EDGE('',*,*,#736,.T.);
#1080=ORIENTED_EDGE('',*,*,#739,.T.);
#1081=ORIENTED_EDGE('',*,*,#785,.F.);
#1082=ORIENTED_EDGE('',*,*,#786,.T.);
#1083=ORIENTED_EDGE('',*,*,#813,.F.);
#1084=ORIENTED_EDGE('',*,*,#814,.T.);
#1085=ORIENTED_EDGE('',*,*,#815,.T.);
#1086=ORIENTED_EDGE('',*,*,#816,.F.);
#1087=ORIENTED_EDGE('',*,*,#817,.F.);
#1088=ORIENTED_EDGE('',*,*,#818,.T.);
#1089=ORIENTED_EDGE('',*,*,#819,.T.);
#1090=ORIENTED_EDGE('',*,*,#814,.F.);
#1091=ORIENTED_EDGE('',*,*,#820,.F.);
#1092=ORIENTED_EDGE('',*,*,#821,.T.);
#1093=ORIENTED_EDGE('',*,*,#822,.T.);
#1094=ORIENTED_EDGE('',*,*,#818,.F.);
#1095=ORIENTED_EDGE('',*,*,#823,.F.);
#1096=ORIENTED_EDGE('',*,*,#824,.T.);
#1097=ORIENTED_EDGE('',*,*,#825,.T.);
#1098=ORIENTED_EDGE('',*,*,#821,.F.);
#1099=ORIENTED_EDGE('',*,*,#826,.F.);
#1100=ORIENTED_EDGE('',*,*,#827,.T.);
#1101=ORIENTED_EDGE('',*,*,#828,.T.);
#1102=ORIENTED_EDGE('',*,*,#824,.F.);
#1103=ORIENTED_EDGE('',*,*,#829,.F.);
#1104=ORIENTED_EDGE('',*,*,#816,.T.);
#1105=ORIENTED_EDGE('',*,*,#830,.T.);
#1106=ORIENTED_EDGE('',*,*,#827,.F.);
#1107=ORIENTED_EDGE('',*,*,#830,.F.);
#1108=ORIENTED_EDGE('',*,*,#815,.F.);
#1109=ORIENTED_EDGE('',*,*,#819,.F.);
#1110=ORIENTED_EDGE('',*,*,#822,.F.);
#1111=ORIENTED_EDGE('',*,*,#825,.F.);
#1112=ORIENTED_EDGE('',*,*,#828,.F.);
#1113=ORIENTED_EDGE('',*,*,#831,.F.);
#1114=ORIENTED_EDGE('',*,*,#832,.T.);
#1115=ORIENTED_EDGE('',*,*,#833,.T.);
#1116=ORIENTED_EDGE('',*,*,#834,.F.);
#1117=ORIENTED_EDGE('',*,*,#835,.F.);
#1118=ORIENTED_EDGE('',*,*,#836,.T.);
#1119=ORIENTED_EDGE('',*,*,#837,.T.);
#1120=ORIENTED_EDGE('',*,*,#832,.F.);
#1121=ORIENTED_EDGE('',*,*,#838,.F.);
#1122=ORIENTED_EDGE('',*,*,#839,.T.);
#1123=ORIENTED_EDGE('',*,*,#840,.T.);
#1124=ORIENTED_EDGE('',*,*,#836,.F.);
#1125=ORIENTED_EDGE('',*,*,#841,.F.);
#1126=ORIENTED_EDGE('',*,*,#842,.T.);
#1127=ORIENTED_EDGE('',*,*,#843,.T.);
#1128=ORIENTED_EDGE('',*,*,#839,.F.);
#1129=ORIENTED_EDGE('',*,*,#844,.F.);
#1130=ORIENTED_EDGE('',*,*,#845,.T.);
#1131=ORIENTED_EDGE('',*,*,#846,.T.);
#1132=ORIENTED_EDGE('',*,*,#842,.F.);
#1133=ORIENTED_EDGE('',*,*,#847,.F.);
#1134=ORIENTED_EDGE('',*,*,#848,.T.);
#1135=ORIENTED_EDGE('',*,*,#849,.T.);
#1136=ORIENTED_EDGE('',*,*,#845,.F.);
#1137=ORIENTED_EDGE('',*,*,#850,.F.);
#1138=ORIENTED_EDGE('',*,*,#851,.T.);
#1139=ORIENTED_EDGE('',*,*,#852,.T.);
#1140=ORIENTED_EDGE('',*,*,#848,.F.);
#1141=ORIENTED_EDGE('',*,*,#853,.F.);
#1142=ORIENTED_EDGE('',*,*,#854,.T.);
#1143=ORIENTED_EDGE('',*,*,#855,.T.);
#1144=ORIENTED_EDGE('',*,*,#851,.F.);
#1145=ORIENTED_EDGE('',*,*,#856,.F.);
#1146=ORIENTED_EDGE('',*,*,#857,.T.);
#1147=ORIENTED_EDGE('',*,*,#858,.T.);
#1148=ORIENTED_EDGE('',*,*,#854,.F.);
#1149=ORIENTED_EDGE('',*,*,#859,.F.);
#1150=ORIENTED_EDGE('',*,*,#860,.T.);
#1151=ORIENTED_EDGE('',*,*,#861,.T.);
#1152=ORIENTED_EDGE('',*,*,#857,.F.);
#1153=ORIENTED_EDGE('',*,*,#862,.F.);
#1154=ORIENTED_EDGE('',*,*,#863,.T.);
#1155=ORIENTED_EDGE('',*,*,#864,.T.);
#1156=ORIENTED_EDGE('',*,*,#860,.F.);
#1157=ORIENTED_EDGE('',*,*,#865,.F.);
#1158=ORIENTED_EDGE('',*,*,#834,.T.);
#1159=ORIENTED_EDGE('',*,*,#866,.T.);
#1160=ORIENTED_EDGE('',*,*,#863,.F.);
#1161=ORIENTED_EDGE('',*,*,#866,.F.);
#1162=ORIENTED_EDGE('',*,*,#833,.F.);
#1163=ORIENTED_EDGE('',*,*,#837,.F.);
#1164=ORIENTED_EDGE('',*,*,#840,.F.);
#1165=ORIENTED_EDGE('',*,*,#843,.F.);
#1166=ORIENTED_EDGE('',*,*,#846,.F.);
#1167=ORIENTED_EDGE('',*,*,#849,.F.);
#1168=ORIENTED_EDGE('',*,*,#852,.F.);
#1169=ORIENTED_EDGE('',*,*,#855,.F.);
#1170=ORIENTED_EDGE('',*,*,#858,.F.);
#1171=ORIENTED_EDGE('',*,*,#861,.F.);
#1172=ORIENTED_EDGE('',*,*,#864,.F.);
#1173=ORIENTED_EDGE('',*,*,#788,.T.);
#1174=ORIENTED_EDGE('',*,*,#867,.T.);
#1175=ORIENTED_EDGE('',*,*,#763,.T.);
#1176=ORIENTED_EDGE('',*,*,#810,.F.);
#1177=ORIENTED_EDGE('',*,*,#759,.T.);
#1178=ORIENTED_EDGE('',*,*,#868,.T.);
#1179=ORIENTED_EDGE('',*,*,#756,.T.);
#1180=ORIENTED_EDGE('',*,*,#765,.T.);
#1181=ORIENTED_EDGE('',*,*,#754,.T.);
#1182=ORIENTED_EDGE('',*,*,#868,.F.);
#1183=ORIENTED_EDGE('',*,*,#758,.T.);
#1184=ORIENTED_EDGE('',*,*,#771,.T.);
#1185=ORIENTED_EDGE('',*,*,#869,.T.);
#1186=ORIENTED_EDGE('',*,*,#870,.T.);
#1187=ORIENTED_EDGE('',*,*,#790,.T.);
#1188=ORIENTED_EDGE('',*,*,#871,.T.);
#1189=ORIENTED_EDGE('',*,*,#766,.T.);
#1190=ORIENTED_EDGE('',*,*,#746,.T.);
#1191=ORIENTED_EDGE('',*,*,#872,.T.);
#1192=ORIENTED_EDGE('',*,*,#767,.F.);
#1193=ORIENTED_EDGE('',*,*,#871,.F.);
#1194=ORIENTED_EDGE('',*,*,#789,.T.);
#1195=ORIENTED_EDGE('',*,*,#782,.T.);
#1196=ORIENTED_EDGE('',*,*,#751,.T.);
#1197=ORIENTED_EDGE('',*,*,#873,.T.);
#1198=ORIENTED_EDGE('',*,*,#874,.F.);
#1199=ORIENTED_EDGE('',*,*,#779,.T.);
#1200=ORIENTED_EDGE('',*,*,#772,.T.);
#1201=ORIENTED_EDGE('',*,*,#745,.T.);
#1202=ORIENTED_EDGE('',*,*,#764,.F.);
#1203=ORIENTED_EDGE('',*,*,#875,.F.);
#1204=ORIENTED_EDGE('',*,*,#768,.F.);
#1205=ORIENTED_EDGE('',*,*,#872,.F.);
#1206=ORIENTED_EDGE('',*,*,#870,.F.);
#1207=ORIENTED_EDGE('',*,*,#876,.F.);
#1208=ORIENTED_EDGE('',*,*,#769,.F.);
#1209=ORIENTED_EDGE('',*,*,#875,.T.);
#1210=ORIENTED_EDGE('',*,*,#867,.F.);
#1211=ORIENTED_EDGE('',*,*,#791,.F.);
#1212=ORIENTED_EDGE('',*,*,#750,.T.);
#1213=ORIENTED_EDGE('',*,*,#877,.F.);
#1214=ORIENTED_EDGE('',*,*,#878,.F.);
#1215=ORIENTED_EDGE('',*,*,#873,.F.);
#1216=ORIENTED_EDGE('',*,*,#770,.F.);
#1217=ORIENTED_EDGE('',*,*,#876,.T.);
#1218=ORIENTED_EDGE('',*,*,#869,.F.);
#1219=ORIENTED_EDGE('',*,*,#749,.T.);
#1220=ORIENTED_EDGE('',*,*,#812,.F.);
#1221=ORIENTED_EDGE('',*,*,#879,.T.);
#1222=ORIENTED_EDGE('',*,*,#877,.T.);
#1223=ORIENTED_EDGE('',*,*,#878,.T.);
#1224=ORIENTED_EDGE('',*,*,#879,.F.);
#1225=ORIENTED_EDGE('',*,*,#811,.F.);
#1226=ORIENTED_EDGE('',*,*,#777,.T.);
#1227=ORIENTED_EDGE('',*,*,#780,.T.);
#1228=ORIENTED_EDGE('',*,*,#874,.T.);
#1229=ORIENTED_EDGE('',*,*,#880,.T.);
#1230=ORIENTED_EDGE('',*,*,#881,.T.);
#1231=ORIENTED_EDGE('',*,*,#882,.T.);
#1232=ORIENTED_EDGE('',*,*,#883,.T.);
#1233=ORIENTED_EDGE('',*,*,#884,.T.);
#1234=ORIENTED_EDGE('',*,*,#883,.F.);
#1235=ORIENTED_EDGE('',*,*,#885,.T.);
#1236=ORIENTED_EDGE('',*,*,#886,.T.);
#1237=ORIENTED_EDGE('',*,*,#887,.T.);
#1238=ORIENTED_EDGE('',*,*,#886,.F.);
#1239=ORIENTED_EDGE('',*,*,#888,.T.);
#1240=ORIENTED_EDGE('',*,*,#889,.T.);
#1241=ORIENTED_EDGE('',*,*,#890,.T.);
#1242=ORIENTED_EDGE('',*,*,#889,.F.);
#1243=ORIENTED_EDGE('',*,*,#891,.T.);
#1244=ORIENTED_EDGE('',*,*,#892,.T.);
#1245=ORIENTED_EDGE('',*,*,#893,.T.);
#1246=ORIENTED_EDGE('',*,*,#894,.T.);
#1247=ORIENTED_EDGE('',*,*,#895,.T.);
#1248=ORIENTED_EDGE('',*,*,#892,.F.);
#1249=ORIENTED_EDGE('',*,*,#893,.F.);
#1250=ORIENTED_EDGE('',*,*,#891,.F.);
#1251=ORIENTED_EDGE('',*,*,#888,.F.);
#1252=ORIENTED_EDGE('',*,*,#885,.F.);
#1253=ORIENTED_EDGE('',*,*,#882,.F.);
#1254=ORIENTED_EDGE('',*,*,#896,.T.);
#1255=ORIENTED_EDGE('',*,*,#813,.T.);
#1256=ORIENTED_EDGE('',*,*,#829,.T.);
#1257=ORIENTED_EDGE('',*,*,#826,.T.);
#1258=ORIENTED_EDGE('',*,*,#823,.T.);
#1259=ORIENTED_EDGE('',*,*,#820,.T.);
#1260=ORIENTED_EDGE('',*,*,#817,.T.);
#1261=ORIENTED_EDGE('',*,*,#831,.T.);
#1262=ORIENTED_EDGE('',*,*,#865,.T.);
#1263=ORIENTED_EDGE('',*,*,#862,.T.);
#1264=ORIENTED_EDGE('',*,*,#859,.T.);
#1265=ORIENTED_EDGE('',*,*,#856,.T.);
#1266=ORIENTED_EDGE('',*,*,#853,.T.);
#1267=ORIENTED_EDGE('',*,*,#850,.T.);
#1268=ORIENTED_EDGE('',*,*,#847,.T.);
#1269=ORIENTED_EDGE('',*,*,#844,.T.);
#1270=ORIENTED_EDGE('',*,*,#841,.T.);
#1271=ORIENTED_EDGE('',*,*,#838,.T.);
#1272=ORIENTED_EDGE('',*,*,#835,.T.);
#1273=ORIENTED_EDGE('',*,*,#897,.T.);
#1274=ORIENTED_EDGE('',*,*,#898,.T.);
#1275=ORIENTED_EDGE('',*,*,#898,.F.);
#1276=ORIENTED_EDGE('',*,*,#899,.T.);
#1277=ORIENTED_EDGE('',*,*,#760,.T.);
#1278=ORIENTED_EDGE('',*,*,#899,.F.);
#1279=ORIENTED_EDGE('',*,*,#897,.F.);
#1280=ORIENTED_EDGE('',*,*,#900,.T.);
#1281=ORIENTED_EDGE('',*,*,#761,.T.);
#1282=ORIENTED_EDGE('',*,*,#900,.F.);
#1283=ORIENTED_EDGE('',*,*,#884,.F.);
#1284=ORIENTED_EDGE('',*,*,#901,.F.);
#1285=ORIENTED_EDGE('',*,*,#902,.T.);
#1286=ORIENTED_EDGE('',*,*,#903,.T.);
#1287=ORIENTED_EDGE('',*,*,#887,.F.);
#1288=ORIENTED_EDGE('',*,*,#904,.F.);
#1289=ORIENTED_EDGE('',*,*,#905,.T.);
#1290=ORIENTED_EDGE('',*,*,#901,.T.);
#1291=ORIENTED_EDGE('',*,*,#890,.F.);
#1292=ORIENTED_EDGE('',*,*,#906,.F.);
#1293=ORIENTED_EDGE('',*,*,#907,.T.);
#1294=ORIENTED_EDGE('',*,*,#904,.T.);
#1295=ORIENTED_EDGE('',*,*,#895,.F.);
#1296=ORIENTED_EDGE('',*,*,#908,.F.);
#1297=ORIENTED_EDGE('',*,*,#909,.T.);
#1298=ORIENTED_EDGE('',*,*,#906,.T.);
#1299=ORIENTED_EDGE('',*,*,#894,.F.);
#1300=ORIENTED_EDGE('',*,*,#896,.F.);
#1301=ORIENTED_EDGE('',*,*,#881,.F.);
#1302=ORIENTED_EDGE('',*,*,#910,.F.);
#1303=ORIENTED_EDGE('',*,*,#911,.T.);
#1304=ORIENTED_EDGE('',*,*,#908,.T.);
#1305=ORIENTED_EDGE('',*,*,#880,.F.);
#1306=ORIENTED_EDGE('',*,*,#903,.F.);
#1307=ORIENTED_EDGE('',*,*,#912,.T.);
#1308=ORIENTED_EDGE('',*,*,#910,.T.);
#1309=ORIENTED_EDGE('',*,*,#912,.F.);
#1310=ORIENTED_EDGE('',*,*,#902,.F.);
#1311=ORIENTED_EDGE('',*,*,#905,.F.);
#1312=ORIENTED_EDGE('',*,*,#907,.F.);
#1313=ORIENTED_EDGE('',*,*,#909,.F.);
#1314=ORIENTED_EDGE('',*,*,#911,.F.);
#1315=ORIENTED_EDGE('',*,*,#792,.T.);
#1316=ORIENTED_EDGE('',*,*,#796,.T.);
#1317=ORIENTED_EDGE('',*,*,#799,.T.);
#1318=ORIENTED_EDGE('',*,*,#802,.T.);
#1319=ORIENTED_EDGE('',*,*,#805,.T.);
#1320=ORIENTED_EDGE('',*,*,#808,.T.);
#1321=PLANE('',#1479);
#1322=PLANE('',#1480);
#1323=PLANE('',#1481);
#1324=PLANE('',#1482);
#1325=PLANE('',#1483);
#1326=PLANE('',#1484);
#1327=PLANE('',#1485);
#1328=PLANE('',#1486);
#1329=PLANE('',#1487);
#1330=PLANE('',#1488);
#1331=PLANE('',#1489);
#1332=PLANE('',#1490);
#1333=PLANE('',#1491);
#1334=PLANE('',#1492);
#1335=PLANE('',#1499);
#1336=PLANE('',#1505);
#1337=PLANE('',#1506);
#1338=PLANE('',#1507);
#1339=PLANE('',#1508);
#1340=PLANE('',#1509);
#1341=PLANE('',#1510);
#1342=PLANE('',#1511);
#1343=PLANE('',#1513);
#1344=PLANE('',#1514);
#1345=PLANE('',#1515);
#1346=PLANE('',#1516);
#1347=PLANE('',#1517);
#1348=PLANE('',#1518);
#1349=PLANE('',#1519);
#1350=PLANE('',#1520);
#1351=PLANE('',#1521);
#1352=PLANE('',#1522);
#1353=PLANE('',#1523);
#1354=PLANE('',#1524);
#1355=PLANE('',#1525);
#1356=PLANE('',#1526);
#1357=PLANE('',#1527);
#1358=PLANE('',#1528);
#1359=PLANE('',#1529);
#1360=PLANE('',#1530);
#1361=PLANE('',#1531);
#1362=PLANE('',#1532);
#1363=PLANE('',#1533);
#1364=PLANE('',#1534);
#1365=PLANE('',#1535);
#1366=PLANE('',#1536);
#1367=PLANE('',#1537);
#1368=PLANE('',#1538);
#1369=PLANE('',#1539);
#1370=PLANE('',#1540);
#1371=PLANE('',#1545);
#1372=PLANE('',#1546);
#1373=PLANE('',#1547);
#1374=PLANE('',#1548);
#1375=PLANE('',#1549);
#1376=PLANE('',#1550);
#1377=PLANE('',#1551);
#1378=PLANE('',#1552);
#1379=PLANE('',#1553);
#1380=PLANE('',#1554);
#1381=PLANE('',#1555);
#1382=PLANE('',#1556);
#1383=PLANE('',#1557);
#1384=PLANE('',#1562);
#1385=PLANE('',#1563);
#1386=PLANE('',#1564);
#1387=PLANE('',#1565);
#1388=PLANE('',#1566);
#1389=PLANE('',#1567);
#1390=PLANE('',#1568);
#1391=ADVANCED_FACE('',(#49),#1321,.T.);
#1392=ADVANCED_FACE('',(#50),#1322,.T.);
#1393=ADVANCED_FACE('',(#51),#1323,.T.);
#1394=ADVANCED_FACE('',(#52),#1324,.F.);
#1395=ADVANCED_FACE('',(#53),#1325,.T.);
#1396=ADVANCED_FACE('',(#54),#1326,.T.);
#1397=ADVANCED_FACE('',(#55),#1327,.T.);
#1398=ADVANCED_FACE('',(#56),#1328,.F.);
#1399=ADVANCED_FACE('',(#57),#1329,.F.);
#1400=ADVANCED_FACE('',(#58),#1330,.F.);
#1401=ADVANCED_FACE('',(#59),#1331,.T.);
#1402=ADVANCED_FACE('',(#60),#1332,.T.);
#1403=ADVANCED_FACE('',(#61),#1333,.T.);
#1404=ADVANCED_FACE('',(#62,#27,#28),#1334,.F.);
#1405=ADVANCED_FACE('',(#63),#1335,.F.);
#1406=ADVANCED_FACE('',(#64),#23,.T.);
#1407=ADVANCED_FACE('',(#65),#1336,.T.);
#1408=ADVANCED_FACE('',(#66),#1337,.F.);
#1409=ADVANCED_FACE('',(#67),#1338,.F.);
#1410=ADVANCED_FACE('',(#68),#1339,.T.);
#1411=ADVANCED_FACE('',(#69),#1340,.T.);
#1412=ADVANCED_FACE('',(#70),#1341,.F.);
#1413=ADVANCED_FACE('',(#71),#1342,.F.);
#1414=ADVANCED_FACE('',(#72),#1343,.T.);
#1415=ADVANCED_FACE('',(#73),#1344,.T.);
#1416=ADVANCED_FACE('',(#74),#1345,.T.);
#1417=ADVANCED_FACE('',(#75),#1346,.T.);
#1418=ADVANCED_FACE('',(#76),#1347,.T.);
#1419=ADVANCED_FACE('',(#77),#1348,.T.);
#1420=ADVANCED_FACE('',(#78,#29),#1349,.T.);
#1421=ADVANCED_FACE('',(#79),#1350,.F.);
#1422=ADVANCED_FACE('',(#80),#1351,.F.);
#1423=ADVANCED_FACE('',(#81),#1352,.F.);
#1424=ADVANCED_FACE('',(#82),#1353,.F.);
#1425=ADVANCED_FACE('',(#83),#1354,.F.);
#1426=ADVANCED_FACE('',(#84),#1355,.F.);
#1427=ADVANCED_FACE('',(#85),#1356,.F.);
#1428=ADVANCED_FACE('',(#86),#1357,.F.);
#1429=ADVANCED_FACE('',(#87),#1358,.F.);
#1430=ADVANCED_FACE('',(#88),#1359,.F.);
#1431=ADVANCED_FACE('',(#89),#1360,.F.);
#1432=ADVANCED_FACE('',(#90),#1361,.F.);
#1433=ADVANCED_FACE('',(#91),#1362,.F.);
#1434=ADVANCED_FACE('',(#92),#1363,.F.);
#1435=ADVANCED_FACE('',(#93),#1364,.F.);
#1436=ADVANCED_FACE('',(#94),#1365,.F.);
#1437=ADVANCED_FACE('',(#95),#1366,.F.);
#1438=ADVANCED_FACE('',(#96),#1367,.F.);
#1439=ADVANCED_FACE('',(#97),#1368,.F.);
#1440=ADVANCED_FACE('',(#98),#1369,.F.);
#1441=ADVANCED_FACE('',(#99,#30,#31),#1370,.F.);
#1442=ADVANCED_FACE('',(#100),#24,.T.);
#1443=ADVANCED_FACE('',(#101),#1371,.F.);
#1444=ADVANCED_FACE('',(#102),#1372,.F.);
#1445=ADVANCED_FACE('',(#103),#1373,.F.);
#1446=ADVANCED_FACE('',(#104),#1374,.F.);
#1447=ADVANCED_FACE('',(#105),#1375,.F.);
#1448=ADVANCED_FACE('',(#106),#1376,.F.);
#1449=ADVANCED_FACE('',(#107),#1377,.F.);
#1450=ADVANCED_FACE('',(#108),#1378,.T.);
#1451=ADVANCED_FACE('',(#109),#1379,.T.);
#1452=ADVANCED_FACE('',(#110),#1380,.T.);
#1453=ADVANCED_FACE('',(#111),#1381,.T.);
#1454=ADVANCED_FACE('',(#112),#1382,.T.);
#1455=ADVANCED_FACE('',(#113,#32,#33,#34,#35),#1383,.T.);
#1456=ADVANCED_FACE('',(#114),#25,.F.);
#1457=ADVANCED_FACE('',(#115),#26,.F.);
#1458=ADVANCED_FACE('',(#116),#1384,.T.);
#1459=ADVANCED_FACE('',(#117),#1385,.T.);
#1460=ADVANCED_FACE('',(#118),#1386,.T.);
#1461=ADVANCED_FACE('',(#119),#1387,.T.);
#1462=ADVANCED_FACE('',(#120),#1388,.T.);
#1463=ADVANCED_FACE('',(#121),#1389,.T.);
#1464=ADVANCED_FACE('',(#122,#36),#1390,.F.);
#1465=CLOSED_SHELL('',(#1391,#1392,#1393,#1394,#1395,#1396,#1397,#1398,
#1399,#1400,#1401,#1402,#1403,#1404,#1405,#1406,#1407,#1408,#1409,#1410,
#1411,#1412,#1413,#1414,#1415,#1416,#1417,#1418,#1419,#1420,#1421,#1422,
#1423,#1424,#1425,#1426,#1427,#1428,#1429,#1430,#1431,#1432,#1433,#1434,
#1435,#1436,#1437,#1438,#1439,#1440,#1441,#1442,#1443,#1444,#1445,#1446,
#1447,#1448,#1449,#1450,#1451,#1452,#1453,#1454,#1455,#1456,#1457,#1458,
#1459,#1460,#1461,#1462,#1463,#1464));
#1466=DERIVED_UNIT_ELEMENT(#1468,1.);
#1467=DERIVED_UNIT_ELEMENT(#2367,-3.);
#1468=(
MASS_UNIT()
NAMED_UNIT(*)
SI_UNIT(.KILO.,.GRAM.)
);
#1469=DERIVED_UNIT((#1466,#1467));
#1470=MEASURE_REPRESENTATION_ITEM('density measure',
POSITIVE_RATIO_MEASURE(7850.),#1469);
#1471=PROPERTY_DEFINITION_REPRESENTATION(#1476,#1473);
#1472=PROPERTY_DEFINITION_REPRESENTATION(#1477,#1474);
#1473=REPRESENTATION('material name',(#1475),#2364);
#1474=REPRESENTATION('density',(#1470),#2364);
#1475=DESCRIPTIVE_REPRESENTATION_ITEM('Steel','Steel');
#1476=PROPERTY_DEFINITION('material property','material name',#2374);
#1477=PROPERTY_DEFINITION('material property','density of part',#2374);
#1478=AXIS2_PLACEMENT_3D('',#1935,#1569,#1570);
#1479=AXIS2_PLACEMENT_3D('',#1936,#1571,#1572);
#1480=AXIS2_PLACEMENT_3D('',#1945,#1577,#1578);
#1481=AXIS2_PLACEMENT_3D('',#1951,#1582,#1583);
#1482=AXIS2_PLACEMENT_3D('',#1957,#1587,#1588);
#1483=AXIS2_PLACEMENT_3D('',#1963,#1592,#1593);
#1484=AXIS2_PLACEMENT_3D('',#1972,#1598,#1599);
#1485=AXIS2_PLACEMENT_3D('',#1978,#1603,#1604);
#1486=AXIS2_PLACEMENT_3D('',#1984,#1608,#1609);
#1487=AXIS2_PLACEMENT_3D('',#1990,#1613,#1614);
#1488=AXIS2_PLACEMENT_3D('',#1996,#1618,#1619);
#1489=AXIS2_PLACEMENT_3D('',#2002,#1623,#1624);
#1490=AXIS2_PLACEMENT_3D('',#2006,#1627,#1628);
#1491=AXIS2_PLACEMENT_3D('',#2016,#1634,#1635);
#1492=AXIS2_PLACEMENT_3D('',#2028,#1642,#1643);
#1493=AXIS2_PLACEMENT_3D('',#2031,#1644,#1645);
#1494=AXIS2_PLACEMENT_3D('',#2033,#1646,#1647);
#1495=AXIS2_PLACEMENT_3D('',#2037,#1649,#1650);
#1496=AXIS2_PLACEMENT_3D('',#2039,#1651,#1652);
#1497=AXIS2_PLACEMENT_3D('',#2042,#1654,#1655);
#1498=AXIS2_PLACEMENT_3D('',#2044,#1656,#1657);
#1499=AXIS2_PLACEMENT_3D('',#2045,#1658,#1659);
#1500=AXIS2_PLACEMENT_3D('',#2051,#1663,#1664);
#1501=AXIS2_PLACEMENT_3D('',#2063,#1665,#1666);
#1502=AXIS2_PLACEMENT_3D('',#2065,#1667,#1668);
#1503=AXIS2_PLACEMENT_3D('',#2067,#1669,#1670);
#1504=AXIS2_PLACEMENT_3D('',#2069,#1671,#1672);
#1505=AXIS2_PLACEMENT_3D('',#2076,#1673,#1674);
#1506=AXIS2_PLACEMENT_3D('',#2084,#1679,#1680);
#1507=AXIS2_PLACEMENT_3D('',#2090,#1684,#1685);
#1508=AXIS2_PLACEMENT_3D('',#2094,#1688,#1689);
#1509=AXIS2_PLACEMENT_3D('',#2103,#1695,#1696);
#1510=AXIS2_PLACEMENT_3D('',#2104,#1697,#1698);
#1511=AXIS2_PLACEMENT_3D('',#2110,#1702,#1703);
#1512=AXIS2_PLACEMENT_3D('',#2114,#1705,#1706);
#1513=AXIS2_PLACEMENT_3D('',#2116,#1708,#1709);
#1514=AXIS2_PLACEMENT_3D('',#2125,#1714,#1715);
#1515=AXIS2_PLACEMENT_3D('',#2131,#1719,#1720);
#1516=AXIS2_PLACEMENT_3D('',#2137,#1724,#1725);
#1517=AXIS2_PLACEMENT_3D('',#2143,#1729,#1730);
#1518=AXIS2_PLACEMENT_3D('',#2149,#1734,#1735);
#1519=AXIS2_PLACEMENT_3D('',#2152,#1738,#1739);
#1520=AXIS2_PLACEMENT_3D('',#2157,#1743,#1744);
#1521=AXIS2_PLACEMENT_3D('',#2166,#1749,#1750);
#1522=AXIS2_PLACEMENT_3D('',#2172,#1754,#1755);
#1523=AXIS2_PLACEMENT_3D('',#2178,#1759,#1760);
#1524=AXIS2_PLACEMENT_3D('',#2184,#1764,#1765);
#1525=AXIS2_PLACEMENT_3D('',#2190,#1769,#1770);
#1526=AXIS2_PLACEMENT_3D('',#2193,#1773,#1774);
#1527=AXIS2_PLACEMENT_3D('',#2194,#1775,#1776);
#1528=AXIS2_PLACEMENT_3D('',#2203,#1781,#1782);
#1529=AXIS2_PLACEMENT_3D('',#2209,#1786,#1787);
#1530=AXIS2_PLACEMENT_3D('',#2215,#1791,#1792);
#1531=AXIS2_PLACEMENT_3D('',#2221,#1796,#1797);
#1532=AXIS2_PLACEMENT_3D('',#2227,#1801,#1802);
#1533=AXIS2_PLACEMENT_3D('',#2233,#1806,#1807);
#1534=AXIS2_PLACEMENT_3D('',#2239,#1811,#1812);
#1535=AXIS2_PLACEMENT_3D('',#2245,#1816,#1817);
#1536=AXIS2_PLACEMENT_3D('',#2251,#1821,#1822);
#1537=AXIS2_PLACEMENT_3D('',#2257,#1826,#1827);
#1538=AXIS2_PLACEMENT_3D('',#2263,#1831,#1832);
#1539=AXIS2_PLACEMENT_3D('',#2266,#1835,#1836);
#1540=AXIS2_PLACEMENT_3D('',#2267,#1837,#1838);
#1541=AXIS2_PLACEMENT_3D('',#2272,#1840,#1841);
#1542=AXIS2_PLACEMENT_3D('',#2274,#1842,#1843);
#1543=AXIS2_PLACEMENT_3D('',#2275,#1844,#1845);
#1544=AXIS2_PLACEMENT_3D('',#2276,#1846,#1847);
#1545=AXIS2_PLACEMENT_3D('',#2277,#1848,#1849);
#1546=AXIS2_PLACEMENT_3D('',#2282,#1853,#1854);
#1547=AXIS2_PLACEMENT_3D('',#2284,#1856,#1857);
#1548=AXIS2_PLACEMENT_3D('',#2286,#1859,#1860);
#1549=AXIS2_PLACEMENT_3D('',#2290,#1863,#1864);
#1550=AXIS2_PLACEMENT_3D('',#2291,#1865,#1866);
#1551=AXIS2_PLACEMENT_3D('',#2293,#1868,#1869);
#1552=AXIS2_PLACEMENT_3D('',#2294,#1870,#1871);
#1553=AXIS2_PLACEMENT_3D('',#2303,#1876,#1877);
#1554=AXIS2_PLACEMENT_3D('',#2309,#1881,#1882);
#1555=AXIS2_PLACEMENT_3D('',#2315,#1886,#1887);
#1556=AXIS2_PLACEMENT_3D('',#2321,#1891,#1892);
#1557=AXIS2_PLACEMENT_3D('',#2327,#1896,#1897);
#1558=AXIS2_PLACEMENT_3D('',#2330,#1899,#1900);
#1559=AXIS2_PLACEMENT_3D('',#2332,#1901,#1902);
#1560=AXIS2_PLACEMENT_3D('',#2333,#1903,#1904);
#1561=AXIS2_PLACEMENT_3D('',#2335,#1906,#1907);
#1562=AXIS2_PLACEMENT_3D('',#2337,#1909,#1910);
#1563=AXIS2_PLACEMENT_3D('',#2343,#1914,#1915);
#1564=AXIS2_PLACEMENT_3D('',#2347,#1918,#1919);
#1565=AXIS2_PLACEMENT_3D('',#2351,#1922,#1923);
#1566=AXIS2_PLACEMENT_3D('',#2355,#1926,#1927);
#1567=AXIS2_PLACEMENT_3D('',#2359,#1930,#1931);
#1568=AXIS2_PLACEMENT_3D('',#2361,#1933,#1934);
#1569=DIRECTION('axis',(0.,0.,1.));
#1570=DIRECTION('refdir',(1.,0.,0.));
#1571=DIRECTION('center_axis',(-0.413802944301183,-6.0931379499196E-16,
0.910366477462605));
#1572=DIRECTION('ref_axis',(0.910366477462605,1.34761309883451E-15,0.413802944301183));
#1573=DIRECTION('',(-0.828567934870184,-0.414283967435082,-0.376621788577356));
#1574=DIRECTION('',(-1.47247331944665E-15,1.,0.));
#1575=DIRECTION('',(0.910366477462605,1.34761309883451E-15,0.413802944301183));
#1576=DIRECTION('',(3.62546181984571E-15,-1.,9.78631136545025E-16));
#1577=DIRECTION('center_axis',(-1.,-1.47247331944665E-15,0.));
#1578=DIRECTION('ref_axis',(0.,0.,1.));
#1579=DIRECTION('',(0.,0.,-1.));
#1580=DIRECTION('',(-1.47247331944665E-15,1.,0.));
#1581=DIRECTION('',(0.,0.,-1.));
#1582=DIRECTION('center_axis',(-0.824041924199367,-1.21337974748904E-15,
-0.566528822887067));
#1583=DIRECTION('ref_axis',(-0.566528822887067,-8.38631124377345E-16,0.824041924199367));
#1584=DIRECTION('',(0.54508237391459,0.272541186957289,-0.792847089330311));
#1585=DIRECTION('',(-3.62546181984571E-15,1.,0.));
#1586=DIRECTION('',(-0.566528822887067,-8.38631124377345E-16,0.824041924199367));
#1587=DIRECTION('center_axis',(1.,3.62546181984571E-15,0.));
#1588=DIRECTION('ref_axis',(3.62546181984571E-15,-1.,0.));
#1589=DIRECTION('',(0.,0.,-1.));
#1590=DIRECTION('',(3.62546181984571E-15,-1.,0.));
#1591=DIRECTION('',(0.,0.,-1.));
#1592=DIRECTION('center_axis',(1.,1.44981988376286E-15,0.));
#1593=DIRECTION('ref_axis',(0.,0.,-1.));
#1594=DIRECTION('',(0.,0.,1.));
#1595=DIRECTION('',(-1.44981988376286E-15,1.,0.));
#1596=DIRECTION('',(0.,0.,-1.));
#1597=DIRECTION('',(-1.44981988376286E-15,1.,0.));
#1598=DIRECTION('center_axis',(0.413802944301183,5.9993973660747E-16,0.910366477462605));
#1599=DIRECTION('ref_axis',(0.910366477462605,1.34761309883451E-15,-0.413802944301183));
#1600=DIRECTION('',(-0.828567934870181,0.41428396743509,0.376621788577354));
#1601=DIRECTION('',(0.,1.,-6.59009038074025E-16));
#1602=DIRECTION('',(-0.910366477462605,-1.34761309883451E-15,0.413802944301183));
#1603=DIRECTION('center_axis',(0.824041924199367,1.19471236675845E-15,-0.566528822887066));
#1604=DIRECTION('ref_axis',(-0.566528822887066,-8.38631124377345E-16,-0.824041924199367));
#1605=DIRECTION('',(0.54508237391459,-0.272541186957295,0.79284708933031));
#1606=DIRECTION('',(0.566528822887066,8.38631124377345E-16,0.824041924199367));
#1607=DIRECTION('',(0.,-1.,0.));
#1608=DIRECTION('center_axis',(0.447213595499949,-0.89442719099992,0.));
#1609=DIRECTION('ref_axis',(-0.89442719099992,-0.447213595499949,0.));
#1610=DIRECTION('',(0.,0.,1.));
#1611=DIRECTION('',(0.89442719099992,0.447213595499949,0.));
#1612=DIRECTION('',(-0.89442719099992,-0.447213595499949,0.));
#1613=DIRECTION('center_axis',(-1.,0.,0.));
#1614=DIRECTION('ref_axis',(0.,1.,0.));
#1615=DIRECTION('',(0.,0.,-1.));
#1616=DIRECTION('',(0.,1.,0.));
#1617=DIRECTION('',(0.,0.,1.));
#1618=DIRECTION('center_axis',(-0.447213595499957,-0.894427190999916,0.));
#1619=DIRECTION('ref_axis',(-0.894427190999916,0.447213595499958,0.));
#1620=DIRECTION('',(0.,0.,-1.));
#1621=DIRECTION('',(-0.894427190999916,0.447213595499958,0.));
#1622=DIRECTION('',(0.894427190999916,-0.447213595499958,0.));
#1623=DIRECTION('center_axis',(0.,0.,-1.));
#1624=DIRECTION('ref_axis',(-1.,0.,0.));
#1625=DIRECTION('',(4.15205358802904E-15,-1.,0.));
#1626=DIRECTION('',(-1.,-2.96059473233376E-15,0.));
#1627=DIRECTION('center_axis',(1.,4.15205358802904E-15,0.));
#1628=DIRECTION('ref_axis',(4.15205358802904E-15,-1.,0.));
#1629=DIRECTION('',(-4.15205358802904E-15,1.,0.));
#1630=DIRECTION('',(0.,0.,-1.));
#1631=DIRECTION('',(-3.09475802301828E-15,0.74535599249993,-0.666666666666667));
#1632=DIRECTION('',(-4.15205358802904E-15,1.,0.));
#1633=DIRECTION('',(0.,0.,-1.));
#1634=DIRECTION('center_axis',(1.48029736616688E-15,-1.,0.));
#1635=DIRECTION('ref_axis',(-1.,-1.48029736616688E-15,0.));
#1636=DIRECTION('',(1.,1.48029736616688E-15,0.));
#1637=DIRECTION('',(0.,0.,-1.));
#1638=DIRECTION('',(0.707106781186548,1.04672830578918E-15,-0.707106781186547));
#1639=DIRECTION('',(1.,1.48029736616688E-15,0.));
#1640=DIRECTION('',(0.,0.,-1.));
#1641=DIRECTION('',(-1.,-1.48029736616688E-15,0.));
#1642=DIRECTION('center_axis',(0.,0.,1.));
#1643=DIRECTION('ref_axis',(1.,0.,0.));
#1644=DIRECTION('center_axis',(0.,0.,1.));
#1645=DIRECTION('ref_axis',(-1.,0.,0.));
#1646=DIRECTION('center_axis',(0.,0.,1.));
#1647=DIRECTION('ref_axis',(-1.,0.,0.));
#1648=DIRECTION('',(-1.,1.0689381471908E-15,0.));
#1649=DIRECTION('center_axis',(0.,0.,1.));
#1650=DIRECTION('ref_axis',(-1.,0.,0.));
#1651=DIRECTION('center_axis',(0.,0.,1.));
#1652=DIRECTION('ref_axis',(-1.,0.,0.));
#1653=DIRECTION('',(-1.,1.0689381471908E-15,0.));
#1654=DIRECTION('center_axis',(0.,0.,-1.));
#1655=DIRECTION('ref_axis',(-1.,0.,0.));
#1656=DIRECTION('center_axis',(0.,0.,-1.));
#1657=DIRECTION('ref_axis',(-1.,0.,0.));
#1658=DIRECTION('center_axis',(-0.447213595499959,0.894427190999915,0.));
#1659=DIRECTION('ref_axis',(-0.894427190999915,-0.447213595499959,0.));
#1660=DIRECTION('',(-0.894427190999915,-0.44721359549996,0.));
#1661=DIRECTION('',(0.,0.,-1.));
#1662=DIRECTION('',(-0.894427190999915,-0.447213595499959,7.85046229341887E-17));
#1663=DIRECTION('center_axis',(0.,0.,-1.));
#1664=DIRECTION('ref_axis',(-1.,0.,0.));
#1665=DIRECTION('center_axis',(0.,0.,1.));
#1666=DIRECTION('ref_axis',(-1.,0.,0.));
#1667=DIRECTION('center_axis',(0.316227766016838,-0.632455532033675,-0.707106781186548));
#1668=DIRECTION('ref_axis',(-0.316227766016839,0.632455532033675,-0.707106781186547));
#1669=DIRECTION('center_axis',(-7.13678390310807E-16,-0.707106781186548,
-0.707106781186547));
#1670=DIRECTION('ref_axis',(8.20332962935542E-16,0.707106781186547,-0.707106781186548));
#1671=DIRECTION('center_axis',(0.,0.,1.));
#1672=DIRECTION('ref_axis',(-1.,0.,0.));
#1673=DIRECTION('center_axis',(2.96059473233376E-15,-1.,0.));
#1674=DIRECTION('ref_axis',(-1.,-2.96059473233376E-15,0.));
#1675=DIRECTION('',(1.,2.96059473233376E-15,0.));
#1676=DIRECTION('',(0.707106781186547,2.09345661157837E-15,0.707106781186548));
#1677=DIRECTION('',(0.,0.,1.));
#1678=DIRECTION('',(1.,2.96059473233376E-15,0.));
#1679=DIRECTION('center_axis',(-1.,-3.06161699786838E-16,0.));
#1680=DIRECTION('ref_axis',(3.06161699786838E-16,-1.,0.));
#1681=DIRECTION('',(3.06161699786838E-16,-1.,3.4863055968421E-32));
#1682=DIRECTION('',(0.,0.,-1.));
#1683=DIRECTION('',(2.15649396674605E-16,-1.,0.));
#1684=DIRECTION('center_axis',(-0.707106781186548,-2.16489014058873E-16,
0.707106781186547));
#1685=DIRECTION('ref_axis',(0.707106781186547,0.,0.707106781186548));
#1686=DIRECTION('',(-3.06161699786838E-16,1.,0.));
#1687=DIRECTION('',(0.707106781186547,-7.10524238486841E-34,0.707106781186548));
#1688=DIRECTION('center_axis',(-1.,0.,0.));
#1689=DIRECTION('ref_axis',(0.,1.,0.));
#1690=DIRECTION('',(0.,1.,0.));
#1691=DIRECTION('',(0.,-1.,0.));
#1692=DIRECTION('',(0.,-0.74535599249993,0.666666666666667));
#1693=DIRECTION('',(0.,0.,1.));
#1694=DIRECTION('',(0.,-1.,0.));
#1695=DIRECTION('center_axis',(0.,0.,-1.));
#1696=DIRECTION('ref_axis',(-1.,0.,0.));
#1697=DIRECTION('center_axis',(0.447213595499958,0.894427190999916,0.));
#1698=DIRECTION('ref_axis',(-0.894427190999916,0.447213595499958,0.));
#1699=DIRECTION('',(-0.894427190999916,0.447213595499957,0.));
#1700=DIRECTION('',(-0.894427190999916,0.447213595499958,0.));
#1701=DIRECTION('',(0.,0.,-1.));
#1702=DIRECTION('center_axis',(0.316227766016838,0.632455532033676,0.707106781186547));
#1703=DIRECTION('ref_axis',(0.912870929175277,0.,-0.408248290463863));
#1704=DIRECTION('',(0.894427190999916,-0.447213595499958,0.));
#1705=DIRECTION('center_axis',(-0.316227766016838,-0.632455532033676,-0.707106781186547));
#1706=DIRECTION('ref_axis',(0.316227766016837,0.632455532033676,-0.707106781186548));
#1707=DIRECTION('',(0.16464716006392,0.697456562333055,-0.697456562333055));
#1708=DIRECTION('center_axis',(8.34291683880838E-16,1.,0.));
#1709=DIRECTION('ref_axis',(1.,-8.34291683880838E-16,0.));
#1710=DIRECTION('',(-1.,8.34291683880838E-16,0.));
#1711=DIRECTION('',(0.,0.,-1.));
#1712=DIRECTION('',(1.,-8.34291683880838E-16,0.));
#1713=DIRECTION('',(0.,0.,-1.));
#1714=DIRECTION('center_axis',(-0.447213595499959,0.894427190999915,0.));
#1715=DIRECTION('ref_axis',(0.894427190999915,0.447213595499959,0.));
#1716=DIRECTION('',(-0.894427190999915,-0.447213595499959,0.));
#1717=DIRECTION('',(0.894427190999915,0.447213595499959,0.));
#1718=DIRECTION('',(0.,0.,-1.));
#1719=DIRECTION('center_axis',(-1.,1.86087955557583E-16,0.));
#1720=DIRECTION('ref_axis',(1.86087955557583E-16,1.,0.));
#1721=DIRECTION('',(-1.86087955557583E-16,-1.,0.));
#1722=DIRECTION('',(1.86087955557583E-16,1.,0.));
#1723=DIRECTION('',(0.,0.,-1.));
#1724=DIRECTION('center_axis',(0.,-1.,0.));
#1725=DIRECTION('ref_axis',(-1.,0.,0.));
#1726=DIRECTION('',(1.,0.,0.));
#1727=DIRECTION('',(-1.,0.,0.));
#1728=DIRECTION('',(0.,0.,-1.));
#1729=DIRECTION('center_axis',(1.,0.,0.));
#1730=DIRECTION('ref_axis',(0.,-1.,0.));
#1731=DIRECTION('',(0.,1.,0.));
#1732=DIRECTION('',(0.,-1.,0.));
#1733=DIRECTION('',(0.,0.,-1.));
#1734=DIRECTION('center_axis',(0.447213595499958,0.894427190999916,0.));
#1735=DIRECTION('ref_axis',(0.894427190999916,-0.447213595499958,0.));
#1736=DIRECTION('',(-0.894427190999916,0.447213595499958,0.));
#1737=DIRECTION('',(0.894427190999916,-0.447213595499958,0.));
#1738=DIRECTION('center_axis',(0.,0.,-1.));
#1739=DIRECTION('ref_axis',(-1.,0.,0.));
#1740=DIRECTION('',(-1.,-1.28272577662897E-15,0.));
#1741=DIRECTION('',(1.,8.16340459283203E-17,0.));
#1742=DIRECTION('',(0.,1.,0.));
#1743=DIRECTION('center_axis',(1.,0.,0.));
#1744=DIRECTION('ref_axis',(0.,-1.,0.));
#1745=DIRECTION('',(0.,-1.,0.));
#1746=DIRECTION('',(0.,0.,-1.));
#1747=DIRECTION('',(0.,-1.,0.));
#1748=DIRECTION('',(0.,0.,-1.));
#1749=DIRECTION('center_axis',(6.7628263999356E-16,1.,0.));
#1750=DIRECTION('ref_axis',(1.,-6.7628263999356E-16,0.));
#1751=DIRECTION('',(1.,-6.7628263999356E-16,0.));
#1752=DIRECTION('',(0.,0.,-1.));
#1753=DIRECTION('',(1.,-6.7628263999356E-16,0.));
#1754=DIRECTION('center_axis',(1.,-1.51052145156973E-15,0.));
#1755=DIRECTION('ref_axis',(-1.51052145156973E-15,-1.,0.));
#1756=DIRECTION('',(-1.51052145156973E-15,-1.,0.));
#1757=DIRECTION('',(0.,0.,-1.));
#1758=DIRECTION('',(-1.51052145156973E-15,-1.,0.));
#1759=DIRECTION('center_axis',(0.,1.,0.));
#1760=DIRECTION('ref_axis',(1.,0.,0.));
#1761=DIRECTION('',(1.,0.,0.));
#1762=DIRECTION('',(0.,0.,-1.));
#1763=DIRECTION('',(1.,0.,0.));
#1764=DIRECTION('center_axis',(-1.,1.33226762955019E-15,0.));
#1765=DIRECTION('ref_axis',(1.33226762955019E-15,1.,0.));
#1766=DIRECTION('',(1.33226762955019E-15,1.,0.));
#1767=DIRECTION('',(0.,0.,-1.));
#1768=DIRECTION('',(1.33226762955019E-15,1.,0.));
#1769=DIRECTION('center_axis',(-7.10736589772279E-16,-1.,0.));
#1770=DIRECTION('ref_axis',(-1.,7.10736589772279E-16,0.));
#1771=DIRECTION('',(-1.,7.10736589772279E-16,0.));
#1772=DIRECTION('',(-1.,7.10736589772279E-16,0.));
#1773=DIRECTION('center_axis',(0.,0.,-1.));
#1774=DIRECTION('ref_axis',(-1.,0.,0.));
#1775=DIRECTION('center_axis',(1.,-1.41324483363462E-15,0.));
#1776=DIRECTION('ref_axis',(-1.41324483363462E-15,-1.,0.));
#1777=DIRECTION('',(-1.41324483363462E-15,-1.,0.));
#1778=DIRECTION('',(0.,0.,-1.));
#1779=DIRECTION('',(-1.41324483363462E-15,-1.,0.));
#1780=DIRECTION('',(0.,0.,-1.));
#1781=DIRECTION('center_axis',(-6.40782204544775E-16,-1.,0.));
#1782=DIRECTION('ref_axis',(-1.,6.40782204544775E-16,0.));
#1783=DIRECTION('',(-1.,6.40782204544775E-16,0.));
#1784=DIRECTION('',(0.,0.,-1.));
#1785=DIRECTION('',(-1.,6.40782204544775E-16,0.));
#1786=DIRECTION('center_axis',(-1.,1.41324483363462E-15,0.));
#1787=DIRECTION('ref_axis',(1.41324483363462E-15,1.,0.));
#1788=DIRECTION('',(1.41324483363462E-15,1.,0.));
#1789=DIRECTION('',(0.,0.,-1.));
#1790=DIRECTION('',(1.41324483363462E-15,1.,0.));
#1791=DIRECTION('center_axis',(-8.38962456250541E-16,-1.,0.));
#1792=DIRECTION('ref_axis',(-1.,8.38962456250541E-16,0.));
#1793=DIRECTION('',(-1.,8.38962456250541E-16,0.));
#1794=DIRECTION('',(0.,0.,-1.));
#1795=DIRECTION('',(-1.,8.38962456250541E-16,0.));
#1796=DIRECTION('center_axis',(1.,-1.33226762955019E-15,0.));
#1797=DIRECTION('ref_axis',(-1.33226762955019E-15,-1.,0.));
#1798=DIRECTION('',(-1.33226762955019E-15,-1.,0.));
#1799=DIRECTION('',(0.,0.,-1.));
#1800=DIRECTION('',(-1.33226762955019E-15,-1.,0.));
#1801=DIRECTION('center_axis',(0.,1.,0.));
#1802=DIRECTION('ref_axis',(1.,0.,0.));
#1803=DIRECTION('',(1.,0.,0.));
#1804=DIRECTION('',(0.,0.,-1.));
#1805=DIRECTION('',(1.,0.,0.));
#1806=DIRECTION('center_axis',(-1.,1.62217971674025E-15,0.));
#1807=DIRECTION('ref_axis',(1.62217971674025E-15,1.,0.));
#1808=DIRECTION('',(1.62217971674025E-15,1.,0.));
#1809=DIRECTION('',(0.,0.,-1.));
#1810=DIRECTION('',(1.62217971674025E-15,1.,0.));
#1811=DIRECTION('center_axis',(8.54376272726367E-16,1.,0.));
#1812=DIRECTION('ref_axis',(1.,-8.54376272726367E-16,0.));
#1813=DIRECTION('',(1.,-8.54376272726367E-16,0.));
#1814=DIRECTION('',(0.,0.,-1.));
#1815=DIRECTION('',(1.,-8.54376272726367E-16,0.));
#1816=DIRECTION('center_axis',(1.,-1.62217971674025E-15,0.));
#1817=DIRECTION('ref_axis',(-1.62217971674025E-15,-1.,0.));
#1818=DIRECTION('',(-1.62217971674025E-15,-1.,0.));
#1819=DIRECTION('',(0.,0.,-1.));
#1820=DIRECTION('',(-1.62217971674025E-15,-1.,0.));
#1821=DIRECTION('center_axis',(0.,1.,0.));
#1822=DIRECTION('ref_axis',(1.,0.,0.));
#1823=DIRECTION('',(1.,0.,0.));
#1824=DIRECTION('',(0.,0.,-1.));
#1825=DIRECTION('',(1.,0.,0.));
#1826=DIRECTION('center_axis',(-1.,1.55431223447522E-15,0.));
#1827=DIRECTION('ref_axis',(1.55431223447522E-15,1.,0.));
#1828=DIRECTION('',(1.55431223447522E-15,1.,0.));
#1829=DIRECTION('',(0.,0.,-1.));
#1830=DIRECTION('',(1.55431223447522E-15,1.,0.));
#1831=DIRECTION('center_axis',(-8.38962409015433E-16,-1.,0.));
#1832=DIRECTION('ref_axis',(-1.,8.38962409015433E-16,0.));
#1833=DIRECTION('',(-1.,8.38962409015433E-16,0.));
#1834=DIRECTION('',(-1.,8.38962409015433E-16,0.));
#1835=DIRECTION('center_axis',(0.,0.,-1.));
#1836=DIRECTION('ref_axis',(-1.,0.,0.));
#1837=DIRECTION('center_axis',(1.00929365875014E-15,1.,0.));
#1838=DIRECTION('ref_axis',(-1.,1.00929365875014E-15,0.));
#1839=DIRECTION('',(-1.,1.00929365875014E-15,0.));
#1840=DIRECTION('center_axis',(0.,0.,-1.));
#1841=DIRECTION('ref_axis',(1.,1.22464679914735E-16,0.));
#1842=DIRECTION('center_axis',(0.,0.,1.));
#1843=DIRECTION('ref_axis',(-1.,0.,0.));
#1844=DIRECTION('center_axis',(-7.13678390310807E-16,-0.707106781186548,
-0.707106781186547));
#1845=DIRECTION('ref_axis',(5.46888641957028E-16,0.707106781186547,-0.707106781186548));
#1846=DIRECTION('center_axis',(0.,0.,1.));
#1847=DIRECTION('ref_axis',(-1.,0.,0.));
#1848=DIRECTION('center_axis',(0.,0.,1.));
#1849=DIRECTION('ref_axis',(1.,0.,0.));
#1850=DIRECTION('',(0.894427190999915,0.447213595499959,0.));
#1851=DIRECTION('',(0.,-1.,0.));
#1852=DIRECTION('',(1.,-1.00483301446291E-33,0.));
#1853=DIRECTION('center_axis',(-0.316227766016838,0.632455532033675,0.707106781186548));
#1854=DIRECTION('ref_axis',(0.912870929175277,0.,0.408248290463864));
#1855=DIRECTION('',(-0.164647160063921,0.697456562333055,-0.697456562333055));
#1856=DIRECTION('center_axis',(7.13678390310807E-16,0.707106781186548,0.707106781186547));
#1857=DIRECTION('ref_axis',(1.,0.,-1.00929365875014E-15));
#1858=DIRECTION('',(1.,-1.00929365875014E-15,0.));
#1859=DIRECTION('center_axis',(0.707106781186547,0.,0.707106781186548));
#1860=DIRECTION('ref_axis',(0.707106781186548,0.,-0.707106781186547));
#1861=DIRECTION('',(0.,1.,0.));
#1862=DIRECTION('',(0.707106781186548,-7.10524238486841E-34,-0.707106781186547));
#1863=DIRECTION('center_axis',(0.,0.,1.));
#1864=DIRECTION('ref_axis',(1.,0.,0.));
#1865=DIRECTION('center_axis',(1.,0.,0.));
#1866=DIRECTION('ref_axis',(0.,1.,0.));
#1867=DIRECTION('',(0.,0.,-1.));
#1868=DIRECTION('center_axis',(-1.00483301446291E-33,-1.,0.));
#1869=DIRECTION('ref_axis',(1.,-1.00483301446291E-33,0.));
#1870=DIRECTION('center_axis',(-0.707106781186548,-2.16489014058873E-16,
0.707106781186547));
#1871=DIRECTION('ref_axis',(0.707106781186547,0.,0.707106781186548));
#1872=DIRECTION('',(3.06161699786838E-16,-1.,0.));
#1873=DIRECTION('',(0.707106781186547,-7.10524238486841E-34,0.707106781186548));
#1874=DIRECTION('',(-3.06161699786838E-16,1.,0.));
#1875=DIRECTION('',(-0.647936163294298,0.400446571456079,-0.647936163294298));
#1876=DIRECTION('center_axis',(-0.316227766016838,0.632455532033675,0.707106781186548));
#1877=DIRECTION('ref_axis',(0.912870929175277,0.,0.408248290463864));
#1878=DIRECTION('',(-0.894427190999915,-0.447213595499959,0.));
#1879=DIRECTION('',(0.894427190999915,0.447213595499959,0.));
#1880=DIRECTION('',(-0.164647160063921,0.697456562333055,-0.697456562333055));
#1881=DIRECTION('center_axis',(7.13678390310807E-16,0.707106781186548,0.707106781186547));
#1882=DIRECTION('ref_axis',(1.,0.,-1.00929365875014E-15));
#1883=DIRECTION('',(-1.,1.00929365875014E-15,0.));
#1884=DIRECTION('',(1.,-1.00929365875014E-15,0.));
#1885=DIRECTION('',(0.16464716006392,0.697456562333055,-0.697456562333055));
#1886=DIRECTION('center_axis',(0.316227766016838,0.632455532033676,0.707106781186547));
#1887=DIRECTION('ref_axis',(0.912870929175277,0.,-0.408248290463863));
#1888=DIRECTION('',(-0.894427190999916,0.447213595499958,0.));
#1889=DIRECTION('',(0.894427190999916,-0.447213595499958,0.));
#1890=DIRECTION('',(0.647936163294299,0.400446571456078,-0.647936163294298));
#1891=DIRECTION('center_axis',(0.707106781186547,0.,0.707106781186548));
#1892=DIRECTION('ref_axis',(0.707106781186548,0.,-0.707106781186547));
#1893=DIRECTION('',(0.,-1.,0.));
#1894=DIRECTION('',(0.707106781186548,-7.10524238486841E-34,-0.707106781186547));
#1895=DIRECTION('',(0.,1.,0.));
#1896=DIRECTION('center_axis',(0.,0.,1.));
#1897=DIRECTION('ref_axis',(1.,0.,0.));
#1898=DIRECTION('',(1.,-1.00483301446291E-33,0.));
#1899=DIRECTION('center_axis',(0.,0.,-1.));
#1900=DIRECTION('ref_axis',(-1.,0.,0.));
#1901=DIRECTION('center_axis',(0.,0.,-1.));
#1902=DIRECTION('ref_axis',(-1.,0.,0.));
#1903=DIRECTION('center_axis',(0.,0.,-1.));
#1904=DIRECTION('ref_axis',(-1.,0.,0.));
#1905=DIRECTION('',(0.0697564737441253,-8.54270422905494E-18,-0.997564050259824));
#1906=DIRECTION('center_axis',(0.,0.,-1.));
#1907=DIRECTION('ref_axis',(-1.,0.,0.));
#1908=DIRECTION('',(0.0697564737441253,-8.54270422905495E-18,-0.997564050259824));
#1909=DIRECTION('center_axis',(-0.447213595499959,0.894427190999915,0.));
#1910=DIRECTION('ref_axis',(-0.894427190999915,-0.447213595499959,0.));
#1911=DIRECTION('',(0.,0.,1.));
#1912=DIRECTION('',(-0.894427190999915,-0.447213595499959,0.));
#1913=DIRECTION('',(0.,0.,1.));
#1914=DIRECTION('center_axis',(1.00929365875014E-15,1.,0.));
#1915=DIRECTION('ref_axis',(-1.,1.00929365875014E-15,0.));
#1916=DIRECTION('',(0.,0.,1.));
#1917=DIRECTION('',(-1.,1.00929365875014E-15,0.));
#1918=DIRECTION('center_axis',(0.447213595499958,0.894427190999916,0.));
#1919=DIRECTION('ref_axis',(-0.894427190999916,0.447213595499958,0.));
#1920=DIRECTION('',(0.,0.,1.));
#1921=DIRECTION('',(-0.894427190999916,0.447213595499958,0.));
#1922=DIRECTION('center_axis',(1.,0.,0.));
#1923=DIRECTION('ref_axis',(0.,1.,0.));
#1924=DIRECTION('',(0.,0.,1.));
#1925=DIRECTION('',(0.,1.,0.));
#1926=DIRECTION('center_axis',(-1.00483301446291E-33,-1.,0.));
#1927=DIRECTION('ref_axis',(1.,-1.00483301446291E-33,0.));
#1928=DIRECTION('',(0.,0.,1.));
#1929=DIRECTION('',(1.,-1.00483301446291E-33,0.));
#1930=DIRECTION('center_axis',(-1.,-3.06161699786838E-16,0.));
#1931=DIRECTION('ref_axis',(3.06161699786838E-16,-1.,0.));
#1932=DIRECTION('',(3.06161699786838E-16,-1.,0.));
#1933=DIRECTION('center_axis',(0.,0.,1.));
#1934=DIRECTION('ref_axis',(1.,0.,0.));
#1935=CARTESIAN_POINT('',(0.,0.,0.));
#1936=CARTESIAN_POINT('Origin',(0.899999999999998,6.19655581462511,-2.75));
#1937=CARTESIAN_POINT('',(1.44999999999999,11.5038507163127,-2.5));
#1938=CARTESIAN_POINT('',(0.899999999999991,11.2288507163127,-2.75));
#1939=CARTESIAN_POINT('',(0.0762834282210077,10.8169924304232,-3.1244166235359));
#1940=CARTESIAN_POINT('',(0.899999999999998,6.19655581462511,-2.75));
#1941=CARTESIAN_POINT('',(0.899999999999998,6.19655581462511,-2.75));
#1942=CARTESIAN_POINT('',(1.45,6.19655581462511,-2.5));
#1943=CARTESIAN_POINT('',(0.899999999999998,6.19655581462511,-2.75));
#1944=CARTESIAN_POINT('',(1.44999999999997,8.85020326546888,-2.50000000000001));
#1945=CARTESIAN_POINT('Origin',(0.899999999999998,6.19655581462511,-3.2));
#1946=CARTESIAN_POINT('',(0.899999999999991,11.2288507163127,-3.2));
#1947=CARTESIAN_POINT('',(0.899999999999991,11.2288507163127,-3.225));
#1948=CARTESIAN_POINT('',(0.899999999999998,6.19655581462511,-3.2));
#1949=CARTESIAN_POINT('',(0.899999999999998,6.19655581462511,-3.2));
#1950=CARTESIAN_POINT('',(0.899999999999998,6.19655581462511,-2.75));
#1951=CARTESIAN_POINT('Origin',(1.45,6.19655581462511,-4.));
#1952=CARTESIAN_POINT('',(1.45,11.5038507163127,-4.));
#1953=CARTESIAN_POINT('',(0.842651821298837,11.2001766269621,-3.11658446734378));
#1954=CARTESIAN_POINT('',(1.44999999999998,6.1965558146251,-4.));
#1955=CARTESIAN_POINT('',(1.44999999999997,10.3877032654689,-4.));
#1956=CARTESIAN_POINT('',(1.45,6.19655581462511,-4.));
#1957=CARTESIAN_POINT('Origin',(1.44999999999996,11.5038507163127,-0.45));
#1958=CARTESIAN_POINT('',(1.44999999999998,6.1965558146251,-0.45));
#1959=CARTESIAN_POINT('',(1.44999999999998,6.1965558146251,-0.225));
#1960=CARTESIAN_POINT('',(1.45,11.5038507163127,-0.45));
#1961=CARTESIAN_POINT('',(1.44999999999998,6.1965558146251,-0.45));
#1962=CARTESIAN_POINT('',(1.45,11.5038507163127,-0.45));
#1963=CARTESIAN_POINT('Origin',(22.1,6.19655581462514,-2.75));
#1964=CARTESIAN_POINT('',(22.1,11.2288507163127,-3.2));
#1965=CARTESIAN_POINT('',(22.1,11.2288507163127,-2.75));
#1966=CARTESIAN_POINT('',(22.1,11.2288507163127,-3.));
#1967=CARTESIAN_POINT('',(22.1,6.19655581462514,-2.75));
#1968=CARTESIAN_POINT('',(22.1,6.19655581462514,-2.75));
#1969=CARTESIAN_POINT('',(22.1,6.19655581462514,-3.2));
#1970=CARTESIAN_POINT('',(22.1,6.19655581462514,-2.75));
#1971=CARTESIAN_POINT('',(22.1,6.19655581462514,-3.2));
#1972=CARTESIAN_POINT('Origin',(21.55,6.19655581462514,-2.5));
#1973=CARTESIAN_POINT('',(21.55,11.5038507163127,-2.5));
#1974=CARTESIAN_POINT('',(22.6959151533393,10.930893139643,-3.02087052424512));
#1975=CARTESIAN_POINT('',(21.55,6.19655581462514,-2.5));
#1976=CARTESIAN_POINT('',(21.55,3.82327790731257,-2.5));
#1977=CARTESIAN_POINT('',(22.1,6.19655581462514,-2.75));
#1978=CARTESIAN_POINT('Origin',(22.1,6.19655581462514,-3.2));
#1979=CARTESIAN_POINT('',(21.55,11.5038507163127,-4.));
#1980=CARTESIAN_POINT('',(22.4119215365894,11.0728899480179,-2.746295946779));
#1981=CARTESIAN_POINT('',(21.55,6.19655581462514,-4.));
#1982=CARTESIAN_POINT('',(21.55,6.19655581462514,-4.));
#1983=CARTESIAN_POINT('',(21.55,5.36077790731257,-4.));
#1984=CARTESIAN_POINT('Origin',(6.34229856737473,13.95,-0.45));
#1985=CARTESIAN_POINT('',(2.79999999999996,12.1788507163126,-4.));
#1986=CARTESIAN_POINT('',(2.79999999999995,12.1788507163126,-0.45));
#1987=CARTESIAN_POINT('',(2.79999999999995,12.1788507163126,-0.225));
#1988=CARTESIAN_POINT('',(3.68969030334985,12.6236958679876,-4.));
#1989=CARTESIAN_POINT('',(2.86708203932495,12.2123917359751,-0.45));
#1990=CARTESIAN_POINT('Origin',(21.55,1.45,-0.45));
#1991=CARTESIAN_POINT('',(21.55,11.5038507163127,-0.45));
#1992=CARTESIAN_POINT('',(21.55,11.5038507163127,-0.45));
#1993=CARTESIAN_POINT('',(21.55,6.19655581462514,-0.45));
#1994=CARTESIAN_POINT('',(21.55,6.19655581462514,-0.45));
#1995=CARTESIAN_POINT('',(21.55,6.19655581462514,-0.225));
#1996=CARTESIAN_POINT('Origin',(21.55,11.5038507163127,-0.45));
#1997=CARTESIAN_POINT('',(20.2,12.1788507163127,-0.45));
#1998=CARTESIAN_POINT('',(20.2,12.1788507163127,-4.));
#1999=CARTESIAN_POINT('',(20.2,12.1788507163127,-0.225));
#2000=CARTESIAN_POINT('',(20.132917960675,12.2123917359751,-0.45));
#2001=CARTESIAN_POINT('',(21.7564589803375,11.4006212261439,-4.));
#2002=CARTESIAN_POINT('Origin',(2.04999999999997,9.2715558146251,-4.));
#2003=CARTESIAN_POINT('',(2.79999999999998,6.1965558146251,-4.));
#2004=CARTESIAN_POINT('',(2.79999999999995,12.3465558146251,-4.));
#2005=CARTESIAN_POINT('',(2.79999999999998,6.1965558146251,-4.));
#2006=CARTESIAN_POINT('Origin',(2.79999999999995,12.3465558146251,0.));
#2007=CARTESIAN_POINT('',(2.79999999999995,12.3465558146251,-0.45));
#2008=CARTESIAN_POINT('',(2.79999999999996,10.0232779073125,-0.45));
#2009=CARTESIAN_POINT('',(2.79999999999995,12.3465558146251,3.46152236891499));
#2010=CARTESIAN_POINT('',(2.79999999999995,12.3465558146251,0.));
#2011=CARTESIAN_POINT('',(2.79999999999996,10.9618957287656,4.7));
#2012=CARTESIAN_POINT('',(2.79999999999995,13.5157337305694,2.41577784977781));
#2013=CARTESIAN_POINT('',(2.79999999999998,6.1965558146251,4.7));
#2014=CARTESIAN_POINT('',(2.79999999999996,10.0232779073125,4.7));
#2015=CARTESIAN_POINT('',(2.79999999999998,6.1965558146251,0.));
#2016=CARTESIAN_POINT('Origin',(21.7,6.19655581462514,0.));
#2017=CARTESIAN_POINT('',(21.7,6.19655581462514,-0.45));
#2018=CARTESIAN_POINT('',(16.6,6.19655581462513,-0.45));
#2019=CARTESIAN_POINT('',(21.7,6.19655581462514,3.46152236891497));
#2020=CARTESIAN_POINT('',(21.7,6.19655581462514,0.));
#2021=CARTESIAN_POINT('',(20.461522368915,6.19655581462514,4.7));
#2022=CARTESIAN_POINT('',(22.2557611844575,6.19655581462514,2.90576118445749));
#2023=CARTESIAN_POINT('',(20.2,6.19655581462514,4.7));
#2024=CARTESIAN_POINT('',(16.6,6.19655581462513,4.7));
#2025=CARTESIAN_POINT('',(20.2,6.19655581462514,-4.));
#2026=CARTESIAN_POINT('',(20.2,6.19655581462514,0.));
#2027=CARTESIAN_POINT('',(20.2,6.19655581462514,-4.));
#2028=CARTESIAN_POINT('Origin',(11.5241489160148,9.8000000409782,1.05));
#2029=CARTESIAN_POINT('',(11.5,9.16924014197354,1.04999999999976));
#2030=CARTESIAN_POINT('',(14.8139412080666,14.1,1.05));
#2031=CARTESIAN_POINT('Origin',(14.25,10.9,1.05));
#2032=CARTESIAN_POINT('',(8.18605879193346,14.1,1.05));
#2033=CARTESIAN_POINT('Origin',(8.75,10.9,1.05));
#2034=CARTESIAN_POINT('',(9.31394120806655,14.1,1.05));
#2035=CARTESIAN_POINT('',(6.30688837074972,14.1,1.05));
#2036=CARTESIAN_POINT('',(11.5,12.6307598580265,1.04999999999976));
#2037=CARTESIAN_POINT('Origin',(8.75,10.9,1.05));
#2038=CARTESIAN_POINT('',(13.6860587919334,14.1,1.05));
#2039=CARTESIAN_POINT('Origin',(14.25,10.9,1.05));
#2040=CARTESIAN_POINT('',(6.30688837074972,14.1,1.05));
#2041=CARTESIAN_POINT('',(10.6961377191204,10.9,1.05));
#2042=CARTESIAN_POINT('Origin',(8.75,10.9,1.05));
#2043=CARTESIAN_POINT('',(16.1961377191204,10.9,1.05));
#2044=CARTESIAN_POINT('Origin',(14.25,10.9,1.05));
#2045=CARTESIAN_POINT('Origin',(6.58137767414995,14.2372446517001,0.));
#2046=CARTESIAN_POINT('',(6.30688837074972,14.1,-0.45));
#2047=CARTESIAN_POINT('',(1.3,11.5965558146251,-0.45));
#2048=CARTESIAN_POINT('',(6.30688837074973,14.1,3.46152236891498));
#2049=CARTESIAN_POINT('',(6.30688837074972,14.1,0.));
#2050=CARTESIAN_POINT('',(6.91137767414994,14.4022446517001,3.46152236891498));
#2051=CARTESIAN_POINT('Origin',(8.75,10.9,6.09068341586736));
#2052=CARTESIAN_POINT('Ctrl Pts',(8.18605879193345,14.1,1.05));
#2053=CARTESIAN_POINT('Ctrl Pts',(8.75,14.1,2.44969203948983));
#2054=CARTESIAN_POINT('Ctrl Pts',(9.31394120806655,14.1,1.05));
#2055=CARTESIAN_POINT('',(11.5,9.71593454884949,4.7));
#2056=CARTESIAN_POINT('Ctrl Pts',(11.5,9.71593454884949,4.7));
#2057=CARTESIAN_POINT('Ctrl Pts',(11.5,9.6175052560117,4.1433361183348));
#2058=CARTESIAN_POINT('Ctrl Pts',(11.5,9.52746124853883,3.57775026936019));
#2059=CARTESIAN_POINT('Ctrl Pts',(11.5,9.34583535371193,2.36075019540089));
#2060=CARTESIAN_POINT('Ctrl Pts',(11.5,9.25560196382064,1.70784479277124));
#2061=CARTESIAN_POINT('Ctrl Pts',(11.5,9.16924014197354,1.04999999999952));
#2062=CARTESIAN_POINT('',(6.40871697864808,12.7662542180897,4.7));
#2063=CARTESIAN_POINT('Origin',(8.75,10.9,4.7));
#2064=CARTESIAN_POINT('',(6.57421374310702,12.9675915505841,4.59393081833087));
#2065=CARTESIAN_POINT('Origin',(8.6618774671179,11.0762450657642,7.21923414216564));
#2066=CARTESIAN_POINT('',(11.0120656464511,12.861522368915,4.7));
#2067=CARTESIAN_POINT('Origin',(8.75,11.1007567019484,6.46076566696664));
#2068=CARTESIAN_POINT('',(11.5,12.0840654511505,4.7));
#2069=CARTESIAN_POINT('Origin',(8.75,10.9,4.7));
#2070=CARTESIAN_POINT('Ctrl Pts',(11.5,12.6307598580265,1.04999999999952));
#2071=CARTESIAN_POINT('Ctrl Pts',(11.5,12.5443980361794,1.70784479277125));
#2072=CARTESIAN_POINT('Ctrl Pts',(11.5,12.4541646462881,2.3607501954009));
#2073=CARTESIAN_POINT('Ctrl Pts',(11.5,12.2725387514612,3.5777502693602));
#2074=CARTESIAN_POINT('Ctrl Pts',(11.5,12.1824947439883,4.1433361183348));
#2075=CARTESIAN_POINT('Ctrl Pts',(11.5,12.0840654511505,4.7));
#2076=CARTESIAN_POINT('Origin',(2.79999999999998,6.1965558146251,0.));
#2077=CARTESIAN_POINT('',(2.53847763108502,6.1965558146251,4.7));
#2078=CARTESIAN_POINT('',(7.14999999999999,6.19655581462511,4.7));
#2079=CARTESIAN_POINT('',(1.29999999999998,6.1965558146251,3.46152236891496));
#2080=CARTESIAN_POINT('',(1.11923881554251,6.1965558146251,3.28076118445749));
#2081=CARTESIAN_POINT('',(1.29999999999998,6.1965558146251,-0.45));
#2082=CARTESIAN_POINT('',(1.3,6.1965558146251,0.));
#2083=CARTESIAN_POINT('',(7.14999999999999,6.19655581462511,-0.45));
#2084=CARTESIAN_POINT('Origin',(1.3,12.4,0.));
#2085=CARTESIAN_POINT('',(1.3,1.3,3.46152236891498));
#2086=CARTESIAN_POINT('',(1.3,11.225,3.46152236891498));
#2087=CARTESIAN_POINT('',(1.3,1.3,-0.45));
#2088=CARTESIAN_POINT('',(1.3,1.3,0.));
#2089=CARTESIAN_POINT('',(1.3,1.3,-0.45));
#2090=CARTESIAN_POINT('Origin',(1.91923881554251,10.05,4.08076118445749));
#2091=CARTESIAN_POINT('',(2.53847763108502,1.3,4.7));
#2092=CARTESIAN_POINT('',(2.53847763108502,8.875,4.7));
#2093=CARTESIAN_POINT('',(0.419238815542511,1.3,2.58076118445749));
#2094=CARTESIAN_POINT('Origin',(20.2,6.19655581462514,0.));
#2095=CARTESIAN_POINT('',(20.2,12.3465558146251,-4.));
#2096=CARTESIAN_POINT('',(20.2,10.9618957287656,4.7));
#2097=CARTESIAN_POINT('',(20.2,6.94827790731257,4.7));
#2098=CARTESIAN_POINT('',(20.2,12.3465558146251,3.46152236891498));
#2099=CARTESIAN_POINT('',(20.2,11.3907337305694,4.31643563065263));
#2100=CARTESIAN_POINT('',(20.2,12.3465558146251,-0.45));
#2101=CARTESIAN_POINT('',(20.2,12.3465558146251,0.));
#2102=CARTESIAN_POINT('',(20.2,6.94827790731257,-0.45));
#2103=CARTESIAN_POINT('Origin',(20.95,9.27155581462514,-4.));
#2104=CARTESIAN_POINT('Origin',(22.4186223258501,11.2372446517001,0.));
#2105=CARTESIAN_POINT('',(16.6931116292502,14.1,-0.45));
#2106=CARTESIAN_POINT('',(16.6931116292502,14.1,-0.45));
#2107=CARTESIAN_POINT('',(16.6931116292503,14.1,3.46152236891498));
#2108=CARTESIAN_POINT('',(20.5886223258501,12.1522446517001,3.46152236891498));
#2109=CARTESIAN_POINT('',(16.6931116292503,14.1,0.));
#2110=CARTESIAN_POINT('Origin',(18.4816903086782,12.5133806173563,4.08076118445749));
#2111=CARTESIAN_POINT('',(16.5912830213519,12.7662542180897,4.7));
#2112=CARTESIAN_POINT('',(16.3747582915062,12.8745165830125,4.7));
#2113=CARTESIAN_POINT('',(16.425786256893,12.9675915505841,4.59393081833087));
#2114=CARTESIAN_POINT('Origin',(14.3381225328821,11.0762450657642,7.21923414216563));
#2115=CARTESIAN_POINT('',(16.4864760171976,13.2246775007727,4.33684486814232));
#2116=CARTESIAN_POINT('Origin',(6.17705098312484,14.65,0.));
#2117=CARTESIAN_POINT('',(16.8229490168751,14.65,0.));
#2118=CARTESIAN_POINT('',(6.17705098312484,14.65,0.));
#2119=CARTESIAN_POINT('',(8.83852549156242,14.65,0.));
#2120=CARTESIAN_POINT('',(16.8229490168751,14.65,-0.45));
#2121=CARTESIAN_POINT('',(16.8229490168751,14.65,0.));
#2122=CARTESIAN_POINT('',(6.17705098312484,14.65,-0.45));
#2123=CARTESIAN_POINT('',(6.17705098312484,14.65,-0.45));
#2124=CARTESIAN_POINT('',(6.17705098312484,14.65,0.));
#2125=CARTESIAN_POINT('Origin',(0.750000000000001,11.9364745084376,0.));
#2126=CARTESIAN_POINT('',(0.750000000000001,11.9364745084376,0.));
#2127=CARTESIAN_POINT('',(4.20270509831248,13.6628270575938,0.));
#2128=CARTESIAN_POINT('',(0.750000000000002,11.9364745084376,-0.45));
#2129=CARTESIAN_POINT('',(0.750000000000001,11.9364745084376,-0.45));
#2130=CARTESIAN_POINT('',(0.750000000000001,11.9364745084376,0.));
#2131=CARTESIAN_POINT('Origin',(0.749999999999999,0.75,0.));
#2132=CARTESIAN_POINT('',(0.749999999999999,0.75,0.));
#2133=CARTESIAN_POINT('',(0.750000000000001,4.225,0.));
#2134=CARTESIAN_POINT('',(0.75,0.75,-0.45));
#2135=CARTESIAN_POINT('',(0.749999999999999,0.75,-0.45));
#2136=CARTESIAN_POINT('',(0.749999999999999,0.75,0.));
#2137=CARTESIAN_POINT('Origin',(22.25,0.75,0.));
#2138=CARTESIAN_POINT('',(22.25,0.75,0.));
#2139=CARTESIAN_POINT('',(16.875,0.750000000000001,0.));
#2140=CARTESIAN_POINT('',(22.25,0.75,-0.45));
#2141=CARTESIAN_POINT('',(22.25,0.75,-0.45));
#2142=CARTESIAN_POINT('',(22.25,0.75,0.));
#2143=CARTESIAN_POINT('Origin',(22.25,11.9364745084376,0.));
#2144=CARTESIAN_POINT('',(22.25,11.9364745084376,0.));
#2145=CARTESIAN_POINT('',(22.25,9.81823725421879,0.));
#2146=CARTESIAN_POINT('',(22.25,11.9364745084376,-0.45));
#2147=CARTESIAN_POINT('',(22.25,11.9364745084376,-0.45));
#2148=CARTESIAN_POINT('',(22.25,11.9364745084376,0.));
#2149=CARTESIAN_POINT('Origin',(16.8229490168751,14.65,0.));
#2150=CARTESIAN_POINT('',(16.0837694101251,15.019589803375,0.));
#2151=CARTESIAN_POINT('',(16.8229490168751,14.65,-0.45));
#2152=CARTESIAN_POINT('Origin',(11.5,7.70000000000001,-0.45));
#2153=CARTESIAN_POINT('',(6.30688837074972,14.1,-0.45));
#2154=CARTESIAN_POINT('',(21.7,1.3,-0.45));
#2155=CARTESIAN_POINT('',(21.7,1.3,-0.45));
#2156=CARTESIAN_POINT('',(21.7,11.5965558146251,-0.45));
#2157=CARTESIAN_POINT('Origin',(16.5613919273019,2.89004068374638,6.));
#2158=CARTESIAN_POINT('',(16.5613919273019,2.89004068374638,6.));
#2159=CARTESIAN_POINT('',(16.5613919273019,2.30000000000005,6.));
#2160=CARTESIAN_POINT('',(16.5613919273019,5.2950203418732,6.));
#2161=CARTESIAN_POINT('',(16.5613919273019,2.89004068374638,5.8));
#2162=CARTESIAN_POINT('',(16.5613919273019,2.89004068374638,6.));
#2163=CARTESIAN_POINT('',(16.5613919273019,2.30000000000005,5.8));
#2164=CARTESIAN_POINT('',(16.5613919273019,2.89004068374638,5.8));
#2165=CARTESIAN_POINT('',(16.5613919273019,2.30000000000005,6.));
#2166=CARTESIAN_POINT('Origin',(14.0989088788629,2.89004068374639,6.));
#2167=CARTESIAN_POINT('',(14.0989088788629,2.89004068374639,6.));
#2168=CARTESIAN_POINT('',(12.7994544394314,2.89004068374639,6.));
#2169=CARTESIAN_POINT('',(14.0989088788629,2.89004068374639,5.8));
#2170=CARTESIAN_POINT('',(14.0989088788629,2.89004068374639,6.));
#2171=CARTESIAN_POINT('',(14.0989088788629,2.89004068374639,5.8));
#2172=CARTESIAN_POINT('Origin',(14.0989088788629,7.30000000000005,6.));
#2173=CARTESIAN_POINT('',(14.0989088788629,7.30000000000005,6.));
#2174=CARTESIAN_POINT('',(14.0989088788629,7.50000000000002,6.));
#2175=CARTESIAN_POINT('',(14.0989088788629,7.30000000000005,5.8));
#2176=CARTESIAN_POINT('',(14.0989088788629,7.30000000000005,6.));
#2177=CARTESIAN_POINT('',(14.0989088788629,7.30000000000005,5.8));
#2178=CARTESIAN_POINT('Origin',(13.4372442737222,7.30000000000005,6.));
#2179=CARTESIAN_POINT('',(13.4372442737222,7.30000000000005,6.));
#2180=CARTESIAN_POINT('',(12.4686221368611,7.30000000000005,6.));
#2181=CARTESIAN_POINT('',(13.4372442737222,7.30000000000005,5.8));
#2182=CARTESIAN_POINT('',(13.4372442737222,7.30000000000005,6.));
#2183=CARTESIAN_POINT('',(13.4372442737222,7.30000000000005,5.8));
#2184=CARTESIAN_POINT('Origin',(13.4372442737222,2.30000000000005,6.));
#2185=CARTESIAN_POINT('',(13.4372442737222,2.30000000000005,6.));
#2186=CARTESIAN_POINT('',(13.4372442737222,5.00000000000003,6.));
#2187=CARTESIAN_POINT('',(13.4372442737222,2.30000000000005,5.8));
#2188=CARTESIAN_POINT('',(13.4372442737222,2.30000000000005,6.));
#2189=CARTESIAN_POINT('',(13.4372442737222,2.30000000000005,5.8));
#2190=CARTESIAN_POINT('Origin',(16.5613919273019,2.30000000000005,6.));
#2191=CARTESIAN_POINT('',(14.0306959636509,2.30000000000005,6.));
#2192=CARTESIAN_POINT('',(16.5613919273019,2.30000000000005,5.8));
#2193=CARTESIAN_POINT('Origin',(11.530695963651,4.80000000000005,5.8));
#2194=CARTESIAN_POINT('Origin',(7.16166434437038,4.65675305128103,6.));
#2195=CARTESIAN_POINT('',(7.16166434437038,4.65675305128103,6.));
#2196=CARTESIAN_POINT('',(7.16166434437038,2.30000000000005,6.));
#2197=CARTESIAN_POINT('',(7.16166434437038,6.17837652564052,6.));
#2198=CARTESIAN_POINT('',(7.16166434437038,4.65675305128103,5.8));
#2199=CARTESIAN_POINT('',(7.16166434437038,4.65675305128103,6.));
#2200=CARTESIAN_POINT('',(7.16166434437038,2.30000000000005,5.8));
#2201=CARTESIAN_POINT('',(7.16166434437038,4.65675305128103,5.8));
#2202=CARTESIAN_POINT('',(7.16166434437038,2.30000000000005,6.));
#2203=CARTESIAN_POINT('Origin',(9.76057318598033,4.65675305128103,6.));
#2204=CARTESIAN_POINT('',(9.76057318598033,4.65675305128103,6.));
#2205=CARTESIAN_POINT('',(10.6302865929902,4.65675305128103,6.));
#2206=CARTESIAN_POINT('',(9.76057318598033,4.65675305128103,5.8));
#2207=CARTESIAN_POINT('',(9.76057318598033,4.65675305128103,6.));
#2208=CARTESIAN_POINT('',(9.76057318598033,4.65675305128103,5.8));
#2209=CARTESIAN_POINT('Origin',(9.76057318598033,2.30000000000005,6.));
#2210=CARTESIAN_POINT('',(9.76057318598033,2.30000000000005,6.));
#2211=CARTESIAN_POINT('',(9.76057318598033,5.00000000000003,6.));
#2212=CARTESIAN_POINT('',(9.76057318598033,2.30000000000005,5.8));
#2213=CARTESIAN_POINT('',(9.76057318598033,2.30000000000005,6.));
#2214=CARTESIAN_POINT('',(9.76057318598033,2.30000000000005,5.8));
#2215=CARTESIAN_POINT('Origin',(10.4222374930978,2.30000000000005,6.));
#2216=CARTESIAN_POINT('',(10.4222374930978,2.30000000000005,6.));
#2217=CARTESIAN_POINT('',(10.9611187465489,2.30000000000005,6.));
#2218=CARTESIAN_POINT('',(10.4222374930978,2.30000000000005,5.8));
#2219=CARTESIAN_POINT('',(10.4222374930978,2.30000000000005,6.));
#2220=CARTESIAN_POINT('',(10.4222374930978,2.30000000000005,5.8));
#2221=CARTESIAN_POINT('Origin',(10.4222374930978,7.30000000000005,6.));
#2222=CARTESIAN_POINT('',(10.4222374930978,7.30000000000005,6.));
#2223=CARTESIAN_POINT('',(10.4222374930978,7.50000000000003,6.));
#2224=CARTESIAN_POINT('',(10.4222374930978,7.30000000000005,5.8));
#2225=CARTESIAN_POINT('',(10.4222374930978,7.30000000000005,6.));
#2226=CARTESIAN_POINT('',(10.4222374930978,7.30000000000005,5.8));
#2227=CARTESIAN_POINT('Origin',(9.76057318598034,7.30000000000005,6.));
#2228=CARTESIAN_POINT('',(9.76057318598034,7.30000000000005,6.));
#2229=CARTESIAN_POINT('',(10.6302865929902,7.30000000000005,6.));
#2230=CARTESIAN_POINT('',(9.76057318598034,7.30000000000005,5.8));
#2231=CARTESIAN_POINT('',(9.76057318598034,7.30000000000005,6.));
#2232=CARTESIAN_POINT('',(9.76057318598034,7.30000000000005,5.8));
#2233=CARTESIAN_POINT('Origin',(9.76057318598033,5.24679403305059,6.));
#2234=CARTESIAN_POINT('',(9.76057318598033,5.24679403305059,6.));
#2235=CARTESIAN_POINT('',(9.76057318598034,6.4733970165253,6.));
#2236=CARTESIAN_POINT('',(9.76057318598033,5.24679403305059,5.8));
#2237=CARTESIAN_POINT('',(9.76057318598033,5.24679403305059,6.));
#2238=CARTESIAN_POINT('',(9.76057318598033,5.24679403305059,5.8));
#2239=CARTESIAN_POINT('Origin',(7.16166434437038,5.24679403305059,6.));
#2240=CARTESIAN_POINT('',(7.16166434437038,5.24679403305059,6.));
#2241=CARTESIAN_POINT('',(9.33083217218519,5.24679403305059,6.));
#2242=CARTESIAN_POINT('',(7.16166434437038,5.24679403305059,5.8));
#2243=CARTESIAN_POINT('',(7.16166434437038,5.24679403305059,6.));
#2244=CARTESIAN_POINT('',(7.16166434437038,5.24679403305059,5.8));
#2245=CARTESIAN_POINT('Origin',(7.16166434437038,7.30000000000005,6.));
#2246=CARTESIAN_POINT('',(7.16166434437038,7.30000000000005,6.));
#2247=CARTESIAN_POINT('',(7.16166434437038,7.50000000000003,6.));
#2248=CARTESIAN_POINT('',(7.16166434437038,7.30000000000005,5.8));
#2249=CARTESIAN_POINT('',(7.16166434437038,7.30000000000005,6.));
#2250=CARTESIAN_POINT('',(7.16166434437038,7.30000000000005,5.8));
#2251=CARTESIAN_POINT('Origin',(6.50000000000002,7.30000000000005,6.));
#2252=CARTESIAN_POINT('',(6.50000000000002,7.30000000000005,6.));
#2253=CARTESIAN_POINT('',(9.00000000000001,7.30000000000005,6.));
#2254=CARTESIAN_POINT('',(6.50000000000002,7.30000000000005,5.8));
#2255=CARTESIAN_POINT('',(6.50000000000002,7.30000000000005,6.));
#2256=CARTESIAN_POINT('',(6.50000000000002,7.30000000000005,5.8));
#2257=CARTESIAN_POINT('Origin',(6.50000000000001,2.30000000000005,6.));
#2258=CARTESIAN_POINT('',(6.50000000000001,2.30000000000005,6.));
#2259=CARTESIAN_POINT('',(6.50000000000002,5.00000000000003,6.));
#2260=CARTESIAN_POINT('',(6.50000000000001,2.30000000000005,5.8));
#2261=CARTESIAN_POINT('',(6.50000000000001,2.30000000000005,6.));
#2262=CARTESIAN_POINT('',(6.50000000000001,2.30000000000005,5.8));
#2263=CARTESIAN_POINT('Origin',(7.16166434437038,2.30000000000005,6.));
#2264=CARTESIAN_POINT('',(9.33083217218519,2.30000000000005,6.));
#2265=CARTESIAN_POINT('',(7.16166434437038,2.30000000000005,5.8));
#2266=CARTESIAN_POINT('Origin',(11.530695963651,4.80000000000005,5.8));
#2267=CARTESIAN_POINT('Origin',(17.,14.1,0.));
#2268=CARTESIAN_POINT('',(15.625,14.1,3.46152236891498));
#2269=CARTESIAN_POINT('Ctrl Pts',(13.6860587919334,14.1,1.05));
#2270=CARTESIAN_POINT('Ctrl Pts',(14.25,14.1,2.44969203948995));
#2271=CARTESIAN_POINT('Ctrl Pts',(14.8139412080666,14.1,1.05));
#2272=CARTESIAN_POINT('Origin',(14.25,10.9,6.09068341586736));
#2273=CARTESIAN_POINT('',(11.9879343535489,12.861522368915,4.7));
#2274=CARTESIAN_POINT('Origin',(14.25,10.9,4.7));
#2275=CARTESIAN_POINT('Origin',(14.25,11.1007567019484,6.46076566696663));
#2276=CARTESIAN_POINT('Origin',(14.25,10.9,4.7));
#2277=CARTESIAN_POINT('Origin',(11.5,7.70000000000001,4.7));
#2278=CARTESIAN_POINT('',(8.12524170849374,13.6245165830125,4.7));
#2279=CARTESIAN_POINT('',(20.461522368915,1.3,4.7));
#2280=CARTESIAN_POINT('',(20.461522368915,5.775,4.7));
#2281=CARTESIAN_POINT('',(5.75,1.3,4.7));
#2282=CARTESIAN_POINT('Origin',(7.51830969132184,14.0133806173563,4.08076118445749));
#2283=CARTESIAN_POINT('',(6.54261022220807,13.1014662134404,4.46005615547459));
#2284=CARTESIAN_POINT('Origin',(14.25,13.4807611844575,4.08076118445749));
#2285=CARTESIAN_POINT('',(12.875,12.861522368915,4.7));
#2286=CARTESIAN_POINT('Origin',(21.0807611844575,3.85,4.08076118445749));
#2287=CARTESIAN_POINT('',(21.7,1.3,3.46152236891497));
#2288=CARTESIAN_POINT('',(21.7,1.925,3.46152236891497));
#2289=CARTESIAN_POINT('',(16.8307611844575,1.3,8.33076118445749));
#2290=CARTESIAN_POINT('Origin',(11.5,7.70000000000001,4.7));
#2291=CARTESIAN_POINT('Origin',(21.7,-2.31111593326468E-32,0.));
#2292=CARTESIAN_POINT('',(21.7,1.3,0.));
#2293=CARTESIAN_POINT('Origin',(1.30628291880178E-33,1.3,0.));
#2294=CARTESIAN_POINT('Origin',(0.999999999999997,10.05,5.));
#2295=CARTESIAN_POINT('',(-3.7964050773568E-15,12.4,4.));
#2296=CARTESIAN_POINT('',(0.,0.,4.));
#2297=CARTESIAN_POINT('',(-3.05311331771918E-15,10.05,4.));
#2298=CARTESIAN_POINT('',(2.,-2.00966602892581E-33,6.));
#2299=CARTESIAN_POINT('',(-0.500000000000001,0.,3.5));
#2300=CARTESIAN_POINT('',(2.,11.1639320225002,6.));
#2301=CARTESIAN_POINT('',(2.,10.05,6.));
#2302=CARTESIAN_POINT('',(2.,11.1639320225002,6.));
#2303=CARTESIAN_POINT('Origin',(7.10721359549995,14.8355728090001,5.));
#2304=CARTESIAN_POINT('',(6.,15.4,4.));
#2305=CARTESIAN_POINT('',(6.65999999999999,15.73,4.));
#2306=CARTESIAN_POINT('',(6.47213595499958,13.4,6.));
#2307=CARTESIAN_POINT('',(7.55442719099991,13.9411456180002,6.));
#2308=CARTESIAN_POINT('',(6.47213595499958,13.4,6.));
#2309=CARTESIAN_POINT('Origin',(14.25,14.4,5.));
#2310=CARTESIAN_POINT('',(17.,15.4,4.));
#2311=CARTESIAN_POINT('',(14.25,15.4,4.));
#2312=CARTESIAN_POINT('',(16.5278640450004,13.4,6.));
#2313=CARTESIAN_POINT('',(14.25,13.4,6.));
#2314=CARTESIAN_POINT('',(16.5278640450004,13.4,6.));
#2315=CARTESIAN_POINT('Origin',(18.8927864045,13.3355728090001,5.));
#2316=CARTESIAN_POINT('',(23.,12.4,4.));
#2317=CARTESIAN_POINT('',(19.34,14.23,4.));
#2318=CARTESIAN_POINT('',(21.,11.1639320225002,6.));
#2319=CARTESIAN_POINT('',(18.4455728090001,12.4411456180002,6.));
#2320=CARTESIAN_POINT('',(21.,11.1639320225002,6.));
#2321=CARTESIAN_POINT('Origin',(22.,3.85,5.));
#2322=CARTESIAN_POINT('',(21.,-2.1101493303721E-32,6.));
#2323=CARTESIAN_POINT('',(21.,3.85,6.));
#2324=CARTESIAN_POINT('',(23.,-2.31111593326468E-32,4.));
#2325=CARTESIAN_POINT('',(17.75,2.77555756156289E-16,9.25));
#2326=CARTESIAN_POINT('',(23.,3.85,4.));
#2327=CARTESIAN_POINT('Origin',(11.5,7.70000000000001,6.));
#2328=CARTESIAN_POINT('',(0.,0.,6.));
#2329=CARTESIAN_POINT('',(15.85,10.9,6.));
#2330=CARTESIAN_POINT('Origin',(14.25,10.9,6.));
#2331=CARTESIAN_POINT('',(10.35,10.9,6.));
#2332=CARTESIAN_POINT('Origin',(8.75,10.9,6.));
#2333=CARTESIAN_POINT('Origin',(8.75,10.9,6.));
#2334=CARTESIAN_POINT('',(10.35,10.9,6.));
#2335=CARTESIAN_POINT('Origin',(14.25,10.9,6.));
#2336=CARTESIAN_POINT('',(15.85,10.9,6.));
#2337=CARTESIAN_POINT('Origin',(6.,15.4,0.));
#2338=CARTESIAN_POINT('',(6.,15.4,0.));
#2339=CARTESIAN_POINT('',(6.,15.4,0.));
#2340=CARTESIAN_POINT('',(-3.7964050773568E-15,12.4,0.));
#2341=CARTESIAN_POINT('',(6.,15.4,0.));
#2342=CARTESIAN_POINT('',(-3.7964050773568E-15,12.4,0.));
#2343=CARTESIAN_POINT('Origin',(17.,15.4,0.));
#2344=CARTESIAN_POINT('',(17.,15.4,0.));
#2345=CARTESIAN_POINT('',(17.,15.4,0.));
#2346=CARTESIAN_POINT('',(17.,15.4,0.));
#2347=CARTESIAN_POINT('Origin',(23.,12.4,0.));
#2348=CARTESIAN_POINT('',(23.,12.4,0.));
#2349=CARTESIAN_POINT('',(23.,12.4,0.));
#2350=CARTESIAN_POINT('',(23.,12.4,0.));
#2351=CARTESIAN_POINT('Origin',(23.,-2.31111593326468E-32,0.));
#2352=CARTESIAN_POINT('',(23.,-2.31111593326468E-32,0.));
#2353=CARTESIAN_POINT('',(23.,-2.31111593326468E-32,0.));
#2354=CARTESIAN_POINT('',(23.,-2.31111593326468E-32,0.));
#2355=CARTESIAN_POINT('Origin',(0.,0.,0.));
#2356=CARTESIAN_POINT('',(0.,0.,0.));
#2357=CARTESIAN_POINT('',(0.,0.,0.));
#2358=CARTESIAN_POINT('',(0.,0.,0.));
#2359=CARTESIAN_POINT('Origin',(-3.7964050773568E-15,12.4,0.));
#2360=CARTESIAN_POINT('',(-3.7964050773568E-15,12.4,0.));
#2361=CARTESIAN_POINT('Origin',(11.5,7.70000000000001,0.));
#2362=UNCERTAINTY_MEASURE_WITH_UNIT(LENGTH_MEASURE(0.01),#2366,
'DISTANCE_ACCURACY_VALUE',
'Maximum model space distance between geometric entities at asserted c
onnectivities');
#2363=UNCERTAINTY_MEASURE_WITH_UNIT(LENGTH_MEASURE(0.01),#2366,
'DISTANCE_ACCURACY_VALUE',
'Maximum model space distance between geometric entities at asserted c
onnectivities');
#2364=(
GEOMETRIC_REPRESENTATION_CONTEXT(3)
GLOBAL_UNCERTAINTY_ASSIGNED_CONTEXT((#2362))
GLOBAL_UNIT_ASSIGNED_CONTEXT((#2366,#2368,#2369))
REPRESENTATION_CONTEXT('','3D')
);
#2365=(
GEOMETRIC_REPRESENTATION_CONTEXT(3)
GLOBAL_UNCERTAINTY_ASSIGNED_CONTEXT((#2363))
GLOBAL_UNIT_ASSIGNED_CONTEXT((#2366,#2368,#2369))
REPRESENTATION_CONTEXT('','3D')
);
#2366=(
LENGTH_UNIT()
NAMED_UNIT(*)
SI_UNIT(.MILLI.,.METRE.)
);
#2367=(
LENGTH_UNIT()
NAMED_UNIT(*)
SI_UNIT($,.METRE.)
);
#2368=(
NAMED_UNIT(*)
PLANE_ANGLE_UNIT()
SI_UNIT($,.RADIAN.)
);
#2369=(
NAMED_UNIT(*)
SI_UNIT($,.STERADIAN.)
SOLID_ANGLE_UNIT()
);
#2370=SHAPE_DEFINITION_REPRESENTATION(#2371,#2372);
#2371=PRODUCT_DEFINITION_SHAPE('',$,#2374);
#2372=SHAPE_REPRESENTATION('',(#1478),#2364);
#2373=PRODUCT_DEFINITION_CONTEXT('part definition',#2378,'design');
#2374=PRODUCT_DEFINITION('2025-04-27-16-47-01-389',
'Airspeed Lid New Tube v1',#2375,#2373);
#2375=PRODUCT_DEFINITION_FORMATION('',$,#2380);
#2376=PRODUCT_RELATED_PRODUCT_CATEGORY('Airspeed Lid New Tube v1',
'Airspeed Lid New Tube v1',(#2380));
#2377=APPLICATION_PROTOCOL_DEFINITION('international standard',
'automotive_design',2009,#2378);
#2378=APPLICATION_CONTEXT(
'Core Data for Automotive Mechanical Design Process');
#2379=PRODUCT_CONTEXT('part definition',#2378,'mechanical');
#2380=PRODUCT('2025-04-27-16-47-01-389','Airspeed Lid New Tube v1',$,(#2379));
#2381=PRESENTATION_STYLE_ASSIGNMENT((#2382));
#2382=SURFACE_STYLE_USAGE(.BOTH.,#2383);
#2383=SURFACE_SIDE_STYLE('',(#2384));
#2384=SURFACE_STYLE_FILL_AREA(#2385);
#2385=FILL_AREA_STYLE('Steel - Satin',(#2386));
#2386=FILL_AREA_STYLE_COLOUR('Steel - Satin',#2387);
#2387=COLOUR_RGB('Steel - Satin',0.627450980392157,0.627450980392157,0.627450980392157);
ENDSEC;
END-ISO-10303-21;
