ISO-10303-21;
HEADER;
/* Generated by software containing ST-Developer
 * from STEP Tools, Inc. (www.steptools.com) 
 */

FILE_DESCRIPTION(
/* description */ (''),
/* implementation_level */ '2;1');

FILE_NAME(
/* name */ 'PCB + case assy.step',
/* time_stamp */ '2026-09-16T13:56:16+01:00',
/* author */ (''),
/* organization */ (''),
/* preprocessor_version */ 'ST-DEVELOPER v20.2',
/* originating_system */ 'Autodesk Translation Framework v15.15.0.0',
/* authorisation */ '');

FILE_SCHEMA (('AUTOMOTIVE_DESIGN { 1 0 10303 214 3 1 1 }'));
ENDSEC;

DATA;
#10=MECHANICAL_DESIGN_GEOMETRIC_PRESENTATION_REPRESENTATION('',(#23,#24),
#4559);
#11=ITEM_DEFINED_TRANSFORMATION($,$,#2822,#2998);
#12=ITEM_DEFINED_TRANSFORMATION($,$,#2905,#2999);
#13=(
REPRESENTATION_RELATIONSHIP($,$,#4573,#4572)
REPRESENTATION_RELATIONSHIP_WITH_TRANSFORMATION(#11)
SHAPE_REPRESENTATION_RELATIONSHIP()
);
#14=(
REPRESENTATION_RELATIONSHIP($,$,#4574,#4572)
REPRESENTATION_RELATIONSHIP_WITH_TRANSFORMATION(#12)
SHAPE_REPRESENTATION_RELATIONSHIP()
);
#15=CONTEXT_DEPENDENT_SHAPE_REPRESENTATION(#13,#4570);
#16=CONTEXT_DEPENDENT_SHAPE_REPRESENTATION(#14,#4571);
#17=NEXT_ASSEMBLY_USAGE_OCCURRENCE('PCB case top:1','PCB case top:1',
'PCB case top:1',#4576,#4577,'PCB case top:1');
#18=NEXT_ASSEMBLY_USAGE_OCCURRENCE('PCB base:1','PCB base:1',
'PCB base:1',#4576,#4578,'PCB base:1');
#19=SHAPE_REPRESENTATION_RELATIONSHIP('SRR','None',#4573,#21);
#20=SHAPE_REPRESENTATION_RELATIONSHIP('SRR','None',#4574,#22);
#21=ADVANCED_BREP_SHAPE_REPRESENTATION('',(#25),#4557);
#22=ADVANCED_BREP_SHAPE_REPRESENTATION('',(#26),#4558);
#23=STYLED_ITEM('',(#4592),#25);
#24=STYLED_ITEM('',(#4592),#26);
#25=MANIFOLD_SOLID_BREP('Body1',#2796);
#26=MANIFOLD_SOLID_BREP('Body1',#2797);
#27=CYLINDRICAL_SURFACE('',#2881,1.5);
#28=CYLINDRICAL_SURFACE('',#2883,1.5);
#29=CYLINDRICAL_SURFACE('',#2885,1.5);
#30=CYLINDRICAL_SURFACE('',#2887,1.5);
#31=CYLINDRICAL_SURFACE('',#2912,0.75);
#32=CYLINDRICAL_SURFACE('',#2917,0.75);
#33=CYLINDRICAL_SURFACE('',#2923,0.75);
#34=CYLINDRICAL_SURFACE('',#2929,0.75);
#35=CYLINDRICAL_SURFACE('',#2955,3.);
#36=CYLINDRICAL_SURFACE('',#2973,3.);
#37=CYLINDRICAL_SURFACE('',#2977,1.5);
#38=CYLINDRICAL_SURFACE('',#2980,2.99999998509884);
#39=CYLINDRICAL_SURFACE('',#2984,1.5);
#40=CYLINDRICAL_SURFACE('',#2987,3.00000000000001);
#41=CYLINDRICAL_SURFACE('',#2991,1.5);
#42=CYLINDRICAL_SURFACE('',#2994,1.5);
#43=B_SPLINE_SURFACE_WITH_KNOTS('',2,1,((#3984,#3985),(#3986,#3987),(#3988,
#3989)),.UNSPECIFIED.,.F.,.F.,.F.,(3,3),(2,2),(0.326802478299374,1.),(0.,
0.0600000000000001),.UNSPECIFIED.);
#44=B_SPLINE_SURFACE_WITH_KNOTS('',2,1,((#4005,#4006),(#4007,#4008),(#4009,
#4010)),.UNSPECIFIED.,.F.,.F.,.F.,(3,3),(2,2),(-1.,0.),(0.,0.0600000000000001),
 .UNSPECIFIED.);
#45=B_SPLINE_SURFACE_WITH_KNOTS('',2,1,((#4023,#4024),(#4025,#4026),(#4027,
#4028)),.UNSPECIFIED.,.F.,.F.,.F.,(3,3),(2,2),(0.,1.),(0.,0.0600000000000001),
 .UNSPECIFIED.);
#46=B_SPLINE_SURFACE_WITH_KNOTS('',2,1,((#4038,#4039),(#4040,#4041),(#4042,
#4043)),.UNSPECIFIED.,.F.,.F.,.F.,(3,3),(2,2),(0.,1.),(0.,0.0600000000000001),
 .UNSPECIFIED.);
#47=B_SPLINE_SURFACE_WITH_KNOTS('',2,1,((#4053,#4054),(#4055,#4056),(#4057,
#4058)),.UNSPECIFIED.,.F.,.F.,.F.,(3,3),(2,2),(-1.,-0.145073824127895),
(0.,0.0600000000000001),.UNSPECIFIED.);
#48=B_SPLINE_SURFACE_WITH_KNOTS('',2,1,((#4071,#4072),(#4073,#4074),(#4075,
#4076)),.UNSPECIFIED.,.F.,.F.,.F.,(3,3),(2,2),(-1.,0.),(0.,0.04),
 .UNSPECIFIED.);
#49=B_SPLINE_SURFACE_WITH_KNOTS('',2,1,((#4086,#4087),(#4088,#4089),(#4090,
#4091)),.UNSPECIFIED.,.F.,.F.,.F.,(3,3),(2,2),(-1.,-0.0785850155908414),
(0.,0.04),.UNSPECIFIED.);
#50=B_SPLINE_CURVE_WITH_KNOTS('',3,(#3979,#3980,#3981,#3982),
 .UNSPECIFIED.,.F.,.F.,(4,4),(-0.02,0.),.UNSPECIFIED.);
#51=B_SPLINE_CURVE_WITH_KNOTS('',2,(#3991,#3992,#3993),.UNSPECIFIED.,.F.,
 .F.,(3,3),(-1.,-0.326802478299372),.UNSPECIFIED.);
#52=B_SPLINE_CURVE_WITH_KNOTS('',2,(#3995,#3996,#3997),.UNSPECIFIED.,.F.,
 .F.,(3,3),(0.326802478299374,1.),.UNSPECIFIED.);
#53=B_SPLINE_CURVE_WITH_KNOTS('',2,(#4013,#4014,#4015),.UNSPECIFIED.,.F.,
 .F.,(3,3),(0.,1.),.UNSPECIFIED.);
#54=B_SPLINE_CURVE_WITH_KNOTS('',2,(#4019,#4020,#4021),.UNSPECIFIED.,.F.,
 .F.,(3,3),(-1.,0.),.UNSPECIFIED.);
#55=B_SPLINE_CURVE_WITH_KNOTS('',2,(#4030,#4031,#4032),.UNSPECIFIED.,.F.,
 .F.,(3,3),(0.,1.),.UNSPECIFIED.);
#56=B_SPLINE_CURVE_WITH_KNOTS('',2,(#4035,#4036,#4037),.UNSPECIFIED.,.F.,
 .F.,(3,3),(0.,1.),.UNSPECIFIED.);
#57=B_SPLINE_CURVE_WITH_KNOTS('',2,(#4045,#4046,#4047),.UNSPECIFIED.,.F.,
 .F.,(3,3),(0.,1.),.UNSPECIFIED.);
#58=B_SPLINE_CURVE_WITH_KNOTS('',2,(#4050,#4051,#4052),.UNSPECIFIED.,.F.,
 .F.,(3,3),(0.,1.),.UNSPECIFIED.);
#59=B_SPLINE_CURVE_WITH_KNOTS('',2,(#4060,#4061,#4062),.UNSPECIFIED.,.F.,
 .F.,(3,3),(0.145073824127895,1.),.UNSPECIFIED.);
#60=B_SPLINE_CURVE_WITH_KNOTS('',2,(#4064,#4065,#4066),.UNSPECIFIED.,.F.,
 .F.,(3,3),(-1.,-0.145073824127895),.UNSPECIFIED.);
#61=B_SPLINE_CURVE_WITH_KNOTS('',2,(#4078,#4079,#4080),.UNSPECIFIED.,.F.,
 .F.,(3,3),(-0.326802478299372,0.),.UNSPECIFIED.);
#62=B_SPLINE_CURVE_WITH_KNOTS('',2,(#4083,#4084,#4085),.UNSPECIFIED.,.F.,
 .F.,(3,3),(0.,0.326802478299372),.UNSPECIFIED.);
#63=B_SPLINE_CURVE_WITH_KNOTS('',2,(#4093,#4094,#4095),.UNSPECIFIED.,.F.,
 .F.,(3,3),(0.0785850155908414,1.),.UNSPECIFIED.);
#64=B_SPLINE_CURVE_WITH_KNOTS('',2,(#4097,#4098,#4099),.UNSPECIFIED.,.F.,
 .F.,(3,3),(-1.,-0.0785850155908414),.UNSPECIFIED.);
#65=FACE_BOUND('',#276,.T.);
#66=FACE_BOUND('',#277,.T.);
#67=FACE_BOUND('',#278,.T.);
#68=FACE_BOUND('',#279,.T.);
#69=FACE_BOUND('',#285,.T.);
#70=FACE_BOUND('',#286,.T.);
#71=FACE_BOUND('',#353,.T.);
#72=FACE_BOUND('',#354,.T.);
#73=FACE_BOUND('',#356,.T.);
#74=FACE_BOUND('',#357,.T.);
#75=FACE_BOUND('',#358,.T.);
#76=FACE_BOUND('',#359,.T.);
#77=FACE_BOUND('',#360,.T.);
#78=FACE_BOUND('',#364,.T.);
#79=FACE_BOUND('',#365,.T.);
#80=FACE_BOUND('',#367,.T.);
#81=FACE_BOUND('',#368,.T.);
#82=FACE_BOUND('',#410,.T.);
#83=FACE_BOUND('',#411,.T.);
#84=FACE_BOUND('',#412,.T.);
#85=FACE_BOUND('',#413,.T.);
#86=FACE_BOUND('',#424,.T.);
#87=FACE_BOUND('',#428,.T.);
#88=FACE_BOUND('',#432,.T.);
#89=FACE_BOUND('',#435,.T.);
#90=CIRCLE('',#2828,1.5);
#91=CIRCLE('',#2829,1.5);
#92=CIRCLE('',#2830,1.5);
#93=CIRCLE('',#2831,1.5);
#94=CIRCLE('',#2882,1.5);
#95=CIRCLE('',#2884,1.5);
#96=CIRCLE('',#2886,1.5);
#97=CIRCLE('',#2888,1.5);
#98=CIRCLE('',#2913,0.75);
#99=CIRCLE('',#2914,0.75);
#100=CIRCLE('',#2918,0.75);
#101=CIRCLE('',#2919,0.75);
#102=CIRCLE('',#2921,3.00000000000001);
#103=CIRCLE('',#2924,0.75);
#104=CIRCLE('',#2925,0.75);
#105=CIRCLE('',#2927,3.);
#106=CIRCLE('',#2930,0.75);
#107=CIRCLE('',#2931,0.75);
#108=CIRCLE('',#2934,2.99999998509884);
#109=CIRCLE('',#2940,3.);
#110=CIRCLE('',#2956,3.);
#111=CIRCLE('',#2957,3.);
#112=CIRCLE('',#2958,3.);
#113=CIRCLE('',#2962,1.5);
#114=CIRCLE('',#2963,1.5);
#115=CIRCLE('',#2964,1.5);
#116=CIRCLE('',#2965,1.5);
#117=CIRCLE('',#2974,3.);
#118=CIRCLE('',#2975,3.);
#119=CIRCLE('',#2976,3.);
#120=CIRCLE('',#2978,1.5);
#121=CIRCLE('',#2981,2.99999998509884);
#122=CIRCLE('',#2982,2.99999998509884);
#123=CIRCLE('',#2983,2.99999998509884);
#124=CIRCLE('',#2985,1.5);
#125=CIRCLE('',#2988,3.00000000000001);
#126=CIRCLE('',#2989,3.00000000000001);
#127=CIRCLE('',#2990,3.00000000000001);
#128=CIRCLE('',#2992,1.5);
#129=CIRCLE('',#2995,1.5);
#130=FACE_OUTER_BOUND('',#271,.T.);
#131=FACE_OUTER_BOUND('',#272,.T.);
#132=FACE_OUTER_BOUND('',#273,.T.);
#133=FACE_OUTER_BOUND('',#274,.T.);
#134=FACE_OUTER_BOUND('',#275,.T.);
#135=FACE_OUTER_BOUND('',#280,.T.);
#136=FACE_OUTER_BOUND('',#281,.T.);
#137=FACE_OUTER_BOUND('',#282,.T.);
#138=FACE_OUTER_BOUND('',#283,.T.);
#139=FACE_OUTER_BOUND('',#284,.T.);
#140=FACE_OUTER_BOUND('',#287,.T.);
#141=FACE_OUTER_BOUND('',#288,.T.);
#142=FACE_OUTER_BOUND('',#289,.T.);
#143=FACE_OUTER_BOUND('',#290,.T.);
#144=FACE_OUTER_BOUND('',#291,.T.);
#145=FACE_OUTER_BOUND('',#292,.T.);
#146=FACE_OUTER_BOUND('',#293,.T.);
#147=FACE_OUTER_BOUND('',#294,.T.);
#148=FACE_OUTER_BOUND('',#295,.T.);
#149=FACE_OUTER_BOUND('',#296,.T.);
#150=FACE_OUTER_BOUND('',#297,.T.);
#151=FACE_OUTER_BOUND('',#298,.T.);
#152=FACE_OUTER_BOUND('',#299,.T.);
#153=FACE_OUTER_BOUND('',#300,.T.);
#154=FACE_OUTER_BOUND('',#301,.T.);
#155=FACE_OUTER_BOUND('',#302,.T.);
#156=FACE_OUTER_BOUND('',#303,.T.);
#157=FACE_OUTER_BOUND('',#304,.T.);
#158=FACE_OUTER_BOUND('',#305,.T.);
#159=FACE_OUTER_BOUND('',#306,.T.);
#160=FACE_OUTER_BOUND('',#307,.T.);
#161=FACE_OUTER_BOUND('',#308,.T.);
#162=FACE_OUTER_BOUND('',#309,.T.);
#163=FACE_OUTER_BOUND('',#310,.T.);
#164=FACE_OUTER_BOUND('',#311,.T.);
#165=FACE_OUTER_BOUND('',#312,.T.);
#166=FACE_OUTER_BOUND('',#313,.T.);
#167=FACE_OUTER_BOUND('',#314,.T.);
#168=FACE_OUTER_BOUND('',#315,.T.);
#169=FACE_OUTER_BOUND('',#316,.T.);
#170=FACE_OUTER_BOUND('',#317,.T.);
#171=FACE_OUTER_BOUND('',#318,.T.);
#172=FACE_OUTER_BOUND('',#319,.T.);
#173=FACE_OUTER_BOUND('',#320,.T.);
#174=FACE_OUTER_BOUND('',#321,.T.);
#175=FACE_OUTER_BOUND('',#322,.T.);
#176=FACE_OUTER_BOUND('',#323,.T.);
#177=FACE_OUTER_BOUND('',#324,.T.);
#178=FACE_OUTER_BOUND('',#325,.T.);
#179=FACE_OUTER_BOUND('',#326,.T.);
#180=FACE_OUTER_BOUND('',#327,.T.);
#181=FACE_OUTER_BOUND('',#328,.T.);
#182=FACE_OUTER_BOUND('',#329,.T.);
#183=FACE_OUTER_BOUND('',#330,.T.);
#184=FACE_OUTER_BOUND('',#331,.T.);
#185=FACE_OUTER_BOUND('',#332,.T.);
#186=FACE_OUTER_BOUND('',#333,.T.);
#187=FACE_OUTER_BOUND('',#334,.T.);
#188=FACE_OUTER_BOUND('',#335,.T.);
#189=FACE_OUTER_BOUND('',#336,.T.);
#190=FACE_OUTER_BOUND('',#337,.T.);
#191=FACE_OUTER_BOUND('',#338,.T.);
#192=FACE_OUTER_BOUND('',#339,.T.);
#193=FACE_OUTER_BOUND('',#340,.T.);
#194=FACE_OUTER_BOUND('',#341,.T.);
#195=FACE_OUTER_BOUND('',#342,.T.);
#196=FACE_OUTER_BOUND('',#343,.T.);
#197=FACE_OUTER_BOUND('',#344,.T.);
#198=FACE_OUTER_BOUND('',#345,.T.);
#199=FACE_OUTER_BOUND('',#346,.T.);
#200=FACE_OUTER_BOUND('',#347,.T.);
#201=FACE_OUTER_BOUND('',#348,.T.);
#202=FACE_OUTER_BOUND('',#349,.T.);
#203=FACE_OUTER_BOUND('',#350,.T.);
#204=FACE_OUTER_BOUND('',#351,.T.);
#205=FACE_OUTER_BOUND('',#352,.T.);
#206=FACE_OUTER_BOUND('',#355,.T.);
#207=FACE_OUTER_BOUND('',#361,.T.);
#208=FACE_OUTER_BOUND('',#362,.T.);
#209=FACE_OUTER_BOUND('',#363,.T.);
#210=FACE_OUTER_BOUND('',#366,.T.);
#211=FACE_OUTER_BOUND('',#369,.T.);
#212=FACE_OUTER_BOUND('',#370,.T.);
#213=FACE_OUTER_BOUND('',#371,.T.);
#214=FACE_OUTER_BOUND('',#372,.T.);
#215=FACE_OUTER_BOUND('',#373,.T.);
#216=FACE_OUTER_BOUND('',#374,.T.);
#217=FACE_OUTER_BOUND('',#375,.T.);
#218=FACE_OUTER_BOUND('',#376,.T.);
#219=FACE_OUTER_BOUND('',#377,.T.);
#220=FACE_OUTER_BOUND('',#378,.T.);
#221=FACE_OUTER_BOUND('',#379,.T.);
#222=FACE_OUTER_BOUND('',#380,.T.);
#223=FACE_OUTER_BOUND('',#381,.T.);
#224=FACE_OUTER_BOUND('',#382,.T.);
#225=FACE_OUTER_BOUND('',#383,.T.);
#226=FACE_OUTER_BOUND('',#384,.T.);
#227=FACE_OUTER_BOUND('',#385,.T.);
#228=FACE_OUTER_BOUND('',#386,.T.);
#229=FACE_OUTER_BOUND('',#387,.T.);
#230=FACE_OUTER_BOUND('',#388,.T.);
#231=FACE_OUTER_BOUND('',#389,.T.);
#232=FACE_OUTER_BOUND('',#390,.T.);
#233=FACE_OUTER_BOUND('',#391,.T.);
#234=FACE_OUTER_BOUND('',#392,.T.);
#235=FACE_OUTER_BOUND('',#393,.T.);
#236=FACE_OUTER_BOUND('',#394,.T.);
#237=FACE_OUTER_BOUND('',#395,.T.);
#238=FACE_OUTER_BOUND('',#396,.T.);
#239=FACE_OUTER_BOUND('',#397,.T.);
#240=FACE_OUTER_BOUND('',#398,.T.);
#241=FACE_OUTER_BOUND('',#399,.T.);
#242=FACE_OUTER_BOUND('',#400,.T.);
#243=FACE_OUTER_BOUND('',#401,.T.);
#244=FACE_OUTER_BOUND('',#402,.T.);
#245=FACE_OUTER_BOUND('',#403,.T.);
#246=FACE_OUTER_BOUND('',#404,.T.);
#247=FACE_OUTER_BOUND('',#405,.T.);
#248=FACE_OUTER_BOUND('',#406,.T.);
#249=FACE_OUTER_BOUND('',#407,.T.);
#250=FACE_OUTER_BOUND('',#408,.T.);
#251=FACE_OUTER_BOUND('',#409,.T.);
#252=FACE_OUTER_BOUND('',#414,.T.);
#253=FACE_OUTER_BOUND('',#415,.T.);
#254=FACE_OUTER_BOUND('',#416,.T.);
#255=FACE_OUTER_BOUND('',#417,.T.);
#256=FACE_OUTER_BOUND('',#418,.T.);
#257=FACE_OUTER_BOUND('',#419,.T.);
#258=FACE_OUTER_BOUND('',#420,.T.);
#259=FACE_OUTER_BOUND('',#421,.T.);
#260=FACE_OUTER_BOUND('',#422,.T.);
#261=FACE_OUTER_BOUND('',#423,.T.);
#262=FACE_OUTER_BOUND('',#425,.T.);
#263=FACE_OUTER_BOUND('',#426,.T.);
#264=FACE_OUTER_BOUND('',#427,.T.);
#265=FACE_OUTER_BOUND('',#429,.T.);
#266=FACE_OUTER_BOUND('',#430,.T.);
#267=FACE_OUTER_BOUND('',#431,.T.);
#268=FACE_OUTER_BOUND('',#433,.T.);
#269=FACE_OUTER_BOUND('',#434,.T.);
#270=FACE_OUTER_BOUND('',#436,.T.);
#271=EDGE_LOOP('',(#1755,#1756,#1757,#1758));
#272=EDGE_LOOP('',(#1759,#1760,#1761,#1762));
#273=EDGE_LOOP('',(#1763,#1764,#1765,#1766));
#274=EDGE_LOOP('',(#1767,#1768,#1769,#1770));
#275=EDGE_LOOP('',(#1771,#1772,#1773,#1774,#1775,#1776,#1777,#1778,#1779,
#1780,#1781,#1782,#1783,#1784,#1785,#1786,#1787,#1788,#1789,#1790,#1791,
#1792,#1793,#1794));
#276=EDGE_LOOP('',(#1795));
#277=EDGE_LOOP('',(#1796));
#278=EDGE_LOOP('',(#1797));
#279=EDGE_LOOP('',(#1798));
#280=EDGE_LOOP('',(#1799,#1800,#1801,#1802));
#281=EDGE_LOOP('',(#1803,#1804,#1805,#1806));
#282=EDGE_LOOP('',(#1807,#1808,#1809,#1810));
#283=EDGE_LOOP('',(#1811,#1812,#1813,#1814));
#284=EDGE_LOOP('',(#1815,#1816,#1817,#1818,#1819,#1820,#1821,#1822,#1823,
#1824,#1825,#1826,#1827,#1828,#1829));
#285=EDGE_LOOP('',(#1830,#1831,#1832,#1833));
#286=EDGE_LOOP('',(#1834,#1835,#1836,#1837));
#287=EDGE_LOOP('',(#1838,#1839,#1840,#1841));
#288=EDGE_LOOP('',(#1842,#1843,#1844,#1845));
#289=EDGE_LOOP('',(#1846,#1847,#1848,#1849));
#290=EDGE_LOOP('',(#1850,#1851,#1852,#1853));
#291=EDGE_LOOP('',(#1854,#1855,#1856,#1857));
#292=EDGE_LOOP('',(#1858,#1859,#1860,#1861));
#293=EDGE_LOOP('',(#1862,#1863,#1864,#1865));
#294=EDGE_LOOP('',(#1866,#1867,#1868,#1869));
#295=EDGE_LOOP('',(#1870,#1871,#1872,#1873));
#296=EDGE_LOOP('',(#1874,#1875,#1876,#1877));
#297=EDGE_LOOP('',(#1878,#1879,#1880,#1881));
#298=EDGE_LOOP('',(#1882,#1883,#1884,#1885));
#299=EDGE_LOOP('',(#1886,#1887,#1888,#1889));
#300=EDGE_LOOP('',(#1890,#1891,#1892,#1893));
#301=EDGE_LOOP('',(#1894,#1895,#1896,#1897));
#302=EDGE_LOOP('',(#1898,#1899,#1900,#1901));
#303=EDGE_LOOP('',(#1902,#1903,#1904,#1905));
#304=EDGE_LOOP('',(#1906,#1907,#1908,#1909));
#305=EDGE_LOOP('',(#1910,#1911,#1912,#1913));
#306=EDGE_LOOP('',(#1914,#1915,#1916,#1917));
#307=EDGE_LOOP('',(#1918,#1919,#1920,#1921));
#308=EDGE_LOOP('',(#1922,#1923,#1924,#1925));
#309=EDGE_LOOP('',(#1926,#1927,#1928,#1929));
#310=EDGE_LOOP('',(#1930,#1931,#1932,#1933));
#311=EDGE_LOOP('',(#1934,#1935,#1936,#1937));
#312=EDGE_LOOP('',(#1938,#1939,#1940,#1941));
#313=EDGE_LOOP('',(#1942,#1943,#1944,#1945,#1946));
#314=EDGE_LOOP('',(#1947,#1948,#1949,#1950));
#315=EDGE_LOOP('',(#1951,#1952,#1953,#1954));
#316=EDGE_LOOP('',(#1955,#1956,#1957,#1958,#1959));
#317=EDGE_LOOP('',(#1960,#1961,#1962,#1963,#1964,#1965,#1966));
#318=EDGE_LOOP('',(#1967,#1968,#1969,#1970));
#319=EDGE_LOOP('',(#1971,#1972,#1973,#1974));
#320=EDGE_LOOP('',(#1975,#1976,#1977,#1978));
#321=EDGE_LOOP('',(#1979,#1980,#1981,#1982));
#322=EDGE_LOOP('',(#1983,#1984,#1985,#1986));
#323=EDGE_LOOP('',(#1987,#1988,#1989,#1990));
#324=EDGE_LOOP('',(#1991,#1992,#1993,#1994,#1995,#1996,#1997,#1998,#1999));
#325=EDGE_LOOP('',(#2000,#2001,#2002,#2003));
#326=EDGE_LOOP('',(#2004,#2005,#2006,#2007));
#327=EDGE_LOOP('',(#2008,#2009,#2010,#2011,#2012,#2013));
#328=EDGE_LOOP('',(#2014,#2015,#2016,#2017,#2018,#2019,#2020));
#329=EDGE_LOOP('',(#2021,#2022,#2023,#2024));
#330=EDGE_LOOP('',(#2025,#2026,#2027,#2028,#2029,#2030));
#331=EDGE_LOOP('',(#2031,#2032,#2033,#2034));
#332=EDGE_LOOP('',(#2035,#2036,#2037,#2038,#2039,#2040));
#333=EDGE_LOOP('',(#2041,#2042,#2043,#2044,#2045,#2046));
#334=EDGE_LOOP('',(#2047,#2048,#2049,#2050));
#335=EDGE_LOOP('',(#2051,#2052,#2053,#2054));
#336=EDGE_LOOP('',(#2055,#2056,#2057,#2058,#2059,#2060));
#337=EDGE_LOOP('',(#2061,#2062,#2063,#2064,#2065,#2066,#2067));
#338=EDGE_LOOP('',(#2068,#2069,#2070,#2071));
#339=EDGE_LOOP('',(#2072,#2073,#2074,#2075));
#340=EDGE_LOOP('',(#2076,#2077,#2078,#2079));
#341=EDGE_LOOP('',(#2080,#2081,#2082,#2083));
#342=EDGE_LOOP('',(#2084,#2085,#2086,#2087));
#343=EDGE_LOOP('',(#2088,#2089,#2090,#2091,#2092,#2093,#2094,#2095));
#344=EDGE_LOOP('',(#2096,#2097,#2098,#2099));
#345=EDGE_LOOP('',(#2100,#2101,#2102,#2103));
#346=EDGE_LOOP('',(#2104,#2105,#2106,#2107));
#347=EDGE_LOOP('',(#2108,#2109,#2110,#2111,#2112,#2113,#2114,#2115));
#348=EDGE_LOOP('',(#2116,#2117,#2118,#2119));
#349=EDGE_LOOP('',(#2120,#2121,#2122,#2123));
#350=EDGE_LOOP('',(#2124,#2125,#2126,#2127));
#351=EDGE_LOOP('',(#2128,#2129,#2130,#2131));
#352=EDGE_LOOP('',(#2132,#2133,#2134,#2135,#2136,#2137));
#353=EDGE_LOOP('',(#2138,#2139,#2140,#2141));
#354=EDGE_LOOP('',(#2142,#2143,#2144,#2145));
#355=EDGE_LOOP('',(#2146,#2147,#2148,#2149));
#356=EDGE_LOOP('',(#2150,#2151,#2152,#2153,#2154,#2155,#2156,#2157,#2158,
#2159));
#357=EDGE_LOOP('',(#2160));
#358=EDGE_LOOP('',(#2161));
#359=EDGE_LOOP('',(#2162));
#360=EDGE_LOOP('',(#2163));
#361=EDGE_LOOP('',(#2164,#2165,#2166,#2167));
#362=EDGE_LOOP('',(#2168,#2169,#2170,#2171));
#363=EDGE_LOOP('',(#2172,#2173,#2174,#2175,#2176,#2177,#2178,#2179,#2180,
#2181,#2182,#2183,#2184,#2185,#2186));
#364=EDGE_LOOP('',(#2187,#2188,#2189,#2190));
#365=EDGE_LOOP('',(#2191,#2192,#2193,#2194));
#366=EDGE_LOOP('',(#2195,#2196,#2197,#2198,#2199,#2200));
#367=EDGE_LOOP('',(#2201,#2202,#2203,#2204));
#368=EDGE_LOOP('',(#2205,#2206,#2207,#2208));
#369=EDGE_LOOP('',(#2209,#2210,#2211,#2212));
#370=EDGE_LOOP('',(#2213,#2214,#2215,#2216,#2217));
#371=EDGE_LOOP('',(#2218,#2219,#2220,#2221));
#372=EDGE_LOOP('',(#2222,#2223,#2224,#2225,#2226,#2227,#2228,#2229));
#373=EDGE_LOOP('',(#2230,#2231,#2232,#2233));
#374=EDGE_LOOP('',(#2234,#2235,#2236,#2237,#2238));
#375=EDGE_LOOP('',(#2239,#2240,#2241,#2242));
#376=EDGE_LOOP('',(#2243,#2244,#2245,#2246,#2247,#2248));
#377=EDGE_LOOP('',(#2249,#2250,#2251,#2252));
#378=EDGE_LOOP('',(#2253,#2254,#2255,#2256));
#379=EDGE_LOOP('',(#2257,#2258,#2259,#2260,#2261));
#380=EDGE_LOOP('',(#2262,#2263,#2264,#2265,#2266,#2267));
#381=EDGE_LOOP('',(#2268,#2269,#2270,#2271));
#382=EDGE_LOOP('',(#2272,#2273,#2274,#2275,#2276));
#383=EDGE_LOOP('',(#2277,#2278,#2279,#2280,#2281,#2282));
#384=EDGE_LOOP('',(#2283,#2284,#2285,#2286));
#385=EDGE_LOOP('',(#2287,#2288,#2289,#2290,#2291,#2292));
#386=EDGE_LOOP('',(#2293,#2294,#2295,#2296,#2297,#2298));
#387=EDGE_LOOP('',(#2299,#2300,#2301,#2302,#2303,#2304,#2305,#2306));
#388=EDGE_LOOP('',(#2307,#2308,#2309,#2310,#2311,#2312));
#389=EDGE_LOOP('',(#2313,#2314,#2315,#2316));
#390=EDGE_LOOP('',(#2317,#2318,#2319,#2320));
#391=EDGE_LOOP('',(#2321,#2322,#2323,#2324,#2325,#2326));
#392=EDGE_LOOP('',(#2327,#2328,#2329,#2330));
#393=EDGE_LOOP('',(#2331,#2332,#2333,#2334));
#394=EDGE_LOOP('',(#2335,#2336,#2337,#2338));
#395=EDGE_LOOP('',(#2339,#2340,#2341,#2342,#2343,#2344));
#396=EDGE_LOOP('',(#2345,#2346,#2347,#2348));
#397=EDGE_LOOP('',(#2349,#2350,#2351,#2352));
#398=EDGE_LOOP('',(#2353,#2354,#2355,#2356));
#399=EDGE_LOOP('',(#2357,#2358,#2359,#2360,#2361,#2362));
#400=EDGE_LOOP('',(#2363,#2364,#2365,#2366));
#401=EDGE_LOOP('',(#2367,#2368,#2369,#2370));
#402=EDGE_LOOP('',(#2371,#2372,#2373,#2374));
#403=EDGE_LOOP('',(#2375,#2376,#2377,#2378));
#404=EDGE_LOOP('',(#2379,#2380,#2381,#2382,#2383,#2384));
#405=EDGE_LOOP('',(#2385,#2386,#2387,#2388));
#406=EDGE_LOOP('',(#2389,#2390,#2391,#2392,#2393,#2394,#2395,#2396));
#407=EDGE_LOOP('',(#2397,#2398,#2399,#2400,#2401,#2402,#2403,#2404));
#408=EDGE_LOOP('',(#2405,#2406,#2407,#2408));
#409=EDGE_LOOP('',(#2409,#2410,#2411,#2412,#2413,#2414,#2415,#2416,#2417,
#2418,#2419,#2420));
#410=EDGE_LOOP('',(#2421));
#411=EDGE_LOOP('',(#2422));
#412=EDGE_LOOP('',(#2423));
#413=EDGE_LOOP('',(#2424));
#414=EDGE_LOOP('',(#2425,#2426,#2427,#2428));
#415=EDGE_LOOP('',(#2429,#2430,#2431,#2432));
#416=EDGE_LOOP('',(#2433,#2434,#2435,#2436));
#417=EDGE_LOOP('',(#2437,#2438,#2439,#2440,#2441,#2442,#2443,#2444));
#418=EDGE_LOOP('',(#2445,#2446,#2447,#2448));
#419=EDGE_LOOP('',(#2449,#2450,#2451,#2452));
#420=EDGE_LOOP('',(#2453,#2454,#2455,#2456));
#421=EDGE_LOOP('',(#2457,#2458,#2459,#2460,#2461,#2462,#2463,#2464));
#422=EDGE_LOOP('',(#2465,#2466,#2467,#2468));
#423=EDGE_LOOP('',(#2469));
#424=EDGE_LOOP('',(#2470));
#425=EDGE_LOOP('',(#2471,#2472,#2473,#2474,#2475,#2476,#2477,#2478));
#426=EDGE_LOOP('',(#2479,#2480,#2481,#2482));
#427=EDGE_LOOP('',(#2483));
#428=EDGE_LOOP('',(#2484));
#429=EDGE_LOOP('',(#2485,#2486,#2487,#2488,#2489,#2490,#2491,#2492));
#430=EDGE_LOOP('',(#2493,#2494,#2495,#2496));
#431=EDGE_LOOP('',(#2497));
#432=EDGE_LOOP('',(#2498));
#433=EDGE_LOOP('',(#2499,#2500,#2501,#2502));
#434=EDGE_LOOP('',(#2503));
#435=EDGE_LOOP('',(#2504));
#436=EDGE_LOOP('',(#2505,#2506,#2507,#2508,#2509,#2510,#2511,#2512,#2513,
#2514,#2515,#2516,#2517,#2518,#2519,#2520,#2521,#2522,#2523,#2524,#2525,
#2526,#2527,#2528,#2529,#2530,#2531,#2532,#2533,#2534,#2535,#2536));
#437=LINE('',#3699,#773);
#438=LINE('',#3701,#774);
#439=LINE('',#3703,#775);
#440=LINE('',#3704,#776);
#441=LINE('',#3708,#777);
#442=LINE('',#3710,#778);
#443=LINE('',#3712,#779);
#444=LINE('',#3713,#780);
#445=LINE('',#3715,#781);
#446=LINE('',#3716,#782);
#447=LINE('',#3718,#783);
#448=LINE('',#3721,#784);
#449=LINE('',#3723,#785);
#450=LINE('',#3725,#786);
#451=LINE('',#3727,#787);
#452=LINE('',#3729,#788);
#453=LINE('',#3731,#789);
#454=LINE('',#3733,#790);
#455=LINE('',#3735,#791);
#456=LINE('',#3737,#792);
#457=LINE('',#3739,#793);
#458=LINE('',#3741,#794);
#459=LINE('',#3743,#795);
#460=LINE('',#3745,#796);
#461=LINE('',#3747,#797);
#462=LINE('',#3749,#798);
#463=LINE('',#3751,#799);
#464=LINE('',#3753,#800);
#465=LINE('',#3755,#801);
#466=LINE('',#3757,#802);
#467=LINE('',#3759,#803);
#468=LINE('',#3760,#804);
#469=LINE('',#3771,#805);
#470=LINE('',#3773,#806);
#471=LINE('',#3774,#807);
#472=LINE('',#3777,#808);
#473=LINE('',#3778,#809);
#474=LINE('',#3781,#810);
#475=LINE('',#3782,#811);
#476=LINE('',#3784,#812);
#477=LINE('',#3787,#813);
#478=LINE('',#3789,#814);
#479=LINE('',#3791,#815);
#480=LINE('',#3793,#816);
#481=LINE('',#3795,#817);
#482=LINE('',#3796,#818);
#483=LINE('',#3798,#819);
#484=LINE('',#3800,#820);
#485=LINE('',#3801,#821);
#486=LINE('',#3804,#822);
#487=LINE('',#3806,#823);
#488=LINE('',#3808,#824);
#489=LINE('',#3809,#825);
#490=LINE('',#3812,#826);
#491=LINE('',#3814,#827);
#492=LINE('',#3816,#828);
#493=LINE('',#3817,#829);
#494=LINE('',#3820,#830);
#495=LINE('',#3822,#831);
#496=LINE('',#3823,#832);
#497=LINE('',#3826,#833);
#498=LINE('',#3828,#834);
#499=LINE('',#3829,#835);
#500=LINE('',#3831,#836);
#501=LINE('',#3833,#837);
#502=LINE('',#3836,#838);
#503=LINE('',#3837,#839);
#504=LINE('',#3840,#840);
#505=LINE('',#3841,#841);
#506=LINE('',#3843,#842);
#507=LINE('',#3848,#843);
#508=LINE('',#3850,#844);
#509=LINE('',#3852,#845);
#510=LINE('',#3853,#846);
#511=LINE('',#3856,#847);
#512=LINE('',#3858,#848);
#513=LINE('',#3859,#849);
#514=LINE('',#3862,#850);
#515=LINE('',#3864,#851);
#516=LINE('',#3865,#852);
#517=LINE('',#3868,#853);
#518=LINE('',#3869,#854);
#519=LINE('',#3872,#855);
#520=LINE('',#3874,#856);
#521=LINE('',#3875,#857);
#522=LINE('',#3877,#858);
#523=LINE('',#3878,#859);
#524=LINE('',#3881,#860);
#525=LINE('',#3882,#861);
#526=LINE('',#3884,#862);
#527=LINE('',#3888,#863);
#528=LINE('',#3890,#864);
#529=LINE('',#3892,#865);
#530=LINE('',#3893,#866);
#531=LINE('',#3896,#867);
#532=LINE('',#3898,#868);
#533=LINE('',#3899,#869);
#534=LINE('',#3902,#870);
#535=LINE('',#3904,#871);
#536=LINE('',#3905,#872);
#537=LINE('',#3908,#873);
#538=LINE('',#3909,#874);
#539=LINE('',#3912,#875);
#540=LINE('',#3914,#876);
#541=LINE('',#3915,#877);
#542=LINE('',#3917,#878);
#543=LINE('',#3918,#879);
#544=LINE('',#3921,#880);
#545=LINE('',#3922,#881);
#546=LINE('',#3924,#882);
#547=LINE('',#3927,#883);
#548=LINE('',#3929,#884);
#549=LINE('',#3930,#885);
#550=LINE('',#3933,#886);
#551=LINE('',#3934,#887);
#552=LINE('',#3937,#888);
#553=LINE('',#3939,#889);
#554=LINE('',#3941,#890);
#555=LINE('',#3942,#891);
#556=LINE('',#3946,#892);
#557=LINE('',#3948,#893);
#558=LINE('',#3950,#894);
#559=LINE('',#3951,#895);
#560=LINE('',#3954,#896);
#561=LINE('',#3956,#897);
#562=LINE('',#3957,#898);
#563=LINE('',#3960,#899);
#564=LINE('',#3962,#900);
#565=LINE('',#3964,#901);
#566=LINE('',#3965,#902);
#567=LINE('',#3969,#903);
#568=LINE('',#3971,#904);
#569=LINE('',#3973,#905);
#570=LINE('',#3975,#906);
#571=LINE('',#3977,#907);
#572=LINE('',#3983,#908);
#573=LINE('',#3998,#909);
#574=LINE('',#4001,#910);
#575=LINE('',#4003,#911);
#576=LINE('',#4004,#912);
#577=LINE('',#4017,#913);
#578=LINE('',#4022,#914);
#579=LINE('',#4034,#915);
#580=LINE('',#4049,#916);
#581=LINE('',#4067,#917);
#582=LINE('',#4069,#918);
#583=LINE('',#4070,#919);
#584=LINE('',#4082,#920);
#585=LINE('',#4100,#921);
#586=LINE('',#4103,#922);
#587=LINE('',#4105,#923);
#588=LINE('',#4106,#924);
#589=LINE('',#4109,#925);
#590=LINE('',#4110,#926);
#591=LINE('',#4113,#927);
#592=LINE('',#4115,#928);
#593=LINE('',#4116,#929);
#594=LINE('',#4120,#930);
#595=LINE('',#4122,#931);
#596=LINE('',#4123,#932);
#597=LINE('',#4124,#933);
#598=LINE('',#4126,#934);
#599=LINE('',#4127,#935);
#600=LINE('',#4131,#936);
#601=LINE('',#4133,#937);
#602=LINE('',#4134,#938);
#603=LINE('',#4137,#939);
#604=LINE('',#4139,#940);
#605=LINE('',#4140,#941);
#606=LINE('',#4143,#942);
#607=LINE('',#4145,#943);
#608=LINE('',#4146,#944);
#609=LINE('',#4148,#945);
#610=LINE('',#4149,#946);
#611=LINE('',#4153,#947);
#612=LINE('',#4157,#948);
#613=LINE('',#4161,#949);
#614=LINE('',#4165,#950);
#615=LINE('',#4169,#951);
#616=LINE('',#4171,#952);
#617=LINE('',#4172,#953);
#618=LINE('',#4174,#954);
#619=LINE('',#4176,#955);
#620=LINE('',#4178,#956);
#621=LINE('',#4179,#957);
#622=LINE('',#4181,#958);
#623=LINE('',#4182,#959);
#624=LINE('',#4184,#960);
#625=LINE('',#4185,#961);
#626=LINE('',#4189,#962);
#627=LINE('',#4191,#963);
#628=LINE('',#4192,#964);
#629=LINE('',#4196,#965);
#630=LINE('',#4197,#966);
#631=LINE('',#4198,#967);
#632=LINE('',#4199,#968);
#633=LINE('',#4202,#969);
#634=LINE('',#4203,#970);
#635=LINE('',#4206,#971);
#636=LINE('',#4207,#972);
#637=LINE('',#4208,#973);
#638=LINE('',#4210,#974);
#639=LINE('',#4214,#975);
#640=LINE('',#4216,#976);
#641=LINE('',#4223,#977);
#642=LINE('',#4225,#978);
#643=LINE('',#4227,#979);
#644=LINE('',#4228,#980);
#645=LINE('',#4232,#981);
#646=LINE('',#4234,#982);
#647=LINE('',#4235,#983);
#648=LINE('',#4236,#984);
#649=LINE('',#4239,#985);
#650=LINE('',#4241,#986);
#651=LINE('',#4242,#987);
#652=LINE('',#4245,#988);
#653=LINE('',#4247,#989);
#654=LINE('',#4249,#990);
#655=LINE('',#4251,#991);
#656=LINE('',#4253,#992);
#657=LINE('',#4255,#993);
#658=LINE('',#4256,#994);
#659=LINE('',#4259,#995);
#660=LINE('',#4261,#996);
#661=LINE('',#4262,#997);
#662=LINE('',#4265,#998);
#663=LINE('',#4267,#999);
#664=LINE('',#4269,#1000);
#665=LINE('',#4270,#1001);
#666=LINE('',#4276,#1002);
#667=LINE('',#4279,#1003);
#668=LINE('',#4282,#1004);
#669=LINE('',#4283,#1005);
#670=LINE('',#4285,#1006);
#671=LINE('',#4287,#1007);
#672=LINE('',#4288,#1008);
#673=LINE('',#4291,#1009);
#674=LINE('',#4292,#1010);
#675=LINE('',#4298,#1011);
#676=LINE('',#4301,#1012);
#677=LINE('',#4304,#1013);
#678=LINE('',#4308,#1014);
#679=LINE('',#4309,#1015);
#680=LINE('',#4312,#1016);
#681=LINE('',#4313,#1017);
#682=LINE('',#4315,#1018);
#683=LINE('',#4316,#1019);
#684=LINE('',#4322,#1020);
#685=LINE('',#4325,#1021);
#686=LINE('',#4328,#1022);
#687=LINE('',#4330,#1023);
#688=LINE('',#4333,#1024);
#689=LINE('',#4336,#1025);
#690=LINE('',#4338,#1026);
#691=LINE('',#4340,#1027);
#692=LINE('',#4341,#1028);
#693=LINE('',#4347,#1029);
#694=LINE('',#4350,#1030);
#695=LINE('',#4353,#1031);
#696=LINE('',#4355,#1032);
#697=LINE('',#4357,#1033);
#698=LINE('',#4359,#1034);
#699=LINE('',#4360,#1035);
#700=LINE('',#4363,#1036);
#701=LINE('',#4365,#1037);
#702=LINE('',#4368,#1038);
#703=LINE('',#4371,#1039);
#704=LINE('',#4373,#1040);
#705=LINE('',#4374,#1041);
#706=LINE('',#4377,#1042);
#707=LINE('',#4379,#1043);
#708=LINE('',#4380,#1044);
#709=LINE('',#4381,#1045);
#710=LINE('',#4384,#1046);
#711=LINE('',#4386,#1047);
#712=LINE('',#4387,#1048);
#713=LINE('',#4390,#1049);
#714=LINE('',#4392,#1050);
#715=LINE('',#4393,#1051);
#716=LINE('',#4399,#1052);
#717=LINE('',#4401,#1053);
#718=LINE('',#4402,#1054);
#719=LINE('',#4405,#1055);
#720=LINE('',#4406,#1056);
#721=LINE('',#4408,#1057);
#722=LINE('',#4409,#1058);
#723=LINE('',#4413,#1059);
#724=LINE('',#4414,#1060);
#725=LINE('',#4417,#1061);
#726=LINE('',#4419,#1062);
#727=LINE('',#4420,#1063);
#728=LINE('',#4423,#1064);
#729=LINE('',#4425,#1065);
#730=LINE('',#4426,#1066);
#731=LINE('',#4428,#1067);
#732=LINE('',#4430,#1068);
#733=LINE('',#4433,#1069);
#734=LINE('',#4434,#1070);
#735=LINE('',#4437,#1071);
#736=LINE('',#4438,#1072);
#737=LINE('',#4441,#1073);
#738=LINE('',#4443,#1074);
#739=LINE('',#4444,#1075);
#740=LINE('',#4446,#1076);
#741=LINE('',#4451,#1077);
#742=LINE('',#4455,#1078);
#743=LINE('',#4456,#1079);
#744=LINE('',#4458,#1080);
#745=LINE('',#4460,#1081);
#746=LINE('',#4461,#1082);
#747=LINE('',#4465,#1083);
#748=LINE('',#4467,#1084);
#749=LINE('',#4469,#1085);
#750=LINE('',#4470,#1086);
#751=LINE('',#4473,#1087);
#752=LINE('',#4474,#1088);
#753=LINE('',#4476,#1089);
#754=LINE('',#4478,#1090);
#755=LINE('',#4479,#1091);
#756=LINE('',#4481,#1092);
#757=LINE('',#4482,#1093);
#758=LINE('',#4493,#1094);
#759=LINE('',#4495,#1095);
#760=LINE('',#4496,#1096);
#761=LINE('',#4498,#1097);
#762=LINE('',#4500,#1098);
#763=LINE('',#4501,#1099);
#764=LINE('',#4503,#1100);
#765=LINE('',#4506,#1101);
#766=LINE('',#4512,#1102);
#767=LINE('',#4518,#1103);
#768=LINE('',#4524,#1104);
#769=LINE('',#4530,#1105);
#770=LINE('',#4536,#1106);
#771=LINE('',#4542,#1107);
#772=LINE('',#4547,#1108);
#773=VECTOR('',#3006,10.);
#774=VECTOR('',#3007,10.);
#775=VECTOR('',#3008,10.);
#776=VECTOR('',#3009,10.);
#777=VECTOR('',#3012,10.);
#778=VECTOR('',#3013,10.);
#779=VECTOR('',#3014,10.);
#780=VECTOR('',#3015,10.);
#781=VECTOR('',#3018,10.);
#782=VECTOR('',#3019,10.);
#783=VECTOR('',#3022,10.);
#784=VECTOR('',#3025,10.);
#785=VECTOR('',#3026,10.);
#786=VECTOR('',#3027,10.);
#787=VECTOR('',#3028,10.);
#788=VECTOR('',#3029,10.);
#789=VECTOR('',#3030,10.);
#790=VECTOR('',#3031,10.);
#791=VECTOR('',#3032,10.);
#792=VECTOR('',#3033,10.);
#793=VECTOR('',#3034,10.);
#794=VECTOR('',#3035,10.);
#795=VECTOR('',#3036,10.);
#796=VECTOR('',#3037,10.);
#797=VECTOR('',#3038,10.);
#798=VECTOR('',#3039,10.);
#799=VECTOR('',#3040,10.);
#800=VECTOR('',#3041,10.);
#801=VECTOR('',#3042,10.);
#802=VECTOR('',#3043,10.);
#803=VECTOR('',#3044,10.);
#804=VECTOR('',#3045,10.);
#805=VECTOR('',#3056,10.);
#806=VECTOR('',#3057,10.);
#807=VECTOR('',#3058,10.);
#808=VECTOR('',#3061,10.);
#809=VECTOR('',#3062,10.);
#810=VECTOR('',#3065,10.);
#811=VECTOR('',#3066,10.);
#812=VECTOR('',#3069,10.);
#813=VECTOR('',#3072,10.);
#814=VECTOR('',#3073,10.);
#815=VECTOR('',#3074,10.);
#816=VECTOR('',#3075,10.);
#817=VECTOR('',#3076,10.);
#818=VECTOR('',#3077,10.);
#819=VECTOR('',#3078,10.);
#820=VECTOR('',#3079,10.);
#821=VECTOR('',#3080,10.);
#822=VECTOR('',#3081,10.);
#823=VECTOR('',#3082,10.);
#824=VECTOR('',#3083,10.);
#825=VECTOR('',#3084,10.);
#826=VECTOR('',#3085,10.);
#827=VECTOR('',#3086,10.);
#828=VECTOR('',#3087,10.);
#829=VECTOR('',#3088,10.);
#830=VECTOR('',#3091,10.);
#831=VECTOR('',#3092,10.);
#832=VECTOR('',#3093,10.);
#833=VECTOR('',#3096,10.);
#834=VECTOR('',#3097,10.);
#835=VECTOR('',#3098,10.);
#836=VECTOR('',#3101,10.);
#837=VECTOR('',#3104,10.);
#838=VECTOR('',#3107,10.);
#839=VECTOR('',#3108,10.);
#840=VECTOR('',#3111,10.);
#841=VECTOR('',#3112,10.);
#842=VECTOR('',#3115,10.);
#843=VECTOR('',#3120,10.);
#844=VECTOR('',#3121,10.);
#845=VECTOR('',#3122,10.);
#846=VECTOR('',#3123,10.);
#847=VECTOR('',#3126,10.);
#848=VECTOR('',#3127,10.);
#849=VECTOR('',#3128,10.);
#850=VECTOR('',#3131,10.);
#851=VECTOR('',#3132,10.);
#852=VECTOR('',#3133,10.);
#853=VECTOR('',#3136,10.);
#854=VECTOR('',#3137,10.);
#855=VECTOR('',#3140,10.);
#856=VECTOR('',#3141,10.);
#857=VECTOR('',#3142,10.);
#858=VECTOR('',#3145,10.);
#859=VECTOR('',#3146,10.);
#860=VECTOR('',#3149,10.);
#861=VECTOR('',#3150,10.);
#862=VECTOR('',#3153,10.);
#863=VECTOR('',#3156,10.);
#864=VECTOR('',#3157,10.);
#865=VECTOR('',#3158,10.);
#866=VECTOR('',#3159,10.);
#867=VECTOR('',#3162,10.);
#868=VECTOR('',#3163,10.);
#869=VECTOR('',#3164,10.);
#870=VECTOR('',#3167,10.);
#871=VECTOR('',#3168,10.);
#872=VECTOR('',#3169,10.);
#873=VECTOR('',#3172,10.);
#874=VECTOR('',#3173,10.);
#875=VECTOR('',#3176,10.);
#876=VECTOR('',#3177,10.);
#877=VECTOR('',#3178,10.);
#878=VECTOR('',#3181,10.);
#879=VECTOR('',#3182,10.);
#880=VECTOR('',#3185,10.);
#881=VECTOR('',#3186,10.);
#882=VECTOR('',#3189,10.);
#883=VECTOR('',#3192,10.);
#884=VECTOR('',#3193,10.);
#885=VECTOR('',#3194,10.);
#886=VECTOR('',#3197,10.);
#887=VECTOR('',#3198,10.);
#888=VECTOR('',#3201,10.);
#889=VECTOR('',#3202,10.);
#890=VECTOR('',#3203,10.);
#891=VECTOR('',#3204,10.);
#892=VECTOR('',#3207,10.);
#893=VECTOR('',#3208,10.);
#894=VECTOR('',#3209,10.);
#895=VECTOR('',#3210,10.);
#896=VECTOR('',#3213,10.);
#897=VECTOR('',#3214,10.);
#898=VECTOR('',#3215,10.);
#899=VECTOR('',#3218,10.);
#900=VECTOR('',#3219,10.);
#901=VECTOR('',#3220,10.);
#902=VECTOR('',#3221,10.);
#903=VECTOR('',#3224,10.);
#904=VECTOR('',#3225,10.);
#905=VECTOR('',#3226,10.);
#906=VECTOR('',#3227,10.);
#907=VECTOR('',#3228,10.);
#908=VECTOR('',#3229,10.);
#909=VECTOR('',#3230,10.);
#910=VECTOR('',#3233,10.);
#911=VECTOR('',#3234,10.);
#912=VECTOR('',#3235,10.);
#913=VECTOR('',#3236,10.);
#914=VECTOR('',#3237,10.);
#915=VECTOR('',#3238,10.);
#916=VECTOR('',#3239,10.);
#917=VECTOR('',#3240,10.);
#918=VECTOR('',#3243,10.);
#919=VECTOR('',#3244,10.);
#920=VECTOR('',#3245,10.);
#921=VECTOR('',#3246,10.);
#922=VECTOR('',#3249,10.);
#923=VECTOR('',#3250,10.);
#924=VECTOR('',#3251,10.);
#925=VECTOR('',#3254,10.);
#926=VECTOR('',#3255,10.);
#927=VECTOR('',#3258,10.);
#928=VECTOR('',#3259,10.);
#929=VECTOR('',#3260,10.);
#930=VECTOR('',#3263,10.);
#931=VECTOR('',#3264,10.);
#932=VECTOR('',#3265,10.);
#933=VECTOR('',#3266,10.);
#934=VECTOR('',#3269,10.);
#935=VECTOR('',#3270,10.);
#936=VECTOR('',#3275,10.);
#937=VECTOR('',#3276,10.);
#938=VECTOR('',#3277,10.);
#939=VECTOR('',#3280,10.);
#940=VECTOR('',#3281,10.);
#941=VECTOR('',#3282,10.);
#942=VECTOR('',#3285,10.);
#943=VECTOR('',#3286,10.);
#944=VECTOR('',#3287,10.);
#945=VECTOR('',#3290,10.);
#946=VECTOR('',#3291,10.);
#947=VECTOR('',#3296,1.5);
#948=VECTOR('',#3301,1.5);
#949=VECTOR('',#3306,1.5);
#950=VECTOR('',#3311,1.5);
#951=VECTOR('',#3316,10.);
#952=VECTOR('',#3317,10.);
#953=VECTOR('',#3318,10.);
#954=VECTOR('',#3321,10.);
#955=VECTOR('',#3322,10.);
#956=VECTOR('',#3323,10.);
#957=VECTOR('',#3324,10.);
#958=VECTOR('',#3327,10.);
#959=VECTOR('',#3328,10.);
#960=VECTOR('',#3331,10.);
#961=VECTOR('',#3332,10.);
#962=VECTOR('',#3337,10.);
#963=VECTOR('',#3338,10.);
#964=VECTOR('',#3339,10.);
#965=VECTOR('',#3342,10.);
#966=VECTOR('',#3343,10.);
#967=VECTOR('',#3344,10.);
#968=VECTOR('',#3345,10.);
#969=VECTOR('',#3348,10.);
#970=VECTOR('',#3349,10.);
#971=VECTOR('',#3352,10.);
#972=VECTOR('',#3353,10.);
#973=VECTOR('',#3354,10.);
#974=VECTOR('',#3357,10.);
#975=VECTOR('',#3364,10.);
#976=VECTOR('',#3367,10.);
#977=VECTOR('',#3376,10.);
#978=VECTOR('',#3377,10.);
#979=VECTOR('',#3378,10.);
#980=VECTOR('',#3379,10.);
#981=VECTOR('',#3382,10.);
#982=VECTOR('',#3383,10.);
#983=VECTOR('',#3384,10.);
#984=VECTOR('',#3385,10.);
#985=VECTOR('',#3388,10.);
#986=VECTOR('',#3389,10.);
#987=VECTOR('',#3390,10.);
#988=VECTOR('',#3393,10.);
#989=VECTOR('',#3394,10.);
#990=VECTOR('',#3395,10.);
#991=VECTOR('',#3396,10.);
#992=VECTOR('',#3397,10.);
#993=VECTOR('',#3398,10.);
#994=VECTOR('',#3399,10.);
#995=VECTOR('',#3402,10.);
#996=VECTOR('',#3403,10.);
#997=VECTOR('',#3404,10.);
#998=VECTOR('',#3407,10.);
#999=VECTOR('',#3408,10.);
#1000=VECTOR('',#3409,10.);
#1001=VECTOR('',#3410,10.);
#1002=VECTOR('',#3415,10.);
#1003=VECTOR('',#3418,10.);
#1004=VECTOR('',#3421,10.);
#1005=VECTOR('',#3422,10.);
#1006=VECTOR('',#3423,10.);
#1007=VECTOR('',#3424,10.);
#1008=VECTOR('',#3425,10.);
#1009=VECTOR('',#3428,10.);
#1010=VECTOR('',#3429,10.);
#1011=VECTOR('',#3434,10.);
#1012=VECTOR('',#3437,10.);
#1013=VECTOR('',#3440,10.);
#1014=VECTOR('',#3443,10.);
#1015=VECTOR('',#3444,10.);
#1016=VECTOR('',#3447,10.);
#1017=VECTOR('',#3448,10.);
#1018=VECTOR('',#3449,10.);
#1019=VECTOR('',#3450,10.);
#1020=VECTOR('',#3455,10.);
#1021=VECTOR('',#3458,10.);
#1022=VECTOR('',#3461,10.);
#1023=VECTOR('',#3462,10.);
#1024=VECTOR('',#3465,10.);
#1025=VECTOR('',#3468,10.);
#1026=VECTOR('',#3469,10.);
#1027=VECTOR('',#3470,10.);
#1028=VECTOR('',#3471,10.);
#1029=VECTOR('',#3476,10.);
#1030=VECTOR('',#3479,10.);
#1031=VECTOR('',#3482,10.);
#1032=VECTOR('',#3483,10.);
#1033=VECTOR('',#3484,10.);
#1034=VECTOR('',#3485,10.);
#1035=VECTOR('',#3486,10.);
#1036=VECTOR('',#3489,10.);
#1037=VECTOR('',#3490,10.);
#1038=VECTOR('',#3493,10.);
#1039=VECTOR('',#3496,10.);
#1040=VECTOR('',#3497,10.);
#1041=VECTOR('',#3498,10.);
#1042=VECTOR('',#3501,10.);
#1043=VECTOR('',#3502,10.);
#1044=VECTOR('',#3503,10.);
#1045=VECTOR('',#3504,10.);
#1046=VECTOR('',#3507,10.);
#1047=VECTOR('',#3508,10.);
#1048=VECTOR('',#3509,10.);
#1049=VECTOR('',#3512,10.);
#1050=VECTOR('',#3513,10.);
#1051=VECTOR('',#3514,10.);
#1052=VECTOR('',#3523,10.);
#1053=VECTOR('',#3524,10.);
#1054=VECTOR('',#3525,10.);
#1055=VECTOR('',#3528,10.);
#1056=VECTOR('',#3529,10.);
#1057=VECTOR('',#3532,10.);
#1058=VECTOR('',#3533,10.);
#1059=VECTOR('',#3538,10.);
#1060=VECTOR('',#3539,10.);
#1061=VECTOR('',#3542,10.);
#1062=VECTOR('',#3543,10.);
#1063=VECTOR('',#3544,10.);
#1064=VECTOR('',#3547,10.);
#1065=VECTOR('',#3548,10.);
#1066=VECTOR('',#3549,10.);
#1067=VECTOR('',#3552,10.);
#1068=VECTOR('',#3555,10.);
#1069=VECTOR('',#3558,10.);
#1070=VECTOR('',#3559,10.);
#1071=VECTOR('',#3562,10.);
#1072=VECTOR('',#3563,10.);
#1073=VECTOR('',#3566,10.);
#1074=VECTOR('',#3567,10.);
#1075=VECTOR('',#3568,10.);
#1076=VECTOR('',#3571,10.);
#1077=VECTOR('',#3576,3.);
#1078=VECTOR('',#3583,10.);
#1079=VECTOR('',#3584,10.);
#1080=VECTOR('',#3585,10.);
#1081=VECTOR('',#3586,10.);
#1082=VECTOR('',#3587,10.);
#1083=VECTOR('',#3590,10.);
#1084=VECTOR('',#3591,10.);
#1085=VECTOR('',#3592,10.);
#1086=VECTOR('',#3593,10.);
#1087=VECTOR('',#3596,10.);
#1088=VECTOR('',#3597,10.);
#1089=VECTOR('',#3598,10.);
#1090=VECTOR('',#3599,10.);
#1091=VECTOR('',#3600,10.);
#1092=VECTOR('',#3601,10.);
#1093=VECTOR('',#3602,10.);
#1094=VECTOR('',#3613,10.);
#1095=VECTOR('',#3614,10.);
#1096=VECTOR('',#3615,10.);
#1097=VECTOR('',#3618,10.);
#1098=VECTOR('',#3621,10.);
#1099=VECTOR('',#3622,10.);
#1100=VECTOR('',#3625,10.);
#1101=VECTOR('',#3630,10.);
#1102=VECTOR('',#3637,3.);
#1103=VECTOR('',#3646,1.5);
#1104=VECTOR('',#3653,2.99999998509884);
#1105=VECTOR('',#3662,1.5);
#1106=VECTOR('',#3669,3.00000000000001);
#1107=VECTOR('',#3678,1.5);
#1108=VECTOR('',#3685,1.5);
#1109=VERTEX_POINT('',#3697);
#1110=VERTEX_POINT('',#3698);
#1111=VERTEX_POINT('',#3700);
#1112=VERTEX_POINT('',#3702);
#1113=VERTEX_POINT('',#3706);
#1114=VERTEX_POINT('',#3707);
#1115=VERTEX_POINT('',#3709);
#1116=VERTEX_POINT('',#3711);
#1117=VERTEX_POINT('',#3720);
#1118=VERTEX_POINT('',#3722);
#1119=VERTEX_POINT('',#3724);
#1120=VERTEX_POINT('',#3726);
#1121=VERTEX_POINT('',#3728);
#1122=VERTEX_POINT('',#3730);
#1123=VERTEX_POINT('',#3732);
#1124=VERTEX_POINT('',#3734);
#1125=VERTEX_POINT('',#3736);
#1126=VERTEX_POINT('',#3738);
#1127=VERTEX_POINT('',#3740);
#1128=VERTEX_POINT('',#3742);
#1129=VERTEX_POINT('',#3744);
#1130=VERTEX_POINT('',#3746);
#1131=VERTEX_POINT('',#3748);
#1132=VERTEX_POINT('',#3750);
#1133=VERTEX_POINT('',#3752);
#1134=VERTEX_POINT('',#3754);
#1135=VERTEX_POINT('',#3756);
#1136=VERTEX_POINT('',#3758);
#1137=VERTEX_POINT('',#3761);
#1138=VERTEX_POINT('',#3763);
#1139=VERTEX_POINT('',#3765);
#1140=VERTEX_POINT('',#3767);
#1141=VERTEX_POINT('',#3770);
#1142=VERTEX_POINT('',#3772);
#1143=VERTEX_POINT('',#3776);
#1144=VERTEX_POINT('',#3780);
#1145=VERTEX_POINT('',#3786);
#1146=VERTEX_POINT('',#3788);
#1147=VERTEX_POINT('',#3790);
#1148=VERTEX_POINT('',#3792);
#1149=VERTEX_POINT('',#3794);
#1150=VERTEX_POINT('',#3797);
#1151=VERTEX_POINT('',#3799);
#1152=VERTEX_POINT('',#3802);
#1153=VERTEX_POINT('',#3803);
#1154=VERTEX_POINT('',#3805);
#1155=VERTEX_POINT('',#3807);
#1156=VERTEX_POINT('',#3810);
#1157=VERTEX_POINT('',#3811);
#1158=VERTEX_POINT('',#3813);
#1159=VERTEX_POINT('',#3815);
#1160=VERTEX_POINT('',#3819);
#1161=VERTEX_POINT('',#3821);
#1162=VERTEX_POINT('',#3825);
#1163=VERTEX_POINT('',#3827);
#1164=VERTEX_POINT('',#3835);
#1165=VERTEX_POINT('',#3839);
#1166=VERTEX_POINT('',#3846);
#1167=VERTEX_POINT('',#3847);
#1168=VERTEX_POINT('',#3849);
#1169=VERTEX_POINT('',#3851);
#1170=VERTEX_POINT('',#3855);
#1171=VERTEX_POINT('',#3857);
#1172=VERTEX_POINT('',#3861);
#1173=VERTEX_POINT('',#3863);
#1174=VERTEX_POINT('',#3867);
#1175=VERTEX_POINT('',#3871);
#1176=VERTEX_POINT('',#3873);
#1177=VERTEX_POINT('',#3880);
#1178=VERTEX_POINT('',#3886);
#1179=VERTEX_POINT('',#3887);
#1180=VERTEX_POINT('',#3889);
#1181=VERTEX_POINT('',#3891);
#1182=VERTEX_POINT('',#3895);
#1183=VERTEX_POINT('',#3897);
#1184=VERTEX_POINT('',#3901);
#1185=VERTEX_POINT('',#3903);
#1186=VERTEX_POINT('',#3907);
#1187=VERTEX_POINT('',#3911);
#1188=VERTEX_POINT('',#3913);
#1189=VERTEX_POINT('',#3920);
#1190=VERTEX_POINT('',#3926);
#1191=VERTEX_POINT('',#3928);
#1192=VERTEX_POINT('',#3932);
#1193=VERTEX_POINT('',#3936);
#1194=VERTEX_POINT('',#3938);
#1195=VERTEX_POINT('',#3940);
#1196=VERTEX_POINT('',#3944);
#1197=VERTEX_POINT('',#3945);
#1198=VERTEX_POINT('',#3947);
#1199=VERTEX_POINT('',#3949);
#1200=VERTEX_POINT('',#3953);
#1201=VERTEX_POINT('',#3955);
#1202=VERTEX_POINT('',#3959);
#1203=VERTEX_POINT('',#3961);
#1204=VERTEX_POINT('',#3963);
#1205=VERTEX_POINT('',#3967);
#1206=VERTEX_POINT('',#3968);
#1207=VERTEX_POINT('',#3970);
#1208=VERTEX_POINT('',#3972);
#1209=VERTEX_POINT('',#3974);
#1210=VERTEX_POINT('',#3976);
#1211=VERTEX_POINT('',#3978);
#1212=VERTEX_POINT('',#3990);
#1213=VERTEX_POINT('',#3994);
#1214=VERTEX_POINT('',#4000);
#1215=VERTEX_POINT('',#4002);
#1216=VERTEX_POINT('',#4011);
#1217=VERTEX_POINT('',#4012);
#1218=VERTEX_POINT('',#4016);
#1219=VERTEX_POINT('',#4018);
#1220=VERTEX_POINT('',#4029);
#1221=VERTEX_POINT('',#4033);
#1222=VERTEX_POINT('',#4044);
#1223=VERTEX_POINT('',#4048);
#1224=VERTEX_POINT('',#4059);
#1225=VERTEX_POINT('',#4063);
#1226=VERTEX_POINT('',#4077);
#1227=VERTEX_POINT('',#4081);
#1228=VERTEX_POINT('',#4092);
#1229=VERTEX_POINT('',#4096);
#1230=VERTEX_POINT('',#4102);
#1231=VERTEX_POINT('',#4104);
#1232=VERTEX_POINT('',#4108);
#1233=VERTEX_POINT('',#4112);
#1234=VERTEX_POINT('',#4114);
#1235=VERTEX_POINT('',#4118);
#1236=VERTEX_POINT('',#4119);
#1237=VERTEX_POINT('',#4121);
#1238=VERTEX_POINT('',#4130);
#1239=VERTEX_POINT('',#4132);
#1240=VERTEX_POINT('',#4136);
#1241=VERTEX_POINT('',#4138);
#1242=VERTEX_POINT('',#4142);
#1243=VERTEX_POINT('',#4144);
#1244=VERTEX_POINT('',#4152);
#1245=VERTEX_POINT('',#4156);
#1246=VERTEX_POINT('',#4160);
#1247=VERTEX_POINT('',#4164);
#1248=VERTEX_POINT('',#4168);
#1249=VERTEX_POINT('',#4170);
#1250=VERTEX_POINT('',#4175);
#1251=VERTEX_POINT('',#4177);
#1252=VERTEX_POINT('',#4188);
#1253=VERTEX_POINT('',#4190);
#1254=VERTEX_POINT('',#4194);
#1255=VERTEX_POINT('',#4195);
#1256=VERTEX_POINT('',#4201);
#1257=VERTEX_POINT('',#4205);
#1258=VERTEX_POINT('',#4221);
#1259=VERTEX_POINT('',#4222);
#1260=VERTEX_POINT('',#4224);
#1261=VERTEX_POINT('',#4226);
#1262=VERTEX_POINT('',#4230);
#1263=VERTEX_POINT('',#4231);
#1264=VERTEX_POINT('',#4233);
#1265=VERTEX_POINT('',#4238);
#1266=VERTEX_POINT('',#4240);
#1267=VERTEX_POINT('',#4244);
#1268=VERTEX_POINT('',#4246);
#1269=VERTEX_POINT('',#4248);
#1270=VERTEX_POINT('',#4250);
#1271=VERTEX_POINT('',#4252);
#1272=VERTEX_POINT('',#4254);
#1273=VERTEX_POINT('',#4258);
#1274=VERTEX_POINT('',#4260);
#1275=VERTEX_POINT('',#4264);
#1276=VERTEX_POINT('',#4266);
#1277=VERTEX_POINT('',#4268);
#1278=VERTEX_POINT('',#4272);
#1279=VERTEX_POINT('',#4273);
#1280=VERTEX_POINT('',#4275);
#1281=VERTEX_POINT('',#4277);
#1282=VERTEX_POINT('',#4281);
#1283=VERTEX_POINT('',#4284);
#1284=VERTEX_POINT('',#4286);
#1285=VERTEX_POINT('',#4290);
#1286=VERTEX_POINT('',#4294);
#1287=VERTEX_POINT('',#4295);
#1288=VERTEX_POINT('',#4297);
#1289=VERTEX_POINT('',#4299);
#1290=VERTEX_POINT('',#4303);
#1291=VERTEX_POINT('',#4305);
#1292=VERTEX_POINT('',#4307);
#1293=VERTEX_POINT('',#4311);
#1294=VERTEX_POINT('',#4314);
#1295=VERTEX_POINT('',#4318);
#1296=VERTEX_POINT('',#4319);
#1297=VERTEX_POINT('',#4321);
#1298=VERTEX_POINT('',#4323);
#1299=VERTEX_POINT('',#4327);
#1300=VERTEX_POINT('',#4329);
#1301=VERTEX_POINT('',#4331);
#1302=VERTEX_POINT('',#4335);
#1303=VERTEX_POINT('',#4337);
#1304=VERTEX_POINT('',#4339);
#1305=VERTEX_POINT('',#4343);
#1306=VERTEX_POINT('',#4344);
#1307=VERTEX_POINT('',#4346);
#1308=VERTEX_POINT('',#4348);
#1309=VERTEX_POINT('',#4352);
#1310=VERTEX_POINT('',#4354);
#1311=VERTEX_POINT('',#4356);
#1312=VERTEX_POINT('',#4358);
#1313=VERTEX_POINT('',#4362);
#1314=VERTEX_POINT('',#4364);
#1315=VERTEX_POINT('',#4366);
#1316=VERTEX_POINT('',#4370);
#1317=VERTEX_POINT('',#4372);
#1318=VERTEX_POINT('',#4376);
#1319=VERTEX_POINT('',#4378);
#1320=VERTEX_POINT('',#4383);
#1321=VERTEX_POINT('',#4385);
#1322=VERTEX_POINT('',#4389);
#1323=VERTEX_POINT('',#4391);
#1324=VERTEX_POINT('',#4398);
#1325=VERTEX_POINT('',#4400);
#1326=VERTEX_POINT('',#4404);
#1327=VERTEX_POINT('',#4412);
#1328=VERTEX_POINT('',#4416);
#1329=VERTEX_POINT('',#4418);
#1330=VERTEX_POINT('',#4422);
#1331=VERTEX_POINT('',#4424);
#1332=VERTEX_POINT('',#4432);
#1333=VERTEX_POINT('',#4436);
#1334=VERTEX_POINT('',#4440);
#1335=VERTEX_POINT('',#4442);
#1336=VERTEX_POINT('',#4448);
#1337=VERTEX_POINT('',#4450);
#1338=VERTEX_POINT('',#4457);
#1339=VERTEX_POINT('',#4459);
#1340=VERTEX_POINT('',#4463);
#1341=VERTEX_POINT('',#4464);
#1342=VERTEX_POINT('',#4466);
#1343=VERTEX_POINT('',#4468);
#1344=VERTEX_POINT('',#4472);
#1345=VERTEX_POINT('',#4475);
#1346=VERTEX_POINT('',#4477);
#1347=VERTEX_POINT('',#4480);
#1348=VERTEX_POINT('',#4483);
#1349=VERTEX_POINT('',#4485);
#1350=VERTEX_POINT('',#4487);
#1351=VERTEX_POINT('',#4489);
#1352=VERTEX_POINT('',#4492);
#1353=VERTEX_POINT('',#4494);
#1354=VERTEX_POINT('',#4509);
#1355=VERTEX_POINT('',#4511);
#1356=VERTEX_POINT('',#4516);
#1357=VERTEX_POINT('',#4521);
#1358=VERTEX_POINT('',#4523);
#1359=VERTEX_POINT('',#4528);
#1360=VERTEX_POINT('',#4533);
#1361=VERTEX_POINT('',#4535);
#1362=VERTEX_POINT('',#4540);
#1363=VERTEX_POINT('',#4545);
#1364=EDGE_CURVE('',#1109,#1110,#437,.T.);
#1365=EDGE_CURVE('',#1109,#1111,#438,.T.);
#1366=EDGE_CURVE('',#1112,#1111,#439,.T.);
#1367=EDGE_CURVE('',#1110,#1112,#440,.T.);
#1368=EDGE_CURVE('',#1113,#1114,#441,.T.);
#1369=EDGE_CURVE('',#1115,#1113,#442,.T.);
#1370=EDGE_CURVE('',#1116,#1115,#443,.T.);
#1371=EDGE_CURVE('',#1114,#1116,#444,.T.);
#1372=EDGE_CURVE('',#1114,#1109,#445,.T.);
#1373=EDGE_CURVE('',#1111,#1116,#446,.T.);
#1374=EDGE_CURVE('',#1112,#1115,#447,.T.);
#1375=EDGE_CURVE('',#1110,#1117,#448,.T.);
#1376=EDGE_CURVE('',#1117,#1118,#449,.T.);
#1377=EDGE_CURVE('',#1119,#1118,#450,.T.);
#1378=EDGE_CURVE('',#1120,#1119,#451,.T.);
#1379=EDGE_CURVE('',#1120,#1121,#452,.T.);
#1380=EDGE_CURVE('',#1121,#1122,#453,.T.);
#1381=EDGE_CURVE('',#1122,#1123,#454,.T.);
#1382=EDGE_CURVE('',#1123,#1124,#455,.T.);
#1383=EDGE_CURVE('',#1124,#1125,#456,.T.);
#1384=EDGE_CURVE('',#1125,#1126,#457,.T.);
#1385=EDGE_CURVE('',#1126,#1127,#458,.T.);
#1386=EDGE_CURVE('',#1127,#1128,#459,.T.);
#1387=EDGE_CURVE('',#1128,#1129,#460,.T.);
#1388=EDGE_CURVE('',#1129,#1130,#461,.T.);
#1389=EDGE_CURVE('',#1130,#1131,#462,.T.);
#1390=EDGE_CURVE('',#1131,#1132,#463,.T.);
#1391=EDGE_CURVE('',#1132,#1133,#464,.T.);
#1392=EDGE_CURVE('',#1133,#1134,#465,.T.);
#1393=EDGE_CURVE('',#1134,#1135,#466,.T.);
#1394=EDGE_CURVE('',#1135,#1136,#467,.T.);
#1395=EDGE_CURVE('',#1136,#1113,#468,.T.);
#1396=EDGE_CURVE('',#1137,#1137,#90,.T.);
#1397=EDGE_CURVE('',#1138,#1138,#91,.T.);
#1398=EDGE_CURVE('',#1139,#1139,#92,.T.);
#1399=EDGE_CURVE('',#1140,#1140,#93,.T.);
#1400=EDGE_CURVE('',#1124,#1141,#469,.T.);
#1401=EDGE_CURVE('',#1142,#1141,#470,.T.);
#1402=EDGE_CURVE('',#1125,#1142,#471,.T.);
#1403=EDGE_CURVE('',#1143,#1142,#472,.T.);
#1404=EDGE_CURVE('',#1126,#1143,#473,.T.);
#1405=EDGE_CURVE('',#1144,#1123,#474,.T.);
#1406=EDGE_CURVE('',#1141,#1144,#475,.T.);
#1407=EDGE_CURVE('',#1143,#1144,#476,.T.);
#1408=EDGE_CURVE('',#1122,#1145,#477,.T.);
#1409=EDGE_CURVE('',#1145,#1146,#478,.T.);
#1410=EDGE_CURVE('',#1147,#1146,#479,.T.);
#1411=EDGE_CURVE('',#1148,#1147,#480,.T.);
#1412=EDGE_CURVE('',#1148,#1149,#481,.T.);
#1413=EDGE_CURVE('',#1131,#1149,#482,.T.);
#1414=EDGE_CURVE('',#1130,#1150,#483,.T.);
#1415=EDGE_CURVE('',#1150,#1151,#484,.T.);
#1416=EDGE_CURVE('',#1151,#1127,#485,.T.);
#1417=EDGE_CURVE('',#1152,#1153,#486,.T.);
#1418=EDGE_CURVE('',#1153,#1154,#487,.T.);
#1419=EDGE_CURVE('',#1154,#1155,#488,.T.);
#1420=EDGE_CURVE('',#1155,#1152,#489,.T.);
#1421=EDGE_CURVE('',#1156,#1157,#490,.T.);
#1422=EDGE_CURVE('',#1157,#1158,#491,.T.);
#1423=EDGE_CURVE('',#1158,#1159,#492,.T.);
#1424=EDGE_CURVE('',#1159,#1156,#493,.T.);
#1425=EDGE_CURVE('',#1135,#1160,#494,.T.);
#1426=EDGE_CURVE('',#1161,#1160,#495,.T.);
#1427=EDGE_CURVE('',#1136,#1161,#496,.T.);
#1428=EDGE_CURVE('',#1162,#1133,#497,.T.);
#1429=EDGE_CURVE('',#1163,#1162,#498,.T.);
#1430=EDGE_CURVE('',#1134,#1163,#499,.T.);
#1431=EDGE_CURVE('',#1160,#1163,#500,.T.);
#1432=EDGE_CURVE('',#1161,#1162,#501,.T.);
#1433=EDGE_CURVE('',#1129,#1164,#502,.T.);
#1434=EDGE_CURVE('',#1150,#1164,#503,.T.);
#1435=EDGE_CURVE('',#1165,#1151,#504,.T.);
#1436=EDGE_CURVE('',#1128,#1165,#505,.T.);
#1437=EDGE_CURVE('',#1164,#1165,#506,.T.);
#1438=EDGE_CURVE('',#1166,#1167,#507,.T.);
#1439=EDGE_CURVE('',#1166,#1168,#508,.T.);
#1440=EDGE_CURVE('',#1169,#1168,#509,.T.);
#1441=EDGE_CURVE('',#1167,#1169,#510,.T.);
#1442=EDGE_CURVE('',#1170,#1158,#511,.T.);
#1443=EDGE_CURVE('',#1171,#1170,#512,.T.);
#1444=EDGE_CURVE('',#1171,#1159,#513,.T.);
#1445=EDGE_CURVE('',#1172,#1166,#514,.T.);
#1446=EDGE_CURVE('',#1172,#1173,#515,.T.);
#1447=EDGE_CURVE('',#1168,#1173,#516,.T.);
#1448=EDGE_CURVE('',#1174,#1171,#517,.T.);
#1449=EDGE_CURVE('',#1174,#1156,#518,.T.);
#1450=EDGE_CURVE('',#1167,#1175,#519,.T.);
#1451=EDGE_CURVE('',#1176,#1169,#520,.T.);
#1452=EDGE_CURVE('',#1175,#1176,#521,.T.);
#1453=EDGE_CURVE('',#1175,#1172,#522,.T.);
#1454=EDGE_CURVE('',#1173,#1176,#523,.T.);
#1455=EDGE_CURVE('',#1177,#1174,#524,.T.);
#1456=EDGE_CURVE('',#1177,#1157,#525,.T.);
#1457=EDGE_CURVE('',#1170,#1177,#526,.T.);
#1458=EDGE_CURVE('',#1178,#1179,#527,.T.);
#1459=EDGE_CURVE('',#1178,#1180,#528,.T.);
#1460=EDGE_CURVE('',#1181,#1180,#529,.T.);
#1461=EDGE_CURVE('',#1179,#1181,#530,.T.);
#1462=EDGE_CURVE('',#1182,#1154,#531,.T.);
#1463=EDGE_CURVE('',#1183,#1182,#532,.T.);
#1464=EDGE_CURVE('',#1183,#1155,#533,.T.);
#1465=EDGE_CURVE('',#1184,#1178,#534,.T.);
#1466=EDGE_CURVE('',#1184,#1185,#535,.T.);
#1467=EDGE_CURVE('',#1180,#1185,#536,.T.);
#1468=EDGE_CURVE('',#1186,#1183,#537,.T.);
#1469=EDGE_CURVE('',#1186,#1152,#538,.T.);
#1470=EDGE_CURVE('',#1179,#1187,#539,.T.);
#1471=EDGE_CURVE('',#1188,#1181,#540,.T.);
#1472=EDGE_CURVE('',#1187,#1188,#541,.T.);
#1473=EDGE_CURVE('',#1187,#1184,#542,.T.);
#1474=EDGE_CURVE('',#1185,#1188,#543,.T.);
#1475=EDGE_CURVE('',#1189,#1186,#544,.T.);
#1476=EDGE_CURVE('',#1189,#1153,#545,.T.);
#1477=EDGE_CURVE('',#1182,#1189,#546,.T.);
#1478=EDGE_CURVE('',#1190,#1145,#547,.T.);
#1479=EDGE_CURVE('',#1190,#1191,#548,.T.);
#1480=EDGE_CURVE('',#1146,#1191,#549,.T.);
#1481=EDGE_CURVE('',#1191,#1192,#550,.T.);
#1482=EDGE_CURVE('',#1192,#1147,#551,.T.);
#1483=EDGE_CURVE('',#1145,#1193,#552,.T.);
#1484=EDGE_CURVE('',#1193,#1194,#553,.T.);
#1485=EDGE_CURVE('',#1194,#1195,#554,.T.);
#1486=EDGE_CURVE('',#1195,#1190,#555,.T.);
#1487=EDGE_CURVE('',#1196,#1197,#556,.T.);
#1488=EDGE_CURVE('',#1196,#1198,#557,.T.);
#1489=EDGE_CURVE('',#1199,#1198,#558,.T.);
#1490=EDGE_CURVE('',#1197,#1199,#559,.T.);
#1491=EDGE_CURVE('',#1198,#1200,#560,.T.);
#1492=EDGE_CURVE('',#1200,#1201,#561,.T.);
#1493=EDGE_CURVE('',#1201,#1199,#562,.T.);
#1494=EDGE_CURVE('',#1197,#1202,#563,.T.);
#1495=EDGE_CURVE('',#1202,#1203,#564,.T.);
#1496=EDGE_CURVE('',#1203,#1204,#565,.T.);
#1497=EDGE_CURVE('',#1204,#1196,#566,.T.);
#1498=EDGE_CURVE('',#1205,#1206,#567,.T.);
#1499=EDGE_CURVE('',#1207,#1205,#568,.T.);
#1500=EDGE_CURVE('',#1207,#1208,#569,.T.);
#1501=EDGE_CURVE('',#1208,#1209,#570,.T.);
#1502=EDGE_CURVE('',#1210,#1209,#571,.T.);
#1503=EDGE_CURVE('',#1211,#1210,#50,.T.);
#1504=EDGE_CURVE('',#1211,#1206,#572,.T.);
#1505=EDGE_CURVE('',#1212,#1210,#51,.T.);
#1506=EDGE_CURVE('',#1209,#1213,#52,.T.);
#1507=EDGE_CURVE('',#1212,#1213,#573,.T.);
#1508=EDGE_CURVE('',#1214,#1212,#574,.T.);
#1509=EDGE_CURVE('',#1213,#1215,#575,.T.);
#1510=EDGE_CURVE('',#1214,#1215,#576,.T.);
#1511=EDGE_CURVE('',#1216,#1217,#53,.T.);
#1512=EDGE_CURVE('',#1217,#1218,#577,.T.);
#1513=EDGE_CURVE('',#1218,#1219,#54,.T.);
#1514=EDGE_CURVE('',#1216,#1219,#578,.T.);
#1515=EDGE_CURVE('',#1220,#1207,#55,.T.);
#1516=EDGE_CURVE('',#1220,#1221,#579,.T.);
#1517=EDGE_CURVE('',#1221,#1208,#56,.T.);
#1518=EDGE_CURVE('',#1222,#1220,#57,.T.);
#1519=EDGE_CURVE('',#1222,#1223,#580,.T.);
#1520=EDGE_CURVE('',#1223,#1221,#58,.T.);
#1521=EDGE_CURVE('',#1224,#1216,#59,.T.);
#1522=EDGE_CURVE('',#1219,#1225,#60,.T.);
#1523=EDGE_CURVE('',#1224,#1225,#581,.T.);
#1524=EDGE_CURVE('',#1215,#1218,#582,.T.);
#1525=EDGE_CURVE('',#1225,#1223,#583,.T.);
#1526=EDGE_CURVE('',#1210,#1226,#61,.T.);
#1527=EDGE_CURVE('',#1227,#1226,#584,.T.);
#1528=EDGE_CURVE('',#1227,#1211,#62,.T.);
#1529=EDGE_CURVE('',#1228,#1227,#63,.T.);
#1530=EDGE_CURVE('',#1226,#1229,#64,.T.);
#1531=EDGE_CURVE('',#1228,#1229,#585,.T.);
#1532=EDGE_CURVE('',#1217,#1230,#586,.T.);
#1533=EDGE_CURVE('',#1230,#1231,#587,.T.);
#1534=EDGE_CURVE('',#1231,#1214,#588,.T.);
#1535=EDGE_CURVE('',#1232,#1231,#589,.T.);
#1536=EDGE_CURVE('',#1229,#1232,#590,.T.);
#1537=EDGE_CURVE('',#1205,#1233,#591,.T.);
#1538=EDGE_CURVE('',#1206,#1234,#592,.T.);
#1539=EDGE_CURVE('',#1233,#1234,#593,.T.);
#1540=EDGE_CURVE('',#1235,#1236,#594,.T.);
#1541=EDGE_CURVE('',#1235,#1237,#595,.T.);
#1542=EDGE_CURVE('',#1237,#1228,#596,.T.);
#1543=EDGE_CURVE('',#1236,#1232,#597,.T.);
#1544=EDGE_CURVE('',#1233,#1235,#598,.T.);
#1545=EDGE_CURVE('',#1234,#1237,#599,.T.);
#1546=EDGE_CURVE('',#1238,#1222,#600,.T.);
#1547=EDGE_CURVE('',#1238,#1239,#601,.T.);
#1548=EDGE_CURVE('',#1239,#1224,#602,.T.);
#1549=EDGE_CURVE('',#1240,#1238,#603,.T.);
#1550=EDGE_CURVE('',#1240,#1241,#604,.T.);
#1551=EDGE_CURVE('',#1241,#1239,#605,.T.);
#1552=EDGE_CURVE('',#1242,#1240,#606,.T.);
#1553=EDGE_CURVE('',#1242,#1243,#607,.T.);
#1554=EDGE_CURVE('',#1243,#1241,#608,.T.);
#1555=EDGE_CURVE('',#1236,#1242,#609,.T.);
#1556=EDGE_CURVE('',#1230,#1243,#610,.T.);
#1557=EDGE_CURVE('',#1140,#1244,#611,.T.);
#1558=EDGE_CURVE('',#1244,#1244,#94,.T.);
#1559=EDGE_CURVE('',#1139,#1245,#612,.T.);
#1560=EDGE_CURVE('',#1245,#1245,#95,.T.);
#1561=EDGE_CURVE('',#1138,#1246,#613,.T.);
#1562=EDGE_CURVE('',#1246,#1246,#96,.T.);
#1563=EDGE_CURVE('',#1137,#1247,#614,.T.);
#1564=EDGE_CURVE('',#1247,#1247,#97,.T.);
#1565=EDGE_CURVE('',#1149,#1248,#615,.T.);
#1566=EDGE_CURVE('',#1249,#1148,#616,.T.);
#1567=EDGE_CURVE('',#1249,#1248,#617,.T.);
#1568=EDGE_CURVE('',#1200,#1249,#618,.T.);
#1569=EDGE_CURVE('',#1192,#1250,#619,.T.);
#1570=EDGE_CURVE('',#1251,#1250,#620,.T.);
#1571=EDGE_CURVE('',#1201,#1251,#621,.T.);
#1572=EDGE_CURVE('',#1121,#1193,#622,.T.);
#1573=EDGE_CURVE('',#1194,#1120,#623,.T.);
#1574=EDGE_CURVE('',#1204,#1118,#624,.T.);
#1575=EDGE_CURVE('',#1119,#1203,#625,.T.);
#1576=EDGE_CURVE('',#1252,#1202,#626,.T.);
#1577=EDGE_CURVE('',#1253,#1252,#627,.T.);
#1578=EDGE_CURVE('',#1195,#1253,#628,.T.);
#1579=EDGE_CURVE('',#1254,#1255,#629,.T.);
#1580=EDGE_CURVE('',#1255,#1252,#630,.T.);
#1581=EDGE_CURVE('',#1252,#1251,#631,.T.);
#1582=EDGE_CURVE('',#1254,#1251,#632,.T.);
#1583=EDGE_CURVE('',#1255,#1256,#633,.T.);
#1584=EDGE_CURVE('',#1256,#1253,#634,.T.);
#1585=EDGE_CURVE('',#1256,#1257,#635,.T.);
#1586=EDGE_CURVE('',#1257,#1250,#636,.T.);
#1587=EDGE_CURVE('',#1250,#1253,#637,.T.);
#1588=EDGE_CURVE('',#1257,#1254,#638,.T.);
#1589=EDGE_CURVE('',#1117,#1196,#639,.T.);
#1590=EDGE_CURVE('',#1132,#1248,#640,.T.);
#1591=EDGE_CURVE('',#1258,#1259,#641,.T.);
#1592=EDGE_CURVE('',#1260,#1258,#642,.T.);
#1593=EDGE_CURVE('',#1260,#1261,#643,.T.);
#1594=EDGE_CURVE('',#1259,#1261,#644,.T.);
#1595=EDGE_CURVE('',#1262,#1263,#645,.T.);
#1596=EDGE_CURVE('',#1263,#1264,#646,.T.);
#1597=EDGE_CURVE('',#1259,#1264,#647,.T.);
#1598=EDGE_CURVE('',#1261,#1262,#648,.T.);
#1599=EDGE_CURVE('',#1265,#1258,#649,.T.);
#1600=EDGE_CURVE('',#1265,#1266,#650,.T.);
#1601=EDGE_CURVE('',#1260,#1266,#651,.T.);
#1602=EDGE_CURVE('',#1267,#1264,#652,.T.);
#1603=EDGE_CURVE('',#1268,#1267,#653,.T.);
#1604=EDGE_CURVE('',#1269,#1268,#654,.T.);
#1605=EDGE_CURVE('',#1270,#1269,#655,.T.);
#1606=EDGE_CURVE('',#1271,#1270,#656,.T.);
#1607=EDGE_CURVE('',#1272,#1271,#657,.T.);
#1608=EDGE_CURVE('',#1259,#1272,#658,.T.);
#1609=EDGE_CURVE('',#1273,#1265,#659,.T.);
#1610=EDGE_CURVE('',#1274,#1273,#660,.T.);
#1611=EDGE_CURVE('',#1266,#1274,#661,.T.);
#1612=EDGE_CURVE('',#1275,#1274,#662,.T.);
#1613=EDGE_CURVE('',#1276,#1273,#663,.T.);
#1614=EDGE_CURVE('',#1276,#1277,#664,.T.);
#1615=EDGE_CURVE('',#1277,#1275,#665,.T.);
#1616=EDGE_CURVE('',#1278,#1279,#98,.T.);
#1617=EDGE_CURVE('',#1279,#1280,#666,.T.);
#1618=EDGE_CURVE('',#1280,#1281,#99,.T.);
#1619=EDGE_CURVE('',#1281,#1278,#667,.T.);
#1620=EDGE_CURVE('',#1282,#1278,#668,.T.);
#1621=EDGE_CURVE('',#1282,#1271,#669,.T.);
#1622=EDGE_CURVE('',#1283,#1271,#670,.T.);
#1623=EDGE_CURVE('',#1283,#1284,#671,.T.);
#1624=EDGE_CURVE('',#1279,#1284,#672,.T.);
#1625=EDGE_CURVE('',#1285,#1281,#673,.T.);
#1626=EDGE_CURVE('',#1282,#1285,#674,.T.);
#1627=EDGE_CURVE('',#1286,#1287,#100,.T.);
#1628=EDGE_CURVE('',#1287,#1288,#675,.T.);
#1629=EDGE_CURVE('',#1288,#1289,#101,.T.);
#1630=EDGE_CURVE('',#1289,#1286,#676,.T.);
#1631=EDGE_CURVE('',#1287,#1290,#677,.T.);
#1632=EDGE_CURVE('',#1291,#1290,#102,.T.);
#1633=EDGE_CURVE('',#1291,#1292,#678,.T.);
#1634=EDGE_CURVE('',#1292,#1288,#679,.T.);
#1635=EDGE_CURVE('',#1293,#1286,#680,.T.);
#1636=EDGE_CURVE('',#1293,#1269,#681,.T.);
#1637=EDGE_CURVE('',#1294,#1269,#682,.T.);
#1638=EDGE_CURVE('',#1290,#1294,#683,.T.);
#1639=EDGE_CURVE('',#1295,#1296,#103,.T.);
#1640=EDGE_CURVE('',#1296,#1297,#684,.T.);
#1641=EDGE_CURVE('',#1297,#1298,#104,.T.);
#1642=EDGE_CURVE('',#1298,#1295,#685,.T.);
#1643=EDGE_CURVE('',#1296,#1299,#686,.T.);
#1644=EDGE_CURVE('',#1299,#1300,#687,.T.);
#1645=EDGE_CURVE('',#1301,#1300,#105,.T.);
#1646=EDGE_CURVE('',#1301,#1297,#688,.T.);
#1647=EDGE_CURVE('',#1302,#1295,#689,.T.);
#1648=EDGE_CURVE('',#1303,#1302,#690,.T.);
#1649=EDGE_CURVE('',#1304,#1303,#691,.T.);
#1650=EDGE_CURVE('',#1304,#1299,#692,.T.);
#1651=EDGE_CURVE('',#1305,#1306,#106,.T.);
#1652=EDGE_CURVE('',#1306,#1307,#693,.T.);
#1653=EDGE_CURVE('',#1307,#1308,#107,.T.);
#1654=EDGE_CURVE('',#1308,#1305,#694,.T.);
#1655=EDGE_CURVE('',#1309,#1307,#695,.T.);
#1656=EDGE_CURVE('',#1310,#1309,#696,.T.);
#1657=EDGE_CURVE('',#1311,#1310,#697,.T.);
#1658=EDGE_CURVE('',#1312,#1311,#698,.T.);
#1659=EDGE_CURVE('',#1312,#1308,#699,.T.);
#1660=EDGE_CURVE('',#1306,#1313,#700,.T.);
#1661=EDGE_CURVE('',#1313,#1314,#701,.T.);
#1662=EDGE_CURVE('',#1315,#1314,#108,.T.);
#1663=EDGE_CURVE('',#1315,#1309,#702,.T.);
#1664=EDGE_CURVE('',#1316,#1275,#703,.T.);
#1665=EDGE_CURVE('',#1316,#1317,#704,.T.);
#1666=EDGE_CURVE('',#1317,#1262,#705,.T.);
#1667=EDGE_CURVE('',#1318,#1280,#706,.T.);
#1668=EDGE_CURVE('',#1319,#1318,#707,.T.);
#1669=EDGE_CURVE('',#1272,#1319,#708,.T.);
#1670=EDGE_CURVE('',#1272,#1285,#709,.T.);
#1671=EDGE_CURVE('',#1319,#1320,#710,.T.);
#1672=EDGE_CURVE('',#1321,#1318,#711,.T.);
#1673=EDGE_CURVE('',#1320,#1321,#712,.T.);
#1674=EDGE_CURVE('',#1322,#1283,#713,.T.);
#1675=EDGE_CURVE('',#1323,#1322,#714,.T.);
#1676=EDGE_CURVE('',#1284,#1323,#715,.T.);
#1677=EDGE_CURVE('',#1321,#1323,#109,.T.);
#1678=EDGE_CURVE('',#1324,#1291,#716,.T.);
#1679=EDGE_CURVE('',#1325,#1324,#717,.T.);
#1680=EDGE_CURVE('',#1325,#1292,#718,.T.);
#1681=EDGE_CURVE('',#1326,#1289,#719,.T.);
#1682=EDGE_CURVE('',#1326,#1293,#720,.T.);
#1683=EDGE_CURVE('',#1270,#1325,#721,.T.);
#1684=EDGE_CURVE('',#1270,#1326,#722,.T.);
#1685=EDGE_CURVE('',#1327,#1315,#723,.T.);
#1686=EDGE_CURVE('',#1310,#1327,#724,.T.);
#1687=EDGE_CURVE('',#1314,#1328,#725,.T.);
#1688=EDGE_CURVE('',#1329,#1313,#726,.T.);
#1689=EDGE_CURVE('',#1328,#1329,#727,.T.);
#1690=EDGE_CURVE('',#1330,#1305,#728,.T.);
#1691=EDGE_CURVE('',#1330,#1331,#729,.T.);
#1692=EDGE_CURVE('',#1329,#1331,#730,.T.);
#1693=EDGE_CURVE('',#1312,#1330,#731,.T.);
#1694=EDGE_CURVE('',#1311,#1331,#732,.T.);
#1695=EDGE_CURVE('',#1300,#1332,#733,.T.);
#1696=EDGE_CURVE('',#1332,#1304,#734,.T.);
#1697=EDGE_CURVE('',#1333,#1298,#735,.T.);
#1698=EDGE_CURVE('',#1302,#1333,#736,.T.);
#1699=EDGE_CURVE('',#1334,#1301,#737,.T.);
#1700=EDGE_CURVE('',#1335,#1334,#738,.T.);
#1701=EDGE_CURVE('',#1333,#1335,#739,.T.);
#1702=EDGE_CURVE('',#1335,#1303,#740,.T.);
#1703=EDGE_CURVE('',#1336,#1336,#110,.T.);
#1704=EDGE_CURVE('',#1336,#1337,#741,.T.);
#1705=EDGE_CURVE('',#1334,#1337,#111,.T.);
#1706=EDGE_CURVE('',#1337,#1332,#112,.T.);
#1707=EDGE_CURVE('',#1331,#1273,#742,.T.);
#1708=EDGE_CURVE('',#1303,#1311,#743,.T.);
#1709=EDGE_CURVE('',#1338,#1335,#744,.T.);
#1710=EDGE_CURVE('',#1338,#1339,#745,.T.);
#1711=EDGE_CURVE('',#1276,#1339,#746,.T.);
#1712=EDGE_CURVE('',#1340,#1341,#747,.T.);
#1713=EDGE_CURVE('',#1342,#1341,#748,.T.);
#1714=EDGE_CURVE('',#1343,#1342,#749,.T.);
#1715=EDGE_CURVE('',#1340,#1343,#750,.T.);
#1716=EDGE_CURVE('',#1344,#1277,#751,.T.);
#1717=EDGE_CURVE('',#1339,#1340,#752,.T.);
#1718=EDGE_CURVE('',#1343,#1345,#753,.T.);
#1719=EDGE_CURVE('',#1345,#1346,#754,.T.);
#1720=EDGE_CURVE('',#1346,#1267,#755,.T.);
#1721=EDGE_CURVE('',#1263,#1347,#756,.T.);
#1722=EDGE_CURVE('',#1347,#1344,#757,.T.);
#1723=EDGE_CURVE('',#1348,#1348,#113,.T.);
#1724=EDGE_CURVE('',#1349,#1349,#114,.T.);
#1725=EDGE_CURVE('',#1350,#1350,#115,.T.);
#1726=EDGE_CURVE('',#1351,#1351,#116,.T.);
#1727=EDGE_CURVE('',#1352,#1346,#758,.T.);
#1728=EDGE_CURVE('',#1345,#1353,#759,.T.);
#1729=EDGE_CURVE('',#1352,#1353,#760,.T.);
#1730=EDGE_CURVE('',#1347,#1317,#761,.T.);
#1731=EDGE_CURVE('',#1341,#1352,#762,.T.);
#1732=EDGE_CURVE('',#1353,#1342,#763,.T.);
#1733=EDGE_CURVE('',#1268,#1338,#764,.T.);
#1734=EDGE_CURVE('',#1344,#1316,#765,.T.);
#1735=EDGE_CURVE('',#1354,#1354,#117,.T.);
#1736=EDGE_CURVE('',#1354,#1355,#766,.T.);
#1737=EDGE_CURVE('',#1320,#1355,#118,.T.);
#1738=EDGE_CURVE('',#1355,#1322,#119,.T.);
#1739=EDGE_CURVE('',#1356,#1356,#120,.T.);
#1740=EDGE_CURVE('',#1356,#1351,#767,.T.);
#1741=EDGE_CURVE('',#1357,#1357,#121,.T.);
#1742=EDGE_CURVE('',#1357,#1358,#768,.T.);
#1743=EDGE_CURVE('',#1327,#1358,#122,.T.);
#1744=EDGE_CURVE('',#1358,#1328,#123,.T.);
#1745=EDGE_CURVE('',#1359,#1359,#124,.T.);
#1746=EDGE_CURVE('',#1359,#1350,#769,.T.);
#1747=EDGE_CURVE('',#1360,#1360,#125,.T.);
#1748=EDGE_CURVE('',#1360,#1361,#770,.T.);
#1749=EDGE_CURVE('',#1324,#1361,#126,.T.);
#1750=EDGE_CURVE('',#1361,#1294,#127,.T.);
#1751=EDGE_CURVE('',#1362,#1362,#128,.T.);
#1752=EDGE_CURVE('',#1362,#1349,#771,.T.);
#1753=EDGE_CURVE('',#1363,#1363,#129,.T.);
#1754=EDGE_CURVE('',#1363,#1348,#772,.T.);
#1755=ORIENTED_EDGE('',*,*,#1364,.F.);
#1756=ORIENTED_EDGE('',*,*,#1365,.T.);
#1757=ORIENTED_EDGE('',*,*,#1366,.F.);
#1758=ORIENTED_EDGE('',*,*,#1367,.F.);
#1759=ORIENTED_EDGE('',*,*,#1368,.F.);
#1760=ORIENTED_EDGE('',*,*,#1369,.F.);
#1761=ORIENTED_EDGE('',*,*,#1370,.F.);
#1762=ORIENTED_EDGE('',*,*,#1371,.F.);
#1763=ORIENTED_EDGE('',*,*,#1372,.F.);
#1764=ORIENTED_EDGE('',*,*,#1371,.T.);
#1765=ORIENTED_EDGE('',*,*,#1373,.F.);
#1766=ORIENTED_EDGE('',*,*,#1365,.F.);
#1767=ORIENTED_EDGE('',*,*,#1373,.T.);
#1768=ORIENTED_EDGE('',*,*,#1370,.T.);
#1769=ORIENTED_EDGE('',*,*,#1374,.F.);
#1770=ORIENTED_EDGE('',*,*,#1366,.T.);
#1771=ORIENTED_EDGE('',*,*,#1368,.T.);
#1772=ORIENTED_EDGE('',*,*,#1372,.T.);
#1773=ORIENTED_EDGE('',*,*,#1364,.T.);
#1774=ORIENTED_EDGE('',*,*,#1375,.T.);
#1775=ORIENTED_EDGE('',*,*,#1376,.T.);
#1776=ORIENTED_EDGE('',*,*,#1377,.F.);
#1777=ORIENTED_EDGE('',*,*,#1378,.F.);
#1778=ORIENTED_EDGE('',*,*,#1379,.T.);
#1779=ORIENTED_EDGE('',*,*,#1380,.T.);
#1780=ORIENTED_EDGE('',*,*,#1381,.T.);
#1781=ORIENTED_EDGE('',*,*,#1382,.T.);
#1782=ORIENTED_EDGE('',*,*,#1383,.T.);
#1783=ORIENTED_EDGE('',*,*,#1384,.T.);
#1784=ORIENTED_EDGE('',*,*,#1385,.T.);
#1785=ORIENTED_EDGE('',*,*,#1386,.T.);
#1786=ORIENTED_EDGE('',*,*,#1387,.T.);
#1787=ORIENTED_EDGE('',*,*,#1388,.T.);
#1788=ORIENTED_EDGE('',*,*,#1389,.T.);
#1789=ORIENTED_EDGE('',*,*,#1390,.T.);
#1790=ORIENTED_EDGE('',*,*,#1391,.T.);
#1791=ORIENTED_EDGE('',*,*,#1392,.T.);
#1792=ORIENTED_EDGE('',*,*,#1393,.T.);
#1793=ORIENTED_EDGE('',*,*,#1394,.T.);
#1794=ORIENTED_EDGE('',*,*,#1395,.T.);
#1795=ORIENTED_EDGE('',*,*,#1396,.T.);
#1796=ORIENTED_EDGE('',*,*,#1397,.T.);
#1797=ORIENTED_EDGE('',*,*,#1398,.T.);
#1798=ORIENTED_EDGE('',*,*,#1399,.T.);
#1799=ORIENTED_EDGE('',*,*,#1383,.F.);
#1800=ORIENTED_EDGE('',*,*,#1400,.T.);
#1801=ORIENTED_EDGE('',*,*,#1401,.F.);
#1802=ORIENTED_EDGE('',*,*,#1402,.F.);
#1803=ORIENTED_EDGE('',*,*,#1384,.F.);
#1804=ORIENTED_EDGE('',*,*,#1402,.T.);
#1805=ORIENTED_EDGE('',*,*,#1403,.F.);
#1806=ORIENTED_EDGE('',*,*,#1404,.F.);
#1807=ORIENTED_EDGE('',*,*,#1382,.F.);
#1808=ORIENTED_EDGE('',*,*,#1405,.F.);
#1809=ORIENTED_EDGE('',*,*,#1406,.F.);
#1810=ORIENTED_EDGE('',*,*,#1400,.F.);
#1811=ORIENTED_EDGE('',*,*,#1406,.T.);
#1812=ORIENTED_EDGE('',*,*,#1407,.F.);
#1813=ORIENTED_EDGE('',*,*,#1403,.T.);
#1814=ORIENTED_EDGE('',*,*,#1401,.T.);
#1815=ORIENTED_EDGE('',*,*,#1404,.T.);
#1816=ORIENTED_EDGE('',*,*,#1407,.T.);
#1817=ORIENTED_EDGE('',*,*,#1405,.T.);
#1818=ORIENTED_EDGE('',*,*,#1381,.F.);
#1819=ORIENTED_EDGE('',*,*,#1408,.T.);
#1820=ORIENTED_EDGE('',*,*,#1409,.T.);
#1821=ORIENTED_EDGE('',*,*,#1410,.F.);
#1822=ORIENTED_EDGE('',*,*,#1411,.F.);
#1823=ORIENTED_EDGE('',*,*,#1412,.T.);
#1824=ORIENTED_EDGE('',*,*,#1413,.F.);
#1825=ORIENTED_EDGE('',*,*,#1389,.F.);
#1826=ORIENTED_EDGE('',*,*,#1414,.T.);
#1827=ORIENTED_EDGE('',*,*,#1415,.T.);
#1828=ORIENTED_EDGE('',*,*,#1416,.T.);
#1829=ORIENTED_EDGE('',*,*,#1385,.F.);
#1830=ORIENTED_EDGE('',*,*,#1417,.T.);
#1831=ORIENTED_EDGE('',*,*,#1418,.T.);
#1832=ORIENTED_EDGE('',*,*,#1419,.T.);
#1833=ORIENTED_EDGE('',*,*,#1420,.T.);
#1834=ORIENTED_EDGE('',*,*,#1421,.T.);
#1835=ORIENTED_EDGE('',*,*,#1422,.T.);
#1836=ORIENTED_EDGE('',*,*,#1423,.T.);
#1837=ORIENTED_EDGE('',*,*,#1424,.T.);
#1838=ORIENTED_EDGE('',*,*,#1394,.F.);
#1839=ORIENTED_EDGE('',*,*,#1425,.T.);
#1840=ORIENTED_EDGE('',*,*,#1426,.F.);
#1841=ORIENTED_EDGE('',*,*,#1427,.F.);
#1842=ORIENTED_EDGE('',*,*,#1392,.F.);
#1843=ORIENTED_EDGE('',*,*,#1428,.F.);
#1844=ORIENTED_EDGE('',*,*,#1429,.F.);
#1845=ORIENTED_EDGE('',*,*,#1430,.F.);
#1846=ORIENTED_EDGE('',*,*,#1393,.F.);
#1847=ORIENTED_EDGE('',*,*,#1430,.T.);
#1848=ORIENTED_EDGE('',*,*,#1431,.F.);
#1849=ORIENTED_EDGE('',*,*,#1425,.F.);
#1850=ORIENTED_EDGE('',*,*,#1431,.T.);
#1851=ORIENTED_EDGE('',*,*,#1429,.T.);
#1852=ORIENTED_EDGE('',*,*,#1432,.F.);
#1853=ORIENTED_EDGE('',*,*,#1426,.T.);
#1854=ORIENTED_EDGE('',*,*,#1388,.F.);
#1855=ORIENTED_EDGE('',*,*,#1433,.T.);
#1856=ORIENTED_EDGE('',*,*,#1434,.F.);
#1857=ORIENTED_EDGE('',*,*,#1414,.F.);
#1858=ORIENTED_EDGE('',*,*,#1386,.F.);
#1859=ORIENTED_EDGE('',*,*,#1416,.F.);
#1860=ORIENTED_EDGE('',*,*,#1435,.F.);
#1861=ORIENTED_EDGE('',*,*,#1436,.F.);
#1862=ORIENTED_EDGE('',*,*,#1387,.F.);
#1863=ORIENTED_EDGE('',*,*,#1436,.T.);
#1864=ORIENTED_EDGE('',*,*,#1437,.F.);
#1865=ORIENTED_EDGE('',*,*,#1433,.F.);
#1866=ORIENTED_EDGE('',*,*,#1437,.T.);
#1867=ORIENTED_EDGE('',*,*,#1435,.T.);
#1868=ORIENTED_EDGE('',*,*,#1415,.F.);
#1869=ORIENTED_EDGE('',*,*,#1434,.T.);
#1870=ORIENTED_EDGE('',*,*,#1438,.F.);
#1871=ORIENTED_EDGE('',*,*,#1439,.T.);
#1872=ORIENTED_EDGE('',*,*,#1440,.F.);
#1873=ORIENTED_EDGE('',*,*,#1441,.F.);
#1874=ORIENTED_EDGE('',*,*,#1423,.F.);
#1875=ORIENTED_EDGE('',*,*,#1442,.F.);
#1876=ORIENTED_EDGE('',*,*,#1443,.F.);
#1877=ORIENTED_EDGE('',*,*,#1444,.T.);
#1878=ORIENTED_EDGE('',*,*,#1445,.F.);
#1879=ORIENTED_EDGE('',*,*,#1446,.T.);
#1880=ORIENTED_EDGE('',*,*,#1447,.F.);
#1881=ORIENTED_EDGE('',*,*,#1439,.F.);
#1882=ORIENTED_EDGE('',*,*,#1424,.F.);
#1883=ORIENTED_EDGE('',*,*,#1444,.F.);
#1884=ORIENTED_EDGE('',*,*,#1448,.F.);
#1885=ORIENTED_EDGE('',*,*,#1449,.T.);
#1886=ORIENTED_EDGE('',*,*,#1450,.F.);
#1887=ORIENTED_EDGE('',*,*,#1441,.T.);
#1888=ORIENTED_EDGE('',*,*,#1451,.F.);
#1889=ORIENTED_EDGE('',*,*,#1452,.F.);
#1890=ORIENTED_EDGE('',*,*,#1453,.F.);
#1891=ORIENTED_EDGE('',*,*,#1452,.T.);
#1892=ORIENTED_EDGE('',*,*,#1454,.F.);
#1893=ORIENTED_EDGE('',*,*,#1446,.F.);
#1894=ORIENTED_EDGE('',*,*,#1421,.F.);
#1895=ORIENTED_EDGE('',*,*,#1449,.F.);
#1896=ORIENTED_EDGE('',*,*,#1455,.F.);
#1897=ORIENTED_EDGE('',*,*,#1456,.T.);
#1898=ORIENTED_EDGE('',*,*,#1422,.F.);
#1899=ORIENTED_EDGE('',*,*,#1456,.F.);
#1900=ORIENTED_EDGE('',*,*,#1457,.F.);
#1901=ORIENTED_EDGE('',*,*,#1442,.T.);
#1902=ORIENTED_EDGE('',*,*,#1458,.F.);
#1903=ORIENTED_EDGE('',*,*,#1459,.T.);
#1904=ORIENTED_EDGE('',*,*,#1460,.F.);
#1905=ORIENTED_EDGE('',*,*,#1461,.F.);
#1906=ORIENTED_EDGE('',*,*,#1419,.F.);
#1907=ORIENTED_EDGE('',*,*,#1462,.F.);
#1908=ORIENTED_EDGE('',*,*,#1463,.F.);
#1909=ORIENTED_EDGE('',*,*,#1464,.T.);
#1910=ORIENTED_EDGE('',*,*,#1465,.F.);
#1911=ORIENTED_EDGE('',*,*,#1466,.T.);
#1912=ORIENTED_EDGE('',*,*,#1467,.F.);
#1913=ORIENTED_EDGE('',*,*,#1459,.F.);
#1914=ORIENTED_EDGE('',*,*,#1420,.F.);
#1915=ORIENTED_EDGE('',*,*,#1464,.F.);
#1916=ORIENTED_EDGE('',*,*,#1468,.F.);
#1917=ORIENTED_EDGE('',*,*,#1469,.T.);
#1918=ORIENTED_EDGE('',*,*,#1470,.F.);
#1919=ORIENTED_EDGE('',*,*,#1461,.T.);
#1920=ORIENTED_EDGE('',*,*,#1471,.F.);
#1921=ORIENTED_EDGE('',*,*,#1472,.F.);
#1922=ORIENTED_EDGE('',*,*,#1473,.F.);
#1923=ORIENTED_EDGE('',*,*,#1472,.T.);
#1924=ORIENTED_EDGE('',*,*,#1474,.F.);
#1925=ORIENTED_EDGE('',*,*,#1466,.F.);
#1926=ORIENTED_EDGE('',*,*,#1417,.F.);
#1927=ORIENTED_EDGE('',*,*,#1469,.F.);
#1928=ORIENTED_EDGE('',*,*,#1475,.F.);
#1929=ORIENTED_EDGE('',*,*,#1476,.T.);
#1930=ORIENTED_EDGE('',*,*,#1418,.F.);
#1931=ORIENTED_EDGE('',*,*,#1476,.F.);
#1932=ORIENTED_EDGE('',*,*,#1477,.F.);
#1933=ORIENTED_EDGE('',*,*,#1462,.T.);
#1934=ORIENTED_EDGE('',*,*,#1478,.F.);
#1935=ORIENTED_EDGE('',*,*,#1479,.T.);
#1936=ORIENTED_EDGE('',*,*,#1480,.F.);
#1937=ORIENTED_EDGE('',*,*,#1409,.F.);
#1938=ORIENTED_EDGE('',*,*,#1410,.T.);
#1939=ORIENTED_EDGE('',*,*,#1480,.T.);
#1940=ORIENTED_EDGE('',*,*,#1481,.T.);
#1941=ORIENTED_EDGE('',*,*,#1482,.T.);
#1942=ORIENTED_EDGE('',*,*,#1478,.T.);
#1943=ORIENTED_EDGE('',*,*,#1483,.T.);
#1944=ORIENTED_EDGE('',*,*,#1484,.T.);
#1945=ORIENTED_EDGE('',*,*,#1485,.T.);
#1946=ORIENTED_EDGE('',*,*,#1486,.T.);
#1947=ORIENTED_EDGE('',*,*,#1487,.F.);
#1948=ORIENTED_EDGE('',*,*,#1488,.T.);
#1949=ORIENTED_EDGE('',*,*,#1489,.F.);
#1950=ORIENTED_EDGE('',*,*,#1490,.F.);
#1951=ORIENTED_EDGE('',*,*,#1489,.T.);
#1952=ORIENTED_EDGE('',*,*,#1491,.T.);
#1953=ORIENTED_EDGE('',*,*,#1492,.T.);
#1954=ORIENTED_EDGE('',*,*,#1493,.T.);
#1955=ORIENTED_EDGE('',*,*,#1487,.T.);
#1956=ORIENTED_EDGE('',*,*,#1494,.T.);
#1957=ORIENTED_EDGE('',*,*,#1495,.T.);
#1958=ORIENTED_EDGE('',*,*,#1496,.T.);
#1959=ORIENTED_EDGE('',*,*,#1497,.T.);
#1960=ORIENTED_EDGE('',*,*,#1498,.F.);
#1961=ORIENTED_EDGE('',*,*,#1499,.F.);
#1962=ORIENTED_EDGE('',*,*,#1500,.T.);
#1963=ORIENTED_EDGE('',*,*,#1501,.T.);
#1964=ORIENTED_EDGE('',*,*,#1502,.F.);
#1965=ORIENTED_EDGE('',*,*,#1503,.F.);
#1966=ORIENTED_EDGE('',*,*,#1504,.T.);
#1967=ORIENTED_EDGE('',*,*,#1505,.T.);
#1968=ORIENTED_EDGE('',*,*,#1502,.T.);
#1969=ORIENTED_EDGE('',*,*,#1506,.T.);
#1970=ORIENTED_EDGE('',*,*,#1507,.F.);
#1971=ORIENTED_EDGE('',*,*,#1508,.T.);
#1972=ORIENTED_EDGE('',*,*,#1507,.T.);
#1973=ORIENTED_EDGE('',*,*,#1509,.T.);
#1974=ORIENTED_EDGE('',*,*,#1510,.F.);
#1975=ORIENTED_EDGE('',*,*,#1511,.T.);
#1976=ORIENTED_EDGE('',*,*,#1512,.T.);
#1977=ORIENTED_EDGE('',*,*,#1513,.T.);
#1978=ORIENTED_EDGE('',*,*,#1514,.F.);
#1979=ORIENTED_EDGE('',*,*,#1515,.F.);
#1980=ORIENTED_EDGE('',*,*,#1516,.T.);
#1981=ORIENTED_EDGE('',*,*,#1517,.T.);
#1982=ORIENTED_EDGE('',*,*,#1500,.F.);
#1983=ORIENTED_EDGE('',*,*,#1518,.F.);
#1984=ORIENTED_EDGE('',*,*,#1519,.T.);
#1985=ORIENTED_EDGE('',*,*,#1520,.T.);
#1986=ORIENTED_EDGE('',*,*,#1516,.F.);
#1987=ORIENTED_EDGE('',*,*,#1521,.T.);
#1988=ORIENTED_EDGE('',*,*,#1514,.T.);
#1989=ORIENTED_EDGE('',*,*,#1522,.T.);
#1990=ORIENTED_EDGE('',*,*,#1523,.F.);
#1991=ORIENTED_EDGE('',*,*,#1513,.F.);
#1992=ORIENTED_EDGE('',*,*,#1524,.F.);
#1993=ORIENTED_EDGE('',*,*,#1509,.F.);
#1994=ORIENTED_EDGE('',*,*,#1506,.F.);
#1995=ORIENTED_EDGE('',*,*,#1501,.F.);
#1996=ORIENTED_EDGE('',*,*,#1517,.F.);
#1997=ORIENTED_EDGE('',*,*,#1520,.F.);
#1998=ORIENTED_EDGE('',*,*,#1525,.F.);
#1999=ORIENTED_EDGE('',*,*,#1522,.F.);
#2000=ORIENTED_EDGE('',*,*,#1503,.T.);
#2001=ORIENTED_EDGE('',*,*,#1526,.T.);
#2002=ORIENTED_EDGE('',*,*,#1527,.F.);
#2003=ORIENTED_EDGE('',*,*,#1528,.T.);
#2004=ORIENTED_EDGE('',*,*,#1529,.T.);
#2005=ORIENTED_EDGE('',*,*,#1527,.T.);
#2006=ORIENTED_EDGE('',*,*,#1530,.T.);
#2007=ORIENTED_EDGE('',*,*,#1531,.F.);
#2008=ORIENTED_EDGE('',*,*,#1532,.T.);
#2009=ORIENTED_EDGE('',*,*,#1533,.T.);
#2010=ORIENTED_EDGE('',*,*,#1534,.T.);
#2011=ORIENTED_EDGE('',*,*,#1510,.T.);
#2012=ORIENTED_EDGE('',*,*,#1524,.T.);
#2013=ORIENTED_EDGE('',*,*,#1512,.F.);
#2014=ORIENTED_EDGE('',*,*,#1535,.F.);
#2015=ORIENTED_EDGE('',*,*,#1536,.F.);
#2016=ORIENTED_EDGE('',*,*,#1530,.F.);
#2017=ORIENTED_EDGE('',*,*,#1526,.F.);
#2018=ORIENTED_EDGE('',*,*,#1505,.F.);
#2019=ORIENTED_EDGE('',*,*,#1508,.F.);
#2020=ORIENTED_EDGE('',*,*,#1534,.F.);
#2021=ORIENTED_EDGE('',*,*,#1537,.F.);
#2022=ORIENTED_EDGE('',*,*,#1498,.T.);
#2023=ORIENTED_EDGE('',*,*,#1538,.T.);
#2024=ORIENTED_EDGE('',*,*,#1539,.F.);
#2025=ORIENTED_EDGE('',*,*,#1540,.F.);
#2026=ORIENTED_EDGE('',*,*,#1541,.T.);
#2027=ORIENTED_EDGE('',*,*,#1542,.T.);
#2028=ORIENTED_EDGE('',*,*,#1531,.T.);
#2029=ORIENTED_EDGE('',*,*,#1536,.T.);
#2030=ORIENTED_EDGE('',*,*,#1543,.F.);
#2031=ORIENTED_EDGE('',*,*,#1544,.F.);
#2032=ORIENTED_EDGE('',*,*,#1539,.T.);
#2033=ORIENTED_EDGE('',*,*,#1545,.T.);
#2034=ORIENTED_EDGE('',*,*,#1541,.F.);
#2035=ORIENTED_EDGE('',*,*,#1545,.F.);
#2036=ORIENTED_EDGE('',*,*,#1538,.F.);
#2037=ORIENTED_EDGE('',*,*,#1504,.F.);
#2038=ORIENTED_EDGE('',*,*,#1528,.F.);
#2039=ORIENTED_EDGE('',*,*,#1529,.F.);
#2040=ORIENTED_EDGE('',*,*,#1542,.F.);
#2041=ORIENTED_EDGE('',*,*,#1546,.F.);
#2042=ORIENTED_EDGE('',*,*,#1547,.T.);
#2043=ORIENTED_EDGE('',*,*,#1548,.T.);
#2044=ORIENTED_EDGE('',*,*,#1523,.T.);
#2045=ORIENTED_EDGE('',*,*,#1525,.T.);
#2046=ORIENTED_EDGE('',*,*,#1519,.F.);
#2047=ORIENTED_EDGE('',*,*,#1549,.F.);
#2048=ORIENTED_EDGE('',*,*,#1550,.T.);
#2049=ORIENTED_EDGE('',*,*,#1551,.T.);
#2050=ORIENTED_EDGE('',*,*,#1547,.F.);
#2051=ORIENTED_EDGE('',*,*,#1552,.F.);
#2052=ORIENTED_EDGE('',*,*,#1553,.T.);
#2053=ORIENTED_EDGE('',*,*,#1554,.T.);
#2054=ORIENTED_EDGE('',*,*,#1550,.F.);
#2055=ORIENTED_EDGE('',*,*,#1555,.F.);
#2056=ORIENTED_EDGE('',*,*,#1543,.T.);
#2057=ORIENTED_EDGE('',*,*,#1535,.T.);
#2058=ORIENTED_EDGE('',*,*,#1533,.F.);
#2059=ORIENTED_EDGE('',*,*,#1556,.T.);
#2060=ORIENTED_EDGE('',*,*,#1553,.F.);
#2061=ORIENTED_EDGE('',*,*,#1556,.F.);
#2062=ORIENTED_EDGE('',*,*,#1532,.F.);
#2063=ORIENTED_EDGE('',*,*,#1511,.F.);
#2064=ORIENTED_EDGE('',*,*,#1521,.F.);
#2065=ORIENTED_EDGE('',*,*,#1548,.F.);
#2066=ORIENTED_EDGE('',*,*,#1551,.F.);
#2067=ORIENTED_EDGE('',*,*,#1554,.F.);
#2068=ORIENTED_EDGE('',*,*,#1399,.F.);
#2069=ORIENTED_EDGE('',*,*,#1557,.T.);
#2070=ORIENTED_EDGE('',*,*,#1558,.F.);
#2071=ORIENTED_EDGE('',*,*,#1557,.F.);
#2072=ORIENTED_EDGE('',*,*,#1398,.F.);
#2073=ORIENTED_EDGE('',*,*,#1559,.T.);
#2074=ORIENTED_EDGE('',*,*,#1560,.F.);
#2075=ORIENTED_EDGE('',*,*,#1559,.F.);
#2076=ORIENTED_EDGE('',*,*,#1397,.F.);
#2077=ORIENTED_EDGE('',*,*,#1561,.T.);
#2078=ORIENTED_EDGE('',*,*,#1562,.F.);
#2079=ORIENTED_EDGE('',*,*,#1561,.F.);
#2080=ORIENTED_EDGE('',*,*,#1396,.F.);
#2081=ORIENTED_EDGE('',*,*,#1563,.T.);
#2082=ORIENTED_EDGE('',*,*,#1564,.F.);
#2083=ORIENTED_EDGE('',*,*,#1563,.F.);
#2084=ORIENTED_EDGE('',*,*,#1565,.F.);
#2085=ORIENTED_EDGE('',*,*,#1412,.F.);
#2086=ORIENTED_EDGE('',*,*,#1566,.F.);
#2087=ORIENTED_EDGE('',*,*,#1567,.T.);
#2088=ORIENTED_EDGE('',*,*,#1568,.T.);
#2089=ORIENTED_EDGE('',*,*,#1566,.T.);
#2090=ORIENTED_EDGE('',*,*,#1411,.T.);
#2091=ORIENTED_EDGE('',*,*,#1482,.F.);
#2092=ORIENTED_EDGE('',*,*,#1569,.T.);
#2093=ORIENTED_EDGE('',*,*,#1570,.F.);
#2094=ORIENTED_EDGE('',*,*,#1571,.F.);
#2095=ORIENTED_EDGE('',*,*,#1492,.F.);
#2096=ORIENTED_EDGE('',*,*,#1572,.F.);
#2097=ORIENTED_EDGE('',*,*,#1379,.F.);
#2098=ORIENTED_EDGE('',*,*,#1573,.F.);
#2099=ORIENTED_EDGE('',*,*,#1484,.F.);
#2100=ORIENTED_EDGE('',*,*,#1574,.F.);
#2101=ORIENTED_EDGE('',*,*,#1496,.F.);
#2102=ORIENTED_EDGE('',*,*,#1575,.F.);
#2103=ORIENTED_EDGE('',*,*,#1377,.T.);
#2104=ORIENTED_EDGE('',*,*,#1572,.T.);
#2105=ORIENTED_EDGE('',*,*,#1483,.F.);
#2106=ORIENTED_EDGE('',*,*,#1408,.F.);
#2107=ORIENTED_EDGE('',*,*,#1380,.F.);
#2108=ORIENTED_EDGE('',*,*,#1573,.T.);
#2109=ORIENTED_EDGE('',*,*,#1378,.T.);
#2110=ORIENTED_EDGE('',*,*,#1575,.T.);
#2111=ORIENTED_EDGE('',*,*,#1495,.F.);
#2112=ORIENTED_EDGE('',*,*,#1576,.F.);
#2113=ORIENTED_EDGE('',*,*,#1577,.F.);
#2114=ORIENTED_EDGE('',*,*,#1578,.F.);
#2115=ORIENTED_EDGE('',*,*,#1485,.F.);
#2116=ORIENTED_EDGE('',*,*,#1579,.T.);
#2117=ORIENTED_EDGE('',*,*,#1580,.T.);
#2118=ORIENTED_EDGE('',*,*,#1581,.T.);
#2119=ORIENTED_EDGE('',*,*,#1582,.F.);
#2120=ORIENTED_EDGE('',*,*,#1583,.T.);
#2121=ORIENTED_EDGE('',*,*,#1584,.T.);
#2122=ORIENTED_EDGE('',*,*,#1577,.T.);
#2123=ORIENTED_EDGE('',*,*,#1580,.F.);
#2124=ORIENTED_EDGE('',*,*,#1585,.T.);
#2125=ORIENTED_EDGE('',*,*,#1586,.T.);
#2126=ORIENTED_EDGE('',*,*,#1587,.T.);
#2127=ORIENTED_EDGE('',*,*,#1584,.F.);
#2128=ORIENTED_EDGE('',*,*,#1570,.T.);
#2129=ORIENTED_EDGE('',*,*,#1586,.F.);
#2130=ORIENTED_EDGE('',*,*,#1588,.T.);
#2131=ORIENTED_EDGE('',*,*,#1582,.T.);
#2132=ORIENTED_EDGE('',*,*,#1581,.F.);
#2133=ORIENTED_EDGE('',*,*,#1576,.T.);
#2134=ORIENTED_EDGE('',*,*,#1494,.F.);
#2135=ORIENTED_EDGE('',*,*,#1490,.T.);
#2136=ORIENTED_EDGE('',*,*,#1493,.F.);
#2137=ORIENTED_EDGE('',*,*,#1571,.T.);
#2138=ORIENTED_EDGE('',*,*,#1454,.T.);
#2139=ORIENTED_EDGE('',*,*,#1451,.T.);
#2140=ORIENTED_EDGE('',*,*,#1440,.T.);
#2141=ORIENTED_EDGE('',*,*,#1447,.T.);
#2142=ORIENTED_EDGE('',*,*,#1474,.T.);
#2143=ORIENTED_EDGE('',*,*,#1471,.T.);
#2144=ORIENTED_EDGE('',*,*,#1460,.T.);
#2145=ORIENTED_EDGE('',*,*,#1467,.T.);
#2146=ORIENTED_EDGE('',*,*,#1579,.F.);
#2147=ORIENTED_EDGE('',*,*,#1588,.F.);
#2148=ORIENTED_EDGE('',*,*,#1585,.F.);
#2149=ORIENTED_EDGE('',*,*,#1583,.F.);
#2150=ORIENTED_EDGE('',*,*,#1499,.T.);
#2151=ORIENTED_EDGE('',*,*,#1537,.T.);
#2152=ORIENTED_EDGE('',*,*,#1544,.T.);
#2153=ORIENTED_EDGE('',*,*,#1540,.T.);
#2154=ORIENTED_EDGE('',*,*,#1555,.T.);
#2155=ORIENTED_EDGE('',*,*,#1552,.T.);
#2156=ORIENTED_EDGE('',*,*,#1549,.T.);
#2157=ORIENTED_EDGE('',*,*,#1546,.T.);
#2158=ORIENTED_EDGE('',*,*,#1518,.T.);
#2159=ORIENTED_EDGE('',*,*,#1515,.T.);
#2160=ORIENTED_EDGE('',*,*,#1558,.T.);
#2161=ORIENTED_EDGE('',*,*,#1560,.T.);
#2162=ORIENTED_EDGE('',*,*,#1562,.T.);
#2163=ORIENTED_EDGE('',*,*,#1564,.T.);
#2164=ORIENTED_EDGE('',*,*,#1574,.T.);
#2165=ORIENTED_EDGE('',*,*,#1376,.F.);
#2166=ORIENTED_EDGE('',*,*,#1589,.T.);
#2167=ORIENTED_EDGE('',*,*,#1497,.F.);
#2168=ORIENTED_EDGE('',*,*,#1565,.T.);
#2169=ORIENTED_EDGE('',*,*,#1590,.F.);
#2170=ORIENTED_EDGE('',*,*,#1390,.F.);
#2171=ORIENTED_EDGE('',*,*,#1413,.T.);
#2172=ORIENTED_EDGE('',*,*,#1369,.T.);
#2173=ORIENTED_EDGE('',*,*,#1395,.F.);
#2174=ORIENTED_EDGE('',*,*,#1427,.T.);
#2175=ORIENTED_EDGE('',*,*,#1432,.T.);
#2176=ORIENTED_EDGE('',*,*,#1428,.T.);
#2177=ORIENTED_EDGE('',*,*,#1391,.F.);
#2178=ORIENTED_EDGE('',*,*,#1590,.T.);
#2179=ORIENTED_EDGE('',*,*,#1567,.F.);
#2180=ORIENTED_EDGE('',*,*,#1568,.F.);
#2181=ORIENTED_EDGE('',*,*,#1491,.F.);
#2182=ORIENTED_EDGE('',*,*,#1488,.F.);
#2183=ORIENTED_EDGE('',*,*,#1589,.F.);
#2184=ORIENTED_EDGE('',*,*,#1375,.F.);
#2185=ORIENTED_EDGE('',*,*,#1367,.T.);
#2186=ORIENTED_EDGE('',*,*,#1374,.T.);
#2187=ORIENTED_EDGE('',*,*,#1453,.T.);
#2188=ORIENTED_EDGE('',*,*,#1445,.T.);
#2189=ORIENTED_EDGE('',*,*,#1438,.T.);
#2190=ORIENTED_EDGE('',*,*,#1450,.T.);
#2191=ORIENTED_EDGE('',*,*,#1473,.T.);
#2192=ORIENTED_EDGE('',*,*,#1465,.T.);
#2193=ORIENTED_EDGE('',*,*,#1458,.T.);
#2194=ORIENTED_EDGE('',*,*,#1470,.T.);
#2195=ORIENTED_EDGE('',*,*,#1587,.F.);
#2196=ORIENTED_EDGE('',*,*,#1569,.F.);
#2197=ORIENTED_EDGE('',*,*,#1481,.F.);
#2198=ORIENTED_EDGE('',*,*,#1479,.F.);
#2199=ORIENTED_EDGE('',*,*,#1486,.F.);
#2200=ORIENTED_EDGE('',*,*,#1578,.T.);
#2201=ORIENTED_EDGE('',*,*,#1455,.T.);
#2202=ORIENTED_EDGE('',*,*,#1448,.T.);
#2203=ORIENTED_EDGE('',*,*,#1443,.T.);
#2204=ORIENTED_EDGE('',*,*,#1457,.T.);
#2205=ORIENTED_EDGE('',*,*,#1475,.T.);
#2206=ORIENTED_EDGE('',*,*,#1468,.T.);
#2207=ORIENTED_EDGE('',*,*,#1463,.T.);
#2208=ORIENTED_EDGE('',*,*,#1477,.T.);
#2209=ORIENTED_EDGE('',*,*,#1591,.F.);
#2210=ORIENTED_EDGE('',*,*,#1592,.F.);
#2211=ORIENTED_EDGE('',*,*,#1593,.T.);
#2212=ORIENTED_EDGE('',*,*,#1594,.F.);
#2213=ORIENTED_EDGE('',*,*,#1595,.T.);
#2214=ORIENTED_EDGE('',*,*,#1596,.T.);
#2215=ORIENTED_EDGE('',*,*,#1597,.F.);
#2216=ORIENTED_EDGE('',*,*,#1594,.T.);
#2217=ORIENTED_EDGE('',*,*,#1598,.T.);
#2218=ORIENTED_EDGE('',*,*,#1592,.T.);
#2219=ORIENTED_EDGE('',*,*,#1599,.F.);
#2220=ORIENTED_EDGE('',*,*,#1600,.T.);
#2221=ORIENTED_EDGE('',*,*,#1601,.F.);
#2222=ORIENTED_EDGE('',*,*,#1597,.T.);
#2223=ORIENTED_EDGE('',*,*,#1602,.F.);
#2224=ORIENTED_EDGE('',*,*,#1603,.F.);
#2225=ORIENTED_EDGE('',*,*,#1604,.F.);
#2226=ORIENTED_EDGE('',*,*,#1605,.F.);
#2227=ORIENTED_EDGE('',*,*,#1606,.F.);
#2228=ORIENTED_EDGE('',*,*,#1607,.F.);
#2229=ORIENTED_EDGE('',*,*,#1608,.F.);
#2230=ORIENTED_EDGE('',*,*,#1609,.F.);
#2231=ORIENTED_EDGE('',*,*,#1610,.F.);
#2232=ORIENTED_EDGE('',*,*,#1611,.F.);
#2233=ORIENTED_EDGE('',*,*,#1600,.F.);
#2234=ORIENTED_EDGE('',*,*,#1612,.T.);
#2235=ORIENTED_EDGE('',*,*,#1610,.T.);
#2236=ORIENTED_EDGE('',*,*,#1613,.F.);
#2237=ORIENTED_EDGE('',*,*,#1614,.T.);
#2238=ORIENTED_EDGE('',*,*,#1615,.T.);
#2239=ORIENTED_EDGE('',*,*,#1616,.T.);
#2240=ORIENTED_EDGE('',*,*,#1617,.T.);
#2241=ORIENTED_EDGE('',*,*,#1618,.T.);
#2242=ORIENTED_EDGE('',*,*,#1619,.T.);
#2243=ORIENTED_EDGE('',*,*,#1616,.F.);
#2244=ORIENTED_EDGE('',*,*,#1620,.F.);
#2245=ORIENTED_EDGE('',*,*,#1621,.T.);
#2246=ORIENTED_EDGE('',*,*,#1622,.F.);
#2247=ORIENTED_EDGE('',*,*,#1623,.T.);
#2248=ORIENTED_EDGE('',*,*,#1624,.F.);
#2249=ORIENTED_EDGE('',*,*,#1619,.F.);
#2250=ORIENTED_EDGE('',*,*,#1625,.F.);
#2251=ORIENTED_EDGE('',*,*,#1626,.F.);
#2252=ORIENTED_EDGE('',*,*,#1620,.T.);
#2253=ORIENTED_EDGE('',*,*,#1627,.T.);
#2254=ORIENTED_EDGE('',*,*,#1628,.T.);
#2255=ORIENTED_EDGE('',*,*,#1629,.T.);
#2256=ORIENTED_EDGE('',*,*,#1630,.T.);
#2257=ORIENTED_EDGE('',*,*,#1628,.F.);
#2258=ORIENTED_EDGE('',*,*,#1631,.T.);
#2259=ORIENTED_EDGE('',*,*,#1632,.F.);
#2260=ORIENTED_EDGE('',*,*,#1633,.T.);
#2261=ORIENTED_EDGE('',*,*,#1634,.T.);
#2262=ORIENTED_EDGE('',*,*,#1627,.F.);
#2263=ORIENTED_EDGE('',*,*,#1635,.F.);
#2264=ORIENTED_EDGE('',*,*,#1636,.T.);
#2265=ORIENTED_EDGE('',*,*,#1637,.F.);
#2266=ORIENTED_EDGE('',*,*,#1638,.F.);
#2267=ORIENTED_EDGE('',*,*,#1631,.F.);
#2268=ORIENTED_EDGE('',*,*,#1639,.T.);
#2269=ORIENTED_EDGE('',*,*,#1640,.T.);
#2270=ORIENTED_EDGE('',*,*,#1641,.T.);
#2271=ORIENTED_EDGE('',*,*,#1642,.T.);
#2272=ORIENTED_EDGE('',*,*,#1640,.F.);
#2273=ORIENTED_EDGE('',*,*,#1643,.T.);
#2274=ORIENTED_EDGE('',*,*,#1644,.T.);
#2275=ORIENTED_EDGE('',*,*,#1645,.F.);
#2276=ORIENTED_EDGE('',*,*,#1646,.T.);
#2277=ORIENTED_EDGE('',*,*,#1639,.F.);
#2278=ORIENTED_EDGE('',*,*,#1647,.F.);
#2279=ORIENTED_EDGE('',*,*,#1648,.F.);
#2280=ORIENTED_EDGE('',*,*,#1649,.F.);
#2281=ORIENTED_EDGE('',*,*,#1650,.T.);
#2282=ORIENTED_EDGE('',*,*,#1643,.F.);
#2283=ORIENTED_EDGE('',*,*,#1651,.T.);
#2284=ORIENTED_EDGE('',*,*,#1652,.T.);
#2285=ORIENTED_EDGE('',*,*,#1653,.T.);
#2286=ORIENTED_EDGE('',*,*,#1654,.T.);
#2287=ORIENTED_EDGE('',*,*,#1653,.F.);
#2288=ORIENTED_EDGE('',*,*,#1655,.F.);
#2289=ORIENTED_EDGE('',*,*,#1656,.F.);
#2290=ORIENTED_EDGE('',*,*,#1657,.F.);
#2291=ORIENTED_EDGE('',*,*,#1658,.F.);
#2292=ORIENTED_EDGE('',*,*,#1659,.T.);
#2293=ORIENTED_EDGE('',*,*,#1652,.F.);
#2294=ORIENTED_EDGE('',*,*,#1660,.T.);
#2295=ORIENTED_EDGE('',*,*,#1661,.T.);
#2296=ORIENTED_EDGE('',*,*,#1662,.F.);
#2297=ORIENTED_EDGE('',*,*,#1663,.T.);
#2298=ORIENTED_EDGE('',*,*,#1655,.T.);
#2299=ORIENTED_EDGE('',*,*,#1601,.T.);
#2300=ORIENTED_EDGE('',*,*,#1611,.T.);
#2301=ORIENTED_EDGE('',*,*,#1612,.F.);
#2302=ORIENTED_EDGE('',*,*,#1664,.F.);
#2303=ORIENTED_EDGE('',*,*,#1665,.T.);
#2304=ORIENTED_EDGE('',*,*,#1666,.T.);
#2305=ORIENTED_EDGE('',*,*,#1598,.F.);
#2306=ORIENTED_EDGE('',*,*,#1593,.F.);
#2307=ORIENTED_EDGE('',*,*,#1618,.F.);
#2308=ORIENTED_EDGE('',*,*,#1667,.F.);
#2309=ORIENTED_EDGE('',*,*,#1668,.F.);
#2310=ORIENTED_EDGE('',*,*,#1669,.F.);
#2311=ORIENTED_EDGE('',*,*,#1670,.T.);
#2312=ORIENTED_EDGE('',*,*,#1625,.T.);
#2313=ORIENTED_EDGE('',*,*,#1671,.F.);
#2314=ORIENTED_EDGE('',*,*,#1668,.T.);
#2315=ORIENTED_EDGE('',*,*,#1672,.F.);
#2316=ORIENTED_EDGE('',*,*,#1673,.F.);
#2317=ORIENTED_EDGE('',*,*,#1674,.F.);
#2318=ORIENTED_EDGE('',*,*,#1675,.F.);
#2319=ORIENTED_EDGE('',*,*,#1676,.F.);
#2320=ORIENTED_EDGE('',*,*,#1623,.F.);
#2321=ORIENTED_EDGE('',*,*,#1617,.F.);
#2322=ORIENTED_EDGE('',*,*,#1624,.T.);
#2323=ORIENTED_EDGE('',*,*,#1676,.T.);
#2324=ORIENTED_EDGE('',*,*,#1677,.F.);
#2325=ORIENTED_EDGE('',*,*,#1672,.T.);
#2326=ORIENTED_EDGE('',*,*,#1667,.T.);
#2327=ORIENTED_EDGE('',*,*,#1607,.T.);
#2328=ORIENTED_EDGE('',*,*,#1621,.F.);
#2329=ORIENTED_EDGE('',*,*,#1626,.T.);
#2330=ORIENTED_EDGE('',*,*,#1670,.F.);
#2331=ORIENTED_EDGE('',*,*,#1678,.F.);
#2332=ORIENTED_EDGE('',*,*,#1679,.F.);
#2333=ORIENTED_EDGE('',*,*,#1680,.T.);
#2334=ORIENTED_EDGE('',*,*,#1633,.F.);
#2335=ORIENTED_EDGE('',*,*,#1630,.F.);
#2336=ORIENTED_EDGE('',*,*,#1681,.F.);
#2337=ORIENTED_EDGE('',*,*,#1682,.T.);
#2338=ORIENTED_EDGE('',*,*,#1635,.T.);
#2339=ORIENTED_EDGE('',*,*,#1629,.F.);
#2340=ORIENTED_EDGE('',*,*,#1634,.F.);
#2341=ORIENTED_EDGE('',*,*,#1680,.F.);
#2342=ORIENTED_EDGE('',*,*,#1683,.F.);
#2343=ORIENTED_EDGE('',*,*,#1684,.T.);
#2344=ORIENTED_EDGE('',*,*,#1681,.T.);
#2345=ORIENTED_EDGE('',*,*,#1605,.T.);
#2346=ORIENTED_EDGE('',*,*,#1636,.F.);
#2347=ORIENTED_EDGE('',*,*,#1682,.F.);
#2348=ORIENTED_EDGE('',*,*,#1684,.F.);
#2349=ORIENTED_EDGE('',*,*,#1685,.F.);
#2350=ORIENTED_EDGE('',*,*,#1686,.F.);
#2351=ORIENTED_EDGE('',*,*,#1656,.T.);
#2352=ORIENTED_EDGE('',*,*,#1663,.F.);
#2353=ORIENTED_EDGE('',*,*,#1687,.F.);
#2354=ORIENTED_EDGE('',*,*,#1661,.F.);
#2355=ORIENTED_EDGE('',*,*,#1688,.F.);
#2356=ORIENTED_EDGE('',*,*,#1689,.F.);
#2357=ORIENTED_EDGE('',*,*,#1651,.F.);
#2358=ORIENTED_EDGE('',*,*,#1690,.F.);
#2359=ORIENTED_EDGE('',*,*,#1691,.T.);
#2360=ORIENTED_EDGE('',*,*,#1692,.F.);
#2361=ORIENTED_EDGE('',*,*,#1688,.T.);
#2362=ORIENTED_EDGE('',*,*,#1660,.F.);
#2363=ORIENTED_EDGE('',*,*,#1654,.F.);
#2364=ORIENTED_EDGE('',*,*,#1659,.F.);
#2365=ORIENTED_EDGE('',*,*,#1693,.T.);
#2366=ORIENTED_EDGE('',*,*,#1690,.T.);
#2367=ORIENTED_EDGE('',*,*,#1694,.T.);
#2368=ORIENTED_EDGE('',*,*,#1691,.F.);
#2369=ORIENTED_EDGE('',*,*,#1693,.F.);
#2370=ORIENTED_EDGE('',*,*,#1658,.T.);
#2371=ORIENTED_EDGE('',*,*,#1695,.F.);
#2372=ORIENTED_EDGE('',*,*,#1644,.F.);
#2373=ORIENTED_EDGE('',*,*,#1650,.F.);
#2374=ORIENTED_EDGE('',*,*,#1696,.F.);
#2375=ORIENTED_EDGE('',*,*,#1642,.F.);
#2376=ORIENTED_EDGE('',*,*,#1697,.F.);
#2377=ORIENTED_EDGE('',*,*,#1698,.F.);
#2378=ORIENTED_EDGE('',*,*,#1647,.T.);
#2379=ORIENTED_EDGE('',*,*,#1641,.F.);
#2380=ORIENTED_EDGE('',*,*,#1646,.F.);
#2381=ORIENTED_EDGE('',*,*,#1699,.F.);
#2382=ORIENTED_EDGE('',*,*,#1700,.F.);
#2383=ORIENTED_EDGE('',*,*,#1701,.F.);
#2384=ORIENTED_EDGE('',*,*,#1697,.T.);
#2385=ORIENTED_EDGE('',*,*,#1702,.T.);
#2386=ORIENTED_EDGE('',*,*,#1648,.T.);
#2387=ORIENTED_EDGE('',*,*,#1698,.T.);
#2388=ORIENTED_EDGE('',*,*,#1701,.T.);
#2389=ORIENTED_EDGE('',*,*,#1703,.F.);
#2390=ORIENTED_EDGE('',*,*,#1704,.T.);
#2391=ORIENTED_EDGE('',*,*,#1705,.F.);
#2392=ORIENTED_EDGE('',*,*,#1699,.T.);
#2393=ORIENTED_EDGE('',*,*,#1645,.T.);
#2394=ORIENTED_EDGE('',*,*,#1695,.T.);
#2395=ORIENTED_EDGE('',*,*,#1706,.F.);
#2396=ORIENTED_EDGE('',*,*,#1704,.F.);
#2397=ORIENTED_EDGE('',*,*,#1613,.T.);
#2398=ORIENTED_EDGE('',*,*,#1707,.F.);
#2399=ORIENTED_EDGE('',*,*,#1694,.F.);
#2400=ORIENTED_EDGE('',*,*,#1708,.F.);
#2401=ORIENTED_EDGE('',*,*,#1702,.F.);
#2402=ORIENTED_EDGE('',*,*,#1709,.F.);
#2403=ORIENTED_EDGE('',*,*,#1710,.T.);
#2404=ORIENTED_EDGE('',*,*,#1711,.F.);
#2405=ORIENTED_EDGE('',*,*,#1712,.T.);
#2406=ORIENTED_EDGE('',*,*,#1713,.F.);
#2407=ORIENTED_EDGE('',*,*,#1714,.F.);
#2408=ORIENTED_EDGE('',*,*,#1715,.F.);
#2409=ORIENTED_EDGE('',*,*,#1716,.T.);
#2410=ORIENTED_EDGE('',*,*,#1614,.F.);
#2411=ORIENTED_EDGE('',*,*,#1711,.T.);
#2412=ORIENTED_EDGE('',*,*,#1717,.T.);
#2413=ORIENTED_EDGE('',*,*,#1715,.T.);
#2414=ORIENTED_EDGE('',*,*,#1718,.T.);
#2415=ORIENTED_EDGE('',*,*,#1719,.T.);
#2416=ORIENTED_EDGE('',*,*,#1720,.T.);
#2417=ORIENTED_EDGE('',*,*,#1602,.T.);
#2418=ORIENTED_EDGE('',*,*,#1596,.F.);
#2419=ORIENTED_EDGE('',*,*,#1721,.T.);
#2420=ORIENTED_EDGE('',*,*,#1722,.T.);
#2421=ORIENTED_EDGE('',*,*,#1723,.F.);
#2422=ORIENTED_EDGE('',*,*,#1724,.F.);
#2423=ORIENTED_EDGE('',*,*,#1725,.F.);
#2424=ORIENTED_EDGE('',*,*,#1726,.F.);
#2425=ORIENTED_EDGE('',*,*,#1727,.T.);
#2426=ORIENTED_EDGE('',*,*,#1719,.F.);
#2427=ORIENTED_EDGE('',*,*,#1728,.T.);
#2428=ORIENTED_EDGE('',*,*,#1729,.F.);
#2429=ORIENTED_EDGE('',*,*,#1666,.F.);
#2430=ORIENTED_EDGE('',*,*,#1730,.F.);
#2431=ORIENTED_EDGE('',*,*,#1721,.F.);
#2432=ORIENTED_EDGE('',*,*,#1595,.F.);
#2433=ORIENTED_EDGE('',*,*,#1731,.T.);
#2434=ORIENTED_EDGE('',*,*,#1729,.T.);
#2435=ORIENTED_EDGE('',*,*,#1732,.T.);
#2436=ORIENTED_EDGE('',*,*,#1713,.T.);
#2437=ORIENTED_EDGE('',*,*,#1733,.F.);
#2438=ORIENTED_EDGE('',*,*,#1603,.T.);
#2439=ORIENTED_EDGE('',*,*,#1720,.F.);
#2440=ORIENTED_EDGE('',*,*,#1727,.F.);
#2441=ORIENTED_EDGE('',*,*,#1731,.F.);
#2442=ORIENTED_EDGE('',*,*,#1712,.F.);
#2443=ORIENTED_EDGE('',*,*,#1717,.F.);
#2444=ORIENTED_EDGE('',*,*,#1710,.F.);
#2445=ORIENTED_EDGE('',*,*,#1718,.F.);
#2446=ORIENTED_EDGE('',*,*,#1714,.T.);
#2447=ORIENTED_EDGE('',*,*,#1732,.F.);
#2448=ORIENTED_EDGE('',*,*,#1728,.F.);
#2449=ORIENTED_EDGE('',*,*,#1722,.F.);
#2450=ORIENTED_EDGE('',*,*,#1730,.T.);
#2451=ORIENTED_EDGE('',*,*,#1665,.F.);
#2452=ORIENTED_EDGE('',*,*,#1734,.F.);
#2453=ORIENTED_EDGE('',*,*,#1716,.F.);
#2454=ORIENTED_EDGE('',*,*,#1734,.T.);
#2455=ORIENTED_EDGE('',*,*,#1664,.T.);
#2456=ORIENTED_EDGE('',*,*,#1615,.F.);
#2457=ORIENTED_EDGE('',*,*,#1735,.F.);
#2458=ORIENTED_EDGE('',*,*,#1736,.T.);
#2459=ORIENTED_EDGE('',*,*,#1737,.F.);
#2460=ORIENTED_EDGE('',*,*,#1673,.T.);
#2461=ORIENTED_EDGE('',*,*,#1677,.T.);
#2462=ORIENTED_EDGE('',*,*,#1675,.T.);
#2463=ORIENTED_EDGE('',*,*,#1738,.F.);
#2464=ORIENTED_EDGE('',*,*,#1736,.F.);
#2465=ORIENTED_EDGE('',*,*,#1739,.F.);
#2466=ORIENTED_EDGE('',*,*,#1740,.T.);
#2467=ORIENTED_EDGE('',*,*,#1726,.T.);
#2468=ORIENTED_EDGE('',*,*,#1740,.F.);
#2469=ORIENTED_EDGE('',*,*,#1735,.T.);
#2470=ORIENTED_EDGE('',*,*,#1739,.T.);
#2471=ORIENTED_EDGE('',*,*,#1741,.F.);
#2472=ORIENTED_EDGE('',*,*,#1742,.T.);
#2473=ORIENTED_EDGE('',*,*,#1743,.F.);
#2474=ORIENTED_EDGE('',*,*,#1685,.T.);
#2475=ORIENTED_EDGE('',*,*,#1662,.T.);
#2476=ORIENTED_EDGE('',*,*,#1687,.T.);
#2477=ORIENTED_EDGE('',*,*,#1744,.F.);
#2478=ORIENTED_EDGE('',*,*,#1742,.F.);
#2479=ORIENTED_EDGE('',*,*,#1745,.F.);
#2480=ORIENTED_EDGE('',*,*,#1746,.T.);
#2481=ORIENTED_EDGE('',*,*,#1725,.T.);
#2482=ORIENTED_EDGE('',*,*,#1746,.F.);
#2483=ORIENTED_EDGE('',*,*,#1741,.T.);
#2484=ORIENTED_EDGE('',*,*,#1745,.T.);
#2485=ORIENTED_EDGE('',*,*,#1747,.F.);
#2486=ORIENTED_EDGE('',*,*,#1748,.T.);
#2487=ORIENTED_EDGE('',*,*,#1749,.F.);
#2488=ORIENTED_EDGE('',*,*,#1678,.T.);
#2489=ORIENTED_EDGE('',*,*,#1632,.T.);
#2490=ORIENTED_EDGE('',*,*,#1638,.T.);
#2491=ORIENTED_EDGE('',*,*,#1750,.F.);
#2492=ORIENTED_EDGE('',*,*,#1748,.F.);
#2493=ORIENTED_EDGE('',*,*,#1751,.F.);
#2494=ORIENTED_EDGE('',*,*,#1752,.T.);
#2495=ORIENTED_EDGE('',*,*,#1724,.T.);
#2496=ORIENTED_EDGE('',*,*,#1752,.F.);
#2497=ORIENTED_EDGE('',*,*,#1747,.T.);
#2498=ORIENTED_EDGE('',*,*,#1751,.T.);
#2499=ORIENTED_EDGE('',*,*,#1753,.F.);
#2500=ORIENTED_EDGE('',*,*,#1754,.T.);
#2501=ORIENTED_EDGE('',*,*,#1723,.T.);
#2502=ORIENTED_EDGE('',*,*,#1754,.F.);
#2503=ORIENTED_EDGE('',*,*,#1703,.T.);
#2504=ORIENTED_EDGE('',*,*,#1753,.T.);
#2505=ORIENTED_EDGE('',*,*,#1622,.T.);
#2506=ORIENTED_EDGE('',*,*,#1606,.T.);
#2507=ORIENTED_EDGE('',*,*,#1683,.T.);
#2508=ORIENTED_EDGE('',*,*,#1679,.T.);
#2509=ORIENTED_EDGE('',*,*,#1749,.T.);
#2510=ORIENTED_EDGE('',*,*,#1750,.T.);
#2511=ORIENTED_EDGE('',*,*,#1637,.T.);
#2512=ORIENTED_EDGE('',*,*,#1604,.T.);
#2513=ORIENTED_EDGE('',*,*,#1733,.T.);
#2514=ORIENTED_EDGE('',*,*,#1709,.T.);
#2515=ORIENTED_EDGE('',*,*,#1700,.T.);
#2516=ORIENTED_EDGE('',*,*,#1705,.T.);
#2517=ORIENTED_EDGE('',*,*,#1706,.T.);
#2518=ORIENTED_EDGE('',*,*,#1696,.T.);
#2519=ORIENTED_EDGE('',*,*,#1649,.T.);
#2520=ORIENTED_EDGE('',*,*,#1708,.T.);
#2521=ORIENTED_EDGE('',*,*,#1657,.T.);
#2522=ORIENTED_EDGE('',*,*,#1686,.T.);
#2523=ORIENTED_EDGE('',*,*,#1743,.T.);
#2524=ORIENTED_EDGE('',*,*,#1744,.T.);
#2525=ORIENTED_EDGE('',*,*,#1689,.T.);
#2526=ORIENTED_EDGE('',*,*,#1692,.T.);
#2527=ORIENTED_EDGE('',*,*,#1707,.T.);
#2528=ORIENTED_EDGE('',*,*,#1609,.T.);
#2529=ORIENTED_EDGE('',*,*,#1599,.T.);
#2530=ORIENTED_EDGE('',*,*,#1591,.T.);
#2531=ORIENTED_EDGE('',*,*,#1608,.T.);
#2532=ORIENTED_EDGE('',*,*,#1669,.T.);
#2533=ORIENTED_EDGE('',*,*,#1671,.T.);
#2534=ORIENTED_EDGE('',*,*,#1737,.T.);
#2535=ORIENTED_EDGE('',*,*,#1738,.T.);
#2536=ORIENTED_EDGE('',*,*,#1674,.T.);
#2537=PLANE('',#2823);
#2538=PLANE('',#2824);
#2539=PLANE('',#2825);
#2540=PLANE('',#2826);
#2541=PLANE('',#2827);
#2542=PLANE('',#2832);
#2543=PLANE('',#2833);
#2544=PLANE('',#2834);
#2545=PLANE('',#2835);
#2546=PLANE('',#2836);
#2547=PLANE('',#2837);
#2548=PLANE('',#2838);
#2549=PLANE('',#2839);
#2550=PLANE('',#2840);
#2551=PLANE('',#2841);
#2552=PLANE('',#2842);
#2553=PLANE('',#2843);
#2554=PLANE('',#2844);
#2555=PLANE('',#2845);
#2556=PLANE('',#2846);
#2557=PLANE('',#2847);
#2558=PLANE('',#2848);
#2559=PLANE('',#2849);
#2560=PLANE('',#2850);
#2561=PLANE('',#2851);
#2562=PLANE('',#2852);
#2563=PLANE('',#2853);
#2564=PLANE('',#2854);
#2565=PLANE('',#2855);
#2566=PLANE('',#2856);
#2567=PLANE('',#2857);
#2568=PLANE('',#2858);
#2569=PLANE('',#2859);
#2570=PLANE('',#2860);
#2571=PLANE('',#2861);
#2572=PLANE('',#2862);
#2573=PLANE('',#2863);
#2574=PLANE('',#2864);
#2575=PLANE('',#2865);
#2576=PLANE('',#2866);
#2577=PLANE('',#2867);
#2578=PLANE('',#2868);
#2579=PLANE('',#2869);
#2580=PLANE('',#2870);
#2581=PLANE('',#2871);
#2582=PLANE('',#2872);
#2583=PLANE('',#2873);
#2584=PLANE('',#2874);
#2585=PLANE('',#2875);
#2586=PLANE('',#2876);
#2587=PLANE('',#2877);
#2588=PLANE('',#2878);
#2589=PLANE('',#2879);
#2590=PLANE('',#2880);
#2591=PLANE('',#2889);
#2592=PLANE('',#2890);
#2593=PLANE('',#2891);
#2594=PLANE('',#2892);
#2595=PLANE('',#2893);
#2596=PLANE('',#2894);
#2597=PLANE('',#2895);
#2598=PLANE('',#2896);
#2599=PLANE('',#2897);
#2600=PLANE('',#2898);
#2601=PLANE('',#2899);
#2602=PLANE('',#2900);
#2603=PLANE('',#2901);
#2604=PLANE('',#2902);
#2605=PLANE('',#2903);
#2606=PLANE('',#2904);
#2607=PLANE('',#2906);
#2608=PLANE('',#2907);
#2609=PLANE('',#2908);
#2610=PLANE('',#2909);
#2611=PLANE('',#2910);
#2612=PLANE('',#2911);
#2613=PLANE('',#2915);
#2614=PLANE('',#2916);
#2615=PLANE('',#2920);
#2616=PLANE('',#2922);
#2617=PLANE('',#2926);
#2618=PLANE('',#2928);
#2619=PLANE('',#2932);
#2620=PLANE('',#2933);
#2621=PLANE('',#2935);
#2622=PLANE('',#2936);
#2623=PLANE('',#2937);
#2624=PLANE('',#2938);
#2625=PLANE('',#2939);
#2626=PLANE('',#2941);
#2627=PLANE('',#2942);
#2628=PLANE('',#2943);
#2629=PLANE('',#2944);
#2630=PLANE('',#2945);
#2631=PLANE('',#2946);
#2632=PLANE('',#2947);
#2633=PLANE('',#2948);
#2634=PLANE('',#2949);
#2635=PLANE('',#2950);
#2636=PLANE('',#2951);
#2637=PLANE('',#2952);
#2638=PLANE('',#2953);
#2639=PLANE('',#2954);
#2640=PLANE('',#2959);
#2641=PLANE('',#2960);
#2642=PLANE('',#2961);
#2643=PLANE('',#2966);
#2644=PLANE('',#2967);
#2645=PLANE('',#2968);
#2646=PLANE('',#2969);
#2647=PLANE('',#2970);
#2648=PLANE('',#2971);
#2649=PLANE('',#2972);
#2650=PLANE('',#2979);
#2651=PLANE('',#2986);
#2652=PLANE('',#2993);
#2653=PLANE('',#2996);
#2654=PLANE('',#2997);
#2655=ADVANCED_FACE('',(#130),#2537,.T.);
#2656=ADVANCED_FACE('',(#131),#2538,.T.);
#2657=ADVANCED_FACE('',(#132),#2539,.T.);
#2658=ADVANCED_FACE('',(#133),#2540,.T.);
#2659=ADVANCED_FACE('',(#134,#65,#66,#67,#68),#2541,.F.);
#2660=ADVANCED_FACE('',(#135),#2542,.T.);
#2661=ADVANCED_FACE('',(#136),#2543,.T.);
#2662=ADVANCED_FACE('',(#137),#2544,.T.);
#2663=ADVANCED_FACE('',(#138),#2545,.T.);
#2664=ADVANCED_FACE('',(#139,#69,#70),#2546,.T.);
#2665=ADVANCED_FACE('',(#140),#2547,.T.);
#2666=ADVANCED_FACE('',(#141),#2548,.T.);
#2667=ADVANCED_FACE('',(#142),#2549,.T.);
#2668=ADVANCED_FACE('',(#143),#2550,.T.);
#2669=ADVANCED_FACE('',(#144),#2551,.T.);
#2670=ADVANCED_FACE('',(#145),#2552,.T.);
#2671=ADVANCED_FACE('',(#146),#2553,.T.);
#2672=ADVANCED_FACE('',(#147),#2554,.T.);
#2673=ADVANCED_FACE('',(#148),#2555,.F.);
#2674=ADVANCED_FACE('',(#149),#2556,.F.);
#2675=ADVANCED_FACE('',(#150),#2557,.F.);
#2676=ADVANCED_FACE('',(#151),#2558,.F.);
#2677=ADVANCED_FACE('',(#152),#2559,.F.);
#2678=ADVANCED_FACE('',(#153),#2560,.F.);
#2679=ADVANCED_FACE('',(#154),#2561,.F.);
#2680=ADVANCED_FACE('',(#155),#2562,.F.);
#2681=ADVANCED_FACE('',(#156),#2563,.F.);
#2682=ADVANCED_FACE('',(#157),#2564,.F.);
#2683=ADVANCED_FACE('',(#158),#2565,.F.);
#2684=ADVANCED_FACE('',(#159),#2566,.F.);
#2685=ADVANCED_FACE('',(#160),#2567,.F.);
#2686=ADVANCED_FACE('',(#161),#2568,.F.);
#2687=ADVANCED_FACE('',(#162),#2569,.F.);
#2688=ADVANCED_FACE('',(#163),#2570,.F.);
#2689=ADVANCED_FACE('',(#164),#2571,.T.);
#2690=ADVANCED_FACE('',(#165),#2572,.T.);
#2691=ADVANCED_FACE('',(#166),#2573,.T.);
#2692=ADVANCED_FACE('',(#167),#2574,.T.);
#2693=ADVANCED_FACE('',(#168),#2575,.T.);
#2694=ADVANCED_FACE('',(#169),#2576,.T.);
#2695=ADVANCED_FACE('',(#170),#2577,.F.);
#2696=ADVANCED_FACE('',(#171),#43,.F.);
#2697=ADVANCED_FACE('',(#172),#2578,.F.);
#2698=ADVANCED_FACE('',(#173),#44,.F.);
#2699=ADVANCED_FACE('',(#174),#45,.F.);
#2700=ADVANCED_FACE('',(#175),#46,.F.);
#2701=ADVANCED_FACE('',(#176),#47,.F.);
#2702=ADVANCED_FACE('',(#177),#2579,.T.);
#2703=ADVANCED_FACE('',(#178),#48,.F.);
#2704=ADVANCED_FACE('',(#179),#49,.F.);
#2705=ADVANCED_FACE('',(#180),#2580,.F.);
#2706=ADVANCED_FACE('',(#181),#2581,.T.);
#2707=ADVANCED_FACE('',(#182),#2582,.F.);
#2708=ADVANCED_FACE('',(#183),#2583,.F.);
#2709=ADVANCED_FACE('',(#184),#2584,.F.);
#2710=ADVANCED_FACE('',(#185),#2585,.T.);
#2711=ADVANCED_FACE('',(#186),#2586,.F.);
#2712=ADVANCED_FACE('',(#187),#2587,.F.);
#2713=ADVANCED_FACE('',(#188),#2588,.F.);
#2714=ADVANCED_FACE('',(#189),#2589,.F.);
#2715=ADVANCED_FACE('',(#190),#2590,.T.);
#2716=ADVANCED_FACE('',(#191),#27,.F.);
#2717=ADVANCED_FACE('',(#192),#28,.F.);
#2718=ADVANCED_FACE('',(#193),#29,.F.);
#2719=ADVANCED_FACE('',(#194),#30,.F.);
#2720=ADVANCED_FACE('',(#195),#2591,.F.);
#2721=ADVANCED_FACE('',(#196),#2592,.T.);
#2722=ADVANCED_FACE('',(#197),#2593,.F.);
#2723=ADVANCED_FACE('',(#198),#2594,.F.);
#2724=ADVANCED_FACE('',(#199),#2595,.T.);
#2725=ADVANCED_FACE('',(#200),#2596,.T.);
#2726=ADVANCED_FACE('',(#201),#2597,.T.);
#2727=ADVANCED_FACE('',(#202),#2598,.T.);
#2728=ADVANCED_FACE('',(#203),#2599,.T.);
#2729=ADVANCED_FACE('',(#204),#2600,.T.);
#2730=ADVANCED_FACE('',(#205,#71,#72),#2601,.T.);
#2731=ADVANCED_FACE('',(#206,#73,#74,#75,#76,#77),#2602,.T.);
#2732=ADVANCED_FACE('',(#207),#2603,.T.);
#2733=ADVANCED_FACE('',(#208),#2604,.T.);
#2734=ADVANCED_FACE('',(#209,#78,#79),#2605,.T.);
#2735=ADVANCED_FACE('',(#210,#80,#81),#2606,.T.);
#2736=ADVANCED_FACE('',(#211),#2607,.T.);
#2737=ADVANCED_FACE('',(#212),#2608,.T.);
#2738=ADVANCED_FACE('',(#213),#2609,.T.);
#2739=ADVANCED_FACE('',(#214),#2610,.F.);
#2740=ADVANCED_FACE('',(#215),#2611,.T.);
#2741=ADVANCED_FACE('',(#216),#2612,.T.);
#2742=ADVANCED_FACE('',(#217),#31,.T.);
#2743=ADVANCED_FACE('',(#218),#2613,.T.);
#2744=ADVANCED_FACE('',(#219),#2614,.T.);
#2745=ADVANCED_FACE('',(#220),#32,.T.);
#2746=ADVANCED_FACE('',(#221),#2615,.T.);
#2747=ADVANCED_FACE('',(#222),#2616,.T.);
#2748=ADVANCED_FACE('',(#223),#33,.T.);
#2749=ADVANCED_FACE('',(#224),#2617,.T.);
#2750=ADVANCED_FACE('',(#225),#2618,.T.);
#2751=ADVANCED_FACE('',(#226),#34,.T.);
#2752=ADVANCED_FACE('',(#227),#2619,.T.);
#2753=ADVANCED_FACE('',(#228),#2620,.T.);
#2754=ADVANCED_FACE('',(#229),#2621,.T.);
#2755=ADVANCED_FACE('',(#230),#2622,.T.);
#2756=ADVANCED_FACE('',(#231),#2623,.T.);
#2757=ADVANCED_FACE('',(#232),#2624,.T.);
#2758=ADVANCED_FACE('',(#233),#2625,.T.);
#2759=ADVANCED_FACE('',(#234),#2626,.F.);
#2760=ADVANCED_FACE('',(#235),#2627,.T.);
#2761=ADVANCED_FACE('',(#236),#2628,.T.);
#2762=ADVANCED_FACE('',(#237),#2629,.T.);
#2763=ADVANCED_FACE('',(#238),#2630,.F.);
#2764=ADVANCED_FACE('',(#239),#2631,.T.);
#2765=ADVANCED_FACE('',(#240),#2632,.T.);
#2766=ADVANCED_FACE('',(#241),#2633,.T.);
#2767=ADVANCED_FACE('',(#242),#2634,.T.);
#2768=ADVANCED_FACE('',(#243),#2635,.F.);
#2769=ADVANCED_FACE('',(#244),#2636,.T.);
#2770=ADVANCED_FACE('',(#245),#2637,.T.);
#2771=ADVANCED_FACE('',(#246),#2638,.T.);
#2772=ADVANCED_FACE('',(#247),#2639,.F.);
#2773=ADVANCED_FACE('',(#248),#35,.T.);
#2774=ADVANCED_FACE('',(#249),#2640,.F.);
#2775=ADVANCED_FACE('',(#250),#2641,.T.);
#2776=ADVANCED_FACE('',(#251,#82,#83,#84,#85),#2642,.F.);
#2777=ADVANCED_FACE('',(#252),#2643,.T.);
#2778=ADVANCED_FACE('',(#253),#2644,.T.);
#2779=ADVANCED_FACE('',(#254),#2645,.T.);
#2780=ADVANCED_FACE('',(#255),#2646,.T.);
#2781=ADVANCED_FACE('',(#256),#2647,.T.);
#2782=ADVANCED_FACE('',(#257),#2648,.T.);
#2783=ADVANCED_FACE('',(#258),#2649,.T.);
#2784=ADVANCED_FACE('',(#259),#36,.T.);
#2785=ADVANCED_FACE('',(#260),#37,.F.);
#2786=ADVANCED_FACE('',(#261,#86),#2650,.T.);
#2787=ADVANCED_FACE('',(#262),#38,.T.);
#2788=ADVANCED_FACE('',(#263),#39,.F.);
#2789=ADVANCED_FACE('',(#264,#87),#2651,.T.);
#2790=ADVANCED_FACE('',(#265),#40,.T.);
#2791=ADVANCED_FACE('',(#266),#41,.F.);
#2792=ADVANCED_FACE('',(#267,#88),#2652,.T.);
#2793=ADVANCED_FACE('',(#268),#42,.F.);
#2794=ADVANCED_FACE('',(#269,#89),#2653,.T.);
#2795=ADVANCED_FACE('',(#270),#2654,.T.);
#2796=CLOSED_SHELL('',(#2655,#2656,#2657,#2658,#2659,#2660,#2661,#2662,
#2663,#2664,#2665,#2666,#2667,#2668,#2669,#2670,#2671,#2672,#2673,#2674,
#2675,#2676,#2677,#2678,#2679,#2680,#2681,#2682,#2683,#2684,#2685,#2686,
#2687,#2688,#2689,#2690,#2691,#2692,#2693,#2694,#2695,#2696,#2697,#2698,
#2699,#2700,#2701,#2702,#2703,#2704,#2705,#2706,#2707,#2708,#2709,#2710,
#2711,#2712,#2713,#2714,#2715,#2716,#2717,#2718,#2719,#2720,#2721,#2722,
#2723,#2724,#2725,#2726,#2727,#2728,#2729,#2730,#2731,#2732,#2733,#2734,
#2735));
#2797=CLOSED_SHELL('',(#2736,#2737,#2738,#2739,#2740,#2741,#2742,#2743,
#2744,#2745,#2746,#2747,#2748,#2749,#2750,#2751,#2752,#2753,#2754,#2755,
#2756,#2757,#2758,#2759,#2760,#2761,#2762,#2763,#2764,#2765,#2766,#2767,
#2768,#2769,#2770,#2771,#2772,#2773,#2774,#2775,#2776,#2777,#2778,#2779,
#2780,#2781,#2782,#2783,#2784,#2785,#2786,#2787,#2788,#2789,#2790,#2791,
#2792,#2793,#2794,#2795));
#2798=DERIVED_UNIT_ELEMENT(#2802,1.);
#2799=DERIVED_UNIT_ELEMENT(#4561,-3.);
#2800=DERIVED_UNIT_ELEMENT(#2802,1.);
#2801=DERIVED_UNIT_ELEMENT(#4561,-3.);
#2802=(
MASS_UNIT()
NAMED_UNIT(*)
SI_UNIT(.KILO.,.GRAM.)
);
#2803=DERIVED_UNIT((#2798,#2799));
#2804=DERIVED_UNIT((#2800,#2801));
#2805=MEASURE_REPRESENTATION_ITEM('density measure',
POSITIVE_RATIO_MEASURE(7850.),#2803);
#2806=MEASURE_REPRESENTATION_ITEM('density measure',
POSITIVE_RATIO_MEASURE(7850.),#2804);
#2807=PROPERTY_DEFINITION_REPRESENTATION(#2817,#2811);
#2808=PROPERTY_DEFINITION_REPRESENTATION(#2818,#2812);
#2809=PROPERTY_DEFINITION_REPRESENTATION(#2819,#2813);
#2810=PROPERTY_DEFINITION_REPRESENTATION(#2820,#2814);
#2811=REPRESENTATION('material name',(#2815),#4557);
#2812=REPRESENTATION('density',(#2805),#4557);
#2813=REPRESENTATION('material name',(#2816),#4558);
#2814=REPRESENTATION('density',(#2806),#4558);
#2815=DESCRIPTIVE_REPRESENTATION_ITEM('Steel','Steel');
#2816=DESCRIPTIVE_REPRESENTATION_ITEM('Steel','Steel');
#2817=PROPERTY_DEFINITION('material property','material name',#4577);
#2818=PROPERTY_DEFINITION('material property','density of part',#4577);
#2819=PROPERTY_DEFINITION('material property','material name',#4578);
#2820=PROPERTY_DEFINITION('material property','density of part',#4578);
#2821=AXIS2_PLACEMENT_3D('',#3694,#3000,#3001);
#2822=AXIS2_PLACEMENT_3D('',#3695,#3002,#3003);
#2823=AXIS2_PLACEMENT_3D('',#3696,#3004,#3005);
#2824=AXIS2_PLACEMENT_3D('',#3705,#3010,#3011);
#2825=AXIS2_PLACEMENT_3D('',#3714,#3016,#3017);
#2826=AXIS2_PLACEMENT_3D('',#3717,#3020,#3021);
#2827=AXIS2_PLACEMENT_3D('',#3719,#3023,#3024);
#2828=AXIS2_PLACEMENT_3D('',#3762,#3046,#3047);
#2829=AXIS2_PLACEMENT_3D('',#3764,#3048,#3049);
#2830=AXIS2_PLACEMENT_3D('',#3766,#3050,#3051);
#2831=AXIS2_PLACEMENT_3D('',#3768,#3052,#3053);
#2832=AXIS2_PLACEMENT_3D('',#3769,#3054,#3055);
#2833=AXIS2_PLACEMENT_3D('',#3775,#3059,#3060);
#2834=AXIS2_PLACEMENT_3D('',#3779,#3063,#3064);
#2835=AXIS2_PLACEMENT_3D('',#3783,#3067,#3068);
#2836=AXIS2_PLACEMENT_3D('',#3785,#3070,#3071);
#2837=AXIS2_PLACEMENT_3D('',#3818,#3089,#3090);
#2838=AXIS2_PLACEMENT_3D('',#3824,#3094,#3095);
#2839=AXIS2_PLACEMENT_3D('',#3830,#3099,#3100);
#2840=AXIS2_PLACEMENT_3D('',#3832,#3102,#3103);
#2841=AXIS2_PLACEMENT_3D('',#3834,#3105,#3106);
#2842=AXIS2_PLACEMENT_3D('',#3838,#3109,#3110);
#2843=AXIS2_PLACEMENT_3D('',#3842,#3113,#3114);
#2844=AXIS2_PLACEMENT_3D('',#3844,#3116,#3117);
#2845=AXIS2_PLACEMENT_3D('',#3845,#3118,#3119);
#2846=AXIS2_PLACEMENT_3D('',#3854,#3124,#3125);
#2847=AXIS2_PLACEMENT_3D('',#3860,#3129,#3130);
#2848=AXIS2_PLACEMENT_3D('',#3866,#3134,#3135);
#2849=AXIS2_PLACEMENT_3D('',#3870,#3138,#3139);
#2850=AXIS2_PLACEMENT_3D('',#3876,#3143,#3144);
#2851=AXIS2_PLACEMENT_3D('',#3879,#3147,#3148);
#2852=AXIS2_PLACEMENT_3D('',#3883,#3151,#3152);
#2853=AXIS2_PLACEMENT_3D('',#3885,#3154,#3155);
#2854=AXIS2_PLACEMENT_3D('',#3894,#3160,#3161);
#2855=AXIS2_PLACEMENT_3D('',#3900,#3165,#3166);
#2856=AXIS2_PLACEMENT_3D('',#3906,#3170,#3171);
#2857=AXIS2_PLACEMENT_3D('',#3910,#3174,#3175);
#2858=AXIS2_PLACEMENT_3D('',#3916,#3179,#3180);
#2859=AXIS2_PLACEMENT_3D('',#3919,#3183,#3184);
#2860=AXIS2_PLACEMENT_3D('',#3923,#3187,#3188);
#2861=AXIS2_PLACEMENT_3D('',#3925,#3190,#3191);
#2862=AXIS2_PLACEMENT_3D('',#3931,#3195,#3196);
#2863=AXIS2_PLACEMENT_3D('',#3935,#3199,#3200);
#2864=AXIS2_PLACEMENT_3D('',#3943,#3205,#3206);
#2865=AXIS2_PLACEMENT_3D('',#3952,#3211,#3212);
#2866=AXIS2_PLACEMENT_3D('',#3958,#3216,#3217);
#2867=AXIS2_PLACEMENT_3D('',#3966,#3222,#3223);
#2868=AXIS2_PLACEMENT_3D('',#3999,#3231,#3232);
#2869=AXIS2_PLACEMENT_3D('',#4068,#3241,#3242);
#2870=AXIS2_PLACEMENT_3D('',#4101,#3247,#3248);
#2871=AXIS2_PLACEMENT_3D('',#4107,#3252,#3253);
#2872=AXIS2_PLACEMENT_3D('',#4111,#3256,#3257);
#2873=AXIS2_PLACEMENT_3D('',#4117,#3261,#3262);
#2874=AXIS2_PLACEMENT_3D('',#4125,#3267,#3268);
#2875=AXIS2_PLACEMENT_3D('',#4128,#3271,#3272);
#2876=AXIS2_PLACEMENT_3D('',#4129,#3273,#3274);
#2877=AXIS2_PLACEMENT_3D('',#4135,#3278,#3279);
#2878=AXIS2_PLACEMENT_3D('',#4141,#3283,#3284);
#2879=AXIS2_PLACEMENT_3D('',#4147,#3288,#3289);
#2880=AXIS2_PLACEMENT_3D('',#4150,#3292,#3293);
#2881=AXIS2_PLACEMENT_3D('',#4151,#3294,#3295);
#2882=AXIS2_PLACEMENT_3D('',#4154,#3297,#3298);
#2883=AXIS2_PLACEMENT_3D('',#4155,#3299,#3300);
#2884=AXIS2_PLACEMENT_3D('',#4158,#3302,#3303);
#2885=AXIS2_PLACEMENT_3D('',#4159,#3304,#3305);
#2886=AXIS2_PLACEMENT_3D('',#4162,#3307,#3308);
#2887=AXIS2_PLACEMENT_3D('',#4163,#3309,#3310);
#2888=AXIS2_PLACEMENT_3D('',#4166,#3312,#3313);
#2889=AXIS2_PLACEMENT_3D('',#4167,#3314,#3315);
#2890=AXIS2_PLACEMENT_3D('',#4173,#3319,#3320);
#2891=AXIS2_PLACEMENT_3D('',#4180,#3325,#3326);
#2892=AXIS2_PLACEMENT_3D('',#4183,#3329,#3330);
#2893=AXIS2_PLACEMENT_3D('',#4186,#3333,#3334);
#2894=AXIS2_PLACEMENT_3D('',#4187,#3335,#3336);
#2895=AXIS2_PLACEMENT_3D('',#4193,#3340,#3341);
#2896=AXIS2_PLACEMENT_3D('',#4200,#3346,#3347);
#2897=AXIS2_PLACEMENT_3D('',#4204,#3350,#3351);
#2898=AXIS2_PLACEMENT_3D('',#4209,#3355,#3356);
#2899=AXIS2_PLACEMENT_3D('',#4211,#3358,#3359);
#2900=AXIS2_PLACEMENT_3D('',#4212,#3360,#3361);
#2901=AXIS2_PLACEMENT_3D('',#4213,#3362,#3363);
#2902=AXIS2_PLACEMENT_3D('',#4215,#3365,#3366);
#2903=AXIS2_PLACEMENT_3D('',#4217,#3368,#3369);
#2904=AXIS2_PLACEMENT_3D('',#4218,#3370,#3371);
#2905=AXIS2_PLACEMENT_3D('',#4219,#3372,#3373);
#2906=AXIS2_PLACEMENT_3D('',#4220,#3374,#3375);
#2907=AXIS2_PLACEMENT_3D('',#4229,#3380,#3381);
#2908=AXIS2_PLACEMENT_3D('',#4237,#3386,#3387);
#2909=AXIS2_PLACEMENT_3D('',#4243,#3391,#3392);
#2910=AXIS2_PLACEMENT_3D('',#4257,#3400,#3401);
#2911=AXIS2_PLACEMENT_3D('',#4263,#3405,#3406);
#2912=AXIS2_PLACEMENT_3D('',#4271,#3411,#3412);
#2913=AXIS2_PLACEMENT_3D('',#4274,#3413,#3414);
#2914=AXIS2_PLACEMENT_3D('',#4278,#3416,#3417);
#2915=AXIS2_PLACEMENT_3D('',#4280,#3419,#3420);
#2916=AXIS2_PLACEMENT_3D('',#4289,#3426,#3427);
#2917=AXIS2_PLACEMENT_3D('',#4293,#3430,#3431);
#2918=AXIS2_PLACEMENT_3D('',#4296,#3432,#3433);
#2919=AXIS2_PLACEMENT_3D('',#4300,#3435,#3436);
#2920=AXIS2_PLACEMENT_3D('',#4302,#3438,#3439);
#2921=AXIS2_PLACEMENT_3D('',#4306,#3441,#3442);
#2922=AXIS2_PLACEMENT_3D('',#4310,#3445,#3446);
#2923=AXIS2_PLACEMENT_3D('',#4317,#3451,#3452);
#2924=AXIS2_PLACEMENT_3D('',#4320,#3453,#3454);
#2925=AXIS2_PLACEMENT_3D('',#4324,#3456,#3457);
#2926=AXIS2_PLACEMENT_3D('',#4326,#3459,#3460);
#2927=AXIS2_PLACEMENT_3D('',#4332,#3463,#3464);
#2928=AXIS2_PLACEMENT_3D('',#4334,#3466,#3467);
#2929=AXIS2_PLACEMENT_3D('',#4342,#3472,#3473);
#2930=AXIS2_PLACEMENT_3D('',#4345,#3474,#3475);
#2931=AXIS2_PLACEMENT_3D('',#4349,#3477,#3478);
#2932=AXIS2_PLACEMENT_3D('',#4351,#3480,#3481);
#2933=AXIS2_PLACEMENT_3D('',#4361,#3487,#3488);
#2934=AXIS2_PLACEMENT_3D('',#4367,#3491,#3492);
#2935=AXIS2_PLACEMENT_3D('',#4369,#3494,#3495);
#2936=AXIS2_PLACEMENT_3D('',#4375,#3499,#3500);
#2937=AXIS2_PLACEMENT_3D('',#4382,#3505,#3506);
#2938=AXIS2_PLACEMENT_3D('',#4388,#3510,#3511);
#2939=AXIS2_PLACEMENT_3D('',#4394,#3515,#3516);
#2940=AXIS2_PLACEMENT_3D('',#4395,#3517,#3518);
#2941=AXIS2_PLACEMENT_3D('',#4396,#3519,#3520);
#2942=AXIS2_PLACEMENT_3D('',#4397,#3521,#3522);
#2943=AXIS2_PLACEMENT_3D('',#4403,#3526,#3527);
#2944=AXIS2_PLACEMENT_3D('',#4407,#3530,#3531);
#2945=AXIS2_PLACEMENT_3D('',#4410,#3534,#3535);
#2946=AXIS2_PLACEMENT_3D('',#4411,#3536,#3537);
#2947=AXIS2_PLACEMENT_3D('',#4415,#3540,#3541);
#2948=AXIS2_PLACEMENT_3D('',#4421,#3545,#3546);
#2949=AXIS2_PLACEMENT_3D('',#4427,#3550,#3551);
#2950=AXIS2_PLACEMENT_3D('',#4429,#3553,#3554);
#2951=AXIS2_PLACEMENT_3D('',#4431,#3556,#3557);
#2952=AXIS2_PLACEMENT_3D('',#4435,#3560,#3561);
#2953=AXIS2_PLACEMENT_3D('',#4439,#3564,#3565);
#2954=AXIS2_PLACEMENT_3D('',#4445,#3569,#3570);
#2955=AXIS2_PLACEMENT_3D('',#4447,#3572,#3573);
#2956=AXIS2_PLACEMENT_3D('',#4449,#3574,#3575);
#2957=AXIS2_PLACEMENT_3D('',#4452,#3577,#3578);
#2958=AXIS2_PLACEMENT_3D('',#4453,#3579,#3580);
#2959=AXIS2_PLACEMENT_3D('',#4454,#3581,#3582);
#2960=AXIS2_PLACEMENT_3D('',#4462,#3588,#3589);
#2961=AXIS2_PLACEMENT_3D('',#4471,#3594,#3595);
#2962=AXIS2_PLACEMENT_3D('',#4484,#3603,#3604);
#2963=AXIS2_PLACEMENT_3D('',#4486,#3605,#3606);
#2964=AXIS2_PLACEMENT_3D('',#4488,#3607,#3608);
#2965=AXIS2_PLACEMENT_3D('',#4490,#3609,#3610);
#2966=AXIS2_PLACEMENT_3D('',#4491,#3611,#3612);
#2967=AXIS2_PLACEMENT_3D('',#4497,#3616,#3617);
#2968=AXIS2_PLACEMENT_3D('',#4499,#3619,#3620);
#2969=AXIS2_PLACEMENT_3D('',#4502,#3623,#3624);
#2970=AXIS2_PLACEMENT_3D('',#4504,#3626,#3627);
#2971=AXIS2_PLACEMENT_3D('',#4505,#3628,#3629);
#2972=AXIS2_PLACEMENT_3D('',#4507,#3631,#3632);
#2973=AXIS2_PLACEMENT_3D('',#4508,#3633,#3634);
#2974=AXIS2_PLACEMENT_3D('',#4510,#3635,#3636);
#2975=AXIS2_PLACEMENT_3D('',#4513,#3638,#3639);
#2976=AXIS2_PLACEMENT_3D('',#4514,#3640,#3641);
#2977=AXIS2_PLACEMENT_3D('',#4515,#3642,#3643);
#2978=AXIS2_PLACEMENT_3D('',#4517,#3644,#3645);
#2979=AXIS2_PLACEMENT_3D('',#4519,#3647,#3648);
#2980=AXIS2_PLACEMENT_3D('',#4520,#3649,#3650);
#2981=AXIS2_PLACEMENT_3D('',#4522,#3651,#3652);
#2982=AXIS2_PLACEMENT_3D('',#4525,#3654,#3655);
#2983=AXIS2_PLACEMENT_3D('',#4526,#3656,#3657);
#2984=AXIS2_PLACEMENT_3D('',#4527,#3658,#3659);
#2985=AXIS2_PLACEMENT_3D('',#4529,#3660,#3661);
#2986=AXIS2_PLACEMENT_3D('',#4531,#3663,#3664);
#2987=AXIS2_PLACEMENT_3D('',#4532,#3665,#3666);
#2988=AXIS2_PLACEMENT_3D('',#4534,#3667,#3668);
#2989=AXIS2_PLACEMENT_3D('',#4537,#3670,#3671);
#2990=AXIS2_PLACEMENT_3D('',#4538,#3672,#3673);
#2991=AXIS2_PLACEMENT_3D('',#4539,#3674,#3675);
#2992=AXIS2_PLACEMENT_3D('',#4541,#3676,#3677);
#2993=AXIS2_PLACEMENT_3D('',#4543,#3679,#3680);
#2994=AXIS2_PLACEMENT_3D('',#4544,#3681,#3682);
#2995=AXIS2_PLACEMENT_3D('',#4546,#3683,#3684);
#2996=AXIS2_PLACEMENT_3D('',#4548,#3686,#3687);
#2997=AXIS2_PLACEMENT_3D('',#4549,#3688,#3689);
#2998=AXIS2_PLACEMENT_3D('',#4550,#3690,#3691);
#2999=AXIS2_PLACEMENT_3D('',#4551,#3692,#3693);
#3000=DIRECTION('axis',(0.,0.,1.));
#3001=DIRECTION('refdir',(1.,0.,0.));
#3002=DIRECTION('axis',(0.,0.,1.));
#3003=DIRECTION('refdir',(1.,0.,0.));
#3004=DIRECTION('center_axis',(1.,0.,0.));
#3005=DIRECTION('ref_axis',(0.,0.,1.));
#3006=DIRECTION('',(0.,0.,-1.));
#3007=DIRECTION('',(0.,-1.,0.));
#3008=DIRECTION('',(0.,0.,1.));
#3009=DIRECTION('',(0.,-1.,0.));
#3010=DIRECTION('center_axis',(-1.,0.,0.));
#3011=DIRECTION('ref_axis',(0.,0.,-1.));
#3012=DIRECTION('',(0.,0.,1.));
#3013=DIRECTION('',(0.,1.,0.));
#3014=DIRECTION('',(0.,0.,-1.));
#3015=DIRECTION('',(0.,-1.,0.));
#3016=DIRECTION('center_axis',(0.,0.,1.));
#3017=DIRECTION('ref_axis',(-1.,0.,0.));
#3018=DIRECTION('',(1.,0.,0.));
#3019=DIRECTION('',(-1.,0.,0.));
#3020=DIRECTION('center_axis',(0.,-1.,0.));
#3021=DIRECTION('ref_axis',(0.,0.,-1.));
#3022=DIRECTION('',(-1.,0.,0.));
#3023=DIRECTION('center_axis',(0.,1.,0.));
#3024=DIRECTION('ref_axis',(1.,0.,0.));
#3025=DIRECTION('',(1.,0.,0.));
#3026=DIRECTION('',(0.,0.,1.));
#3027=DIRECTION('',(-1.,0.,0.));
#3028=DIRECTION('',(0.,0.,-1.));
#3029=DIRECTION('',(-1.,0.,0.));
#3030=DIRECTION('',(0.,0.,1.));
#3031=DIRECTION('',(-1.,0.,0.));
#3032=DIRECTION('',(0.,0.,-1.));
#3033=DIRECTION('',(-1.,0.,0.));
#3034=DIRECTION('',(0.,0.,1.));
#3035=DIRECTION('',(-1.,0.,0.));
#3036=DIRECTION('',(0.,0.,-1.));
#3037=DIRECTION('',(-1.,0.,0.));
#3038=DIRECTION('',(0.,0.,1.));
#3039=DIRECTION('',(-1.,0.,0.));
#3040=DIRECTION('',(0.,0.,-1.));
#3041=DIRECTION('',(1.,0.,0.));
#3042=DIRECTION('',(0.,0.,1.));
#3043=DIRECTION('',(1.,0.,0.));
#3044=DIRECTION('',(0.,0.,-1.));
#3045=DIRECTION('',(1.,0.,0.));
#3046=DIRECTION('center_axis',(0.,1.,0.));
#3047=DIRECTION('ref_axis',(1.,0.,0.));
#3048=DIRECTION('center_axis',(0.,1.,0.));
#3049=DIRECTION('ref_axis',(1.,0.,0.));
#3050=DIRECTION('center_axis',(0.,1.,0.));
#3051=DIRECTION('ref_axis',(1.,0.,0.));
#3052=DIRECTION('center_axis',(0.,1.,0.));
#3053=DIRECTION('ref_axis',(1.,0.,0.));
#3054=DIRECTION('center_axis',(0.,0.,-1.));
#3055=DIRECTION('ref_axis',(1.,0.,0.));
#3056=DIRECTION('',(0.,-1.,0.));
#3057=DIRECTION('',(1.,0.,0.));
#3058=DIRECTION('',(0.,-1.,0.));
#3059=DIRECTION('center_axis',(-1.,0.,0.));
#3060=DIRECTION('ref_axis',(0.,0.,-1.));
#3061=DIRECTION('',(0.,0.,-1.));
#3062=DIRECTION('',(0.,-1.,0.));
#3063=DIRECTION('center_axis',(1.,0.,0.));
#3064=DIRECTION('ref_axis',(0.,0.,1.));
#3065=DIRECTION('',(0.,1.,0.));
#3066=DIRECTION('',(0.,0.,1.));
#3067=DIRECTION('center_axis',(0.,-1.,0.));
#3068=DIRECTION('ref_axis',(0.,0.,-1.));
#3069=DIRECTION('',(1.,0.,0.));
#3070=DIRECTION('center_axis',(0.,0.,-1.));
#3071=DIRECTION('ref_axis',(1.,0.,0.));
#3072=DIRECTION('',(0.,-1.,0.));
#3073=DIRECTION('',(0.,-1.,0.));
#3074=DIRECTION('',(1.,0.,0.));
#3075=DIRECTION('',(0.,-1.,0.));
#3076=DIRECTION('',(1.,0.,0.));
#3077=DIRECTION('',(0.,-1.,0.));
#3078=DIRECTION('',(0.,-1.,0.));
#3079=DIRECTION('',(1.,0.,0.));
#3080=DIRECTION('',(0.,1.,0.));
#3081=DIRECTION('',(1.,0.,0.));
#3082=DIRECTION('',(0.,1.,0.));
#3083=DIRECTION('',(-1.,0.,0.));
#3084=DIRECTION('',(0.,-1.,0.));
#3085=DIRECTION('',(0.,-1.,0.));
#3086=DIRECTION('',(1.,0.,0.));
#3087=DIRECTION('',(0.,1.,0.));
#3088=DIRECTION('',(-1.,0.,0.));
#3089=DIRECTION('center_axis',(1.,0.,0.));
#3090=DIRECTION('ref_axis',(0.,0.,1.));
#3091=DIRECTION('',(0.,-1.,0.));
#3092=DIRECTION('',(0.,0.,1.));
#3093=DIRECTION('',(0.,-1.,0.));
#3094=DIRECTION('center_axis',(-1.,0.,0.));
#3095=DIRECTION('ref_axis',(0.,0.,-1.));
#3096=DIRECTION('',(0.,1.,0.));
#3097=DIRECTION('',(0.,0.,-1.));
#3098=DIRECTION('',(0.,-1.,0.));
#3099=DIRECTION('center_axis',(0.,0.,1.));
#3100=DIRECTION('ref_axis',(-1.,0.,0.));
#3101=DIRECTION('',(-1.,0.,0.));
#3102=DIRECTION('center_axis',(0.,-1.,0.));
#3103=DIRECTION('ref_axis',(0.,0.,-1.));
#3104=DIRECTION('',(-1.,0.,0.));
#3105=DIRECTION('center_axis',(-1.,0.,0.));
#3106=DIRECTION('ref_axis',(0.,0.,-1.));
#3107=DIRECTION('',(0.,-1.,0.));
#3108=DIRECTION('',(0.,0.,-1.));
#3109=DIRECTION('center_axis',(1.,0.,0.));
#3110=DIRECTION('ref_axis',(0.,0.,1.));
#3111=DIRECTION('',(0.,0.,1.));
#3112=DIRECTION('',(0.,-1.,0.));
#3113=DIRECTION('center_axis',(0.,0.,-1.));
#3114=DIRECTION('ref_axis',(1.,0.,0.));
#3115=DIRECTION('',(1.,0.,0.));
#3116=DIRECTION('center_axis',(0.,-1.,0.));
#3117=DIRECTION('ref_axis',(0.,0.,-1.));
#3118=DIRECTION('center_axis',(1.,0.,0.));
#3119=DIRECTION('ref_axis',(0.,-1.,0.));
#3120=DIRECTION('',(0.,-1.,0.));
#3121=DIRECTION('',(0.,0.,-1.));
#3122=DIRECTION('',(0.,1.,0.));
#3123=DIRECTION('',(0.,0.,-1.));
#3124=DIRECTION('center_axis',(1.,0.,0.));
#3125=DIRECTION('ref_axis',(0.,-1.,0.));
#3126=DIRECTION('',(0.,0.,-1.));
#3127=DIRECTION('',(0.,-1.,0.));
#3128=DIRECTION('',(0.,0.,-1.));
#3129=DIRECTION('center_axis',(0.,1.,0.));
#3130=DIRECTION('ref_axis',(1.,0.,0.));
#3131=DIRECTION('',(1.,0.,0.));
#3132=DIRECTION('',(0.,0.,-1.));
#3133=DIRECTION('',(-1.,0.,0.));
#3134=DIRECTION('center_axis',(0.,1.,0.));
#3135=DIRECTION('ref_axis',(1.,0.,0.));
#3136=DIRECTION('',(1.,0.,0.));
#3137=DIRECTION('',(0.,0.,-1.));
#3138=DIRECTION('center_axis',(0.,-1.,0.));
#3139=DIRECTION('ref_axis',(-1.,0.,0.));
#3140=DIRECTION('',(-1.,0.,0.));
#3141=DIRECTION('',(1.,0.,0.));
#3142=DIRECTION('',(0.,0.,-1.));
#3143=DIRECTION('center_axis',(-1.,0.,0.));
#3144=DIRECTION('ref_axis',(0.,1.,0.));
#3145=DIRECTION('',(0.,1.,0.));
#3146=DIRECTION('',(0.,-1.,0.));
#3147=DIRECTION('center_axis',(-1.,0.,0.));
#3148=DIRECTION('ref_axis',(0.,1.,0.));
#3149=DIRECTION('',(0.,1.,0.));
#3150=DIRECTION('',(0.,0.,-1.));
#3151=DIRECTION('center_axis',(0.,-1.,0.));
#3152=DIRECTION('ref_axis',(-1.,0.,0.));
#3153=DIRECTION('',(-1.,0.,0.));
#3154=DIRECTION('center_axis',(0.,1.,0.));
#3155=DIRECTION('ref_axis',(1.,0.,0.));
#3156=DIRECTION('',(1.,0.,0.));
#3157=DIRECTION('',(0.,0.,-1.));
#3158=DIRECTION('',(-1.,0.,0.));
#3159=DIRECTION('',(0.,0.,-1.));
#3160=DIRECTION('center_axis',(0.,1.,0.));
#3161=DIRECTION('ref_axis',(1.,0.,0.));
#3162=DIRECTION('',(0.,0.,-1.));
#3163=DIRECTION('',(1.,0.,0.));
#3164=DIRECTION('',(0.,0.,-1.));
#3165=DIRECTION('center_axis',(-1.,0.,0.));
#3166=DIRECTION('ref_axis',(0.,1.,0.));
#3167=DIRECTION('',(0.,1.,0.));
#3168=DIRECTION('',(0.,0.,-1.));
#3169=DIRECTION('',(0.,-1.,0.));
#3170=DIRECTION('center_axis',(-1.,0.,0.));
#3171=DIRECTION('ref_axis',(0.,1.,0.));
#3172=DIRECTION('',(0.,1.,0.));
#3173=DIRECTION('',(0.,0.,-1.));
#3174=DIRECTION('center_axis',(1.,0.,0.));
#3175=DIRECTION('ref_axis',(0.,-1.,0.));
#3176=DIRECTION('',(0.,-1.,0.));
#3177=DIRECTION('',(0.,1.,0.));
#3178=DIRECTION('',(0.,0.,-1.));
#3179=DIRECTION('center_axis',(0.,-1.,0.));
#3180=DIRECTION('ref_axis',(-1.,0.,0.));
#3181=DIRECTION('',(-1.,0.,0.));
#3182=DIRECTION('',(1.,0.,0.));
#3183=DIRECTION('center_axis',(0.,-1.,0.));
#3184=DIRECTION('ref_axis',(-1.,0.,0.));
#3185=DIRECTION('',(-1.,0.,0.));
#3186=DIRECTION('',(0.,0.,-1.));
#3187=DIRECTION('center_axis',(1.,0.,0.));
#3188=DIRECTION('ref_axis',(0.,-1.,0.));
#3189=DIRECTION('',(0.,-1.,0.));
#3190=DIRECTION('center_axis',(1.,0.,0.));
#3191=DIRECTION('ref_axis',(0.,0.,1.));
#3192=DIRECTION('',(0.,0.,-1.));
#3193=DIRECTION('',(0.,-1.,0.));
#3194=DIRECTION('',(0.,0.,1.));
#3195=DIRECTION('center_axis',(0.,-1.,0.));
#3196=DIRECTION('ref_axis',(0.,0.,-1.));
#3197=DIRECTION('',(-1.,0.,0.));
#3198=DIRECTION('',(0.,0.,-1.));
#3199=DIRECTION('center_axis',(0.,-1.,0.));
#3200=DIRECTION('ref_axis',(0.,0.,-1.));
#3201=DIRECTION('',(0.,0.,-1.));
#3202=DIRECTION('',(1.,0.,0.));
#3203=DIRECTION('',(0.,0.,1.));
#3204=DIRECTION('',(-1.,0.,0.));
#3205=DIRECTION('center_axis',(1.,0.,0.));
#3206=DIRECTION('ref_axis',(0.,0.,1.));
#3207=DIRECTION('',(0.,0.,-1.));
#3208=DIRECTION('',(0.,-1.,0.));
#3209=DIRECTION('',(0.,0.,1.));
#3210=DIRECTION('',(0.,-1.,0.));
#3211=DIRECTION('center_axis',(0.,-1.,0.));
#3212=DIRECTION('ref_axis',(0.,0.,-1.));
#3213=DIRECTION('',(-1.,0.,0.));
#3214=DIRECTION('',(0.,0.,-1.));
#3215=DIRECTION('',(1.,0.,0.));
#3216=DIRECTION('center_axis',(0.,-1.,0.));
#3217=DIRECTION('ref_axis',(0.,0.,-1.));
#3218=DIRECTION('',(1.,0.,0.));
#3219=DIRECTION('',(0.,0.,1.));
#3220=DIRECTION('',(-1.,0.,0.));
#3221=DIRECTION('',(0.,0.,-1.));
#3222=DIRECTION('center_axis',(-0.722300935761525,0.,0.691578887906525));
#3223=DIRECTION('ref_axis',(-0.691578887906525,0.,-0.722300935761525));
#3224=DIRECTION('',(0.,-1.,0.));
#3225=DIRECTION('',(-0.691578887906525,0.,-0.722300935761525));
#3226=DIRECTION('',(0.,-1.,0.));
#3227=DIRECTION('',(-0.691578887906525,0.,-0.722300935761525));
#3228=DIRECTION('',(0.,-1.,0.));
#3229=DIRECTION('',(0.691578887906525,0.,0.722300935761525));
#3230=DIRECTION('',(0.,-1.,0.));
#3231=DIRECTION('center_axis',(-0.944613544483207,0.,-0.32818478267414));
#3232=DIRECTION('ref_axis',(0.32818478267414,0.,-0.944613544483207));
#3233=DIRECTION('',(-0.32818478267414,0.,0.944613544483207));
#3234=DIRECTION('',(0.32818478267414,0.,-0.944613544483207));
#3235=DIRECTION('',(0.,-1.,0.));
#3236=DIRECTION('',(0.,-1.,0.));
#3237=DIRECTION('',(0.,-1.,0.));
#3238=DIRECTION('',(0.,-1.,0.));
#3239=DIRECTION('',(0.,-1.,0.));
#3240=DIRECTION('',(0.,-1.,0.));
#3241=DIRECTION('center_axis',(0.,1.,0.));
#3242=DIRECTION('ref_axis',(-1.,0.,0.));
#3243=DIRECTION('',(0.699001813692224,0.,0.715119895160932));
#3244=DIRECTION('',(0.00190646844918595,0.,0.999998182687375));
#3245=DIRECTION('',(0.,-1.,0.));
#3246=DIRECTION('',(0.,-1.,0.));
#3247=DIRECTION('center_axis',(0.715119895160932,0.,-0.699001813692224));
#3248=DIRECTION('ref_axis',(0.699001813692224,0.,0.715119895160932));
#3249=DIRECTION('',(-0.699001813692224,0.,-0.715119895160932));
#3250=DIRECTION('',(0.,-1.,0.));
#3251=DIRECTION('',(0.699001813692224,0.,0.715119895160932));
#3252=DIRECTION('center_axis',(0.,1.,0.));
#3253=DIRECTION('ref_axis',(-1.,0.,0.));
#3254=DIRECTION('',(0.000358643469334859,0.,-0.999999935687429));
#3255=DIRECTION('',(-0.00068022951124801,0.,-0.999999768643879));
#3256=DIRECTION('center_axis',(0.691578887906522,0.,0.722300935761527));
#3257=DIRECTION('ref_axis',(-0.722300935761527,0.,0.691578887906522));
#3258=DIRECTION('',(-0.722300935761527,0.,0.691578887906522));
#3259=DIRECTION('',(-0.722300935761527,0.,0.691578887906522));
#3260=DIRECTION('',(0.,-1.,0.));
#3261=DIRECTION('center_axis',(-0.999999768643879,0.,0.00068022951124801));
#3262=DIRECTION('ref_axis',(-0.00068022951124801,0.,-0.999999768643879));
#3263=DIRECTION('',(-0.00068022951124801,0.,-0.999999768643879));
#3264=DIRECTION('',(0.,-1.,0.));
#3265=DIRECTION('',(-0.00068022951124801,0.,-0.999999768643879));
#3266=DIRECTION('',(0.,-1.,0.));
#3267=DIRECTION('center_axis',(0.538651689942109,0.,0.842528549618652));
#3268=DIRECTION('ref_axis',(-0.842528549618653,0.,0.538651689942109));
#3269=DIRECTION('',(-0.842528549618653,0.,0.538651689942109));
#3270=DIRECTION('',(-0.842528549618653,0.,0.538651689942109));
#3271=DIRECTION('center_axis',(0.,1.,0.));
#3272=DIRECTION('ref_axis',(-1.,0.,0.));
#3273=DIRECTION('center_axis',(0.999998182687375,0.,-0.00190646844918595));
#3274=DIRECTION('ref_axis',(0.00190646844918595,0.,0.999998182687375));
#3275=DIRECTION('',(0.00190646844918595,0.,0.999998182687375));
#3276=DIRECTION('',(0.,-1.,0.));
#3277=DIRECTION('',(0.00190646844918595,0.,0.999998182687375));
#3278=DIRECTION('center_axis',(1.,0.,0.));
#3279=DIRECTION('ref_axis',(0.,0.,1.));
#3280=DIRECTION('',(0.,0.,1.));
#3281=DIRECTION('',(0.,-1.,0.));
#3282=DIRECTION('',(0.,0.,1.));
#3283=DIRECTION('center_axis',(-1.44191943763899E-8,0.,-1.));
#3284=DIRECTION('ref_axis',(1.,0.,-1.44191943763899E-8));
#3285=DIRECTION('',(1.,0.,-1.44191943763899E-8));
#3286=DIRECTION('',(0.,-1.,0.));
#3287=DIRECTION('',(1.,0.,-1.44191943763899E-8));
#3288=DIRECTION('center_axis',(-0.999999935687429,0.,-0.000358643469334859));
#3289=DIRECTION('ref_axis',(0.000358643469334859,0.,-0.999999935687429));
#3290=DIRECTION('',(0.000358643469334859,0.,-0.999999935687429));
#3291=DIRECTION('',(0.000358643469334859,0.,-0.999999935687429));
#3292=DIRECTION('center_axis',(0.,1.,0.));
#3293=DIRECTION('ref_axis',(-1.,0.,0.));
#3294=DIRECTION('center_axis',(0.,1.,0.));
#3295=DIRECTION('ref_axis',(1.,0.,0.));
#3296=DIRECTION('',(0.,1.,0.));
#3297=DIRECTION('center_axis',(0.,-1.,0.));
#3298=DIRECTION('ref_axis',(1.,0.,0.));
#3299=DIRECTION('center_axis',(0.,1.,0.));
#3300=DIRECTION('ref_axis',(1.,0.,0.));
#3301=DIRECTION('',(0.,1.,0.));
#3302=DIRECTION('center_axis',(0.,-1.,0.));
#3303=DIRECTION('ref_axis',(1.,0.,0.));
#3304=DIRECTION('center_axis',(0.,1.,0.));
#3305=DIRECTION('ref_axis',(1.,0.,0.));
#3306=DIRECTION('',(0.,1.,0.));
#3307=DIRECTION('center_axis',(0.,-1.,0.));
#3308=DIRECTION('ref_axis',(1.,0.,0.));
#3309=DIRECTION('center_axis',(0.,1.,0.));
#3310=DIRECTION('ref_axis',(1.,0.,0.));
#3311=DIRECTION('',(0.,1.,0.));
#3312=DIRECTION('center_axis',(0.,-1.,0.));
#3313=DIRECTION('ref_axis',(1.,0.,0.));
#3314=DIRECTION('center_axis',(0.,1.,1.28349482615625E-16));
#3315=DIRECTION('ref_axis',(0.,-1.28349482615625E-16,1.));
#3316=DIRECTION('',(0.,1.28349482615625E-16,-1.));
#3317=DIRECTION('',(0.,-1.28349482615625E-16,1.));
#3318=DIRECTION('',(1.,0.,0.));
#3319=DIRECTION('center_axis',(-1.,0.,0.));
#3320=DIRECTION('ref_axis',(0.,0.,1.));
#3321=DIRECTION('',(0.,1.,0.));
#3322=DIRECTION('',(0.,1.,0.));
#3323=DIRECTION('',(0.,0.,1.));
#3324=DIRECTION('',(0.,1.,0.));
#3325=DIRECTION('center_axis',(0.,0.,1.));
#3326=DIRECTION('ref_axis',(0.,1.,0.));
#3327=DIRECTION('',(0.,-1.,0.));
#3328=DIRECTION('',(0.,1.,0.));
#3329=DIRECTION('center_axis',(0.,0.,-1.));
#3330=DIRECTION('ref_axis',(0.,-1.,0.));
#3331=DIRECTION('',(0.,1.,0.));
#3332=DIRECTION('',(0.,-1.,0.));
#3333=DIRECTION('center_axis',(-1.,0.,0.));
#3334=DIRECTION('ref_axis',(0.,0.,-1.));
#3335=DIRECTION('center_axis',(1.,0.,0.));
#3336=DIRECTION('ref_axis',(0.,0.,-1.));
#3337=DIRECTION('',(0.,-1.,0.));
#3338=DIRECTION('',(0.,0.,-1.));
#3339=DIRECTION('',(0.,1.,0.));
#3340=DIRECTION('center_axis',(0.,0.707106781186546,-0.707106781186549));
#3341=DIRECTION('ref_axis',(-1.,0.,0.));
#3342=DIRECTION('',(1.,0.,0.));
#3343=DIRECTION('',(0.577350269189625,-0.577350269189628,-0.577350269189625));
#3344=DIRECTION('',(-1.,0.,0.));
#3345=DIRECTION('',(-0.577350269189625,-0.577350269189628,-0.577350269189625));
#3346=DIRECTION('center_axis',(0.707106781186549,0.707106781186546,0.));
#3347=DIRECTION('ref_axis',(0.,0.,-1.));
#3348=DIRECTION('',(0.,0.,1.));
#3349=DIRECTION('',(0.577350269189625,-0.577350269189628,0.577350269189625));
#3350=DIRECTION('center_axis',(0.,0.707106781186546,0.707106781186549));
#3351=DIRECTION('ref_axis',(1.,0.,0.));
#3352=DIRECTION('',(-1.,0.,0.));
#3353=DIRECTION('',(-0.577350269189625,-0.577350269189628,0.577350269189625));
#3354=DIRECTION('',(1.,0.,0.));
#3355=DIRECTION('center_axis',(-0.707106781186549,0.707106781186546,0.));
#3356=DIRECTION('ref_axis',(0.,0.,1.));
#3357=DIRECTION('',(0.,0.,-1.));
#3358=DIRECTION('center_axis',(0.,0.,-1.));
#3359=DIRECTION('ref_axis',(-1.,0.,0.));
#3360=DIRECTION('center_axis',(0.,1.,0.));
#3361=DIRECTION('ref_axis',(0.,0.,1.));
#3362=DIRECTION('center_axis',(-1.,0.,0.));
#3363=DIRECTION('ref_axis',(0.,0.,-1.));
#3364=DIRECTION('',(0.,-1.,0.));
#3365=DIRECTION('center_axis',(1.,0.,0.));
#3366=DIRECTION('ref_axis',(0.,0.,1.));
#3367=DIRECTION('',(0.,-1.,0.));
#3368=DIRECTION('center_axis',(0.,0.,1.));
#3369=DIRECTION('ref_axis',(-1.,0.,0.));
#3370=DIRECTION('center_axis',(0.,0.,1.));
#3371=DIRECTION('ref_axis',(1.,0.,0.));
#3372=DIRECTION('axis',(0.,0.,1.));
#3373=DIRECTION('refdir',(1.,0.,0.));
#3374=DIRECTION('center_axis',(0.,0.,-1.));
#3375=DIRECTION('ref_axis',(0.,1.,0.));
#3376=DIRECTION('',(1.,0.,0.));
#3377=DIRECTION('',(0.,-1.,0.));
#3378=DIRECTION('',(1.,0.,0.));
#3379=DIRECTION('',(0.,1.,0.));
#3380=DIRECTION('center_axis',(1.,0.,0.));
#3381=DIRECTION('ref_axis',(0.,0.,-1.));
#3382=DIRECTION('',(0.,-1.,0.));
#3383=DIRECTION('',(0.,0.,-1.));
#3384=DIRECTION('',(0.,-1.,0.));
#3385=DIRECTION('',(0.,0.,1.));
#3386=DIRECTION('center_axis',(1.,0.,7.21965839712891E-17));
#3387=DIRECTION('ref_axis',(7.21965839712891E-17,0.,-1.));
#3388=DIRECTION('',(-7.21965839712891E-17,0.,1.));
#3389=DIRECTION('',(-4.55422214910276E-34,1.,6.30808536718839E-18));
#3390=DIRECTION('',(0.,0.,-1.));
#3391=DIRECTION('center_axis',(0.,0.,-1.));
#3392=DIRECTION('ref_axis',(1.,0.,0.));
#3393=DIRECTION('',(-1.,0.,0.));
#3394=DIRECTION('',(0.,-1.,0.));
#3395=DIRECTION('',(1.,0.,0.));
#3396=DIRECTION('',(1.,0.,0.));
#3397=DIRECTION('',(1.,0.,0.));
#3398=DIRECTION('',(1.,0.,0.));
#3399=DIRECTION('',(1.,0.,0.));
#3400=DIRECTION('center_axis',(0.,-6.30808536718839E-18,1.));
#3401=DIRECTION('ref_axis',(0.,-1.,-6.30808536718839E-18));
#3402=DIRECTION('',(-1.,0.,1.17158563116344E-16));
#3403=DIRECTION('',(0.,-1.,-6.30808536718839E-18));
#3404=DIRECTION('',(1.,0.,0.));
#3405=DIRECTION('center_axis',(1.,0.,0.));
#3406=DIRECTION('ref_axis',(0.,0.,-1.));
#3407=DIRECTION('',(0.,0.,1.));
#3408=DIRECTION('',(0.,1.,0.));
#3409=DIRECTION('',(8.6803010398263E-48,0.,-1.));
#3410=DIRECTION('',(-2.36735482904354E-48,1.,0.));
#3411=DIRECTION('center_axis',(1.,0.,-6.34413156928661E-16));
#3412=DIRECTION('ref_axis',(0.,0.707106781186547,0.707106781186548));
#3413=DIRECTION('center_axis',(-1.,0.,0.));
#3414=DIRECTION('ref_axis',(0.,0.707106781186547,0.707106781186548));
#3415=DIRECTION('',(-1.,0.,6.34413156928661E-16));
#3416=DIRECTION('center_axis',(1.,0.,0.));
#3417=DIRECTION('ref_axis',(0.,0.707106781186547,0.707106781186548));
#3418=DIRECTION('',(1.,0.,-6.34413156928661E-16));
#3419=DIRECTION('center_axis',(1.,0.,0.));
#3420=DIRECTION('ref_axis',(0.,0.,-1.));
#3421=DIRECTION('',(0.,1.,0.));
#3422=DIRECTION('',(0.,0.,-1.));
#3423=DIRECTION('',(0.,0.,1.));
#3424=DIRECTION('',(0.,1.,0.));
#3425=DIRECTION('',(0.,0.,-1.));
#3426=DIRECTION('center_axis',(6.34413156928661E-16,0.,1.));
#3427=DIRECTION('ref_axis',(1.,0.,-6.34413156928661E-16));
#3428=DIRECTION('',(0.,1.,0.));
#3429=DIRECTION('',(-1.,0.,6.34413156928661E-16));
#3430=DIRECTION('center_axis',(1.,0.,0.));
#3431=DIRECTION('ref_axis',(0.,0.707106781186547,0.707106781186548));
#3432=DIRECTION('center_axis',(-1.,0.,0.));
#3433=DIRECTION('ref_axis',(0.,0.707106781186547,0.707106781186548));
#3434=DIRECTION('',(-1.,0.,0.));
#3435=DIRECTION('center_axis',(1.,0.,0.));
#3436=DIRECTION('ref_axis',(0.,0.707106781186547,0.707106781186548));
#3437=DIRECTION('',(1.,0.,0.));
#3438=DIRECTION('center_axis',(0.,1.,0.));
#3439=DIRECTION('ref_axis',(0.,0.,1.));
#3440=DIRECTION('',(0.,0.,-1.));
#3441=DIRECTION('center_axis',(0.,1.,0.));
#3442=DIRECTION('ref_axis',(1.,0.,0.));
#3443=DIRECTION('',(-1.,0.,0.));
#3444=DIRECTION('',(0.,0.,1.));
#3445=DIRECTION('center_axis',(1.,0.,0.));
#3446=DIRECTION('ref_axis',(0.,0.,-1.));
#3447=DIRECTION('',(0.,1.,0.));
#3448=DIRECTION('',(0.,0.,-1.));
#3449=DIRECTION('',(0.,0.,1.));
#3450=DIRECTION('',(0.,-1.,0.));
#3451=DIRECTION('center_axis',(-1.,0.,0.));
#3452=DIRECTION('ref_axis',(0.,0.707106781186548,-0.707106781186548));
#3453=DIRECTION('center_axis',(1.,0.,0.));
#3454=DIRECTION('ref_axis',(0.,0.707106781186548,-0.707106781186548));
#3455=DIRECTION('',(1.,0.,0.));
#3456=DIRECTION('center_axis',(-1.,0.,0.));
#3457=DIRECTION('ref_axis',(0.,0.707106781186548,-0.707106781186548));
#3458=DIRECTION('',(-1.,0.,0.));
#3459=DIRECTION('center_axis',(0.,1.,0.));
#3460=DIRECTION('ref_axis',(0.,0.,1.));
#3461=DIRECTION('',(0.,0.,1.));
#3462=DIRECTION('',(1.,0.,0.));
#3463=DIRECTION('center_axis',(0.,1.,0.));
#3464=DIRECTION('ref_axis',(1.,0.,0.));
#3465=DIRECTION('',(0.,0.,-1.));
#3466=DIRECTION('center_axis',(-1.,0.,0.));
#3467=DIRECTION('ref_axis',(0.,0.,1.));
#3468=DIRECTION('',(0.,1.,0.));
#3469=DIRECTION('',(0.,0.,-1.));
#3470=DIRECTION('',(0.,0.,-1.));
#3471=DIRECTION('',(0.,1.,0.));
#3472=DIRECTION('center_axis',(-1.,0.,0.));
#3473=DIRECTION('ref_axis',(0.,0.707106781186548,-0.707106781186548));
#3474=DIRECTION('center_axis',(1.,0.,0.));
#3475=DIRECTION('ref_axis',(0.,0.707106781186548,-0.707106781186548));
#3476=DIRECTION('',(1.,0.,0.));
#3477=DIRECTION('center_axis',(-1.,0.,0.));
#3478=DIRECTION('ref_axis',(0.,0.707106781186548,-0.707106781186548));
#3479=DIRECTION('',(-1.,0.,0.));
#3480=DIRECTION('center_axis',(1.,0.,0.));
#3481=DIRECTION('ref_axis',(0.,0.,-1.));
#3482=DIRECTION('',(0.,0.,-1.));
#3483=DIRECTION('',(0.,1.,0.));
#3484=DIRECTION('',(0.,0.,1.));
#3485=DIRECTION('',(0.,0.,1.));
#3486=DIRECTION('',(0.,1.,0.));
#3487=DIRECTION('center_axis',(0.,1.,0.));
#3488=DIRECTION('ref_axis',(0.,0.,1.));
#3489=DIRECTION('',(0.,0.,1.));
#3490=DIRECTION('',(1.,0.,0.));
#3491=DIRECTION('center_axis',(0.,1.,0.));
#3492=DIRECTION('ref_axis',(1.,0.,0.));
#3493=DIRECTION('',(1.,0.,0.));
#3494=DIRECTION('center_axis',(0.,1.,0.));
#3495=DIRECTION('ref_axis',(0.,0.,1.));
#3496=DIRECTION('',(1.,0.,0.));
#3497=DIRECTION('',(-1.18108832406932E-16,0.,1.));
#3498=DIRECTION('',(1.,0.,0.));
#3499=DIRECTION('center_axis',(-1.,0.,0.));
#3500=DIRECTION('ref_axis',(0.,0.,1.));
#3501=DIRECTION('',(0.,0.,1.));
#3502=DIRECTION('',(0.,1.,0.));
#3503=DIRECTION('',(0.,0.,-1.));
#3504=DIRECTION('',(0.,0.,1.));
#3505=DIRECTION('center_axis',(0.,0.,-1.));
#3506=DIRECTION('ref_axis',(-1.,0.,0.));
#3507=DIRECTION('',(1.,0.,0.));
#3508=DIRECTION('',(-1.,0.,0.));
#3509=DIRECTION('',(0.,1.,0.));
#3510=DIRECTION('center_axis',(0.,0.,-1.));
#3511=DIRECTION('ref_axis',(-1.,0.,0.));
#3512=DIRECTION('',(1.,0.,0.));
#3513=DIRECTION('',(0.,-1.,0.));
#3514=DIRECTION('',(-1.,0.,0.));
#3515=DIRECTION('center_axis',(0.,1.,0.));
#3516=DIRECTION('ref_axis',(-1.,0.,0.));
#3517=DIRECTION('center_axis',(0.,1.,0.));
#3518=DIRECTION('ref_axis',(1.,0.,0.));
#3519=DIRECTION('center_axis',(0.,1.,0.));
#3520=DIRECTION('ref_axis',(-1.,0.,0.));
#3521=DIRECTION('center_axis',(0.,0.,-1.));
#3522=DIRECTION('ref_axis',(-1.,0.,0.));
#3523=DIRECTION('',(0.,1.,0.));
#3524=DIRECTION('',(1.,0.,0.));
#3525=DIRECTION('',(0.,1.,0.));
#3526=DIRECTION('center_axis',(0.,0.,1.));
#3527=DIRECTION('ref_axis',(1.,0.,0.));
#3528=DIRECTION('',(0.,1.,0.));
#3529=DIRECTION('',(1.,0.,0.));
#3530=DIRECTION('center_axis',(-1.,0.,0.));
#3531=DIRECTION('ref_axis',(0.,0.,1.));
#3532=DIRECTION('',(0.,0.,-1.));
#3533=DIRECTION('',(0.,0.,1.));
#3534=DIRECTION('center_axis',(0.,1.,0.));
#3535=DIRECTION('ref_axis',(-1.,0.,0.));
#3536=DIRECTION('center_axis',(0.,0.,1.));
#3537=DIRECTION('ref_axis',(1.,0.,0.));
#3538=DIRECTION('',(0.,1.,0.));
#3539=DIRECTION('',(-1.,0.,0.));
#3540=DIRECTION('center_axis',(0.,0.,1.));
#3541=DIRECTION('ref_axis',(1.,0.,0.));
#3542=DIRECTION('',(0.,-1.,0.));
#3543=DIRECTION('',(0.,1.,0.));
#3544=DIRECTION('',(-1.,0.,0.));
#3545=DIRECTION('center_axis',(-1.,0.,0.));
#3546=DIRECTION('ref_axis',(0.,0.,1.));
#3547=DIRECTION('',(0.,1.,0.));
#3548=DIRECTION('',(0.,0.,1.));
#3549=DIRECTION('',(0.,0.,-1.));
#3550=DIRECTION('center_axis',(0.,0.,-1.));
#3551=DIRECTION('ref_axis',(-1.,0.,0.));
#3552=DIRECTION('',(-1.,0.,0.));
#3553=DIRECTION('center_axis',(0.,1.,0.));
#3554=DIRECTION('ref_axis',(-1.,0.,0.));
#3555=DIRECTION('',(-1.,0.,1.17158563116344E-16));
#3556=DIRECTION('center_axis',(0.,0.,1.));
#3557=DIRECTION('ref_axis',(1.,0.,0.));
#3558=DIRECTION('',(0.,-1.,0.));
#3559=DIRECTION('',(-1.,0.,0.));
#3560=DIRECTION('center_axis',(0.,0.,-1.));
#3561=DIRECTION('ref_axis',(-1.,0.,0.));
#3562=DIRECTION('',(0.,1.,0.));
#3563=DIRECTION('',(1.,0.,0.));
#3564=DIRECTION('center_axis',(1.,0.,0.));
#3565=DIRECTION('ref_axis',(0.,0.,-1.));
#3566=DIRECTION('',(0.,1.,0.));
#3567=DIRECTION('',(0.,0.,1.));
#3568=DIRECTION('',(0.,0.,1.));
#3569=DIRECTION('center_axis',(0.,1.,0.));
#3570=DIRECTION('ref_axis',(-1.,0.,0.));
#3571=DIRECTION('',(-1.,0.,1.17158563116344E-16));
#3572=DIRECTION('center_axis',(0.,1.,0.));
#3573=DIRECTION('ref_axis',(1.,0.,0.));
#3574=DIRECTION('center_axis',(0.,1.,0.));
#3575=DIRECTION('ref_axis',(1.,0.,0.));
#3576=DIRECTION('',(0.,-1.,0.));
#3577=DIRECTION('center_axis',(0.,-1.,0.));
#3578=DIRECTION('ref_axis',(1.,0.,0.));
#3579=DIRECTION('center_axis',(0.,-1.,0.));
#3580=DIRECTION('ref_axis',(1.,0.,0.));
#3581=DIRECTION('center_axis',(1.17158563116344E-16,0.,1.));
#3582=DIRECTION('ref_axis',(-1.,0.,1.17158563116344E-16));
#3583=DIRECTION('',(-1.,0.,1.17158563116344E-16));
#3584=DIRECTION('',(-1.,0.,1.17158563116344E-16));
#3585=DIRECTION('',(-1.,0.,1.17158563116344E-16));
#3586=DIRECTION('',(0.,-1.,0.));
#3587=DIRECTION('',(1.,0.,-1.17158563116344E-16));
#3588=DIRECTION('center_axis',(-6.86533672471386E-17,0.,-1.));
#3589=DIRECTION('ref_axis',(-1.,0.,6.86533672471386E-17));
#3590=DIRECTION('',(0.,1.,0.));
#3591=DIRECTION('',(-1.,0.,6.86533672471386E-17));
#3592=DIRECTION('',(0.,1.,0.));
#3593=DIRECTION('',(1.,0.,-6.86533672471386E-17));
#3594=DIRECTION('center_axis',(0.,1.,0.));
#3595=DIRECTION('ref_axis',(1.,0.,0.));
#3596=DIRECTION('',(1.,0.,-6.86533672471386E-17));
#3597=DIRECTION('',(0.,0.,-1.));
#3598=DIRECTION('',(0.,0.,1.));
#3599=DIRECTION('',(-1.,0.,0.));
#3600=DIRECTION('',(0.,0.,-1.));
#3601=DIRECTION('',(-1.,0.,0.));
#3602=DIRECTION('',(1.18108832406932E-16,0.,-1.));
#3603=DIRECTION('center_axis',(0.,-1.,0.));
#3604=DIRECTION('ref_axis',(1.,0.,0.));
#3605=DIRECTION('center_axis',(0.,-1.,0.));
#3606=DIRECTION('ref_axis',(1.,0.,0.));
#3607=DIRECTION('center_axis',(0.,-1.,0.));
#3608=DIRECTION('ref_axis',(1.,0.,0.));
#3609=DIRECTION('center_axis',(0.,-1.,0.));
#3610=DIRECTION('ref_axis',(1.,0.,0.));
#3611=DIRECTION('center_axis',(0.,0.,1.));
#3612=DIRECTION('ref_axis',(1.,0.,0.));
#3613=DIRECTION('',(0.,-1.,0.));
#3614=DIRECTION('',(0.,1.,0.));
#3615=DIRECTION('',(1.,0.,0.));
#3616=DIRECTION('center_axis',(0.,0.,1.));
#3617=DIRECTION('ref_axis',(1.,0.,0.));
#3618=DIRECTION('',(0.,1.,0.));
#3619=DIRECTION('center_axis',(0.,1.,0.));
#3620=DIRECTION('ref_axis',(0.,0.,1.));
#3621=DIRECTION('',(0.,0.,1.));
#3622=DIRECTION('',(0.,0.,-1.));
#3623=DIRECTION('center_axis',(-1.,0.,0.));
#3624=DIRECTION('ref_axis',(0.,0.,1.));
#3625=DIRECTION('',(0.,0.,-1.));
#3626=DIRECTION('center_axis',(1.,0.,0.));
#3627=DIRECTION('ref_axis',(0.,0.,-1.));
#3628=DIRECTION('center_axis',(-1.,0.,-1.18108832406932E-16));
#3629=DIRECTION('ref_axis',(-1.18108832406932E-16,0.,1.));
#3630=DIRECTION('',(0.,1.,0.));
#3631=DIRECTION('center_axis',(-6.86533672471386E-17,0.,-1.));
#3632=DIRECTION('ref_axis',(-1.,0.,6.86533672471386E-17));
#3633=DIRECTION('center_axis',(0.,1.,0.));
#3634=DIRECTION('ref_axis',(1.,0.,0.));
#3635=DIRECTION('center_axis',(0.,1.,0.));
#3636=DIRECTION('ref_axis',(1.,0.,0.));
#3637=DIRECTION('',(0.,-1.,0.));
#3638=DIRECTION('center_axis',(0.,-1.,0.));
#3639=DIRECTION('ref_axis',(1.,0.,0.));
#3640=DIRECTION('center_axis',(0.,-1.,0.));
#3641=DIRECTION('ref_axis',(1.,0.,0.));
#3642=DIRECTION('center_axis',(0.,1.,0.));
#3643=DIRECTION('ref_axis',(1.,0.,0.));
#3644=DIRECTION('center_axis',(0.,-1.,0.));
#3645=DIRECTION('ref_axis',(1.,0.,0.));
#3646=DIRECTION('',(0.,-1.,0.));
#3647=DIRECTION('center_axis',(0.,1.,0.));
#3648=DIRECTION('ref_axis',(1.,0.,0.));
#3649=DIRECTION('center_axis',(0.,1.,0.));
#3650=DIRECTION('ref_axis',(1.,0.,0.));
#3651=DIRECTION('center_axis',(0.,1.,0.));
#3652=DIRECTION('ref_axis',(1.,0.,0.));
#3653=DIRECTION('',(0.,-1.,0.));
#3654=DIRECTION('center_axis',(0.,-1.,0.));
#3655=DIRECTION('ref_axis',(1.,0.,0.));
#3656=DIRECTION('center_axis',(0.,-1.,0.));
#3657=DIRECTION('ref_axis',(1.,0.,0.));
#3658=DIRECTION('center_axis',(0.,1.,0.));
#3659=DIRECTION('ref_axis',(1.,0.,0.));
#3660=DIRECTION('center_axis',(0.,-1.,0.));
#3661=DIRECTION('ref_axis',(1.,0.,0.));
#3662=DIRECTION('',(0.,-1.,0.));
#3663=DIRECTION('center_axis',(0.,1.,0.));
#3664=DIRECTION('ref_axis',(1.,0.,0.));
#3665=DIRECTION('center_axis',(0.,1.,0.));
#3666=DIRECTION('ref_axis',(1.,0.,0.));
#3667=DIRECTION('center_axis',(0.,1.,0.));
#3668=DIRECTION('ref_axis',(1.,0.,0.));
#3669=DIRECTION('',(0.,-1.,0.));
#3670=DIRECTION('center_axis',(0.,-1.,0.));
#3671=DIRECTION('ref_axis',(1.,0.,0.));
#3672=DIRECTION('center_axis',(0.,-1.,0.));
#3673=DIRECTION('ref_axis',(1.,0.,0.));
#3674=DIRECTION('center_axis',(0.,1.,0.));
#3675=DIRECTION('ref_axis',(1.,0.,0.));
#3676=DIRECTION('center_axis',(0.,-1.,0.));
#3677=DIRECTION('ref_axis',(1.,0.,0.));
#3678=DIRECTION('',(0.,-1.,0.));
#3679=DIRECTION('center_axis',(0.,1.,0.));
#3680=DIRECTION('ref_axis',(1.,0.,0.));
#3681=DIRECTION('center_axis',(0.,1.,0.));
#3682=DIRECTION('ref_axis',(1.,0.,0.));
#3683=DIRECTION('center_axis',(0.,-1.,0.));
#3684=DIRECTION('ref_axis',(1.,0.,0.));
#3685=DIRECTION('',(0.,-1.,0.));
#3686=DIRECTION('center_axis',(0.,1.,0.));
#3687=DIRECTION('ref_axis',(1.,0.,0.));
#3688=DIRECTION('center_axis',(0.,1.,0.));
#3689=DIRECTION('ref_axis',(1.,0.,0.));
#3690=DIRECTION('',(2.47189647369926E-18,3.98529352041728E-16,1.));
#3691=DIRECTION('',(1.,1.04083408558611E-17,6.93889390390723E-18));
#3692=DIRECTION('',(2.47189647369926E-18,3.98529352041728E-16,1.));
#3693=DIRECTION('',(1.,1.04083408558611E-17,6.93889390390723E-18));
#3694=CARTESIAN_POINT('',(0.,0.,0.));
#3695=CARTESIAN_POINT('',(0.,0.,0.));
#3696=CARTESIAN_POINT('Origin',(129.300001266599,26.,58.7000008791685));
#3697=CARTESIAN_POINT('',(129.300001266599,26.,60.2000008791685));
#3698=CARTESIAN_POINT('',(129.300001266599,26.,58.7000008791685));
#3699=CARTESIAN_POINT('',(129.300001266599,26.,67.3500008791685));
#3700=CARTESIAN_POINT('',(129.300001266599,14.7,60.2000008791685));
#3701=CARTESIAN_POINT('',(129.300001266599,26.,60.2000008791685));
#3702=CARTESIAN_POINT('',(129.300001266599,14.7,58.7000008791685));
#3703=CARTESIAN_POINT('',(129.300001266599,14.7,60.2000008791685));
#3704=CARTESIAN_POINT('',(129.300001266599,26.,58.7000008791685));
#3705=CARTESIAN_POINT('Origin',(127.300001266599,26.,60.2000008791685));
#3706=CARTESIAN_POINT('',(127.300001266599,26.,58.7000008791685));
#3707=CARTESIAN_POINT('',(127.300001266599,26.,60.2000008791685));
#3708=CARTESIAN_POINT('',(127.300001266599,26.,68.1000008791685));
#3709=CARTESIAN_POINT('',(127.300001266599,14.7,58.7000008791685));
#3710=CARTESIAN_POINT('',(127.300001266599,26.,58.7000008791685));
#3711=CARTESIAN_POINT('',(127.300001266599,14.7,60.2000008791685));
#3712=CARTESIAN_POINT('',(127.300001266599,14.7,58.7000008791685));
#3713=CARTESIAN_POINT('',(127.300001266599,26.,60.2000008791685));
#3714=CARTESIAN_POINT('Origin',(129.300001266599,26.,60.2000008791685));
#3715=CARTESIAN_POINT('',(119.650001266599,26.,60.2000008791685));
#3716=CARTESIAN_POINT('',(127.300001266599,14.7,60.2000008791685));
#3717=CARTESIAN_POINT('Origin',(128.300001266599,14.7,59.4500008791685));
#3718=CARTESIAN_POINT('',(131.800001266599,14.7,58.7000008791685));
#3719=CARTESIAN_POINT('Origin',(110.000001266599,26.,76.0000008791685));
#3720=CARTESIAN_POINT('',(135.300001266599,26.,58.7000008791685));
#3721=CARTESIAN_POINT('',(122.650001266599,26.,58.7000008791685));
#3722=CARTESIAN_POINT('',(135.300001266599,26.,68.5000008791685));
#3723=CARTESIAN_POINT('',(135.300001266599,26.,84.6500008791685));
#3724=CARTESIAN_POINT('',(136.800001266599,26.,68.5000008791685));
#3725=CARTESIAN_POINT('',(136.800001266599,26.,68.5000008791685));
#3726=CARTESIAN_POINT('',(136.800001266599,26.,83.5000008791685));
#3727=CARTESIAN_POINT('',(136.800001266599,26.,89.1500008791685));
#3728=CARTESIAN_POINT('',(135.300001266599,26.,83.5000008791685));
#3729=CARTESIAN_POINT('',(136.800001266599,26.,83.5000008791685));
#3730=CARTESIAN_POINT('',(135.300001266599,26.,93.3000008791685));
#3731=CARTESIAN_POINT('',(135.300001266599,26.,84.6500008791685));
#3732=CARTESIAN_POINT('',(129.300001266599,26.,93.3000008791685));
#3733=CARTESIAN_POINT('',(97.3500012665987,26.,93.3000008791685));
#3734=CARTESIAN_POINT('',(129.300001266599,26.,91.8000008791685));
#3735=CARTESIAN_POINT('',(129.300001266599,26.,83.9000008791685));
#3736=CARTESIAN_POINT('',(127.300001266599,26.,91.8000008791685));
#3737=CARTESIAN_POINT('',(118.650001266599,26.,91.8000008791685));
#3738=CARTESIAN_POINT('',(127.300001266599,26.,93.3000008791685));
#3739=CARTESIAN_POINT('',(127.300001266599,26.,84.6500008791685));
#3740=CARTESIAN_POINT('',(92.7000012665987,26.,93.3000008791685));
#3741=CARTESIAN_POINT('',(97.3500012665987,26.,93.3000008791685));
#3742=CARTESIAN_POINT('',(92.7000012665987,26.,91.8000008791685));
#3743=CARTESIAN_POINT('',(92.7000012665987,26.,83.9000008791685));
#3744=CARTESIAN_POINT('',(90.7000012665987,26.,91.8000008791685));
#3745=CARTESIAN_POINT('',(100.350001266599,26.,91.8000008791685));
#3746=CARTESIAN_POINT('',(90.7000012665987,26.,93.3000008791685));
#3747=CARTESIAN_POINT('',(90.7000012665987,26.,84.6500008791685));
#3748=CARTESIAN_POINT('',(84.7000012665987,26.,93.3000008791685));
#3749=CARTESIAN_POINT('',(97.3500012665987,26.,93.3000008791685));
#3750=CARTESIAN_POINT('',(84.7000012665987,26.,58.7000008791685));
#3751=CARTESIAN_POINT('',(84.7000012665987,26.,67.3500008791685));
#3752=CARTESIAN_POINT('',(90.7000012665987,26.,58.7000008791685));
#3753=CARTESIAN_POINT('',(122.650001266599,26.,58.7000008791685));
#3754=CARTESIAN_POINT('',(90.7000012665987,26.,60.2000008791685));
#3755=CARTESIAN_POINT('',(90.7000012665987,26.,68.1000008791685));
#3756=CARTESIAN_POINT('',(92.7000012665987,26.,60.2000008791685));
#3757=CARTESIAN_POINT('',(101.350001266599,26.,60.2000008791685));
#3758=CARTESIAN_POINT('',(92.7000012665987,26.,58.7000008791685));
#3759=CARTESIAN_POINT('',(92.7000012665987,26.,67.3500008791685));
#3760=CARTESIAN_POINT('',(122.650001266599,26.,58.7000008791685));
#3761=CARTESIAN_POINT('',(90.5000012665987,26.,63.0000008791685));
#3762=CARTESIAN_POINT('Origin',(92.0000012665987,26.,63.0000008791685));
#3763=CARTESIAN_POINT('',(90.5000012665987,26.,89.0000008791685));
#3764=CARTESIAN_POINT('Origin',(92.0000012665987,26.,89.0000008791685));
#3765=CARTESIAN_POINT('',(129.500001266599,26.,63.0000008791685));
#3766=CARTESIAN_POINT('Origin',(131.000001266599,26.,63.0000008791685));
#3767=CARTESIAN_POINT('',(129.500001266599,26.,89.0000008791685));
#3768=CARTESIAN_POINT('Origin',(131.000001266599,26.,89.0000008791685));
#3769=CARTESIAN_POINT('Origin',(127.300001266599,26.,91.8000008791685));
#3770=CARTESIAN_POINT('',(129.300001266599,14.7,91.8000008791685));
#3771=CARTESIAN_POINT('',(129.300001266599,26.,91.8000008791685));
#3772=CARTESIAN_POINT('',(127.300001266599,14.7,91.8000008791685));
#3773=CARTESIAN_POINT('',(129.300001266599,14.7,91.8000008791685));
#3774=CARTESIAN_POINT('',(127.300001266599,26.,91.8000008791685));
#3775=CARTESIAN_POINT('Origin',(127.300001266599,26.,93.3000008791685));
#3776=CARTESIAN_POINT('',(127.300001266599,14.7,93.3000008791685));
#3777=CARTESIAN_POINT('',(127.300001266599,14.7,91.8000008791685));
#3778=CARTESIAN_POINT('',(127.300001266599,26.,93.3000008791685));
#3779=CARTESIAN_POINT('Origin',(129.300001266599,26.,91.8000008791685));
#3780=CARTESIAN_POINT('',(129.300001266599,14.7,93.3000008791685));
#3781=CARTESIAN_POINT('',(129.300001266599,26.,93.3000008791685));
#3782=CARTESIAN_POINT('',(129.300001266599,14.7,93.3000008791685));
#3783=CARTESIAN_POINT('Origin',(128.300001266599,14.7,92.5500008791685));
#3784=CARTESIAN_POINT('',(106.500001266599,14.7,93.3000008791685));
#3785=CARTESIAN_POINT('Origin',(84.7000012665987,26.,93.3000008791685));
#3786=CARTESIAN_POINT('',(135.300001266599,12.5,93.3000008791685));
#3787=CARTESIAN_POINT('',(135.300001266599,26.,93.3000008791685));
#3788=CARTESIAN_POINT('',(135.300001266599,9.,93.3000008791685));
#3789=CARTESIAN_POINT('',(135.300001266599,12.5,93.3000008791685));
#3790=CARTESIAN_POINT('',(83.2000012665987,9.,93.3000008791685));
#3791=CARTESIAN_POINT('',(96.6000012665987,9.,93.3000008791685));
#3792=CARTESIAN_POINT('',(83.2000012665987,20.,93.3000008791685));
#3793=CARTESIAN_POINT('',(83.2000012665987,23.,93.3000008791685));
#3794=CARTESIAN_POINT('',(84.7000012665987,20.,93.3000008791685));
#3795=CARTESIAN_POINT('',(83.2000012665987,20.,93.3000008791685));
#3796=CARTESIAN_POINT('',(84.7000012665987,26.,93.3000008791685));
#3797=CARTESIAN_POINT('',(90.7000012665987,14.7,93.3000008791685));
#3798=CARTESIAN_POINT('',(90.7000012665987,26.,93.3000008791685));
#3799=CARTESIAN_POINT('',(92.7000012665987,14.7,93.3000008791685));
#3800=CARTESIAN_POINT('',(88.2000012665987,14.7,93.3000008791685));
#3801=CARTESIAN_POINT('',(92.7000012665987,26.,93.3000008791685));
#3802=CARTESIAN_POINT('',(89.2000012665987,10.4,93.3000008791685));
#3803=CARTESIAN_POINT('',(100.200001266599,10.4,93.3000008791685));
#3804=CARTESIAN_POINT('',(92.4500012665987,10.4,93.3000008791685));
#3805=CARTESIAN_POINT('',(100.200001266599,11.6,93.3000008791685));
#3806=CARTESIAN_POINT('',(100.200001266599,18.8,93.3000008791685));
#3807=CARTESIAN_POINT('',(89.2000012665987,11.6,93.3000008791685));
#3808=CARTESIAN_POINT('',(86.9500012665987,11.6,93.3000008791685));
#3809=CARTESIAN_POINT('',(89.2000012665987,18.2,93.3000008791685));
#3810=CARTESIAN_POINT('',(119.800001266599,11.6,93.3000008791685));
#3811=CARTESIAN_POINT('',(119.800001266599,10.4,93.3000008791685));
#3812=CARTESIAN_POINT('',(119.800001266599,18.2,93.3000008791685));
#3813=CARTESIAN_POINT('',(130.800001266599,10.4,93.3000008791685));
#3814=CARTESIAN_POINT('',(107.750001266599,10.4,93.3000008791685));
#3815=CARTESIAN_POINT('',(130.800001266599,11.6,93.3000008791685));
#3816=CARTESIAN_POINT('',(130.800001266599,18.8,93.3000008791685));
#3817=CARTESIAN_POINT('',(102.250001266599,11.6,93.3000008791685));
#3818=CARTESIAN_POINT('Origin',(92.7000012665987,26.,58.7000008791685));
#3819=CARTESIAN_POINT('',(92.7000012665987,14.7,60.2000008791685));
#3820=CARTESIAN_POINT('',(92.7000012665987,26.,60.2000008791685));
#3821=CARTESIAN_POINT('',(92.7000012665987,14.7,58.7000008791685));
#3822=CARTESIAN_POINT('',(92.7000012665987,14.7,60.2000008791685));
#3823=CARTESIAN_POINT('',(92.7000012665987,26.,58.7000008791685));
#3824=CARTESIAN_POINT('Origin',(90.7000012665987,26.,60.2000008791685));
#3825=CARTESIAN_POINT('',(90.7000012665987,14.7,58.7000008791685));
#3826=CARTESIAN_POINT('',(90.7000012665987,26.,58.7000008791685));
#3827=CARTESIAN_POINT('',(90.7000012665987,14.7,60.2000008791685));
#3828=CARTESIAN_POINT('',(90.7000012665987,14.7,58.7000008791685));
#3829=CARTESIAN_POINT('',(90.7000012665987,26.,60.2000008791685));
#3830=CARTESIAN_POINT('Origin',(92.7000012665987,26.,60.2000008791685));
#3831=CARTESIAN_POINT('',(90.7000012665987,14.7,60.2000008791685));
#3832=CARTESIAN_POINT('Origin',(91.7000012665987,14.7,59.4500008791685));
#3833=CARTESIAN_POINT('',(113.500001266599,14.7,58.7000008791685));
#3834=CARTESIAN_POINT('Origin',(90.7000012665987,26.,93.3000008791685));
#3835=CARTESIAN_POINT('',(90.7000012665987,14.7,91.8000008791685));
#3836=CARTESIAN_POINT('',(90.7000012665987,26.,91.8000008791685));
#3837=CARTESIAN_POINT('',(90.7000012665987,14.7,91.8000008791685));
#3838=CARTESIAN_POINT('Origin',(92.7000012665987,26.,91.8000008791685));
#3839=CARTESIAN_POINT('',(92.7000012665987,14.7,91.8000008791685));
#3840=CARTESIAN_POINT('',(92.7000012665987,14.7,93.3000008791685));
#3841=CARTESIAN_POINT('',(92.7000012665987,26.,91.8000008791685));
#3842=CARTESIAN_POINT('Origin',(90.7000012665987,26.,91.8000008791685));
#3843=CARTESIAN_POINT('',(92.7000012665987,14.7,91.8000008791685));
#3844=CARTESIAN_POINT('Origin',(91.7000012665987,14.7,92.5500008791685));
#3845=CARTESIAN_POINT('Origin',(130.800001266599,11.6,94.8000008791685));
#3846=CARTESIAN_POINT('',(130.800001266599,11.6,58.7000008791685));
#3847=CARTESIAN_POINT('',(130.800001266599,10.4,58.7000008791685));
#3848=CARTESIAN_POINT('',(130.800001266599,18.8,58.7000008791685));
#3849=CARTESIAN_POINT('',(130.800001266599,11.6,57.2000008791685));
#3850=CARTESIAN_POINT('',(130.800001266599,11.6,94.8000008791685));
#3851=CARTESIAN_POINT('',(130.800001266599,10.4,57.2000008791685));
#3852=CARTESIAN_POINT('',(130.800001266599,18.8,57.2000008791685));
#3853=CARTESIAN_POINT('',(130.800001266599,10.4,94.8000008791685));
#3854=CARTESIAN_POINT('Origin',(130.800001266599,11.6,94.8000008791685));
#3855=CARTESIAN_POINT('',(130.800001266599,10.4,94.8000008791685));
#3856=CARTESIAN_POINT('',(130.800001266599,10.4,94.8000008791685));
#3857=CARTESIAN_POINT('',(130.800001266599,11.6,94.8000008791685));
#3858=CARTESIAN_POINT('',(130.800001266599,18.8,94.8000008791685));
#3859=CARTESIAN_POINT('',(130.800001266599,11.6,94.8000008791685));
#3860=CARTESIAN_POINT('Origin',(119.800001266599,11.6,94.8000008791685));
#3861=CARTESIAN_POINT('',(119.800001266599,11.6,58.7000008791685));
#3862=CARTESIAN_POINT('',(127.550001266599,11.6,58.7000008791685));
#3863=CARTESIAN_POINT('',(119.800001266599,11.6,57.2000008791685));
#3864=CARTESIAN_POINT('',(119.800001266599,11.6,94.8000008791685));
#3865=CARTESIAN_POINT('',(128.300001266599,11.6,57.2000008791685));
#3866=CARTESIAN_POINT('Origin',(119.800001266599,11.6,94.8000008791685));
#3867=CARTESIAN_POINT('',(119.800001266599,11.6,94.8000008791685));
#3868=CARTESIAN_POINT('',(101.500001266599,11.6,94.8000008791685));
#3869=CARTESIAN_POINT('',(119.800001266599,11.6,94.8000008791685));
#3870=CARTESIAN_POINT('Origin',(130.800001266599,10.4,94.8000008791685));
#3871=CARTESIAN_POINT('',(119.800001266599,10.4,58.7000008791685));
#3872=CARTESIAN_POINT('',(133.050001266599,10.4,58.7000008791685));
#3873=CARTESIAN_POINT('',(119.800001266599,10.4,57.2000008791685));
#3874=CARTESIAN_POINT('',(133.800001266599,10.4,57.2000008791685));
#3875=CARTESIAN_POINT('',(119.800001266599,10.4,94.8000008791685));
#3876=CARTESIAN_POINT('Origin',(119.800001266599,10.4,94.8000008791685));
#3877=CARTESIAN_POINT('',(119.800001266599,18.2,58.7000008791685));
#3878=CARTESIAN_POINT('',(119.800001266599,18.2,57.2000008791685));
#3879=CARTESIAN_POINT('Origin',(119.800001266599,10.4,94.8000008791685));
#3880=CARTESIAN_POINT('',(119.800001266599,10.4,94.8000008791685));
#3881=CARTESIAN_POINT('',(119.800001266599,18.2,94.8000008791685));
#3882=CARTESIAN_POINT('',(119.800001266599,10.4,94.8000008791685));
#3883=CARTESIAN_POINT('Origin',(130.800001266599,10.4,94.8000008791685));
#3884=CARTESIAN_POINT('',(107.000001266599,10.4,94.8000008791685));
#3885=CARTESIAN_POINT('Origin',(89.2000012665987,11.6,94.8000008791685));
#3886=CARTESIAN_POINT('',(89.2000012665987,11.6,58.7000008791685));
#3887=CARTESIAN_POINT('',(100.200001266599,11.6,58.7000008791685));
#3888=CARTESIAN_POINT('',(112.250001266599,11.6,58.7000008791685));
#3889=CARTESIAN_POINT('',(89.2000012665987,11.6,57.2000008791685));
#3890=CARTESIAN_POINT('',(89.2000012665987,11.6,94.8000008791685));
#3891=CARTESIAN_POINT('',(100.200001266599,11.6,57.2000008791685));
#3892=CARTESIAN_POINT('',(113.000001266599,11.6,57.2000008791685));
#3893=CARTESIAN_POINT('',(100.200001266599,11.6,94.8000008791685));
#3894=CARTESIAN_POINT('Origin',(89.2000012665987,11.6,94.8000008791685));
#3895=CARTESIAN_POINT('',(100.200001266599,11.6,94.8000008791685));
#3896=CARTESIAN_POINT('',(100.200001266599,11.6,94.8000008791685));
#3897=CARTESIAN_POINT('',(89.2000012665987,11.6,94.8000008791685));
#3898=CARTESIAN_POINT('',(86.2000012665987,11.6,94.8000008791685));
#3899=CARTESIAN_POINT('',(89.2000012665987,11.6,94.8000008791685));
#3900=CARTESIAN_POINT('Origin',(89.2000012665987,10.4,94.8000008791685));
#3901=CARTESIAN_POINT('',(89.2000012665987,10.4,58.7000008791685));
#3902=CARTESIAN_POINT('',(89.2000012665987,18.2,58.7000008791685));
#3903=CARTESIAN_POINT('',(89.2000012665987,10.4,57.2000008791685));
#3904=CARTESIAN_POINT('',(89.2000012665987,10.4,94.8000008791685));
#3905=CARTESIAN_POINT('',(89.2000012665987,18.2,57.2000008791685));
#3906=CARTESIAN_POINT('Origin',(89.2000012665987,10.4,94.8000008791685));
#3907=CARTESIAN_POINT('',(89.2000012665987,10.4,94.8000008791685));
#3908=CARTESIAN_POINT('',(89.2000012665987,18.2,94.8000008791685));
#3909=CARTESIAN_POINT('',(89.2000012665987,10.4,94.8000008791685));
#3910=CARTESIAN_POINT('Origin',(100.200001266599,11.6,94.8000008791685));
#3911=CARTESIAN_POINT('',(100.200001266599,10.4,58.7000008791685));
#3912=CARTESIAN_POINT('',(100.200001266599,18.8,58.7000008791685));
#3913=CARTESIAN_POINT('',(100.200001266599,10.4,57.2000008791685));
#3914=CARTESIAN_POINT('',(100.200001266599,18.8,57.2000008791685));
#3915=CARTESIAN_POINT('',(100.200001266599,10.4,94.8000008791685));
#3916=CARTESIAN_POINT('Origin',(100.200001266599,10.4,94.8000008791685));
#3917=CARTESIAN_POINT('',(117.750001266599,10.4,58.7000008791685));
#3918=CARTESIAN_POINT('',(118.500001266599,10.4,57.2000008791685));
#3919=CARTESIAN_POINT('Origin',(100.200001266599,10.4,94.8000008791685));
#3920=CARTESIAN_POINT('',(100.200001266599,10.4,94.8000008791685));
#3921=CARTESIAN_POINT('',(91.7000012665987,10.4,94.8000008791685));
#3922=CARTESIAN_POINT('',(100.200001266599,10.4,94.8000008791685));
#3923=CARTESIAN_POINT('Origin',(100.200001266599,11.6,94.8000008791685));
#3924=CARTESIAN_POINT('',(100.200001266599,18.8,94.8000008791685));
#3925=CARTESIAN_POINT('Origin',(135.300001266599,12.5,93.3000008791685));
#3926=CARTESIAN_POINT('',(135.300001266599,12.5,94.8000008791685));
#3927=CARTESIAN_POINT('',(135.300001266599,12.5,84.6500008791685));
#3928=CARTESIAN_POINT('',(135.300001266599,9.,94.8000008791685));
#3929=CARTESIAN_POINT('',(135.300001266599,12.5,94.8000008791685));
#3930=CARTESIAN_POINT('',(135.300001266599,9.,93.3000008791685));
#3931=CARTESIAN_POINT('Origin',(110.000001266599,9.,94.0500008791685));
#3932=CARTESIAN_POINT('',(83.2000012665987,9.,94.8000008791685));
#3933=CARTESIAN_POINT('',(136.800001266599,9.,94.8000008791685));
#3934=CARTESIAN_POINT('',(83.2000012665987,9.,94.8000008791685));
#3935=CARTESIAN_POINT('Origin',(110.000001266599,12.5,76.0000008791685));
#3936=CARTESIAN_POINT('',(135.300001266599,12.5,83.5000008791685));
#3937=CARTESIAN_POINT('',(135.300001266599,12.5,58.7000008791685));
#3938=CARTESIAN_POINT('',(136.800001266599,12.5,83.5000008791685));
#3939=CARTESIAN_POINT('',(123.400001266599,12.5,83.5000008791685));
#3940=CARTESIAN_POINT('',(136.800001266599,12.5,94.8000008791685));
#3941=CARTESIAN_POINT('',(136.800001266599,12.5,57.2000008791685));
#3942=CARTESIAN_POINT('',(136.800001266599,12.5,94.8000008791685));
#3943=CARTESIAN_POINT('Origin',(135.300001266599,12.5,57.2000008791685));
#3944=CARTESIAN_POINT('',(135.300001266599,12.5,58.7000008791685));
#3945=CARTESIAN_POINT('',(135.300001266599,12.5,57.2000008791685));
#3946=CARTESIAN_POINT('',(135.300001266599,12.5,66.6000008791685));
#3947=CARTESIAN_POINT('',(135.300001266599,9.,58.7000008791685));
#3948=CARTESIAN_POINT('',(135.300001266599,12.5,58.7000008791685));
#3949=CARTESIAN_POINT('',(135.300001266599,9.,57.2000008791685));
#3950=CARTESIAN_POINT('',(135.300001266599,9.,57.2000008791685));
#3951=CARTESIAN_POINT('',(135.300001266599,12.5,57.2000008791685));
#3952=CARTESIAN_POINT('Origin',(110.000001266599,9.,57.9500008791685));
#3953=CARTESIAN_POINT('',(83.2000012665987,9.00000023841858,58.7000008791685));
#3954=CARTESIAN_POINT('',(135.300001266599,9.,58.7000008791685));
#3955=CARTESIAN_POINT('',(83.2000012665987,9.,57.2000008791685));
#3956=CARTESIAN_POINT('',(83.2000012665987,9.,94.8000008791685));
#3957=CARTESIAN_POINT('',(83.2000012665987,9.,57.2000008791685));
#3958=CARTESIAN_POINT('Origin',(110.000001266599,12.5,76.0000008791685));
#3959=CARTESIAN_POINT('',(136.800001266599,12.5,57.2000008791685));
#3960=CARTESIAN_POINT('',(83.2000012665987,12.5,57.2000008791685));
#3961=CARTESIAN_POINT('',(136.800001266599,12.5,68.5000008791685));
#3962=CARTESIAN_POINT('',(136.800001266599,12.5,57.2000008791685));
#3963=CARTESIAN_POINT('',(135.300001266599,12.5,68.5000008791685));
#3964=CARTESIAN_POINT('',(123.400001266599,12.5,68.5000008791685));
#3965=CARTESIAN_POINT('',(135.300001266599,12.5,58.7000008791685));
#3966=CARTESIAN_POINT('Origin',(109.129739473229,27.5,81.9027455377998));
#3967=CARTESIAN_POINT('',(107.197704163392,27.5,79.8848833146725));
#3968=CARTESIAN_POINT('',(107.197704163392,27.3,79.8848833146725));
#3969=CARTESIAN_POINT('',(107.197704163392,27.5,79.8848833146725));
#3970=CARTESIAN_POINT('',(109.129739473229,27.5,81.9027455377998));
#3971=CARTESIAN_POINT('',(107.863561122695,27.5,80.580319675148));
#3972=CARTESIAN_POINT('',(109.129739473229,26.9,81.9027455377998));
#3973=CARTESIAN_POINT('',(109.129739473229,27.5,81.9027455377998));
#3974=CARTESIAN_POINT('',(106.430576769627,26.9,79.0836777775246));
#3975=CARTESIAN_POINT('',(109.129739473229,26.9,81.9027455377998));
#3976=CARTESIAN_POINT('',(106.430576769627,27.1,79.0836777775246));
#3977=CARTESIAN_POINT('',(106.430576769627,27.5,79.0836777775246));
#3978=CARTESIAN_POINT('',(106.430576769627,27.3,79.0836777775246));
#3979=CARTESIAN_POINT('Ctrl Pts',(106.430576769627,27.3,79.0836777775246));
#3980=CARTESIAN_POINT('Ctrl Pts',(106.430576769627,27.2333333333333,79.0836777775246));
#3981=CARTESIAN_POINT('Ctrl Pts',(106.430576769627,27.1666666666667,79.0836777775246));
#3982=CARTESIAN_POINT('Ctrl Pts',(106.430576769627,27.1,79.0836777775246));
#3983=CARTESIAN_POINT('',(109.129739473229,27.3,81.9027455377998));
#3984=CARTESIAN_POINT('Ctrl Pts',(106.430576769627,27.5,79.0836777775246));
#3985=CARTESIAN_POINT('Ctrl Pts',(106.430576769627,26.9,79.0836777775246));
#3986=CARTESIAN_POINT('Ctrl Pts',(107.830282008757,27.5,78.7497154466977));
#3987=CARTESIAN_POINT('Ctrl Pts',(107.830282008757,26.9,78.7497154466977));
#3988=CARTESIAN_POINT('Ctrl Pts',(108.492454614704,27.5,76.8437854786193));
#3989=CARTESIAN_POINT('Ctrl Pts',(108.492454614704,26.9,76.8437854786193));
#3990=CARTESIAN_POINT('',(108.492454614704,27.1,76.8437854786193));
#3991=CARTESIAN_POINT('Ctrl Pts',(108.492454614704,27.1,76.8437854786193));
#3992=CARTESIAN_POINT('Ctrl Pts',(107.830282008757,27.1,78.7497154466977));
#3993=CARTESIAN_POINT('Ctrl Pts',(106.430576769627,27.1,79.0836777775246));
#3994=CARTESIAN_POINT('',(108.492454614704,26.9,76.8437854786193));
#3995=CARTESIAN_POINT('Ctrl Pts',(106.430576769627,26.9,79.0836777775246));
#3996=CARTESIAN_POINT('Ctrl Pts',(107.830282008757,26.9,78.7497154466977));
#3997=CARTESIAN_POINT('Ctrl Pts',(108.492454614704,26.9,76.8437854786193));
#3998=CARTESIAN_POINT('',(108.492454614704,27.5,76.8437854786193));
#3999=CARTESIAN_POINT('Origin',(108.492454614704,27.5,76.8437854786193));
#4000=CARTESIAN_POINT('',(108.493917315925,27.1,76.8395753888847));
#4001=CARTESIAN_POINT('',(108.492454614704,27.1,76.8437854786193));
#4002=CARTESIAN_POINT('',(108.493917315925,26.9,76.8395753888847));
#4003=CARTESIAN_POINT('',(108.492454614704,26.9,76.8437854786193));
#4004=CARTESIAN_POINT('',(108.493917315925,27.5,76.8395753888847));
#4005=CARTESIAN_POINT('Ctrl Pts',(109.121310612383,27.5,77.4814355666404));
#4006=CARTESIAN_POINT('Ctrl Pts',(109.121310612383,26.9,77.4814355666404));
#4007=CARTESIAN_POINT('Ctrl Pts',(110.48444251645,27.5,78.9237488601283));
#4008=CARTESIAN_POINT('Ctrl Pts',(110.48444251645,26.9,78.9237488601283));
#4009=CARTESIAN_POINT('Ctrl Pts',(112.245673226722,27.5,77.7126819482209));
#4010=CARTESIAN_POINT('Ctrl Pts',(112.245673226722,26.9,77.7126819482209));
#4011=CARTESIAN_POINT('',(112.245673226722,27.3,77.7126819482209));
#4012=CARTESIAN_POINT('',(109.121310612383,27.3,77.4814355666404));
#4013=CARTESIAN_POINT('Ctrl Pts',(112.245673226722,27.3,77.7126819482209));
#4014=CARTESIAN_POINT('Ctrl Pts',(110.48444251645,27.3,78.9237488601283));
#4015=CARTESIAN_POINT('Ctrl Pts',(109.121310612383,27.3,77.4814355666404));
#4016=CARTESIAN_POINT('',(109.121310612383,26.9,77.4814355666404));
#4017=CARTESIAN_POINT('',(109.121310612383,27.5,77.4814355666404));
#4018=CARTESIAN_POINT('',(112.245673226722,26.9,77.7126819482209));
#4019=CARTESIAN_POINT('Ctrl Pts',(109.121310612383,26.9,77.4814355666404));
#4020=CARTESIAN_POINT('Ctrl Pts',(110.48444251645,26.9,78.9237488601283));
#4021=CARTESIAN_POINT('Ctrl Pts',(112.245673226722,26.9,77.7126819482209));
#4022=CARTESIAN_POINT('',(112.245673226722,27.5,77.7126819482209));
#4023=CARTESIAN_POINT('Ctrl Pts',(112.254102716909,27.5,82.1339913044678));
#4024=CARTESIAN_POINT('Ctrl Pts',(112.254102716909,26.9,82.1339913044678));
#4025=CARTESIAN_POINT('Ctrl Pts',(110.492871233431,27.5,83.3450589895811));
#4026=CARTESIAN_POINT('Ctrl Pts',(110.492871233431,26.9,83.3450589895811));
#4027=CARTESIAN_POINT('Ctrl Pts',(109.129739473229,27.5,81.9027455377998));
#4028=CARTESIAN_POINT('Ctrl Pts',(109.129739473229,26.9,81.9027455377998));
#4029=CARTESIAN_POINT('',(112.254102716909,27.5,82.1339913044678));
#4030=CARTESIAN_POINT('Ctrl Pts',(112.254102716909,27.5,82.1339913044678));
#4031=CARTESIAN_POINT('Ctrl Pts',(110.492871233431,27.5,83.3450589895811));
#4032=CARTESIAN_POINT('Ctrl Pts',(109.129739473229,27.5,81.9027455377998));
#4033=CARTESIAN_POINT('',(112.254102716909,26.9,82.1339913044678));
#4034=CARTESIAN_POINT('',(112.254102716909,27.5,82.1339913044678));
#4035=CARTESIAN_POINT('Ctrl Pts',(112.254102716909,26.9,82.1339913044678));
#4036=CARTESIAN_POINT('Ctrl Pts',(110.492871233431,26.9,83.3450589895811));
#4037=CARTESIAN_POINT('Ctrl Pts',(109.129739473229,26.9,81.9027455377998));
#4038=CARTESIAN_POINT('Ctrl Pts',(113.873417292281,27.5,78.83006105358));
#4039=CARTESIAN_POINT('Ctrl Pts',(113.873417292281,26.9,78.83006105358));
#4040=CARTESIAN_POINT('Ctrl Pts',(114.015333813783,27.5,80.9229251657663));
#4041=CARTESIAN_POINT('Ctrl Pts',(114.015333813783,26.9,80.9229251657663));
#4042=CARTESIAN_POINT('Ctrl Pts',(112.254102716909,27.5,82.1339913044678));
#4043=CARTESIAN_POINT('Ctrl Pts',(112.254102716909,26.9,82.1339913044678));
#4044=CARTESIAN_POINT('',(113.873417292281,27.5,78.83006105358));
#4045=CARTESIAN_POINT('Ctrl Pts',(113.873417292281,27.5,78.83006105358));
#4046=CARTESIAN_POINT('Ctrl Pts',(114.015333813783,27.5,80.9229251657663));
#4047=CARTESIAN_POINT('Ctrl Pts',(112.254102716909,27.5,82.1339913044678));
#4048=CARTESIAN_POINT('',(113.873417292281,26.9,78.83006105358));
#4049=CARTESIAN_POINT('',(113.873417292281,27.5,78.83006105358));
#4050=CARTESIAN_POINT('Ctrl Pts',(113.873417292281,26.9,78.83006105358));
#4051=CARTESIAN_POINT('Ctrl Pts',(114.015333813783,26.9,80.9229251657663));
#4052=CARTESIAN_POINT('Ctrl Pts',(112.254102716909,26.9,82.1339913044678));
#4053=CARTESIAN_POINT('Ctrl Pts',(112.245673226722,27.5,77.7126819482209));
#4054=CARTESIAN_POINT('Ctrl Pts',(112.245673226722,26.9,77.7126819482209));
#4055=CARTESIAN_POINT('Ctrl Pts',(113.751396123716,27.5,76.6773084834647));
#4056=CARTESIAN_POINT('Ctrl Pts',(113.751396123716,26.9,76.6773084834647));
#4057=CARTESIAN_POINT('Ctrl Pts',(113.866110491993,27.5,74.9974316632642));
#4058=CARTESIAN_POINT('Ctrl Pts',(113.866110491993,26.9,74.9974316632642));
#4059=CARTESIAN_POINT('',(113.866110491993,27.3,74.9974316632642));
#4060=CARTESIAN_POINT('Ctrl Pts',(113.866110491993,27.3,74.9974316632642));
#4061=CARTESIAN_POINT('Ctrl Pts',(113.751396123716,27.3,76.6773084834647));
#4062=CARTESIAN_POINT('Ctrl Pts',(112.245673226722,27.3,77.7126819482209));
#4063=CARTESIAN_POINT('',(113.866110491993,26.9,74.9974316632642));
#4064=CARTESIAN_POINT('Ctrl Pts',(112.245673226722,26.9,77.7126819482209));
#4065=CARTESIAN_POINT('Ctrl Pts',(113.751396123716,26.9,76.6773084834647));
#4066=CARTESIAN_POINT('Ctrl Pts',(113.866110491993,26.9,74.9974316632642));
#4067=CARTESIAN_POINT('',(113.866110491993,27.5,74.9974316632642));
#4068=CARTESIAN_POINT('Origin',(110.222955291705,26.9,79.1712453264226));
#4069=CARTESIAN_POINT('',(109.121310612383,26.9,77.4814355666404));
#4070=CARTESIAN_POINT('',(113.864988188697,26.9,74.4087509241272));
#4071=CARTESIAN_POINT('Ctrl Pts',(108.492454614704,27.5,76.8437854786193));
#4072=CARTESIAN_POINT('Ctrl Pts',(108.492454614704,27.1,76.8437854786193));
#4073=CARTESIAN_POINT('Ctrl Pts',(107.508831555197,27.5,79.6749455863743));
#4074=CARTESIAN_POINT('Ctrl Pts',(107.508831555197,27.1,79.6749455863743));
#4075=CARTESIAN_POINT('Ctrl Pts',(104.897801329512,27.5,79.0374708395248));
#4076=CARTESIAN_POINT('Ctrl Pts',(104.897801329512,27.1,79.0374708395248));
#4077=CARTESIAN_POINT('',(104.897801329512,27.1,79.0374708395248));
#4078=CARTESIAN_POINT('Ctrl Pts',(106.430576769627,27.1,79.0836777775246));
#4079=CARTESIAN_POINT('Ctrl Pts',(105.75109247818,27.1,79.2457991666485));
#4080=CARTESIAN_POINT('Ctrl Pts',(104.897801329512,27.1,79.0374708395248));
#4081=CARTESIAN_POINT('',(104.897801329512,27.3,79.0374708395248));
#4082=CARTESIAN_POINT('',(104.897801329512,27.5,79.0374708395248));
#4083=CARTESIAN_POINT('Ctrl Pts',(104.897801329512,27.3,79.0374708395248));
#4084=CARTESIAN_POINT('Ctrl Pts',(105.75109247818,27.3,79.2457991666485));
#4085=CARTESIAN_POINT('Ctrl Pts',(106.430576769627,27.3,79.0836777775246));
#4086=CARTESIAN_POINT('Ctrl Pts',(104.897801329512,27.5,79.0374708395248));
#4087=CARTESIAN_POINT('Ctrl Pts',(104.897801329512,27.1,79.0374708395248));
#4088=CARTESIAN_POINT('Ctrl Pts',(102.49195895482,27.5,78.4500920555952));
#4089=CARTESIAN_POINT('Ctrl Pts',(102.49195895482,27.1,78.4500920555952));
#4090=CARTESIAN_POINT('Ctrl Pts',(102.376817504917,27.5,74.9732177101483));
#4091=CARTESIAN_POINT('Ctrl Pts',(102.376817504917,27.1,74.9732177101483));
#4092=CARTESIAN_POINT('',(102.376817504917,27.3,74.973217710148));
#4093=CARTESIAN_POINT('Ctrl Pts',(102.376817504917,27.3,74.9732177101483));
#4094=CARTESIAN_POINT('Ctrl Pts',(102.49195895482,27.3,78.4500920555952));
#4095=CARTESIAN_POINT('Ctrl Pts',(104.897801329512,27.3,79.0374708395248));
#4096=CARTESIAN_POINT('',(102.376817504917,27.1,74.973217710148));
#4097=CARTESIAN_POINT('Ctrl Pts',(104.897801329512,27.1,79.0374708395248));
#4098=CARTESIAN_POINT('Ctrl Pts',(102.49195895482,27.1,78.4500920555952));
#4099=CARTESIAN_POINT('Ctrl Pts',(102.376817504917,27.1,74.9732177101483));
#4100=CARTESIAN_POINT('',(102.376817504917,27.5,74.973217710148));
#4101=CARTESIAN_POINT('Origin',(102.375195131294,27.5,70.5797633519467));
#4102=CARTESIAN_POINT('',(102.375195131294,27.3,70.5797633519467));
#4103=CARTESIAN_POINT('',(109.121310612383,27.3,77.4814355666404));
#4104=CARTESIAN_POINT('',(102.375195131294,27.1,70.5797633519467));
#4105=CARTESIAN_POINT('',(102.375195131294,27.5,70.5797633519467));
#4106=CARTESIAN_POINT('',(109.121310612383,27.1,77.4814355666404));
#4107=CARTESIAN_POINT('Origin',(105.434320404091,27.1,75.1273544691605));
#4108=CARTESIAN_POINT('',(102.374723492257,27.1,71.8948270477616));
#4109=CARTESIAN_POINT('',(102.375333007227,27.1,70.195326057791));
#4110=CARTESIAN_POINT('',(102.373827995505,27.1,70.5783646917675));
#4111=CARTESIAN_POINT('Origin',(107.197704163392,27.5,79.8848833146725));
#4112=CARTESIAN_POINT('',(107.173003663544,27.5,79.9085332137249));
#4113=CARTESIAN_POINT('',(108.899013410611,27.5,78.2559368480087));
#4114=CARTESIAN_POINT('',(107.173003663544,27.3,79.9085332137249));
#4115=CARTESIAN_POINT('',(107.173003663544,27.3,79.9085332137249));
#4116=CARTESIAN_POINT('',(107.173003663544,27.5,79.9085332137249));
#4117=CARTESIAN_POINT('Origin',(102.382258098123,27.5,82.9713887051674));
#4118=CARTESIAN_POINT('',(102.382258098123,27.5,82.9713887051674));
#4119=CARTESIAN_POINT('',(102.374723492257,27.5,71.8948270477616));
#4120=CARTESIAN_POINT('',(102.377168492613,27.5,75.4892018137881));
#4121=CARTESIAN_POINT('',(102.382258098123,27.3,82.9713887051674));
#4122=CARTESIAN_POINT('',(102.382258098123,27.5,82.9713887051674));
#4123=CARTESIAN_POINT('',(102.373827995505,27.3,70.5783646917675));
#4124=CARTESIAN_POINT('',(102.374723492257,27.5,71.8948270477616));
#4125=CARTESIAN_POINT('Origin',(107.173003663544,27.5,79.9085332137249));
#4126=CARTESIAN_POINT('',(109.063285441364,27.5,78.7000240486048));
#4127=CARTESIAN_POINT('',(102.382258098123,27.3,82.9713887051674));
#4128=CARTESIAN_POINT('Origin',(104.787260834155,27.3,78.9723032076577));
#4129=CARTESIAN_POINT('Origin',(113.864988188697,27.5,74.4087509241272));
#4130=CARTESIAN_POINT('',(113.864988188697,27.5,74.4087509241272));
#4131=CARTESIAN_POINT('',(113.867059147622,27.5,75.495029148304));
#4132=CARTESIAN_POINT('',(113.864988188697,27.3,74.4087509241272));
#4133=CARTESIAN_POINT('',(113.864988188697,27.5,74.4087509241272));
#4134=CARTESIAN_POINT('',(113.864988188697,27.3,74.4087509241272));
#4135=CARTESIAN_POINT('Origin',(113.864988188697,27.5,70.5783645260743));
#4136=CARTESIAN_POINT('',(113.864988188697,27.5,70.5783645260743));
#4137=CARTESIAN_POINT('',(113.864988188697,27.5,73.2891827026214));
#4138=CARTESIAN_POINT('',(113.864988188697,27.3,70.5783645260743));
#4139=CARTESIAN_POINT('',(113.864988188697,27.5,70.5783645260743));
#4140=CARTESIAN_POINT('',(113.864988188697,27.3,70.5783645260743));
#4141=CARTESIAN_POINT('Origin',(102.375195632914,27.5,70.5783646917478));
#4142=CARTESIAN_POINT('',(102.375195632914,27.5,70.5783646917478));
#4143=CARTESIAN_POINT('',(106.187598410669,27.5,70.5783646367761));
#4144=CARTESIAN_POINT('',(102.375195632914,27.3,70.5783646917478));
#4145=CARTESIAN_POINT('',(102.375195632914,27.5,70.5783646917478));
#4146=CARTESIAN_POINT('',(102.373827995505,27.3,70.5783646917675));
#4147=CARTESIAN_POINT('Origin',(102.375195131294,27.5,70.5797633519467));
#4148=CARTESIAN_POINT('',(102.373987835813,27.5,73.9460463215009));
#4149=CARTESIAN_POINT('',(102.375333007227,27.3,70.195326057791));
#4150=CARTESIAN_POINT('Origin',(108.120652811643,27.3,74.7510566931013));
#4151=CARTESIAN_POINT('Origin',(131.000001266599,26.,89.0000008791685));
#4152=CARTESIAN_POINT('',(129.500001266599,27.5,89.0000008791685));
#4153=CARTESIAN_POINT('',(129.500001266599,26.,89.0000008791685));
#4154=CARTESIAN_POINT('Origin',(131.000001266599,27.5,89.0000008791685));
#4155=CARTESIAN_POINT('Origin',(131.000001266599,26.,63.0000008791685));
#4156=CARTESIAN_POINT('',(129.500001266599,27.5,63.0000008791685));
#4157=CARTESIAN_POINT('',(129.500001266599,26.,63.0000008791685));
#4158=CARTESIAN_POINT('Origin',(131.000001266599,27.5,63.0000008791685));
#4159=CARTESIAN_POINT('Origin',(92.0000012665987,26.,89.0000008791685));
#4160=CARTESIAN_POINT('',(90.5000012665987,27.5,89.0000008791685));
#4161=CARTESIAN_POINT('',(90.5000012665987,26.,89.0000008791685));
#4162=CARTESIAN_POINT('Origin',(92.0000012665987,27.5,89.0000008791685));
#4163=CARTESIAN_POINT('Origin',(92.0000012665987,26.,63.0000008791685));
#4164=CARTESIAN_POINT('',(90.5000012665987,27.5,63.0000008791685));
#4165=CARTESIAN_POINT('',(90.5000012665987,26.,63.0000008791685));
#4166=CARTESIAN_POINT('Origin',(92.0000012665987,27.5,63.0000008791685));
#4167=CARTESIAN_POINT('Origin',(83.2000012665987,20.,58.7000008791685));
#4168=CARTESIAN_POINT('',(84.7000012665987,20.,58.7000008791685));
#4169=CARTESIAN_POINT('',(84.7000012665987,20.,58.7000008791685));
#4170=CARTESIAN_POINT('',(83.2000012665987,20.,58.7000008791685));
#4171=CARTESIAN_POINT('',(83.2000012665987,20.,57.9500008791685));
#4172=CARTESIAN_POINT('',(83.2000012665987,20.,58.7000008791685));
#4173=CARTESIAN_POINT('Origin',(83.2000012665987,26.,57.2000008791685));
#4174=CARTESIAN_POINT('',(83.2000012665987,19.2500001192093,58.7000008791685));
#4175=CARTESIAN_POINT('',(83.2000012665987,26.5,94.8000008791685));
#4176=CARTESIAN_POINT('',(83.2000012665987,26.,94.8000008791685));
#4177=CARTESIAN_POINT('',(83.2000012665987,26.5,57.2000008791685));
#4178=CARTESIAN_POINT('',(83.2000012665987,26.5,66.6000008791685));
#4179=CARTESIAN_POINT('',(83.2000012665987,26.,57.2000008791685));
#4180=CARTESIAN_POINT('Origin',(136.800001266599,12.5,83.5000008791685));
#4181=CARTESIAN_POINT('',(135.300001266599,19.25,83.5000008791685));
#4182=CARTESIAN_POINT('',(136.800001266599,19.25,83.5000008791685));
#4183=CARTESIAN_POINT('Origin',(136.800001266599,26.,68.5000008791685));
#4184=CARTESIAN_POINT('',(135.300001266599,26.,68.5000008791685));
#4185=CARTESIAN_POINT('',(136.800001266599,26.,68.5000008791685));
#4186=CARTESIAN_POINT('Origin',(135.300001266599,26.,93.3000008791685));
#4187=CARTESIAN_POINT('Origin',(136.800001266599,26.,94.8000008791685));
#4188=CARTESIAN_POINT('',(136.800001266599,26.5,57.2000008791685));
#4189=CARTESIAN_POINT('',(136.800001266599,26.,57.2000008791685));
#4190=CARTESIAN_POINT('',(136.800001266599,26.5,94.8000008791685));
#4191=CARTESIAN_POINT('',(136.800001266599,26.5,85.4000008791685));
#4192=CARTESIAN_POINT('',(136.800001266599,26.,94.8000008791685));
#4193=CARTESIAN_POINT('Origin',(123.400001266599,27.,57.7000008791685));
#4194=CARTESIAN_POINT('',(84.2000012665987,27.5,58.2000008791685));
#4195=CARTESIAN_POINT('',(135.800001266599,27.5,58.2000008791685));
#4196=CARTESIAN_POINT('',(123.400001266599,27.5,58.2000008791685));
#4197=CARTESIAN_POINT('',(135.800001266599,27.5,58.2000008791685));
#4198=CARTESIAN_POINT('',(123.400001266599,26.5,57.2000008791685));
#4199=CARTESIAN_POINT('',(84.2000012665987,27.5,58.2000008791685));
#4200=CARTESIAN_POINT('Origin',(136.300001266599,27.,85.4000008791685));
#4201=CARTESIAN_POINT('',(135.800001266599,27.5,93.8000008791685));
#4202=CARTESIAN_POINT('',(135.800001266599,27.5,85.4000008791685));
#4203=CARTESIAN_POINT('',(135.800001266599,27.5,93.8000008791685));
#4204=CARTESIAN_POINT('Origin',(96.6000012665987,27.,94.3000008791685));
#4205=CARTESIAN_POINT('',(84.2000012665987,27.5,93.8000008791685));
#4206=CARTESIAN_POINT('',(96.6000012665987,27.5,93.8000008791685));
#4207=CARTESIAN_POINT('',(84.2000012665987,27.5,93.8000008791685));
#4208=CARTESIAN_POINT('',(96.6000012665987,26.5,94.8000008791685));
#4209=CARTESIAN_POINT('Origin',(83.7000012665987,27.,66.6000008791685));
#4210=CARTESIAN_POINT('',(84.2000012665987,27.5,66.6000008791685));
#4211=CARTESIAN_POINT('Origin',(136.800001266599,26.,57.2000008791685));
#4212=CARTESIAN_POINT('Origin',(110.000001266599,27.5,76.0000008791685));
#4213=CARTESIAN_POINT('Origin',(135.300001266599,26.,93.3000008791685));
#4214=CARTESIAN_POINT('',(135.300001266599,26.,58.7000008791685));
#4215=CARTESIAN_POINT('Origin',(84.7000012665987,26.,58.7000008791685));
#4216=CARTESIAN_POINT('',(84.7000012665987,26.,58.7000008791685));
#4217=CARTESIAN_POINT('Origin',(135.300001266599,26.,58.7000008791685));
#4218=CARTESIAN_POINT('Origin',(83.2000012665987,26.,94.8000008791685));
#4219=CARTESIAN_POINT('',(0.,0.,0.));
#4220=CARTESIAN_POINT('Origin',(-0.300000000000001,0.,34.3));
#4221=CARTESIAN_POINT('',(-0.300000000000002,1.5,34.3));
#4222=CARTESIAN_POINT('',(1.2,1.5,34.3));
#4223=CARTESIAN_POINT('',(53.3,1.5,34.3));
#4224=CARTESIAN_POINT('',(-0.300000000000001,5.5,34.3));
#4225=CARTESIAN_POINT('',(-0.300000000000002,0.,34.3));
#4226=CARTESIAN_POINT('',(1.2,5.5,34.3));
#4227=CARTESIAN_POINT('',(-0.300000000000001,5.5,34.3));
#4228=CARTESIAN_POINT('',(1.2,0.,34.3));
#4229=CARTESIAN_POINT('Origin',(1.2,2.75,35.05));
#4230=CARTESIAN_POINT('',(1.2,5.5,35.8));
#4231=CARTESIAN_POINT('',(1.2,0.,35.8));
#4232=CARTESIAN_POINT('',(1.2,5.5,35.8));
#4233=CARTESIAN_POINT('',(1.2,0.,34.3));
#4234=CARTESIAN_POINT('',(1.2,0.,35.8));
#4235=CARTESIAN_POINT('',(1.2,3.125,34.3));
#4236=CARTESIAN_POINT('',(1.2,5.5,34.3));
#4237=CARTESIAN_POINT('Origin',(-0.300000000000002,0.,34.3));
#4238=CARTESIAN_POINT('',(-0.300000000000002,1.5,-0.299999999999998));
#4239=CARTESIAN_POINT('',(-0.300000000000002,1.5,34.3));
#4240=CARTESIAN_POINT('',(-0.300000000000001,5.5,-0.299999999999998));
#4241=CARTESIAN_POINT('',(-0.3,2.75,-0.299999999999998));
#4242=CARTESIAN_POINT('',(-0.300000000000002,5.5,26.4));
#4243=CARTESIAN_POINT('Origin',(-0.300000000000002,3.5,34.3));
#4244=CARTESIAN_POINT('',(53.3,0.,34.3));
#4245=CARTESIAN_POINT('',(13.1,0.,34.3));
#4246=CARTESIAN_POINT('',(53.3,1.5,34.3));
#4247=CARTESIAN_POINT('',(53.3,3.5,34.3));
#4248=CARTESIAN_POINT('',(48.3,1.5,34.3));
#4249=CARTESIAN_POINT('',(53.3,1.5,34.3));
#4250=CARTESIAN_POINT('',(38.3,1.5,34.3));
#4251=CARTESIAN_POINT('',(53.3,1.5,34.3));
#4252=CARTESIAN_POINT('',(17.7,1.5,34.3));
#4253=CARTESIAN_POINT('',(53.3,1.5,34.3));
#4254=CARTESIAN_POINT('',(7.7,1.5,34.3));
#4255=CARTESIAN_POINT('',(53.3,1.5,34.3));
#4256=CARTESIAN_POINT('',(53.3,1.5,34.3));
#4257=CARTESIAN_POINT('Origin',(-0.300000000000001,5.5,-0.299999999999998));
#4258=CARTESIAN_POINT('',(1.2,1.5,-0.299999999999998));
#4259=CARTESIAN_POINT('',(-0.3,1.5,-0.299999999999998));
#4260=CARTESIAN_POINT('',(1.2,5.5,-0.299999999999998));
#4261=CARTESIAN_POINT('',(1.2,0.,-0.299999999999998));
#4262=CARTESIAN_POINT('',(-0.300000000000001,5.5,-0.299999999999998));
#4263=CARTESIAN_POINT('Origin',(1.2,2.75,-1.05));
#4264=CARTESIAN_POINT('',(1.2,5.5,-1.8));
#4265=CARTESIAN_POINT('',(1.2,5.5,-0.299999999999998));
#4266=CARTESIAN_POINT('',(1.2,0.,-0.299999999999998));
#4267=CARTESIAN_POINT('',(1.2,3.125,-0.299999999999998));
#4268=CARTESIAN_POINT('',(1.2,0.,-1.8));
#4269=CARTESIAN_POINT('',(1.2,0.,-1.8));
#4270=CARTESIAN_POINT('',(1.2,5.5,-1.8));
#4271=CARTESIAN_POINT('Origin',(10.2,1.75,34.2));
#4272=CARTESIAN_POINT('',(17.7,1.75,34.95));
#4273=CARTESIAN_POINT('',(17.7,2.5,34.2));
#4274=CARTESIAN_POINT('Origin',(17.7,1.75,34.2));
#4275=CARTESIAN_POINT('',(7.7,2.5,34.2));
#4276=CARTESIAN_POINT('',(10.2,2.5,34.2));
#4277=CARTESIAN_POINT('',(7.7,1.75,34.95));
#4278=CARTESIAN_POINT('Origin',(7.7,1.75,34.2));
#4279=CARTESIAN_POINT('',(10.2,1.75,34.95));
#4280=CARTESIAN_POINT('Origin',(17.7,1.5,34.95));
#4281=CARTESIAN_POINT('',(17.7,1.5,34.95));
#4282=CARTESIAN_POINT('',(17.7,1.5,34.95));
#4283=CARTESIAN_POINT('',(17.7,1.5,34.3));
#4284=CARTESIAN_POINT('',(17.7,1.5,32.3));
#4285=CARTESIAN_POINT('',(17.7,1.5,25.975));
#4286=CARTESIAN_POINT('',(17.7,2.5,32.3));
#4287=CARTESIAN_POINT('',(17.7,1.5,32.3));
#4288=CARTESIAN_POINT('',(17.7,2.5,34.3));
#4289=CARTESIAN_POINT('Origin',(7.7,1.5,34.95));
#4290=CARTESIAN_POINT('',(7.7,1.5,34.95));
#4291=CARTESIAN_POINT('',(7.7,1.5,34.95));
#4292=CARTESIAN_POINT('',(14.7,1.5,34.95));
#4293=CARTESIAN_POINT('Origin',(40.8,1.75,34.2));
#4294=CARTESIAN_POINT('',(48.3,1.75,34.95));
#4295=CARTESIAN_POINT('',(48.3,2.5,34.2));
#4296=CARTESIAN_POINT('Origin',(48.3,1.75,34.2));
#4297=CARTESIAN_POINT('',(38.3,2.5,34.2));
#4298=CARTESIAN_POINT('',(40.8,2.5,34.2));
#4299=CARTESIAN_POINT('',(38.3,1.75,34.95));
#4300=CARTESIAN_POINT('Origin',(38.3,1.75,34.2));
#4301=CARTESIAN_POINT('',(40.8,1.75,34.95));
#4302=CARTESIAN_POINT('Origin',(43.3,2.5,33.625));
#4303=CARTESIAN_POINT('',(48.3,2.5,32.917190429163));
#4304=CARTESIAN_POINT('',(48.3,2.5,34.95));
#4305=CARTESIAN_POINT('',(47.0738639715742,2.5,32.3));
#4306=CARTESIAN_POINT('Origin',(49.,2.5,30.));
#4307=CARTESIAN_POINT('',(38.3,2.5,32.3));
#4308=CARTESIAN_POINT('',(48.3,2.5,32.3));
#4309=CARTESIAN_POINT('',(38.3,2.5,32.3));
#4310=CARTESIAN_POINT('Origin',(48.3,1.5,34.95));
#4311=CARTESIAN_POINT('',(48.3,1.5,34.95));
#4312=CARTESIAN_POINT('',(48.3,1.5,34.95));
#4313=CARTESIAN_POINT('',(48.3,1.5,34.95));
#4314=CARTESIAN_POINT('',(48.3,1.5,32.917190429163));
#4315=CARTESIAN_POINT('',(48.3,1.5,25.975));
#4316=CARTESIAN_POINT('',(48.3,0.,32.917190429163));
#4317=CARTESIAN_POINT('Origin',(45.8,1.75,-0.200000000000004));
#4318=CARTESIAN_POINT('',(38.3,1.75,-0.950000000000004));
#4319=CARTESIAN_POINT('',(38.3,2.5,-0.200000000000004));
#4320=CARTESIAN_POINT('Origin',(38.3,1.75,-0.200000000000004));
#4321=CARTESIAN_POINT('',(48.3,2.5,-0.200000000000004));
#4322=CARTESIAN_POINT('',(45.8,2.5,-0.200000000000004));
#4323=CARTESIAN_POINT('',(48.3,1.75,-0.950000000000004));
#4324=CARTESIAN_POINT('Origin',(48.3,1.75,-0.200000000000004));
#4325=CARTESIAN_POINT('',(45.8,1.75,-0.950000000000004));
#4326=CARTESIAN_POINT('Origin',(43.3,2.5,0.374999999999996));
#4327=CARTESIAN_POINT('',(38.3,2.5,1.7));
#4328=CARTESIAN_POINT('',(38.3,2.5,1.7));
#4329=CARTESIAN_POINT('',(47.0738639715742,2.5,1.7));
#4330=CARTESIAN_POINT('',(48.3,2.5,1.7));
#4331=CARTESIAN_POINT('',(48.3,2.5,1.08280957083704));
#4332=CARTESIAN_POINT('Origin',(49.,2.5,4.));
#4333=CARTESIAN_POINT('',(48.3,2.5,-0.950000000000004));
#4334=CARTESIAN_POINT('Origin',(38.3,1.5,-0.950000000000004));
#4335=CARTESIAN_POINT('',(38.3,1.5,-0.950000000000004));
#4336=CARTESIAN_POINT('',(38.3,1.5,-0.950000000000004));
#4337=CARTESIAN_POINT('',(38.3,1.5,-0.300000000000003));
#4338=CARTESIAN_POINT('',(38.3,1.5,1.7));
#4339=CARTESIAN_POINT('',(38.3,1.5,1.7));
#4340=CARTESIAN_POINT('',(38.3,1.5,8.025));
#4341=CARTESIAN_POINT('',(38.3,1.5,1.7));
#4342=CARTESIAN_POINT('Origin',(15.2,1.75,-0.199999999999998));
#4343=CARTESIAN_POINT('',(7.7,1.75,-0.949999999999998));
#4344=CARTESIAN_POINT('',(7.7,2.5,-0.199999999999998));
#4345=CARTESIAN_POINT('Origin',(7.7,1.75,-0.199999999999998));
#4346=CARTESIAN_POINT('',(17.7,2.5,-0.199999999999998));
#4347=CARTESIAN_POINT('',(15.2,2.5,-0.199999999999998));
#4348=CARTESIAN_POINT('',(17.7,1.75,-0.949999999999998));
#4349=CARTESIAN_POINT('Origin',(17.7,1.75,-0.199999999999998));
#4350=CARTESIAN_POINT('',(15.2,1.75,-0.949999999999998));
#4351=CARTESIAN_POINT('Origin',(17.7,1.5,1.7));
#4352=CARTESIAN_POINT('',(17.7,2.5,1.7));
#4353=CARTESIAN_POINT('',(17.7,2.5,-0.299999999999998));
#4354=CARTESIAN_POINT('',(17.7,1.5,1.7));
#4355=CARTESIAN_POINT('',(17.7,1.5,1.7));
#4356=CARTESIAN_POINT('',(17.7,1.5,-0.3));
#4357=CARTESIAN_POINT('',(17.7,1.5,9.35));
#4358=CARTESIAN_POINT('',(17.7,1.5,-0.949999999999998));
#4359=CARTESIAN_POINT('',(17.7,1.5,-0.299999999999998));
#4360=CARTESIAN_POINT('',(17.7,1.5,-0.949999999999998));
#4361=CARTESIAN_POINT('Origin',(12.7,2.5,0.375000000000002));
#4362=CARTESIAN_POINT('',(7.7,2.5,1.7));
#4363=CARTESIAN_POINT('',(7.7,2.5,-0.949999999999998));
#4364=CARTESIAN_POINT('',(8.07386399478306,2.5,1.7));
#4365=CARTESIAN_POINT('',(17.7,2.5,1.7));
#4366=CARTESIAN_POINT('',(11.9261360052169,2.5,1.7));
#4367=CARTESIAN_POINT('Origin',(10.,2.5,4.));
#4368=CARTESIAN_POINT('',(17.7,2.5,1.7));
#4369=CARTESIAN_POINT('Origin',(26.5,5.5,17.));
#4370=CARTESIAN_POINT('',(-1.8,5.5,-1.8));
#4371=CARTESIAN_POINT('',(-0.300000000000001,5.5,-1.8));
#4372=CARTESIAN_POINT('',(-1.8,5.5,35.8));
#4373=CARTESIAN_POINT('',(-1.8,5.5,35.8));
#4374=CARTESIAN_POINT('',(54.8,5.5,35.8));
#4375=CARTESIAN_POINT('Origin',(7.7,1.5,32.3));
#4376=CARTESIAN_POINT('',(7.7,2.5,32.3));
#4377=CARTESIAN_POINT('',(7.7,2.5,32.3));
#4378=CARTESIAN_POINT('',(7.7,1.5,32.3));
#4379=CARTESIAN_POINT('',(7.7,1.5,32.3));
#4380=CARTESIAN_POINT('',(7.7,1.5,24.65));
#4381=CARTESIAN_POINT('',(7.7,1.5,32.3));
#4382=CARTESIAN_POINT('Origin',(8.07386397157417,1.5,32.3));
#4383=CARTESIAN_POINT('',(8.07386397157417,1.5,32.3));
#4384=CARTESIAN_POINT('',(17.2869319857871,1.5,32.3));
#4385=CARTESIAN_POINT('',(8.07386397157417,2.5,32.3));
#4386=CARTESIAN_POINT('',(17.7,2.5,32.3));
#4387=CARTESIAN_POINT('',(8.07386397157418,0.,32.3));
#4388=CARTESIAN_POINT('Origin',(17.7,1.5,32.3));
#4389=CARTESIAN_POINT('',(11.9261360284258,1.5,32.3));
#4390=CARTESIAN_POINT('',(22.1,1.5,32.3));
#4391=CARTESIAN_POINT('',(11.9261360284258,2.5,32.3));
#4392=CARTESIAN_POINT('',(11.9261360284258,0.,32.3));
#4393=CARTESIAN_POINT('',(17.7,2.5,32.3));
#4394=CARTESIAN_POINT('Origin',(12.7,2.5,33.625));
#4395=CARTESIAN_POINT('Origin',(10.,2.5,30.));
#4396=CARTESIAN_POINT('Origin',(12.7,1.5,33.625));
#4397=CARTESIAN_POINT('Origin',(48.3,1.5,32.3));
#4398=CARTESIAN_POINT('',(47.0738639715742,1.5,32.3));
#4399=CARTESIAN_POINT('',(47.0738639715742,0.,32.3));
#4400=CARTESIAN_POINT('',(38.3,1.5,32.3));
#4401=CARTESIAN_POINT('',(37.4,1.5,32.3));
#4402=CARTESIAN_POINT('',(38.3,1.5,32.3));
#4403=CARTESIAN_POINT('Origin',(38.3,1.5,34.95));
#4404=CARTESIAN_POINT('',(38.3,1.5,34.95));
#4405=CARTESIAN_POINT('',(38.3,1.5,34.95));
#4406=CARTESIAN_POINT('',(38.3,1.5,34.95));
#4407=CARTESIAN_POINT('Origin',(38.3,1.5,32.3));
#4408=CARTESIAN_POINT('',(38.3,1.5,24.65));
#4409=CARTESIAN_POINT('',(38.3,1.5,32.3));
#4410=CARTESIAN_POINT('Origin',(43.3,1.5,33.625));
#4411=CARTESIAN_POINT('Origin',(7.7,1.5,1.7));
#4412=CARTESIAN_POINT('',(11.9261360052169,1.5,1.7));
#4413=CARTESIAN_POINT('',(11.9261360052169,0.,1.7));
#4414=CARTESIAN_POINT('',(17.1,1.5,1.7));
#4415=CARTESIAN_POINT('Origin',(7.7,1.5,1.7));
#4416=CARTESIAN_POINT('',(8.07386399478306,1.5,1.7));
#4417=CARTESIAN_POINT('',(8.07386399478306,0.,1.7));
#4418=CARTESIAN_POINT('',(7.7,1.5,1.7));
#4419=CARTESIAN_POINT('',(7.7,1.5,1.7));
#4420=CARTESIAN_POINT('',(17.1,1.5,1.7));
#4421=CARTESIAN_POINT('Origin',(7.7,1.5,-0.949999999999998));
#4422=CARTESIAN_POINT('',(7.7,1.5,-0.949999999999998));
#4423=CARTESIAN_POINT('',(7.7,1.5,-0.949999999999998));
#4424=CARTESIAN_POINT('',(7.7,1.5,-0.299999999999999));
#4425=CARTESIAN_POINT('',(7.7,1.5,-0.949999999999998));
#4426=CARTESIAN_POINT('',(7.7,1.5,8.025));
#4427=CARTESIAN_POINT('Origin',(17.7,1.5,-0.949999999999998));
#4428=CARTESIAN_POINT('',(17.7,1.5,-0.949999999999998));
#4429=CARTESIAN_POINT('Origin',(12.7,1.5,0.375000000000002));
#4430=CARTESIAN_POINT('',(-0.3,1.5,-0.299999999999998));
#4431=CARTESIAN_POINT('Origin',(38.3,1.5,1.7));
#4432=CARTESIAN_POINT('',(47.0738639715742,1.5,1.7));
#4433=CARTESIAN_POINT('',(47.0738639715742,0.,1.7));
#4434=CARTESIAN_POINT('',(32.4,1.5,1.7));
#4435=CARTESIAN_POINT('Origin',(48.3,1.5,-0.950000000000004));
#4436=CARTESIAN_POINT('',(48.3,1.5,-0.950000000000004));
#4437=CARTESIAN_POINT('',(48.3,1.5,-0.950000000000004));
#4438=CARTESIAN_POINT('',(38.3,1.5,-0.950000000000004));
#4439=CARTESIAN_POINT('Origin',(48.3,1.5,1.7));
#4440=CARTESIAN_POINT('',(48.3,1.5,1.08280957083704));
#4441=CARTESIAN_POINT('',(48.3,0.,1.08280957083704));
#4442=CARTESIAN_POINT('',(48.3,1.5,-0.300000000000004));
#4443=CARTESIAN_POINT('',(48.3,1.5,9.35));
#4444=CARTESIAN_POINT('',(48.3,1.5,-0.950000000000004));
#4445=CARTESIAN_POINT('Origin',(43.3,1.5,0.374999999999996));
#4446=CARTESIAN_POINT('',(-0.3,1.5,-0.299999999999998));
#4447=CARTESIAN_POINT('Origin',(49.,0.,4.));
#4448=CARTESIAN_POINT('',(46.,4.,4.));
#4449=CARTESIAN_POINT('Origin',(49.,4.,4.));
#4450=CARTESIAN_POINT('',(46.,1.5,4.));
#4451=CARTESIAN_POINT('',(46.,0.,4.));
#4452=CARTESIAN_POINT('Origin',(49.,1.5,4.));
#4453=CARTESIAN_POINT('Origin',(49.,1.5,4.));
#4454=CARTESIAN_POINT('Origin',(53.3,3.5,-0.300000000000004));
#4455=CARTESIAN_POINT('',(-0.3,1.5,-0.299999999999998));
#4456=CARTESIAN_POINT('',(-0.3,1.5,-0.299999999999998));
#4457=CARTESIAN_POINT('',(53.3,1.5,-0.300000000000004));
#4458=CARTESIAN_POINT('',(-0.3,1.5,-0.299999999999998));
#4459=CARTESIAN_POINT('',(53.3,0.,-0.300000000000004));
#4460=CARTESIAN_POINT('',(53.3,3.5,-0.300000000000004));
#4461=CARTESIAN_POINT('',(39.9,0.,-0.300000000000004));
#4462=CARTESIAN_POINT('Origin',(54.8,0.,-1.8));
#4463=CARTESIAN_POINT('',(53.3,0.,-1.8));
#4464=CARTESIAN_POINT('',(53.3,3.5,-1.8));
#4465=CARTESIAN_POINT('',(53.3,1.75,-1.8));
#4466=CARTESIAN_POINT('',(54.8,3.5,-1.8));
#4467=CARTESIAN_POINT('',(-1.8,3.5,-1.8));
#4468=CARTESIAN_POINT('',(54.8,0.,-1.8));
#4469=CARTESIAN_POINT('',(54.8,0.,-1.8));
#4470=CARTESIAN_POINT('',(-1.8,0.,-1.8));
#4471=CARTESIAN_POINT('Origin',(26.5,0.,17.));
#4472=CARTESIAN_POINT('',(-1.8,0.,-1.8));
#4473=CARTESIAN_POINT('',(-1.8,0.,-1.8));
#4474=CARTESIAN_POINT('',(53.3,0.,7.6));
#4475=CARTESIAN_POINT('',(54.8,0.,35.8));
#4476=CARTESIAN_POINT('',(54.8,0.,-1.8));
#4477=CARTESIAN_POINT('',(53.3,0.,35.8));
#4478=CARTESIAN_POINT('',(54.8,0.,35.8));
#4479=CARTESIAN_POINT('',(53.3,0.,25.65));
#4480=CARTESIAN_POINT('',(-1.8,0.,35.8));
#4481=CARTESIAN_POINT('',(54.8,0.,35.8));
#4482=CARTESIAN_POINT('',(-1.8,0.,35.8));
#4483=CARTESIAN_POINT('',(47.5,0.,4.));
#4484=CARTESIAN_POINT('Origin',(49.,0.,4.));
#4485=CARTESIAN_POINT('',(47.5,0.,30.));
#4486=CARTESIAN_POINT('Origin',(49.,0.,30.));
#4487=CARTESIAN_POINT('',(8.5,0.,4.));
#4488=CARTESIAN_POINT('Origin',(10.,0.,4.));
#4489=CARTESIAN_POINT('',(8.5,0.,30.));
#4490=CARTESIAN_POINT('Origin',(10.,0.,30.));
#4491=CARTESIAN_POINT('Origin',(-1.80000000000001,0.,35.8));
#4492=CARTESIAN_POINT('',(53.3,3.5,35.8));
#4493=CARTESIAN_POINT('',(53.3,1.75,35.8));
#4494=CARTESIAN_POINT('',(54.8,3.5,35.8));
#4495=CARTESIAN_POINT('',(54.8,0.,35.8));
#4496=CARTESIAN_POINT('',(54.8,3.5,35.8));
#4497=CARTESIAN_POINT('Origin',(-1.80000000000001,0.,35.8));
#4498=CARTESIAN_POINT('',(-1.8,0.,35.8));
#4499=CARTESIAN_POINT('Origin',(26.5,3.5,17.));
#4500=CARTESIAN_POINT('',(53.3,3.5,7.6));
#4501=CARTESIAN_POINT('',(54.8,3.5,-1.8));
#4502=CARTESIAN_POINT('Origin',(53.3,0.,-0.300000000000004));
#4503=CARTESIAN_POINT('',(53.3,1.5,-0.300000000000004));
#4504=CARTESIAN_POINT('Origin',(54.8,0.,35.8));
#4505=CARTESIAN_POINT('Origin',(-1.8,0.,-1.8));
#4506=CARTESIAN_POINT('',(-1.8,0.,-1.8));
#4507=CARTESIAN_POINT('Origin',(54.8,0.,-1.8));
#4508=CARTESIAN_POINT('Origin',(10.,0.,30.));
#4509=CARTESIAN_POINT('',(7.,4.,30.));
#4510=CARTESIAN_POINT('Origin',(10.,4.,30.));
#4511=CARTESIAN_POINT('',(7.,1.5,30.));
#4512=CARTESIAN_POINT('',(7.,0.,30.));
#4513=CARTESIAN_POINT('Origin',(10.,1.5,30.));
#4514=CARTESIAN_POINT('Origin',(10.,1.5,30.));
#4515=CARTESIAN_POINT('Origin',(10.,0.,30.));
#4516=CARTESIAN_POINT('',(8.5,4.,30.));
#4517=CARTESIAN_POINT('Origin',(10.,4.,30.));
#4518=CARTESIAN_POINT('',(8.5,0.,30.));
#4519=CARTESIAN_POINT('Origin',(10.,4.,30.));
#4520=CARTESIAN_POINT('Origin',(10.,0.,4.));
#4521=CARTESIAN_POINT('',(7.00000001490116,4.,4.));
#4522=CARTESIAN_POINT('Origin',(10.,4.,4.));
#4523=CARTESIAN_POINT('',(7.00000001490116,1.5,4.));
#4524=CARTESIAN_POINT('',(7.00000001490116,0.,4.));
#4525=CARTESIAN_POINT('Origin',(10.,1.5,4.));
#4526=CARTESIAN_POINT('Origin',(10.,1.5,4.));
#4527=CARTESIAN_POINT('Origin',(10.,0.,4.));
#4528=CARTESIAN_POINT('',(8.5,4.,4.));
#4529=CARTESIAN_POINT('Origin',(10.,4.,4.));
#4530=CARTESIAN_POINT('',(8.5,0.,4.));
#4531=CARTESIAN_POINT('Origin',(10.,4.,4.));
#4532=CARTESIAN_POINT('Origin',(49.,0.,30.));
#4533=CARTESIAN_POINT('',(46.,4.,30.));
#4534=CARTESIAN_POINT('Origin',(49.,4.,30.));
#4535=CARTESIAN_POINT('',(46.,1.5,30.));
#4536=CARTESIAN_POINT('',(46.,0.,30.));
#4537=CARTESIAN_POINT('Origin',(49.,1.5,30.));
#4538=CARTESIAN_POINT('Origin',(49.,1.5,30.));
#4539=CARTESIAN_POINT('Origin',(49.,0.,30.));
#4540=CARTESIAN_POINT('',(47.5,4.,30.));
#4541=CARTESIAN_POINT('Origin',(49.,4.,30.));
#4542=CARTESIAN_POINT('',(47.5,0.,30.));
#4543=CARTESIAN_POINT('Origin',(49.,4.,30.));
#4544=CARTESIAN_POINT('Origin',(49.,0.,4.));
#4545=CARTESIAN_POINT('',(47.5,4.,4.));
#4546=CARTESIAN_POINT('Origin',(49.,4.,4.));
#4547=CARTESIAN_POINT('',(47.5,0.,4.));
#4548=CARTESIAN_POINT('Origin',(49.,4.,4.));
#4549=CARTESIAN_POINT('Origin',(26.5,1.5,17.));
#4550=CARTESIAN_POINT('',(-80.2000012665987,-9.00000000000002,-57.2000008791685));
#4551=CARTESIAN_POINT('',(1.80000000000003,0.,1.80000000000002));
#4552=UNCERTAINTY_MEASURE_WITH_UNIT(LENGTH_MEASURE(0.01),#4560,
'DISTANCE_ACCURACY_VALUE',
'Maximum model space distance between geometric entities at asserted c
onnectivities');
#4553=UNCERTAINTY_MEASURE_WITH_UNIT(LENGTH_MEASURE(0.01),#4560,
'DISTANCE_ACCURACY_VALUE',
'Maximum model space distance between geometric entities at asserted c
onnectivities');
#4554=UNCERTAINTY_MEASURE_WITH_UNIT(LENGTH_MEASURE(0.01),#4560,
'DISTANCE_ACCURACY_VALUE',
'Maximum model space distance between geometric entities at asserted c
onnectivities');
#4555=UNCERTAINTY_MEASURE_WITH_UNIT(LENGTH_MEASURE(0.01),#4560,
'DISTANCE_ACCURACY_VALUE',
'Maximum model space distance between geometric entities at asserted c
onnectivities');
#4556=(
GEOMETRIC_REPRESENTATION_CONTEXT(3)
GLOBAL_UNCERTAINTY_ASSIGNED_CONTEXT((#4552))
GLOBAL_UNIT_ASSIGNED_CONTEXT((#4560,#4562,#4563))
REPRESENTATION_CONTEXT('','3D')
);
#4557=(
GEOMETRIC_REPRESENTATION_CONTEXT(3)
GLOBAL_UNCERTAINTY_ASSIGNED_CONTEXT((#4553))
GLOBAL_UNIT_ASSIGNED_CONTEXT((#4560,#4562,#4563))
REPRESENTATION_CONTEXT('','3D')
);
#4558=(
GEOMETRIC_REPRESENTATION_CONTEXT(3)
GLOBAL_UNCERTAINTY_ASSIGNED_CONTEXT((#4554))
GLOBAL_UNIT_ASSIGNED_CONTEXT((#4560,#4562,#4563))
REPRESENTATION_CONTEXT('','3D')
);
#4559=(
GEOMETRIC_REPRESENTATION_CONTEXT(3)
GLOBAL_UNCERTAINTY_ASSIGNED_CONTEXT((#4555))
GLOBAL_UNIT_ASSIGNED_CONTEXT((#4560,#4562,#4563))
REPRESENTATION_CONTEXT('','3D')
);
#4560=(
LENGTH_UNIT()
NAMED_UNIT(*)
SI_UNIT(.MILLI.,.METRE.)
);
#4561=(
LENGTH_UNIT()
NAMED_UNIT(*)
SI_UNIT($,.METRE.)
);
#4562=(
NAMED_UNIT(*)
PLANE_ANGLE_UNIT()
SI_UNIT($,.RADIAN.)
);
#4563=(
NAMED_UNIT(*)
SI_UNIT($,.STERADIAN.)
SOLID_ANGLE_UNIT()
);
#4564=SHAPE_DEFINITION_REPRESENTATION(#4567,#4572);
#4565=SHAPE_DEFINITION_REPRESENTATION(#4568,#4573);
#4566=SHAPE_DEFINITION_REPRESENTATION(#4569,#4574);
#4567=PRODUCT_DEFINITION_SHAPE('',$,#4576);
#4568=PRODUCT_DEFINITION_SHAPE('',$,#4577);
#4569=PRODUCT_DEFINITION_SHAPE('',$,#4578);
#4570=PRODUCT_DEFINITION_SHAPE($,$,#17);
#4571=PRODUCT_DEFINITION_SHAPE($,$,#18);
#4572=SHAPE_REPRESENTATION('',(#2821,#2998,#2999),#4556);
#4573=SHAPE_REPRESENTATION('',(#2822),#4557);
#4574=SHAPE_REPRESENTATION('',(#2905),#4558);
#4575=PRODUCT_DEFINITION_CONTEXT('part definition',#4586,'design');
#4576=PRODUCT_DEFINITION('2026-09-03-21-55-04-238','PCB + case assy',#4579,
#4575);
#4577=PRODUCT_DEFINITION('2026-09-03-22-55-11-269','PCB case top',#4580,
#4575);
#4578=PRODUCT_DEFINITION('2026-09-03-22-41-03-698','PCB base',#4581,#4575);
#4579=PRODUCT_DEFINITION_FORMATION('',$,#4588);
#4580=PRODUCT_DEFINITION_FORMATION('',$,#4589);
#4581=PRODUCT_DEFINITION_FORMATION('',$,#4590);
#4582=PRODUCT_RELATED_PRODUCT_CATEGORY('PCB + case assy',
'PCB + case assy',(#4588));
#4583=PRODUCT_RELATED_PRODUCT_CATEGORY('PCB case top','PCB case top',(#4589));
#4584=PRODUCT_RELATED_PRODUCT_CATEGORY('PCB base','PCB base',(#4590));
#4585=APPLICATION_PROTOCOL_DEFINITION('international standard',
'automotive_design',2009,#4586);
#4586=APPLICATION_CONTEXT(
'Core Data for Automotive Mechanical Design Process');
#4587=PRODUCT_CONTEXT('part definition',#4586,'mechanical');
#4588=PRODUCT('2026-09-03-21-55-04-238','PCB + case assy',$,(#4587));
#4589=PRODUCT('2026-09-03-22-55-11-269','PCB case top',$,(#4587));
#4590=PRODUCT('2026-09-03-22-41-03-698','PCB base',$,(#4587));
#4591=PRESENTATION_STYLE_ASSIGNMENT((#4593));
#4592=PRESENTATION_STYLE_ASSIGNMENT((#4594));
#4593=SURFACE_STYLE_USAGE(.BOTH.,#4595);
#4594=SURFACE_STYLE_USAGE(.BOTH.,#4596);
#4595=SURFACE_SIDE_STYLE('',(#4597));
#4596=SURFACE_SIDE_STYLE('',(#4598));
#4597=SURFACE_STYLE_FILL_AREA(#4599);
#4598=SURFACE_STYLE_FILL_AREA(#4600);
#4599=FILL_AREA_STYLE('Steel - Satin',(#4601));
#4600=FILL_AREA_STYLE('ABS (White)',(#4602));
#4601=FILL_AREA_STYLE_COLOUR('Steel - Satin',#4603);
#4602=FILL_AREA_STYLE_COLOUR('ABS (White)',#4604);
#4603=COLOUR_RGB('Steel - Satin',0.627450980392157,0.627450980392157,0.627450980392157);
#4604=COLOUR_RGB('ABS (White)',0.964705882352941,0.964705882352941,0.952941176470588);
ENDSEC;
END-ISO-10303-21;
