:020000040800F2
:1000000000090020B1010008952300084D230008D5
:10001000752300084D2300086D230008B301000874
:10002000B3010008B3010008B3010008513400080F
:10003000B3010008B3010008B3010008B3010008D0
:10004000B3010008B3010008B3010008B3010008C0
:10005000B3010008B3010008B3010008B3010008B0
:10006000B3010008B3010008B3010008B3010008A0
:10007000B3010008B3010008B3010008B301000890
:10008000B3010008B3010008B30100080123000810
:100090002D2300083D230008B3010008B301000828
:1000A000B3010008B3010008B3010008B301000860
:1000B000A9410008B3010008B3010008B30100081A
:1000C000B3010008B3010008B3010008B301000840
:1000D000B3010008B3010008B3010008B301000830
:1000E000B3010008B3010008B3010008B301000820
:1000F000B3010008B3010008B3010008B301000810
:10010000B3010008B3010008B3010008B3010008FF
:10011000B3010008B3010008B3010008B3010008EF
:10012000B3010008B3010008B3010008B3010008DF
:10013000B3010008B3010008B3010008B3010008CF
:10014000B3010008B3010008B3010008B3010008BF
:10015000B3010008B3010008B3010008B3010008AF
:10016000B3010008B3010008B3010008B30100089F
:10017000B3010008B3010008B3010008B30100088F
:10018000B3010008B3010008B3010008B30100087F
:10019000B3010008B3010008B3010008B30100086F
:1001A000010F000800000000000000000000000037
:1001B00002E000F000F8FEE772B6374880F30888E6
:1001C000364880F3098836483649086040F2000016
:1001D000CCF200004EF63471CEF200010860BFF39D
:1001E0004F8FBFF36F8F40F20000C0F2F0004EF669
:1001F0008851CEF200010860BFF34F8FBFF36F8FBD
:100200004FF00000E1EE100A4EF63C71CEF2000114
:100210000860062080F31488BFF36F8F03F0E0FDC1
:1002200003F062FE4FF055301F491B4A91423CBF1C
:1002300041F8040BFAE71D49184A91423CBF41F8C6
:10024000040BFAE71A491B4A1B4B9A423EBF51F86E
:10025000040B42F8040BF8E700201849184A9142B1
:100260003CBF41F8040BFAE703F0BEFD03F08EFE3D
:10027000144C154DAC4203DA54F8041B8847F9E7D7
:1002800000F042F8114C124DAC4203DA54F8041B52
:100290008847F9E703F0A6BD0009002000110020FF
:1002A0000000000808ED00E0000100200009002027
:1002B00050430008001100207C1100208011002014
:1002C000843A0020A0010008A4010008A40100084D
:1002D000A40100082DE9F04F2DED108AC1F80CD0D3
:1002E000C3689D46BDEC108ABDE8F08F002383F300
:1002F00011882846A047002003F01AFAFEE703F011
:10030000A3F900DFFEE70000F8B500F00BFE03F0F4
:1003100009FD074603F05AFD0646C0BB274B9F4226
:1003200035D001339F4235D0254B27F0FF029A424A
:1003300033D1F8B200F03AFC354642F2107400F0C6
:100340003BFC08B10024254601F0E2F848B3032045
:1003500000F03AF80024254636B11A4B9F4203D0EC
:1003600003F02CFD00242546002003F0E5FC0DB130
:1003700000F040F800F054FC02F014F80546ACB967
:1003800000F096FC4FF47A7003F0D8F9F7E73546A1
:100390000024D4E704460125D1E705464FF47A74DA
:1003A000CDE7B4F57A7F08BF0125D5E701F0FAFF64
:1003B000431BA342E4D900F01DF8DDE7010007B0BC
:1003C000000008B0263A09B0084B187003280CD872
:1003D000DFE800F008050208022000F001BE02205C
:1003E00000F0F4BD024B00225A60704780110020DB
:1003F0008411002010B501F08BF830B1234B03229B
:100400001A70234B00225A6010BD224B224A1C4610
:1004100019680131F8D004339342F9D16268A242DD
:10042000F2D31E4B9B6803F1006303F520439A420D
:10043000EAD203F095FC03F0A7FC002000F08CFD4D
:100440000220FFF7C1FF164B9A6D00229A65996F43
:100450009A67996FD96DDA65D96FDA67D96F196EB6
:100460001A66D3F88010C3F88020D3F8803072B6B3
:100470004FF0E0233021C3F8084DD4E9003281F376
:1004800011889D4683F308881047BDE7801100203E
:100490008411002000A0000820A000080011002006
:1004A00000100240094A136849F2690099B21B0C16
:1004B00000FB01331360064B186844F2506182B2AE
:1004C000000C01FB0200186080B27047141100207C
:1004D0001011002010B500211022044600F09AFDF2
:1004E000034B03CB206061601868A06010BD00BFA3
:1004F0009075FF1FF0B5ADF54F7D6CAC4FF4C47235
:1005000007460D462046002100F084FD01F04AFF19
:10051000264B4FF47A72B0FBF2F0186093E80700B4
:10052000022384E807000DF5E9702382FFF7D2FF6C
:1005300042F204631E49238407A803F0A5FE172393
:1005400084F832310DF2E32207AB0DF12C0C1E467C
:1005500003CE664510605160334602F10802F6D1C1
:1005600030681060B188B37993710DAE91802046E8
:100570003146012200F09AFD00230393AB7E0293E3
:1005800005F11903019380B20123CDE904600093C2
:10059000E97E04A3D3E90023384602F021FB0DF5E0
:1005A0004F7DF0BD9E6AC421818A46EE8C110020E9
:1005B000984200082DE9F0412C4C237ADAB08046AD
:1005C0000D465BBB27A9284600F096FE074600288B
:1005D00042D19DF89D60C82E3ED801464FF4A662D8
:1005E000204600F017FD4FF48073C4F8F8314FF443
:1005F0000073C4F80C334FF44073C4F8203432460F
:100600000DF19E0104F1090000F0F2FC26449DF872
:100610009C30777223720BB9EB7E2372812200210A
:1006200006AC27A800F0F6FC0122214627A800F01E
:10063000A9FE00230393AB7E029305F1190380B258
:1006400001932823CDE904400093E97E05A3D3E973
:100650000023404602F0C4FA5AB0BDE8F08100BF62
:10066000AFF3008026417272DF25D7B7D421002076
:10067000F0B5254E4FF48A7505FB0065F1B096F88C
:10068000D83085F8DC300024D822214685F8E840AF
:100690003AA800F0BFFC06F1090000F0B3FCD5F861
:1006A000E4308DF8F000C2B206AF06F109010DF199
:1006B000F100CDE93A3400F09BFC394601223AA81A
:1006C00000F096FE80B2CDE9047008230127CDE941
:1006D000023706F1D803019330230093317A0B4897
:1006E00007A3D3E9002302F07BFAA04206DD01F064
:1006F00059FEC5F8E000384671B0F0BD2046FBE772
:1007000078F6339F93CACD8DD4210020A4210020F8
:100710002DE9F0411D4D1E4E1E4F86B0284602F0B9
:100720008BFA034658B30024CDE90344ADF81440D6
:10073000027B8DF8142099684068029403AA03C2D2
:100740001B68DFF8548043F00043029301F02CFE55
:10075000821941F10003009402A9384601F0C0F863
:10076000A04205DD284602F06BFA88F80040D5E784
:1007700098F80030072B05D8013388F8003006B010
:10078000BDE8F081014802F05BFAF8E7A4210020FF
:1007900040420F00102700200927002070B50D46A9
:1007A00014461E4602F078F950B9022E10D1012CE1
:1007B0000ED112A3D3E90023C5E90023012007E0ED
:1007C000282C10D005D8012C09D0052C0FD00020E2
:1007D00070BD302CFBD10BA3D3E90023ECE70BA3B6
:1007E000D3E90023E8E70BA3D3E90023E4E70BA355
:1007F000D3E90023E0E700BFAFF30080401DA12054
:1008000026812A0B78F6339F93CACD8D9E6AC42128
:10081000818A46EE26417272DF25D7B7F017304A3B
:1008200039059E5638B505460E4C0021013500F0BD
:10083000B5FBA4F82C55B4F82C0500F097FB78B163
:10084000B4F82C0500F0A2FB014648B9B4F82C0519
:1008500000F0A4FBB4F82C350133A4F82C35EAE7FA
:1008600038BD00BFD421002010B50A4B0A4A1A60D7
:1008700003F5805393F870203AB9DC6E2CB1204612
:1008800000F0C4FE204601F001F8BDE81040034826
:1008900000F0BCBE10270020EC42000868370020A2
:1008A0002DE9F04F8FB000AF05460C4602F0F4F88A
:1008B00000284BD1237E022B1BD1E38A012B18D1B8
:1008C00001F070FD0646FFF7EDFD03464FF4C870DA
:1008D000DFF8D482B3FBF0F206F5167602FB103394
:1008E00016FA83F3C8F80030E37E33B9A74B002231
:1008F0001A703C37BD46BDE8F08F07F12401204651
:1009000000F0AEFC0028F4D107F11400FFF7E2FD7F
:1009100097F8264007F11401224607F1270003F05B
:1009200081FC0028E2D10F2C08D8984B1C70D8F815
:100930000030A3F51673C8F80030DAE797F82410F2
:100940000029D6D0284602F09FF8D2E7E38A282B68
:1009500033D010D8012B2BD0052BCAD1BFF34F8F2A
:100960008B498C4BCA6802F4E0621343CB60BFF33F
:100970004F8F00BFFDE7302BBBD1874EE17E327A2F
:100980009142B6D1607E3146002291F8DC5085421A
:1009900000F0AD800132042A01F58A71F5D1326888
:1009A00040F6B831FA328A4294BF32603160A0E733
:1009B00021462846FFF79EFD9BE721462846FFF784
:1009C000F9FD96E7B2F8EC507B6005F103094FEAB8
:1009D00099094FEA8902D11DC908A8EBC1039D46B8
:1009E000EB460021584600F015FB04F1EE012A46C3
:1009F0003144584600F0FCFA7B6813B9012000F03E
:100A0000ABFA96F8D20000F0B1FA044630B9307271
:100A100000F0CCFA204600F09FFAB0E0D6F8D420DF
:100A20003AB996F8D200B6F82C25824201D8FFF7E1
:100A3000F9FED6F8D4202A44944208D296F8D2007F
:100A4000B6F82C250130824201D8FFF7EBFE706822
:100A50005FFA89F2594600F0E5FA08B9C54679E02F
:100A6000726896F8D2002A447260D6F8D42005EB5A
:100A70000209C6F8D49000F079FA814509D396F8B6
:100A8000D220D6F8D4000132001B86F8D220C6F856
:100A9000D400FF2D0FD80024347200F087FA2046CE
:100AA00000F05AFA00F034FD3C4B188108B9FFF70A
:100AB000A1FCC5461DE7BB6896F8D9000AFB036296
:100AC000FB68D2F8E41082F8E83001F58061C2F8E2
:100AD000E030C2F8E410FFF7CBFDFFF719FE96F8FF
:100AE000D920013202F0030286F8D920B6E74FF48C
:100AF0008A7A0AFB02F505F1EA013144204600F04A
:100B0000ABFCF86000287FF4F4AE3544012285F890
:100B1000E82001F047FCD5F8E020D6ED007ADFEDC3
:100B2000206A801A192838BF192040F6B83290423E
:100B300028BF1046B8EE677A07EE900AF8EEE77A1B
:100B400067EEA67ADFED176AE7EE267AFCEEE77A23
:100B5000C6ED007A96F8D9307168BB600AFB03F4E1
:100B6000321992F8E8505DB1D2F8E4308B42E84691
:100B70003FF428AF002182F8E810C2F8E010C54623
:100B80007368064A9B0A01331381B2E69D21002057
:100B900000ED00E00400FA05D42100208C110020B3
:100BA000CDCCCC3D6666663FA0210020014B18707D
:100BB000704700BF9811002038B54FF00054144B17
:100BC00022689A4221D1607DF0B1124B124918700F
:100BD0001248237D03724FF48073C0F8F8314FF44C
:100BE0000073C0F80C3300254FF44073C0F8203474
:100BF000C0F8E450C922093000F0FAF9E022294691
:100C0000204600F007FA012038BD0020FCE700BFB5
:100C10009AAD44C59811002016000020D421002070
:100C200037B500F075FC194D1949288102230122BE
:100C300018486B7101F050FA00230193164B1749C5
:100C400000931748174B4FF4805201F0F5FE164BF6
:100C5000197811B1124801F017FF01F0A3FB044607
:100C6000FFF720FC4FF4C873B0FBF3F202FB130351
:100C700004F5167010FA83F00C4B186003F0A6F818
:100C800008B10F232B8103B030BD00BF8C110020B1
:100C900040420F00102700209D0700089C110020F3
:100CA000A4210020A108000898110020A021002004
:100CB0002DE9F04F2DED028B0FF23829D9E900898B
:100CC000834C93B00BAE9FED7E8BFFF721FD814FE0
:100CD000DFF828A200230A93ADF834300B93736039
:100CE0004FF0000B5B468DED008B01250DF11D02D1
:100CF00007A938468DF81C508DF81DB001F09AF9FF
:100D00009DF81C30002B40F0A580204601F0C4FE69
:100D10000646002845D1704F01F044FB3B689842DD
:100D20003FD301F03FFB8246FFF7BCFB4FF4C87393
:100D3000B0FBF3F202FB13030AF5167010FA83F00E
:100D40003860664F97F800B0CBF1100ABBF1000F86
:100D500014BF33462B465FFA8AFA0EA88DF8283066
:100D6000FFF7B8FBBAF1060F28BF4FF0060A0EAB2B
:100D700003EB0B0152460DF1290000F039F90AABE3
:100D80000393182302930AF10102554BD2B2CDE925
:100D90000053049220464CA3D3E9002301F0C2FE85
:100DA0003E7001F0FFFA4F4A4F4D1368C31AB3F576
:100DB0007A7F2ED3106001F0F7FA02460B462046E8
:100DC00001F048FF204601F067FE10B32B7A474E32
:100DD000002B14BF03230223737101F0E3FA0EAF5B
:100DE0004FF47A730122B0FBF3F03946306030469D
:100DF00000F00EFA182302933D4B019380B240F2AB
:100E00005513CDE90370009342464B46204601F04E
:100E100089FE2B7A93B101F0C5FA002607464FF4FC
:100E20008A7A95F8D900304400F003000AFB005399
:100E300093F8E82092B30136042EF2D1C82002F0D4
:100E40007DFC2B7A002B7FF43DAF13B0BDEC028B01
:100E5000BDE8F08FDAF8143083F00803CAF81430D4
:100E6000594610220EA800F0D5F80DF11E0308AA6D
:100E70000AA9384600F03AFE96E803000FAB83E873
:100E800003009DF834308DF844300A9B0E930EA970
:100E9000DDE90823204602F0B1F821E7D3F8E0208D
:100EA00042B12B68FA2B38BFFA23BA1A0533B2EBDA
:100EB000430FC0D3FFF7DCFB0028BCD1BEE700BF67
:100EC0000000000000000000401DA12026812A0B28
:100ED000A421002010270020A02100209D21002017
:100EE0009C21002004270020D42100208C11002008
:100EF00008270020F1C6A7C1D068080F00040048E9
:100F000008B5054800F090FEBDE80840034A0449D2
:100F1000002003F063B900BF102700203038002004
:100F20006908000870B502F0A5FD094E094D308032
:100F3000002428683388834208D902F097FD2B6883
:100F400004440133B4F5204F2B60F2D370BD00BFD1
:100F500024380020F837002002F03EBE00F1006087
:100F6000920000F5204002F0C1BD0000054B1A6858
:100F7000054B1B889B1A834202D9104402F076BDB0
:100F800000207047F837002024380020024B1B68EF
:100F9000184402F071BD00BFF8370020024B1B68F7
:100FA000184402F07BBD00BFF8370020064991F8D5
:100FB000243033B10023086A81F824300822FFF777
:100FC000CDBF0120704700BFFC370020022802BFC0
:100FD000024B4FF400229A61704700BF00040048A2
:100FE000022802BF014B08229A61704700040048A2
:100FF00010B50023934203D0CC5CC4540133F9E70D
:1010000010BD000003460246D01A12F9011B002948
:10101000FAD1704702440346934202D003F8011B01
:10102000FAE770472DE9F8431F4D144695F8242040
:101030000746884652BBDFF870909CB395F8243081
:101040002BB92022FF2148462F62FFF7E3FF95F8D6
:101050002400C0F10802A24228BF2246D6B241466F
:10106000920005EB8000FFF7C3FF95F82430A41B26
:101070001E44F6B2082E17449044E4B285F824606A
:10108000DBD1FFF793FF0028D7D108E02B6A03EBF1
:1010900082038342CFD0FFF789FF0028CBD1002005
:1010A000BDE8F8830120FBE7FC3700202DE9F3477A
:1010B0000D46044600219046284640F27912FFF77B
:1010C000A9FF234620220021284601F039FF231DD5
:1010D00002222021284601F033FF631D0322222132
:1010E000284601F02DFFA31D03222521284601F0EB
:1010F00027FF04F1080310222821284601F020FFD1
:1011000004F1100308223821284601F019FF04F1E8
:10111000110308224021284601F012FF04F11203B6
:1011200008224821284601F00BFF04F11403202275
:101130005021284601F004FF04F1180340227021D9
:10114000284601F0FDFE04F120030822B0212846C4
:1011500001F0F6FE04F121030822B821284601F02F
:10116000EFFE04F12207C0263B46314608222846FE
:10117000083601F0E5FEB6F5A07F07F10107F3D1CF
:1011800094F832308DF8073031460DF1070308220C
:10119000284601F0D5FE002604F1330A9DF80730F9
:1011A0004FEAC6099E4209F5A47720D394F832315C
:1011B000502B28BF50238DF80730B8F1000F08D10D
:1011C00039460DF107030722284601F0B9FE09F25E
:1011D0004F17002604F233149DF807309E4207EBA8
:1011E000C6010DD30731C80802B0BDE8F0870AEB8D
:1011F000060308223946284601F0A2FE0136CDE753
:10120000A3190822284601F09BFE0136E4E70000FE
:1012100013B504460846002101602346C0F80310B8
:101220002022019001F08CFE0198231D0222202132
:1012300001F086FE0198631D0322222101F080FE49
:101240000198A31D0322252101F07AFE019804F1E3
:1012500008031022282101F073FE072002B010BD00
:10126000F7B5047F05460E462CB1838A122B02D9AE
:10127000012003B0F0BD002319460722009628463E
:1012800001F022FD731C0093012200230721284650
:1012900001F01AFDD4B9B31C00930522234608219E
:1012A000284601F011FD0D24B378102BE0D8374605
:1012B000B278BB1B934210D32B7FA88A0734E40873
:1012C000B3B9844294BF00200120D2E7AB8ADB008F
:1012D000083BDB08B3700824E6E7FB1C00932146BB
:1012E00000230822284601F0EFFC08340137DFE72D
:1012F000201A18BF0120BCE7F7B5047F05460E464B
:101300002CB1838ACA2B02D9012003B0F0BD00237F
:10131000194600960822284601F0D6FC731CD4B961
:101320000822009311462346284601F0CDFC1024E4
:101330007378C82BE8D8012372785F1C013B934275
:1013400010D32B7FA88A0734E408B3B9844294BF32
:1013500000200120D9E7AB8ADB00083BDB08737073
:101360000824E5E7F31900932146002308222846C4
:1013700001F0AAFC08343B46DEE7201A18BF012022
:10138000C3E70000F7B50D4604460021164628467F
:101390008122FFF73FFE234608220021284601F064
:1013A000CFFD94F901206378002AB8BF7F238DF820
:1013B00007309EB90DF1070307220821284601F0E6
:1013C000BFFD0F27002602349DF807309E4207EB31
:1013D000C60105D30731C80803B0F0BD0827F1E7FF
:1013E000A3190822284601F0ABFD0136ECE7000006
:1013F000F7B50E460546002114463046CE22FFF7CB
:1014000009FE2B4628220021304601F099FD2B7A57
:10141000C82B28BFC8238DF807308CB90DF10703FE
:1014200008222821304601F08BFD30242F469DF8FC
:1014300007207B1B934205D3E01DC00803B0F0BD1D
:101440002824F3E707F1090321460822304601F07A
:1014500077FD08340137EAE7F7B5047F05460E4605
:1014600034B1838AB3F5827F02D9012003B0F0BD85
:101470000096012310220021284601F025FCDCB94A
:10148000B31C0093092223461021284601F01CFCBE
:1014900019247388B3F5807FE7D837467288BB1B61
:1014A000934210D32B7FA88A0734E408B3B984424F
:1014B00094BF00200120D9E7AB8ADB00103BDB089A
:1014C00073801024E5E73B1D00932146002308228A
:1014D000284601F0F9FB08340137DFE7201A18BF6E
:1014E0000120C3E730B5094D0A4491420DD011F8EF
:1014F000013B5840082340F30004013B2C4013F00B
:10150000FF0384EA5000F6D1EFE730BD2083B8ED49
:10151000F7B5384A106851686B4603C36A463649C6
:101520003648082302F08EFE0446002833D10A25EF
:10153000334A106851686B4603C36A4631492F48E5
:10154000082302F07FFE0446002849D00369B3F562
:10155000583F45D8B0F8661040F2264291423FD13C
:10156000294A024402F15C018B4239D35C3B234996
:1015700000209E1AFFF7B6FF3246074604F16401C9
:101580000020FFF7AFFFA3689F4229D1E36898428C
:1015900008BF002524E00369B3F5583F27D8418BE5
:1015A00040F22642914220D1174A024402F1100132
:1015B0008B4218D3103B114900209D1AFFF792FF70
:1015C0002A46064604F118010020FFF78BFFA368A6
:1015D0009E4202D1E368984201D00D25A8E700257C
:1015E000284603B0F0BD1025A2E70C25A0E70B2587
:1015F0009EE700BFB0420008DC5F030000A00008C7
:10160000B9420008905F03000860FFF710B5037C43
:10161000044613B9006802F0FDFD204610BD00002D
:101620000023BFF35B8FC360BFF35B8FBFF35B8FA0
:101630008360BFF35B8F7047BFF35B8F0068BFF3BE
:101640005B8F704770B505460C30FFF7F5FF05F16D
:10165000080604463046FFF7EFFFA04206D93046A1
:101660006D68FFF7E9FF2544281A70BD3046FFF783
:10167000E3FF201AF9E7000070B50546406898B10D
:1016800005F10800FFF7D8FF05F10C0604463046C7
:10169000FFF7D2FF8442304694BF6D680025FFF704
:1016A000CBFF013C2C44201A70BD000038B50C461D
:1016B0000546FFF7C7FFA04210D305F10800FFF76A
:1016C000BBFF04446868B4FBF0F100FB1144BFF3B6
:1016D0005B8F0120AC60BFF35B8F38BD0020FCE75F
:1016E0002DE9F041144607460D46FFF7C5FF844239
:1016F00028BF0446D4B1B84658F80C6B4046FFF7F3
:101700009BFF3044286040467E68FFF795FF331A00
:101710009C4203D86C600120BDE8F0816B60A41B83
:101720003B68AB602044E8600220F5E72046F3E721
:1017300038B50C460546FFF79FFFA04210D305F1D0
:101740000C00FFF779FF04446868B4FBF0F100FB7C
:101750001144BFF35B8F0120EC60BFF35B8F38BD9A
:101760000020FCE72DE9FF41884669460746FFF760
:10177000B7FF6C4606B204EBC6060025B44209D09A
:101780006268206808EB0501FFF732FC63680834E3
:101790001D44F3E729463846FFF7CAFF284604B040
:1017A000BDE8F081F8B505460C300F46FFF744FF61
:1017B00005F1080604463046FFF73EFFA0423046DA
:1017C00088BF6C68FFF738FF201A386020B13046B8
:1017D0002C68FFF731FF2044F8BD000073B51446B4
:1017E00006460D46FFF72EFF844228BF04460190AF
:1017F000DCB101A93046FFF7D5FF019B33B9326850
:10180000C5E90233C5E9002401200CE09C4238BF41
:1018100001942860019868608442F5D93368AB6010
:10182000241AEC60022002B070BD2046FBE70000E5
:101830002DE9FF410F466946FFF7D0FF6C4600B225
:1018400004EBC0050026AC4209D0D4F8048054F85B
:10185000081BB8194246FFF7CBFB4644F3E7304676
:1018600004B0BDE8F081000038B50546FFF7E0FFA1
:10187000044601462846FFF719FF204638BD000000
:101880000121884238BF084602F0AEBC08B102F020
:10189000C1BC704710B4026854681A4623465DF80C
:1018A000044B184700207047002070477047000025
:1018B000002070470E20704700F5805090F8D80047
:1018C000C0F340007047000000F5805090F9E00040
:1018D0007047000000F58050C0F8DC100120704710
:1018E000F7B50C68BDF8207014F0005473D10D7B6F
:1018F000082D70D8302585F31188456AAE687601C9
:101900000CD4AC68240108D4AC6814F0805460D1C5
:1019100084F31188204603B0F0BD01240E6804F161
:10192000180C002EB8BFF6004FEA0C1CB4BF46F0EE
:101930000406760545F80C600E680FFA84FC16F074
:10194000804F18BF05EB0C1E05EB0C1C1EBFDEF80C
:10195000806146F00206CEF880610E7BCCF884618F
:1019600005EB04158E68C5F88C614E68C5F8886172
:10197000DCF8805145F00105CCF8805141F2780542
:1019800000EB441C660105EB4414AC440444CCE970
:1019900000230D46083401F10C0C55F804EB44F813
:1019A00004EB6545F9D12D882580841904F5805410
:1019B00007F0030594F8946026F00B06354384F88D
:1019C0009450002484F31188009700F03BFD01201F
:1019D000A1E70224A2E74FF0FF309CE713B500F522
:1019E00080540191E06EFFF747FE1F280AD9019944
:1019F000E06E2022FFF7B6FEA0F1200358425841C6
:101A000002B010BD0020FBE708B5302383F3118836
:101A100000F58050C06EFFF703FE002383F31188AA
:101A200008BD00000022026082814260826070472F
:101A300010B500220023C0E90023002304460381DF
:101A40000C30FFF7EFFF204610BD0000F0B5054653
:101A500000F580500C4690F8D83013F0040FC3F313
:101A6000800108BF114661F3820380F8D83005EB8E
:101A7000441303F58453103389B01B79D8074FEA18
:101A800044162FD582B319072ED46846FFF7D0FF2E
:101A900005EB441303F5845303AA03F10807186800
:101AA0005968144603C40833BB422246F7D118686C
:101AB00020609B88A380DDE90E23CDE9002301236C
:101AC000ADF808302B6869461B6C284698473544AA
:101AD00005F5845510352B791A075CBF43F00803D0
:101AE0002B7101E0002AF2D109B0F0BD2DE9F047D9
:101AF0009A4688B0074688469146302383F311887A
:101B000007F580546846FFF793FFE06EFFF79AFDF4
:101B10001F282AD9E06E20226946FFF7A5FE20285B
:101B200023D103AD444605AB2E4603CE9E42206032
:101B30006160354604F10804F6D130682060B3884E
:101B4000A380DDE90023C9E90023BDF80830AAF825
:101B50000030002383F3118853464A4641463846F5
:101B600008B0BDE8F04700F02BBC002080F31188DE
:101B700008B0BDE8F08700002DE9F84F18220446B0
:101B80000F4604300021FFF745FA2046234B40F86A
:101B9000283BFFF747FF04F13800FFF749FF04F146
:101BA000580804F582554646183530462036FFF76A
:101BB0003FFFAE42F9D104F580554FF480534FF00A
:101BC0000009C5E91739C5F858800123EE6604F508
:101BD000875804F58456C5F8649085F8683085F810
:101BE0007030183608F118084FF0000A4FF0000B5B
:101BF00046E908ABA6F11800FFF714FF203646F8B7
:101C0000289C4645F4D185F8E07017B1044800F0EF
:101C1000C3FB044B63622046BDE8F88FEC4200082A
:101C2000C44200080064004010B5044B1978044613
:101C30004A1C1A70FFF7A0FF204610BD2C38002068
:101C40002DE9F047002950D0294B2A4FB7FBF1F579
:101C500099428CBF0A231123581EB5FBF3FC03FBEA
:101C60001C53C4B22BB102280346F5D80020BDE8AE
:101C7000F0870CF1FF36B6F5806FF7D2C4EBC40ED7
:101C80000EF103034FEAE309C3F3C703A4EB030810
:101C900009F1010A4FF47A755FFA88F009FB0555DE
:101CA0005AFA88F8B5FBF8F5B5F5617FC1BF0EF1BA
:101CB000FF33C3F3C703E01AC0B25C1C50FA84F4CC
:101CC0000CFB04F4B7FBF4F4A142CFD1013BDBB22F
:101CD0000F2BCBD80138C0B20728C7D8002110710C
:101CE00016809170D3700120C1E70846BFE700BF9E
:101CF0003F420F0000B4C40470B505460E464FF4D1
:101D00007A746B6A5B6803F00103B34207D04FF447
:101D10007A7001F013FD013CF3D1204670BD012023
:101D2000FCE7000070B5426A936913F0700F17D09A
:101D300000230C4D936141F2900400EB43122244C6
:101D400011794E0709D5890707D5416A55F82360EF
:101D50008E60117941F0040111710133032BECD134
:101D600070BD00BFD842000873B51D46436A1646D1
:101D70009A68D207044609D59A6801219960C2F38E
:101D80004002CDE900650021FFF760FE636A9A68B2
:101D9000D1050BD59A684FF480719960C2F3402247
:101DA000CDE9006501212046FFF750FE636A9A687D
:101DB000D2030BD59A684FF480319960C2F3404248
:101DC000CDE9006502212046FFF740FE04F580536F
:101DD000D3F8DC0010B103681B699847204602B0B5
:101DE000BDE87040FFF79EBFF8B50446466A00297B
:101DF00077D106F10C073868800775D006EB01151E
:101E00003868D5F8B00110F0040FD5F8B0011ABF4A
:101E1000C00840F00040400DA062D5F8B0C11CF0F1
:101E2000020F1CBF40F08040A062D5F8B40106EB61
:101E3000011100F00F0084F83400D1F8B80184F8E3
:101E40002C00D1F8B801000A84F82D00D1F8B801AF
:101E5000000C84F82E00D1F8B801000E84F82F0091
:101E6000D1F8BC0184F83000D1F8BC01000A84F834
:101E70003100D1F8BC01000C84F83200D1F8BC115B
:101E8000090E84F833103821396004F1440004F15C
:101E9000280104F1340551F8046B40F8046BA942A1
:101EA000F9D109880180C4E90E2321460023A4F852
:101EB000403051F8383B20461B6C984704F580535E
:101EC00093F8D820D3F8DC0042F0040283F8D8203D
:101ED00010B103681B6998472046BDE8F840FFF73A
:101EE00021BF06F1100786E7F8BD000010B50446D3
:101EF00000F05AFA02460B4652EA030102D0013AB8
:101F000063F100030449086820B12146BDE8104090
:101F1000FFF76ABF10BD00BF28380020F0B53021A0
:101F200081F31188DFF848E000F58351183100246F
:101F300041F2900C00EB441565442E7977070ED4DE
:101F4000F6060CD5D1E9007697429E4107D2466A43
:101F50005EF82470B7602E7946F004062E710134C5
:101F6000032C01F12001E5D1002383F31188F0BD9A
:101F7000D842000808B5302383F31188FFF7D2FE5A
:101F8000002383F3118808BD2DE9F041436A04461C
:101F9000986800F0E050B0F1E05F0E4622D0F8B152
:101FA000302383F31188002504F5845741F290080B
:101FB00004EB451343441B791A0706D50135032D5D
:101FC00007F12007F4D1012007E05B07F6D439467A
:101FD000304600F08BFA0028F0D1002383F31188FB
:101FE000BDE8F0810120FBE708B5302383F31188B9
:101FF00000F58050C06EFFF725FB002383F31188A6
:1020000043090CBF0120002008BD0000F8B51D46A3
:10201000002313700F4606461446FFF7E5FF80F0D5
:102020000100387025B129463046FFF7ADFF20701A
:10203000F8BD00002DE9B8410C4615461F46804604
:1020400000F0B2F90B462178024609B9287850B160
:102050004046FFF763FFFFF78DFF3B462A462146C8
:10206000FFF7D4FF0120BDE8B881000070B530262D
:1020700086F31188174B9A6D42F000729A659A6B3D
:1020800042F000729A639A6B22F000729A63002306
:1020900083F3118800F5805494F8D83013F00105CB
:1020A00016D1A9B186F311880321132001F042FA59
:1020B0000321142001F03EFA0321152001F03AFA21
:1020C00094F8D83043F0010384F8D83085F31188B0
:1020D00070BD00BF001002402DE9F04700F58055AB
:1020E00088B095F8E030012B04468846164600F289
:1020F0008280824F57F823200AB947F82300D7F887
:1021000000A0C4F81C8084F82060BAF1000F64D0ED
:1021100095F8E030012B70D001212046FFF7A6FF93
:10212000302383F31188626A136823F0020313607B
:10213000626A136843F001031360636A00275F61FA
:1021400087F3118801212046FFF7D6FD002800F013
:102150009580E86EFFF764FA04F58359BA4609F1F1
:102160001809202200216846FEF754FF02A8FFF755
:1021700059FCCDF818A06A4609EB07030DF1180EBB
:102180009446BCE80300F44518605960624603F1C8
:102190000803F5D1DCF80000186020379CF8042013
:1021A0001A71602FDDD195F8D8306FF382030027C4
:1021B00085F8D8306A4641462046ADF80070ADF843
:1021C00002708DF80470FFF73BFD636A48BB4FF463
:1021D00000421A6008B0BDE8F08741F2E800FFF75E
:1021E0004FFB814610B15146FFF7C6FCC7F800907F
:1021F000B9F1000F8CD10020ECE7386803681B6B45
:1022000098470146002887D13868FFF72FFF3868C4
:10221000036832465B684146984700287FF47CAFEC
:10222000E9E761221A609DF802309DF803201B0641
:10223000120402F4702203F040731343BDF800202F
:10224000C2F3090213439DF804201205022E02F482
:10225000E0020CBF4FF0004100211343626A0B43C0
:10226000D361636A13225A61626A136823F001031F
:10227000136039462046FFF73FFD08B9636AA6E7B9
:1022800095F8E03093BB616AD1F8002242F0010278
:10229000C1F80022616AD1F8002222F47C5222F0B7
:1022A0000E02C1F80022616AD1F8002242F4606295
:1022B000C1F80022626AC2F81432626AC2F80432BB
:1022C000626A41F6FF71C2F80C12626AC2F84032CB
:1022D000626AC2F84432636A0122C3F81C22626A4D
:1022E000D2F8003223F00103C2F8003295F8D8305A
:1022F00043F0020385F8D8306CE700BF283800208F
:1023000008B500F051F850EA0103024602D0421E1F
:1023100061F10001044B186810B10B46FFF724FD72
:10232000BDE8084001F0C8B82838002008B50020F2
:10233000FFF7DCFDBDE8084001F0BEB808B501209C
:10234000FFF7D4FDBDE8084001F0B6B800B59BB07A
:10235000EFF3098168226846FEF74AFEEFF3058332
:10236000014B9B6BFEE700BF00ED00E008B5FFF7F7
:10237000EDFF000000B59BB0EFF3098168226846CD
:10238000FEF736FEEFF30583014B5B6BFEE700BF04
:1023900000ED00E0FEE700000FB408B5029801F080
:1023A0007DF9FEE701F058BC01F03ABC0139C9B231
:1023B00002299EBF00EBC1000023C0E90133704732
:1023C0002DE9F8431E461B885B070546884618D44E
:1023D000044600F118094C4513D063686BB12B68B3
:1023E0002846DB6B98473388A768C1B243F00403E3
:1023F00060684246B8470834EDE7A368002BEED189
:10240000F9E70120BDE8F88373B56C4684E806005F
:10241000014600224E68D5B26EB98E685EB900EBF7
:10242000C200021D94E80300013582E803001D701C
:10243000012002B070BD0132032A01F10801E9D187
:102440000020F6E72DE9F04F2DED028B89B09FEDCE
:10245000258BBDF8508004468B46054600F11809CF
:10246000002708F0040AA94536D06B680BB9AB68A1
:1024700063B1BAF1000F0BD123682046DB6B98479C
:102480004346C1B25A46D5E90106B0470835EAE7E6
:10249000002FFBD18DED008BADF808705B4603AAD1
:1024A0000BF1080C18685968174603C708336345D1
:1024B0003A46F7D1186838609B88BB80FFF774FFF5
:1024C0000423ADF808302368CDE900011B6C694690
:1024D000204698470127D9E7012009B0BDEC028BBF
:1024E000BDE8F08F000000000000000030B5036878
:1024F0000968DD0FB5EBD17F23F0604421F0604225
:102500004FEAD1700BD0002BB8BFA40C0029B8BF84
:10251000920C944202D034BF0120002030BD94427E
:1025200005D1C1F38070C3F380738342F6D1944226
:102530002CBF00200120F1E72DE9F041456A15B9D3
:102540004162BDE8F0814B6823F06047C3F38A46DF
:102550004FEAD37EC3F3807816EA230638BF3E469F
:10256000AC462B465A68BEEBD27F22F060440AD0BC
:10257000002A18DAA40CB44217D19D420FD10D6085
:10258000DEE71346EEE7A74207D102F08044C2F32C
:10259000807242450BD054B1EFE708D2EDE7CCF89A
:1025A00000100B60CDE7B44201D0B442E5D81A6800
:1025B0009C46002AE5D11960C3E700002DE9F047E9
:1025C000089D01F007044FEAD508224405F00705ED
:1025D00000EBD1004FF47F49944201D1BDE8F08770
:1025E00004F0070705F0070A57453E4638BF564630
:1025F000C6F10806111B8E4228BF0E46E10808EB03
:10260000D50E415C13F80EC0B94029FA06F721FA3D
:102610000AF1FFB28CEA010147FA0AF739408CEA65
:10262000010C03F80EC034443544D5E780EA01209C
:10263000082341F2210201B24000002980B203F1D7
:10264000FF33B8BF504013F0FF03F4D170470000D0
:1026500038B50C468D18A54200D138BD14F8011BC1
:10266000FFF7E4FFF7E7000042684AB113684360F0
:102670004389818901339BB29942438138BF838169
:102680001046704770B588B0202204460D46684653
:102690000021FEF7BFFC20460495FFF7E5FF024648
:1026A00058B16B46054608AE1C4603CCB4422860C0
:1026B0006960234605F10805F6D1104608B070BDE3
:1026C000082817D909280CD00A280CD00B280CD0C0
:1026D0000C280CD00D280CD00E2814BF4020302020
:1026E00070470C2070471020704714207047182046
:1026F0007047202070470000082817D90C280CD9F3
:1027000010280CD914280CD918280CD920280CD939
:1027100030288CBF0F200E207047092070470A20F8
:1027200070470B2070470C2070470D207047000049
:102730002DE9F843078C072F04461ED9D0E90298EB
:1027400000254FF6FF73C5F12006A5F1200029FAF8
:1027500005F108FA06F628FA00F031430143C9B240
:102760001846FFF763FF0835402D0346EBD1E169BA
:102770003A46BDE8F843FFF76BBF4FF6FF70BDE880
:10278000F883000010B54B6823B9CA8A63F30902C5
:10279000CA8210BD04691A681C600361C38A013BC8
:1027A000C3824A60EFE700002DE9F84F1D46CB8A4F
:1027B0000F46C3F309010529814692460B4630D0E6
:1027C0000020AAB207F11A049EB2042E1FFA80F864
:1027D0000FD8904503F1010306D3FB8A0A4462F344
:1027E0000903FB8201201AE01AF80060E654013068
:1027F000EAE79045F1D2A1F1050B1C237C68BBFBF5
:10280000F3F203FB12BB1FFA8BF6002C45D14846AE
:10281000FFF72AFF044638B978606FF00200BDE880
:10282000F88F4FF00008E6E7002606607860ADB24A
:102830004FF0000B454510D90AEB0803221D13F891
:10284000011B9155B1B208F101081B291FFA88F844
:102850002BD0454506F10106F1D8FB8AC3F30902E6
:10286000154465F30903BCE7013292B21C462368A4
:10287000002BF9D16B1F0B441C21B3FBF1F3013387
:102880009BB29A42D3D2BBF1000FD0D14846FFF79A
:10289000EBFE20B9C4F800B0BFE70122E7E7C0F8BB
:1028A00000B05E4620600446C1E74545D5D948469C
:1028B000FFF7DAFE08B92060AFE7C0F800B00026E5
:1028C00020600446B6E700002DE9F04F2DED028BA5
:1028D0001C4683B05B69019207468846002B00F0D6
:1028E000A780238C2BB1E269002A00F0A180072B7E
:1028F00035D807F10C00FFF7B7FE054638B96FF081
:102900000205284603B0BDEC028BBDE8F08F14220F
:102910000021FEF77FFB228CE16905F10800FEF73C
:1029200067FB208C013080B2FFF7E6FEFFF7C8FEA0
:10293000013880B22084013028746369228C1B78AE
:102940002A4403F01F0363F03F0348F00041137271
:10295000384669602946FFF7EFFD0125D1E70233CC
:102960009BB20722C18A0633B3FBF2F3828A521A62
:102970009BB292B29342C2D800F10C034FF000090F
:1029800008EE103A4FF0800A4E464D4618EE100AF7
:10299000FFF76AFE83460028B1D014220021FEF71B
:1029A00039FB002E3AD1019BABF8083002220BF123
:1029B000080E1FFA82FC0CF10100BCF1060F218CFD
:1029C00080B201D88E422BD3FFF796FEFFF778FE38
:1029D00062691278013802F01F028E4208BF4FF080
:1029E000400A42EA49121BFA80F14AEA020A01301F
:1029F00048F0004281F808A08BF81000CBF80420C2
:102A000059463846FFF798FD238C0135B3422DB265
:102A100089F001094FF0000AB8D172E70022C6E739
:102A2000E169895D0EF802100136B6B20132C0E7E5
:102A30006FF0010565E70000F8B515460E46302237
:102A4000002104461F46FEF7E5FA069B6360B5F5D4
:102A5000001F079BA76034BF6A094FF6FF72A3628D
:102A600097B2E66104F1100000239A4206D80023D1
:102A70000360A782E3822383E360F8BD066001332D
:102A800030462036F1E7000003781BB94BB2002B2B
:102A9000C8BF01707047000000787047F8B50C4659
:102AA000C969074611B9238C002B37D1257E1F2D0C
:102AB00034D8387828BB228C072A2CD8268A36F0BE
:102AC00003032BD14FF6FF70FFF7C2FD20F001008A
:102AD0003102400441EA0561400C41EA40254FF6CD
:102AE000FF72234629463846FFF7EEFE002807DD31
:102AF000626913780133DBB21F2B88BF0023137088
:102B0000F8BD218A2D0645EA012505432046FFF739
:102B10000FFE0246E5E76FF00300F1E76FF00100FA
:102B2000EEE7000070B58AB0044616460021282260
:102B300068461D46FEF76EFABDF83830ADF8103025
:102B40000F9B05939DF840308DF81830119B07932B
:102B50006946BDF84830ADF820302046CDE9026521
:102B6000FFF79CFF0AB070BD2DE9F041D36905461F
:102B70000C4616460BB9138C5BBB377E1F2F28D82B
:102B800095F80080B8F1000F26D03046FFF7D0FD51
:102B90003378210241EAC33141EA0801338A41EA2C
:102BA000076141EA03410246334641F0800128466D
:102BB000FFF78AFE00280ADD3378012B07D17269FE
:102BC00013780133DBB21F2B88BF00231370BDE8DD
:102BD000F0816FF00100FAE76FF00300F7E7000003
:102BE000F0B58BB004460D461746002128226846F2
:102BF0001E46FEF70FFA9DF84C305A1E53425341C1
:102C00008DF800309DF84030ADF81030119B0593E1
:102C10009DF848308DF81830149B07936A46BDF82C
:102C20005430ADF8203029462046CDE90276FFF732
:102C30009BFF0BB0F0BD0000406A00B1043070474C
:102C4000436A1A68426202691A600361C38A013BDF
:102C5000C38270472DE9F041D0F82080194E144608
:102C60001D464146002709B9BDE8F081D1E902239C
:102C7000A21A65EB0303964277EB03031ED2036AA5
:102C80008B420DD1FFF77EFD036A1B680362036967
:102C90000B60C38A0161016A013BC3828846E2E797
:102CA000FFF770FD0B68C8F8003003690B60C38A3A
:102CB0000161013BC382D8F80010D4E78846096857
:102CC000D1E700BF80841E002DE9F04F8BB00D4688
:102CD000DDF8509014469B468046002800F019818C
:102CE000B9F1000F00F01581531E3F2B00F2118146
:102CF000012A03D1BBF1000F40F00B810023CDE985
:102D00000833B8F81430B5EBC30F4FEAC30703D349
:102D100000200BB0BDE8F08F2B199F42D8F80C3083
:102D20003ABF7F1BFFB227461BB9D8F81030002BE3
:102D30007AD0272D4ED8C5F12806B7424FF00003B0
:102D40002CBFF6B23E4600932946D8F8080008ABDF
:102D50003246FFF733FCA7EB060A35445FFA8AFADE
:102D6000B8F8143003F10053053BDB000493D8F8A6
:102D70000C3003932821039B13B1BAF1000F2CD11F
:102D8000D8F8100040B1BAF1000F05D0009608AB9A
:102D90005246691AFFF712FC38B2002FB8D0660706
:102DA0000AD00AAB03EBD401624211F8083C02F0EE
:102DB0000702134101F8083C082C3CD9102C40F2C2
:102DC000B580202C40F2B780BBF1000F00F09C8052
:102DD000082334E0BA460026C2E7049BE02B28BF54
:102DE000E02306930B44AB42059314D95A1B039876
:102DF0000096924534BF5246D2B2691A08AB0430ED
:102E00000792FFF7DBFB079A1644AAEB020A154468
:102E1000F6B25FFA8AFA049B069A05999B1A049304
:102E2000039B1B680393A6E70093D8F8080008AB40
:102E30003A462946AEE7BBF1000F13D00123B4EBAD
:102E4000C30F6CD0082C12D89DF82030621E23FAD4
:102E500002F2D50706D54FF0FF3202FA04F42343FD
:102E60008DF820309DF8203089F8003051E7102C83
:102E700012D8BDF82030621E23FA02F2D10706D51F
:102E80004FF0FF3202FA04F42343ADF82030BDF8CE
:102E90002030A9F800303CE7202C0FD80899631E99
:102EA00021FA03F3DA0705D54FF0FF3202FA04F4F2
:102EB0000C430894089BC9F800302AE7402C2BD01B
:102EC000DDE90865611EC4F12102A4F1210326FA9F
:102ED00001F105FA02F225FA03F311431943CB0776
:102EE00012D50122A4F12003C4F1200102FA03F358
:102EF00022FA01F1A240524243EA010363EB430389
:102F000032432B43CDE90823DDE90823C9E9002337
:102F1000FFE66FF00100FCE66FF00800F9E6082C10
:102F2000A0D9102CB3D9202CEED8C3E7BBF1000FE9
:102F3000ADD0022383E7BBF1000FBBD004237EE7B3
:102F400030B5012A144638BF0124402C85B028BF73
:102F500040240025012ACDE9025518D81B788DF8A8
:102F6000083063070AD004AB03EBD405624215F8BE
:102F7000083C02F00702934005F8083C0091034624
:102F80002246002102A8FFF719FB05B030BD082A30
:102F9000E4D9102A03D81B88ADF80830E1E7202ACD
:102FA0008DBFD3E900231B680293CDE90223D8E744
:102FB00010B5CB681BB98B600B618B8210BD0469A7
:102FC0001A681C600361C38A013BC382CA60F0E7D0
:102FD00003064CBFC0F3C0300220704708B502465C
:102FE000FFF7F6FF022806D15306C2F30F2001D1E6
:102FF00000F0030008BDC2F30740FBE72DE9F04FE6
:1030000093B0CDE904230A6804461046FFF7E0FFB9
:10301000022814BFC2F306260026002A0D46824667
:1030200080F2028212F0C04940F0FE81097B002943
:1030300000F0FA81022803D02378B34240F0F781F0
:10304000C2F304630693104602F07F030393FFF775
:10305000C5FF039B29444FEA834848EA0A4848EAE7
:103060004668CE7800230022CDE90823F309834681
:1030700048EA0008029367D0039B00930246676802
:10308000534608A92046B847002868D0276A4FB998
:10309000414604F10C00FFF7F5FA074690B96FF0CE
:1030A00002006AE03B6998450DD03F68002FF9D1D6
:1030B000414604F10C00FFF7E5FA07460028EED080
:1030C000236A3B60276297F817C006F01F08CCF30D
:1030D000840CACEB08001FFA80FE0028B8BF0EF18C
:1030E0002000A8EB0C031FFA83FED7E90221B8BF2A
:1030F00000B2002B0793BEBF0EF120031BB2079353
:1031000052EA010342D0049BDFF834E39A1A059B8C
:103110004FF0000C63EB010196457CEB010335D3C6
:103120006B7B97F81AE0734521D1029B002B00F0CE
:10313000848001282ADC786840BBDFF800C394450E
:1031400070EB010343D21EE0276A5FB9039B009333
:10315000656853465A4608A92046A84768BB6FF0E1
:103160000B000AE03B699845ADD03F68EDE7B348F6
:1031700090427CEB010303D3002013B0BDE8F08F35
:10318000029B002BF8D0079B0F2B19DCFA7DB300B4
:1031900002F0030203F07C031343FB75394620461B
:1031A000FFF7F0FA6B7BBB76029B4BB9FB7DC3F359
:1031B0008402013262F38603FB756FF00C00DCE7DA
:1031C0006A7BBB7E9A42D7D1029B002B35D0B309D4
:1031D000022B32D0049BBB60059BFB6014220021B4
:1031E0000DA8FDF717FF049B0A93059B0B932B1D5E
:1031F0000C932B7BADF83EB0013BDBB2ADF83C301D
:10320000069B8DF84230039B8DF8433094F82C30A8
:103210008DF840A083F001038DF844308DF8418093
:10322000A3680AA920469847FB7DC3F384030133B2
:1032300003F01F039B02FB829EE7FB7DC6F3401257
:10324000B2EBD31F40F0F680C3F38403434540F054
:10325000F980029A2B7BB609002A52D016F001069B
:1032600061D1032B40F2F180049BBB60059BFB60A6
:10327000FB8A66F30903FB822B7BAE1D033BDBB2AB
:103280003246394604F10C00FFF78EFA00280CDABA
:1032900039462046FFF776FAFB7DC3F384030133FA
:1032A00003F01F039B02FB82F9E6DDE90884AB888B
:1032B0003B834FF6FF73C9F12000A9F1200228FAE1
:1032C00009F104FA00F0014324FA02F2114318460E
:1032D000C9B2FFF7ABF909F10809B9F1400F03468C
:1032E000E9D1B8822A7B033AD2B23146FFF7B0F96E
:1032F000FB7DB882DA43C2F3C01262F3C713FB75D9
:103300003AE786B92E1D013BDBB23246394604F15D
:103310000C00FFF749FA0028BADB2A7BB88A013A89
:10332000D2B23146E2E7F98AC1F30901013B04292F
:10333000DAB25BD8281D002307F11B069A4208D990
:1033400010F801CB06F801C0013101330529DBB2C9
:10335000F4D104990A9105990B91934207F11B014D
:103360000C9138BF043379680D9134BF55FA83F35B
:1033700000230E93FB8AADF83EB0C3F309031A4451
:10338000069B8DF84230039B8DF8433094F82C3027
:10339000ADF83C2083F001038DF8443000238DF814
:1033A00040A08DF841807B602A7BB88A013A291DB4
:1033B000FFF74EF93B8BB882834203D1A3680AA979
:1033C0002046984720460AA9FFF7F2FDFB7DBA8AFE
:1033D000C3F38403013303F01F039B02FB823B8B87
:1033E0009A420CBF00206FF01000C6E67B68002BED
:1033F000AFD0052001E01C3033461E68002EFAD104
:10340000091A081D2E1D184401EB090CBCF11B0FF5
:103410005FFA89F39DD89A429BD916F8013B00F8D0
:10342000013B09F10109EFE76FF00900A5E66FF034
:103430000A00A2E66FF00D009FE600BF40420F00B9
:1034400080841E006FF00E0097E66FF00F0094E688
:10345000EFF3098305494A6B22F001024A6368339E
:1034600083F30988002383F31188704700EF00E09D
:10347000302080F3118862B60C4B0D4AD96821F4D4
:10348000E0610904090C0A43DA60D3F8FC20094919
:1034900042F08072C3F8FC200A6842F001020A6020
:1034A0002022DA7783F82200704700BF00ED00E0A9
:1034B0000003FA05001000E010B5302383F31188F3
:1034C0000E4B5B6813F4006314D0F1EE103AEFF387
:1034D0000984683C4FF08073E361094BDB6B236622
:1034E00084F3098800F0A4F810B1064BA36110BD65
:1034F000054BFBE783F31188F9E700BF00ED00E01F
:1035000000EF00E0FF020008020300084FF0E02394
:10351000002258684FF0FF31930003F1604303F538
:10352000614301329042C3F88010C3F88011F3D296
:103530007047000000F1604303F561430901C9B21F
:1035400083F80013012200F01F039A4043099B00F7
:1035500003F1604303F56143C3F880211A607047AB
:1035600000230375826803691B6899689142FBD246
:103570005A6803604260106058607047002303750A
:10358000826803691B6899689142FBD85A68036096
:10359000426010605860704708B50846302383F3D6
:1035A00011880B7D032B05D0042B0DD02BB983F391
:1035B000118808BD8B6900221A604FF0FF338361C8
:1035C000FFF7CEFF0023F2E7D1E9003213605A6023
:1035D000F3E70000FFF7C4BF054BD968087518680A
:1035E00002681A60536001220275D860FCF772BE4F
:1035F0003838002030B50C4BDD684B1C87B00446D2
:103600000FD02B46094A684600F02AF92046FFF7FA
:10361000E3FF009B13B1684600F02CF9A86907B0DE
:1036200030BDFFF7D9FFF9E7383800209935000899
:10363000044B1A68DB6890689B68984294BF00202E
:103640000120704738380020084B10B51C68D86836
:1036500022681A60536001222275DC60FFF78EFF3A
:1036600001462046BDE81040FCF734BE3838002043
:1036700038B5074C074908480123002523706560C9
:1036800000F0EAFB0223237085F3118838BD00BFE8
:10369000603A0020344300083838002008B572B67C
:1036A000044B186500F0ACFA00F058FB024B032203
:1036B0001A70FEE738380020603A002000F010B998
:1036C0008B60022308618B82084670478368A3F1F0
:1036D000840243F8142C026943F8442C426943F8ED
:1036E000402C094A43F8242CC26843F8182C0222C3
:1036F00003F80C2C002203F80B2C044A43F8102C7E
:10370000A3F12000704700BFED0200083838002008
:1037100008B5FFF7DBFFBDE80840FFF75BBF00001F
:10372000024BDB6898610F20FFF756BF3838002046
:10373000302383F31188FFF7F3BF000008B501467B
:10374000302383F311880820FFF754FF002383F30D
:10375000118808BD10B503689C68A2420CD85C684B
:103760008A600B604C602160596099688A1A9A607F
:103770004FF0FF33836010BD1B68121BECE70000A5
:103780000A2938BF0A2170B504460D460A26601979
:1037900000F05CFB00F048FB041BA54203D8751C3D
:1037A0002E460446F3E70A2E04D9BDE870400120F6
:1037B00000F092BB70BD0000F8B5144B0D46D96106
:1037C00003F1100141600A2A1969826038BF0A2298
:1037D000016048601861A818144600F029FB0A2708
:1037E00000F022FB431BA342064606D37C1C28198B
:1037F00000F02CFB27463546F2E70A2F04D9BDE836
:10380000F840012000F068BBF8BD00BF3838002048
:10381000F8B506460D4600F007FB0F4A134653F86D
:10382000107F9F4206D12A4601463046BDE8F84047
:10383000FFF7C2BFD169BB68441A2C1928BF2C46B8
:10384000A34202D92946FFF79BFF2246314603488F
:10385000BDE8F840FFF77EBF383800204838002028
:1038600010B4C0E9032300235DF8044B4361FFF764
:10387000CFBF000010B5194C236998420DD0D0E994
:103880000032816813605A609A680A449A60002383
:1038900003604FF0FF33A36110BD2346026843F875
:1038A000102F53600022026022699A4203D1BDE8C2
:1038B000104000F0C5BA936881680B44936000F033
:1038C000B3FA2269E1699268441AA242E4D9114428
:1038D000BDE81040091AFFF753BF00BF3838002079
:1038E0002DE9F047DFF8BC8008F110072C4ED8F81E
:1038F000105000F099FAD8F81C40AA68031B9A42AD
:103900003ED81444D5E900324FF00009C8F81C40F5
:1039100013605A60C5F80090D8F81030B34201D156
:1039200000F08EFA89F31188D5E9033128469847CB
:10393000302383F311886B69002BD8D000F074FA20
:103940006A69A0EB04094A4582460DD2022000F0C4
:10395000C3FA0022D8F81030B34208D151462846A5
:10396000BDE8F047FFF728BF121A2244F2E712EB36
:10397000090938BF4A4629463846FFF7EBFEB5E746
:10398000D8F81030B34208D01444211AC8F81C00EB
:10399000A960BDE8F047FFF7F3BEBDE8F08700BFC0
:1039A000483800203838002038B500F03DFA054A84
:1039B000D2E90845031B181945F10001C2E90801C5
:1039C00038BD00BF3838002000207047FEE70000F7
:1039D000704700004FF0FF3070470000BFF34F8F7B
:1039E000024A1369DB03FCD4704700BF0020024089
:1039F00008B5094B1B7873B9FFF7F0FF074B5A69FD
:103A0000002ABFBF064A9A6002F188329A601A689B
:103A100022F480621A6008BD783A0020002002403B
:103A20002301674508B50B4B1B7893B9FFF7D6FF09
:103A3000094B5A6942F000425A611A6842F48052B6
:103A40001A601A6822F480521A601A6842F480627E
:103A50001A6008BD783A0020002002407F289ABFF3
:103A600000F58030C0020020704700004FF4006075
:103A700070470000802070477F2808B50BD8FFF7FB
:103A8000EDFF00F500630268013204D10430834287
:103A9000F9D1012008BD0020FCE700007F2810B507
:103AA00004461FD8FFF79AFFFFF7A2FF0E4BF32241
:103AB0001A6102225A615A6942EAC0025A615A697D
:103AC00042F480325A61FFF789FF4FF40061FFF73B
:103AD000C5FF00F03FF9FFF7A5FF2046BDE8104005
:103AE000FFF7CABF002010BD002002402DE9F843B7
:103AF00040EA020313F00703144606D0304B4FF49C
:103B000061721A600020BDE8F88385182D4A95423D
:103B10000CD92B4A40F289311160F3E7031D1B6871
:103B20004A68934208D1083C08300831072C14D960
:103B300002680B689A42F1D0FFF75AFFFFF74EFF79
:103B4000214E08314FF001084FF00009012CA1F17E
:103B5000080706D8FFF766FF01E0002CECD1012032
:103B6000D1E7C6F81480054651F8083C45F8043BF7
:103B700051F8043C4360FFF731FF336943F0010320
:103B80003361C6F81490026851F8083C9A420CD090
:103B90000B4B40F2B1321A600C4B18600C4B1C609E
:103BA0000C4B1F60FFF73EFFACE72D6851F8043C5B
:103BB0009D4201F10801EBD1083C0830C6E700BF87
:103BC000743A00200000040800200240683A0020F7
:103BD000703A00206C3A0020084908B50B7828B1EB
:103BE0001BB9FFF705FF01230B7008BD002BFCD0AC
:103BF000BDE808400870FFF715BF00BF783A002005
:103C000002484FF47F4100F0A7B800BF0001002038
:103C10000846114600F0E8BA084600F0FBBA00007A
:103C200038B5EFF311859DB9EFF30584C4F30804AB
:103C3000302334B183F31188FFF7B6FE85F3118882
:103C400038BD83F31188FFF7AFFE84F3118838BDC8
:103C5000BDE83840FFF7A8BE38B5FFF7E1FF114CCB
:103C6000114AC00840EA4170A0FB025EC908A0FBEF
:103C7000040C1CEB050CA1FB04404FF000035B415E
:103C8000A1FB02121CEB040C43EB000011EB0E0134
:103C900042F10002411842F10000090941EA0070B6
:103CA00038BD00BFCFF753E3A59BC42010B5024435
:103CB000064BD2B2904200D110BD441C00B253F862
:103CC000200041F8040BE0B2F4E700BF50280040A8
:103CD000114B30B5D3F89040240409D4D3F8904068
:103CE000C3F89040D3F8904044F40044C3F89040A7
:103CF0000A4C236843F4807323600244084BD2B219
:103D0000904200D130BD441C00B251F8045B43F82E
:103D10002050E0B2F4E700BF001002400070004005
:103D20005028004007B5012201A90020FFF7BEFF7F
:103D3000019803B05DF804FB13B50446FFF7F2FFEA
:103D4000A04205D0012201A900200194FFF7C0FF85
:103D500002B010BD704700007047000070470000BF
:103D6000074B45F255521A6003225A6040F2FF7227
:103D70009A604CF6CC421A60024B01221A707047CE
:103D800000300040803A0020034B1B781BB1034BEE
:103D90004AF6AA221A607047803A0020003000409C
:103DA000054B1A6832B902F1804202F50432D2F8AA
:103DB00094201A60704700BF7C3A0020024B4FF4F9
:103DC0000002C3F8942070470010024008B5FFF7C6
:103DD000E7FF024B1868C0F3407008BD7C3A002032
:103DE00070470000FEE700000A4B0B480B4A904268
:103DF0000BD30B4BDA1C121AC11E22F003028B42AA
:103E000038BF00220021FDF705B953F8041B40F824
:103E1000041BECE7CC430008843A0020843A0020DD
:103E2000843A002000F0BEB84FF08043586A7047D3
:103E30004FF08043002258631A610222DA60704713
:103E40004FF080430022DA60704700004FF080435B
:103E500058637047FEE7000070B51B4B01630025F7
:103E6000044686B0586085620E46FFF701FB04F1F8
:103E70001003C4E904334FF0FF33C4E90635C4E945
:103E80000044A560E562FFF7CFFF2B460246C4E978
:103E9000082304F134010D4A256580232046FFF7ED
:103EA0000FFC0123E0600A4A0375009272680192D8
:103EB000B268CDE90223074B6846CDE90435FFF728
:103EC00027FC06B070BD00BF603A002040430008E8
:103ED00045430008553E0008024AD36A1843D062A1
:103EE000704700BF38380020244B2548DA6A42F07A
:103EF000070210B4DA62DA6A224C22F00702DA62B0
:103F0000DA6ADA6C42F00702DA64DA6E42F007022B
:103F1000DA664FF09042DB6E4FF0AA310023536017
:103F20009160D0604FF6FF7050611362536214606D
:103F30001024C2F80434C2F80814C2F80C444FF636
:103F4000F774C2F814449924C2F82034C2F8244407
:103F50000D4CC2F80044C2F80438C2F80818C2F880
:103F60000C38C2F81408C2F82038C2F82438C2F855
:103F700000385DF8044B00F055B800BF0010024057
:103F8000000100240001002850000A0008B500F0DC
:103F900017F9FFF76DFBBDE80840FFF701BF000010
:103FA000704700000F4B9A6D42F001029A659A6FBC
:103FB00042F001029A670C4A9B6F936843F0010339
:103FC00093604FF080434F229A624FF0FF32DA62E3
:103FD00000229A615A63DA605A6001225A611A60BB
:103FE000704700BF00100240002004E04FF0804204
:103FF00008B51169D3680B40D9B2C9439B07116159
:1040000007D5302383F31188FFF758FB002383F390
:10401000118808BD08B5FFF779FABDE8084000F03F
:10402000CBB800005A4B4FF0FF319A6A99629A6AF6
:1040300000229A62986AD86A60F00700D862D86A4B
:1040400000F00700D862D86A186B1963186B1A63FE
:10405000186B986B9963986B9A63986BD86BD9635C
:10406000D86BDA63D86B186C1964196C1A641A6C03
:10407000484A4FF4E06111601A6E474942F001026C
:104080001A66D3F8802022F00102C3F88020D3F80A
:1040900080209A6D42F080529A659A6F22F0805289
:1040A0009A679A6F4FF440720A604A6912F480620C
:1040B000FBD14A601A6822F0F00242F060021A60F6
:1040C0001A6842F001021A601A689107FCD50022B2
:1040D0009A609A6812F00C02FBD1D3F8901011F498
:1040E000407F1EBF4FF48031C3F89010C3F890207A
:1040F00061221A601A689207FCD500229A609A68B9
:1041000012F00C0FFBD169221A60D3F8942022F42C
:10411000706242F4C062C3F894201A6842F480329C
:104120001A601A689003FCD5D3F8902022F003227D
:10413000C3F89020194ADA601A6842F080721A6057
:104140001A689101FCD5164A1A611A6842F0806219
:104150001A601A681201FCD500229A600D49114AB2
:10416000C3F888200A6822F0070242F004020A60BD
:104170000A6802F00702042AFAD19A6842F00302A0
:104180009A609A6802F00C020C2AFAD1704700BFBC
:1041900000100240002002400070004003140001A3
:1041A000000C10005555013408B5FFF71FFFBDE89E
:1041B0000840FFF781B9000007211C20FFF7BAB9BA
:1041C00008B5FFF727FF00F007F8FFF7E9FEBDE8A5
:1041D0000840FFF727BE0000704700000B4601466D
:1041E000184600F009B80000024B0A46014618685C
:1041F000FFF70EBD1811002010B5054C13462CB169
:104200000A4601460220AFF3008010BD2046FCE7BD
:1042100000000000024B01461868FFF7FDBC00BF1C
:104220001811002010B501390244904201D100203C
:1042300005E0037811F8014FA34201D0181B10BD0F
:104240000130F2E72DE9F041A3B1C91A1778014412
:10425000044603F1FF3C8C42204601D9002009E0CE
:104260000578BD4204F10104F5D10CEB0405D61824
:10427000A54201D1BDE8F08115F8018D16F801EDD8
:10428000F045F5D0E7E70000034611F8012B03F8ED
:10429000012B002AF9D170476F72672E6172647525
:1042A00070696C6F742E4D6174656B4C34333100E2
:1042B00040A2E4F1646891060041A3E5F2656992C9
:1042C000070000004261642043414E496661636516
:1042D00020696E6465782E00800000000080000078
:1042E0000000800000000000000000009518000899
:1042F000D920000835200008D5180008E11800086A
:10430000ED1A0008A5180008B5180008A91800083B
:10431000B1180008AD180008091A0008B9180008FB
:1043200009240008AD230008C9180008DD19000899
:10433000633000003043000890380020603A0020CD
:104340006D61696E0069646C65000000000000002A
:1043500026040000000000000060030000000000D0
:10436000FE2A0100D20400001C1100200000000001
:10437000000000000000000000000000000000003D
:10438000000000000000000000000000000000002D
:10439000000000000000000000000000000000001D
:1043A000000000000000000000000000000000000D
:1043B00000000000000000000000000000000000FD
:1043C000000000000000000000000000FFFFFFFFF1
:1043D000FFFFFFFFFFFFFFFFFFFFFFFFFFFFFFFFED
:1043E000FFFFFFFFFFFFFFFFFFFFFFFFFFFFFFFFDD
:1043F000FFFFFFFFFFFFFFFFFFFFFFFFFFFFFFFFCD
:10440000FFFFFFFFFFFFFFFFFFFFFFFFFFFFFFFFBC
:10441000FFFFFFFFFFFFFFFFFFFFFFFFFFFFFFFFAC
:10442000FFFFFFFFFFFFFFFFFFFFFFFFFFFFFFFF9C
:10443000FFFFFFFFFFFFFFFFFFFFFFFFFFFFFFFF8C
:10444000FFFFFFFFFFFFFFFFFFFFFFFFFFFFFFFF7C
:10445000FFFFFFFFFFFFFFFFFFFFFFFFFFFFFFFF6C
:10446000FFFFFFFFFFFFFFFFFFFFFFFFFFFFFFFF5C
:10447000FFFFFFFFFFFFFFFFFFFFFFFFFFFFFFFF4C
:10448000FFFFFFFFFFFFFFFFFFFFFFFFFFFFFFFF3C
:10449000FFFFFFFFFFFFFFFFFFFFFFFFFFFFFFFF2C
:1044A000FFFFFFFFFFFFFFFFFFFFFFFFFFFFFFFF1C
:1044B000FFFFFFFFFFFFFFFFFFFFFFFFFFFFFFFF0C
:1044C000FFFFFFFFFFFFFFFFFFFFFFFFFFFFFFFFFC
:1044D000FFFFFFFFFFFFFFFFFFFFFFFFFFFFFFFFEC
:1044E000FFFFFFFFFFFFFFFFFFFFFFFFFFFFFFFFDC
:1044F000FFFFFFFFFFFFFFFFFFFFFFFFFFFFFFFFCC
:10450000FFFFFFFFFFFFFFFFFFFFFFFFFFFFFFFFBB
:10451000FFFFFFFFFFFFFFFFFFFFFFFFFFFFFFFFAB
:10452000FFFFFFFFFFFFFFFFFFFFFFFFFFFFFFFF9B
:10453000FFFFFFFFFFFFFFFFFFFFFFFFFFFFFFFF8B
:10454000FFFFFFFFFFFFFFFFFFFFFFFFFFFFFFFF7B
:10455000FFFFFFFFFFFFFFFFFFFFFFFFFFFFFFFF6B
:10456000FFFFFFFFFFFFFFFFFFFFFFFFFFFFFFFF5B
:10457000FFFFFFFFFFFFFFFFFFFFFFFFFFFFFFFF4B
:10458000FFFFFFFFFFFFFFFFFFFFFFFFFFFFFFFF3B
:10459000FFFFFFFFFFFFFFFFFFFFFFFFFFFFFFFF2B
:1045A000FFFFFFFFFFFFFFFFFFFFFFFFFFFFFFFF1B
:1045B000FFFFFFFFFFFFFFFFFFFFFFFFFFFFFFFF0B
:1045C000FFFFFFFFFFFFFFFFFFFFFFFFFFFFFFFFFB
:1045D000FFFFFFFFFFFFFFFFFFFFFFFFFFFFFFFFEB
:1045E000FFFFFFFFFFFFFFFFFFFFFFFFFFFFFFFFDB
:1045F000FFFFFFFFFFFFFFFFFFFFFFFFFFFFFFFFCB
:10460000FFFFFFFFFFFFFFFFFFFFFFFFFFFFFFFFBA
:10461000FFFFFFFFFFFFFFFFFFFFFFFFFFFFFFFFAA
:10462000FFFFFFFFFFFFFFFFFFFFFFFFFFFFFFFF9A
:10463000FFFFFFFFFFFFFFFFFFFFFFFFFFFFFFFF8A
:10464000FFFFFFFFFFFFFFFFFFFFFFFFFFFFFFFF7A
:10465000FFFFFFFFFFFFFFFFFFFFFFFFFFFFFFFF6A
:10466000FFFFFFFFFFFFFFFFFFFFFFFFFFFFFFFF5A
:10467000FFFFFFFFFFFFFFFFFFFFFFFFFFFFFFFF4A
:10468000FFFFFFFFFFFFFFFFFFFFFFFFFFFFFFFF3A
:10469000FFFFFFFFFFFFFFFFFFFFFFFFFFFFFFFF2A
:1046A000FFFFFFFFFFFFFFFFFFFFFFFFFFFFFFFF1A
:1046B000FFFFFFFFFFFFFFFFFFFFFFFFFFFFFFFF0A
:1046C000FFFFFFFFFFFFFFFFFFFFFFFFFFFFFFFFFA
:1046D000FFFFFFFFFFFFFFFFFFFFFFFFFFFFFFFFEA
:1046E000FFFFFFFFFFFFFFFFFFFFFFFFFFFFFFFFDA
:1046F000FFFFFFFFFFFFFFFFFFFFFFFFFFFFFFFFCA
:10470000FFFFFFFFFFFFFFFFFFFFFFFFFFFFFFFFB9
:10471000FFFFFFFFFFFFFFFFFFFFFFFFFFFFFFFFA9
:10472000FFFFFFFFFFFFFFFFFFFFFFFFFFFFFFFF99
:10473000FFFFFFFFFFFFFFFFFFFFFFFFFFFFFFFF89
:10474000FFFFFFFFFFFFFFFFFFFFFFFFFFFFFFFF79
:10475000FFFFFFFFFFFFFFFFFFFFFFFFFFFFFFFF69
:10476000FFFFFFFFFFFFFFFFFFFFFFFFFFFFFFFF59
:10477000FFFFFFFFFFFFFFFFFFFFFFFFFFFFFFFF49
:10478000FFFFFFFFFFFFFFFFFFFFFFFFFFFFFFFF39
:10479000FFFFFFFFFFFFFFFFFFFFFFFFFFFFFFFF29
:1047A000FFFFFFFFFFFFFFFFFFFFFFFFFFFFFFFF19
:1047B000FFFFFFFFFFFFFFFFFFFFFFFFFFFFFFFF09
:1047C000FFFFFFFFFFFFFFFFFFFFFFFFFFFFFFFFF9
:1047D000FFFFFFFFFFFFFFFFFFFFFFFFFFFFFFFFE9
:1047E000FFFFFFFFFFFFFFFFFFFFFFFFFFFFFFFFD9
:1047F000FFFFFFFFFFFFFFFFFFFFFFFFFFFFFFFFC9
:10480000FFFFFFFFFFFFFFFFFFFFFFFFFFFFFFFFB8
:10481000FFFFFFFFFFFFFFFFFFFFFFFFFFFFFFFFA8
:10482000FFFFFFFFFFFFFFFFFFFFFFFFFFFFFFFF98
:10483000FFFFFFFFFFFFFFFFFFFFFFFFFFFFFFFF88
:10484000FFFFFFFFFFFFFFFFFFFFFFFFFFFFFFFF78
:10485000FFFFFFFFFFFFFFFFFFFFFFFFFFFFFFFF68
:10486000FFFFFFFFFFFFFFFFFFFFFFFFFFFFFFFF58
:10487000FFFFFFFFFFFFFFFFFFFFFFFFFFFFFFFF48
:10488000FFFFFFFFFFFFFFFFFFFFFFFFFFFFFFFF38
:10489000FFFFFFFFFFFFFFFFFFFFFFFFFFFFFFFF28
:1048A000FFFFFFFFFFFFFFFFFFFFFFFFFFFFFFFF18
:1048B000FFFFFFFFFFFFFFFFFFFFFFFFFFFFFFFF08
:1048C000FFFFFFFFFFFFFFFFFFFFFFFFFFFFFFFFF8
:1048D000FFFFFFFFFFFFFFFFFFFFFFFFFFFFFFFFE8
:1048E000FFFFFFFFFFFFFFFFFFFFFFFFFFFFFFFFD8
:1048F000FFFFFFFFFFFFFFFFFFFFFFFFFFFFFFFFC8
:10490000FFFFFFFFFFFFFFFFFFFFFFFFFFFFFFFFB7
:10491000FFFFFFFFFFFFFFFFFFFFFFFFFFFFFFFFA7
:10492000FFFFFFFFFFFFFFFFFFFFFFFFFFFFFFFF97
:10493000FFFFFFFFFFFFFFFFFFFFFFFFFFFFFFFF87
:10494000FFFFFFFFFFFFFFFFFFFFFFFFFFFFFFFF77
:10495000FFFFFFFFFFFFFFFFFFFFFFFFFFFFFFFF67
:10496000FFFFFFFFFFFFFFFFFFFFFFFFFFFFFFFF57
:10497000FFFFFFFFFFFFFFFFFFFFFFFFFFFFFFFF47
:10498000FFFFFFFFFFFFFFFFFFFFFFFFFFFFFFFF37
:10499000FFFFFFFFFFFFFFFFFFFFFFFFFFFFFFFF27
:1049A000FFFFFFFFFFFFFFFFFFFFFFFFFFFFFFFF17
:1049B000FFFFFFFFFFFFFFFFFFFFFFFFFFFFFFFF07
:1049C000FFFFFFFFFFFFFFFFFFFFFFFFFFFFFFFFF7
:1049D000FFFFFFFFFFFFFFFFFFFFFFFFFFFFFFFFE7
:1049E000FFFFFFFFFFFFFFFFFFFFFFFFFFFFFFFFD7
:1049F000FFFFFFFFFFFFFFFFFFFFFFFFFFFFFFFFC7
:104A0000FFFFFFFFFFFFFFFFFFFFFFFFFFFFFFFFB6
:104A1000FFFFFFFFFFFFFFFFFFFFFFFFFFFFFFFFA6
:104A2000FFFFFFFFFFFFFFFFFFFFFFFFFFFFFFFF96
:104A3000FFFFFFFFFFFFFFFFFFFFFFFFFFFFFFFF86
:104A4000FFFFFFFFFFFFFFFFFFFFFFFFFFFFFFFF76
:104A5000FFFFFFFFFFFFFFFFFFFFFFFFFFFFFFFF66
:104A6000FFFFFFFFFFFFFFFFFFFFFFFFFFFFFFFF56
:104A7000FFFFFFFFFFFFFFFFFFFFFFFFFFFFFFFF46
:104A8000FFFFFFFFFFFFFFFFFFFFFFFFFFFFFFFF36
:104A9000FFFFFFFFFFFFFFFFFFFFFFFFFFFFFFFF26
:104AA000FFFFFFFFFFFFFFFFFFFFFFFFFFFFFFFF16
:104AB000FFFFFFFFFFFFFFFFFFFFFFFFFFFFFFFF06
:104AC000FFFFFFFFFFFFFFFFFFFFFFFFFFFFFFFFF6
:104AD000FFFFFFFFFFFFFFFFFFFFFFFFFFFFFFFFE6
:104AE000FFFFFFFFFFFFFFFFFFFFFFFFFFFFFFFFD6
:104AF000FFFFFFFFFFFFFFFFFFFFFFFFFFFFFFFFC6
:104B0000FFFFFFFFFFFFFFFFFFFFFFFFFFFFFFFFB5
:104B1000FFFFFFFFFFFFFFFFFFFFFFFFFFFFFFFFA5
:104B2000FFFFFFFFFFFFFFFFFFFFFFFFFFFFFFFF95
:104B3000FFFFFFFFFFFFFFFFFFFFFFFFFFFFFFFF85
:104B4000FFFFFFFFFFFFFFFFFFFFFFFFFFFFFFFF75
:104B5000FFFFFFFFFFFFFFFFFFFFFFFFFFFFFFFF65
:104B6000FFFFFFFFFFFFFFFFFFFFFFFFFFFFFFFF55
:104B7000FFFFFFFFFFFFFFFFFFFFFFFFFFFFFFFF45
:104B8000FFFFFFFFFFFFFFFFFFFFFFFFFFFFFFFF35
:104B9000FFFFFFFFFFFFFFFFFFFFFFFFFFFFFFFF25
:104BA000FFFFFFFFFFFFFFFFFFFFFFFFFFFFFFFF15
:104BB000FFFFFFFFFFFFFFFFFFFFFFFFFFFFFFFF05
:104BC000FFFFFFFFFFFFFFFFFFFFFFFFFFFFFFFFF5
:104BD000FFFFFFFFFFFFFFFFFFFFFFFFFFFFFFFFE5
:104BE000FFFFFFFFFFFFFFFFFFFFFFFFFFFFFFFFD5
:104BF000FFFFFFFFFFFFFFFFFFFFFFFFFFFFFFFFC5
:104C0000FFFFFFFFFFFFFFFFFFFFFFFFFFFFFFFFB4
:104C1000FFFFFFFFFFFFFFFFFFFFFFFFFFFFFFFFA4
:104C2000FFFFFFFFFFFFFFFFFFFFFFFFFFFFFFFF94
:104C3000FFFFFFFFFFFFFFFFFFFFFFFFFFFFFFFF84
:104C4000FFFFFFFFFFFFFFFFFFFFFFFFFFFFFFFF74
:104C5000FFFFFFFFFFFFFFFFFFFFFFFFFFFFFFFF64
:104C6000FFFFFFFFFFFFFFFFFFFFFFFFFFFFFFFF54
:104C7000FFFFFFFFFFFFFFFFFFFFFFFFFFFFFFFF44
:104C8000FFFFFFFFFFFFFFFFFFFFFFFFFFFFFFFF34
:104C9000FFFFFFFFFFFFFFFFFFFFFFFFFFFFFFFF24
:104CA000FFFFFFFFFFFFFFFFFFFFFFFFFFFFFFFF14
:104CB000FFFFFFFFFFFFFFFFFFFFFFFFFFFFFFFF04
:104CC000FFFFFFFFFFFFFFFFFFFFFFFFFFFFFFFFF4
:104CD000FFFFFFFFFFFFFFFFFFFFFFFFFFFFFFFFE4
:104CE000FFFFFFFFFFFFFFFFFFFFFFFFFFFFFFFFD4
:104CF000FFFFFFFFFFFFFFFFFFFFFFFFFFFFFFFFC4
:104D0000FFFFFFFFFFFFFFFFFFFFFFFFFFFFFFFFB3
:104D1000FFFFFFFFFFFFFFFFFFFFFFFFFFFFFFFFA3
:104D2000FFFFFFFFFFFFFFFFFFFFFFFFFFFFFFFF93
:104D3000FFFFFFFFFFFFFFFFFFFFFFFFFFFFFFFF83
:104D4000FFFFFFFFFFFFFFFFFFFFFFFFFFFFFFFF73
:104D5000FFFFFFFFFFFFFFFFFFFFFFFFFFFFFFFF63
:104D6000FFFFFFFFFFFFFFFFFFFFFFFFFFFFFFFF53
:104D7000FFFFFFFFFFFFFFFFFFFFFFFFFFFFFFFF43
:104D8000FFFFFFFFFFFFFFFFFFFFFFFFFFFFFFFF33
:104D9000FFFFFFFFFFFFFFFFFFFFFFFFFFFFFFFF23
:104DA000FFFFFFFFFFFFFFFFFFFFFFFFFFFFFFFF13
:104DB000FFFFFFFFFFFFFFFFFFFFFFFFFFFFFFFF03
:104DC000FFFFFFFFFFFFFFFFFFFFFFFFFFFFFFFFF3
:104DD000FFFFFFFFFFFFFFFFFFFFFFFFFFFFFFFFE3
:104DE000FFFFFFFFFFFFFFFFFFFFFFFFFFFFFFFFD3
:104DF000FFFFFFFFFFFFFFFFFFFFFFFFFFFFFFFFC3
:104E0000FFFFFFFFFFFFFFFFFFFFFFFFFFFFFFFFB2
:104E1000FFFFFFFFFFFFFFFFFFFFFFFFFFFFFFFFA2
:104E2000FFFFFFFFFFFFFFFFFFFFFFFFFFFFFFFF92
:104E3000FFFFFFFFFFFFFFFFFFFFFFFFFFFFFFFF82
:104E4000FFFFFFFFFFFFFFFFFFFFFFFFFFFFFFFF72
:104E5000FFFFFFFFFFFFFFFFFFFFFFFFFFFFFFFF62
:104E6000FFFFFFFFFFFFFFFFFFFFFFFFFFFFFFFF52
:104E7000FFFFFFFFFFFFFFFFFFFFFFFFFFFFFFFF42
:104E8000FFFFFFFFFFFFFFFFFFFFFFFFFFFFFFFF32
:104E9000FFFFFFFFFFFFFFFFFFFFFFFFFFFFFFFF22
:104EA000FFFFFFFFFFFFFFFFFFFFFFFFFFFFFFFF12
:104EB000FFFFFFFFFFFFFFFFFFFFFFFFFFFFFFFF02
:104EC000FFFFFFFFFFFFFFFFFFFFFFFFFFFFFFFFF2
:104ED000FFFFFFFFFFFFFFFFFFFFFFFFFFFFFFFFE2
:104EE000FFFFFFFFFFFFFFFFFFFFFFFFFFFFFFFFD2
:104EF000FFFFFFFFFFFFFFFFFFFFFFFFFFFFFFFFC2
:104F0000FFFFFFFFFFFFFFFFFFFFFFFFFFFFFFFFB1
:104F1000FFFFFFFFFFFFFFFFFFFFFFFFFFFFFFFFA1
:104F2000FFFFFFFFFFFFFFFFFFFFFFFFFFFFFFFF91
:104F3000FFFFFFFFFFFFFFFFFFFFFFFFFFFFFFFF81
:104F4000FFFFFFFFFFFFFFFFFFFFFFFFFFFFFFFF71
:104F5000FFFFFFFFFFFFFFFFFFFFFFFFFFFFFFFF61
:104F6000FFFFFFFFFFFFFFFFFFFFFFFFFFFFFFFF51
:104F7000FFFFFFFFFFFFFFFFFFFFFFFFFFFFFFFF41
:104F8000FFFFFFFFFFFFFFFFFFFFFFFFFFFFFFFF31
:104F9000FFFFFFFFFFFFFFFFFFFFFFFFFFFFFFFF21
:104FA000FFFFFFFFFFFFFFFFFFFFFFFFFFFFFFFF11
:104FB000FFFFFFFFFFFFFFFFFFFFFFFFFFFFFFFF01
:104FC000FFFFFFFFFFFFFFFFFFFFFFFFFFFFFFFFF1
:104FD000FFFFFFFFFFFFFFFFFFFFFFFFFFFFFFFFE1
:104FE000FFFFFFFFFFFFFFFFFFFFFFFFFFFFFFFFD1
:104FF000FFFFFFFFFFFFFFFFFFFFFFFFFFFFFFFFC1
:10500000FFFFFFFFFFFFFFFFFFFFFFFFFFFFFFFFB0
:10501000FFFFFFFFFFFFFFFFFFFFFFFFFFFFFFFFA0
:10502000FFFFFFFFFFFFFFFFFFFFFFFFFFFFFFFF90
:10503000FFFFFFFFFFFFFFFFFFFFFFFFFFFFFFFF80
:10504000FFFFFFFFFFFFFFFFFFFFFFFFFFFFFFFF70
:10505000FFFFFFFFFFFFFFFFFFFFFFFFFFFFFFFF60
:10506000FFFFFFFFFFFFFFFFFFFFFFFFFFFFFFFF50
:10507000FFFFFFFFFFFFFFFFFFFFFFFFFFFFFFFF40
:10508000FFFFFFFFFFFFFFFFFFFFFFFFFFFFFFFF30
:10509000FFFFFFFFFFFFFFFFFFFFFFFFFFFFFFFF20
:1050A000FFFFFFFFFFFFFFFFFFFFFFFFFFFFFFFF10
:1050B000FFFFFFFFFFFFFFFFFFFFFFFFFFFFFFFF00
:1050C000FFFFFFFFFFFFFFFFFFFFFFFFFFFFFFFFF0
:1050D000FFFFFFFFFFFFFFFFFFFFFFFFFFFFFFFFE0
:1050E000FFFFFFFFFFFFFFFFFFFFFFFFFFFFFFFFD0
:1050F000FFFFFFFFFFFFFFFFFFFFFFFFFFFFFFFFC0
:10510000FFFFFFFFFFFFFFFFFFFFFFFFFFFFFFFFAF
:10511000FFFFFFFFFFFFFFFFFFFFFFFFFFFFFFFF9F
:10512000FFFFFFFFFFFFFFFFFFFFFFFFFFFFFFFF8F
:10513000FFFFFFFFFFFFFFFFFFFFFFFFFFFFFFFF7F
:10514000FFFFFFFFFFFFFFFFFFFFFFFFFFFFFFFF6F
:10515000FFFFFFFFFFFFFFFFFFFFFFFFFFFFFFFF5F
:10516000FFFFFFFFFFFFFFFFFFFFFFFFFFFFFFFF4F
:10517000FFFFFFFFFFFFFFFFFFFFFFFFFFFFFFFF3F
:10518000FFFFFFFFFFFFFFFFFFFFFFFFFFFFFFFF2F
:10519000FFFFFFFFFFFFFFFFFFFFFFFFFFFFFFFF1F
:1051A000FFFFFFFFFFFFFFFFFFFFFFFFFFFFFFFF0F
:1051B000FFFFFFFFFFFFFFFFFFFFFFFFFFFFFFFFFF
:1051C000FFFFFFFFFFFFFFFFFFFFFFFFFFFFFFFFEF
:1051D000FFFFFFFFFFFFFFFFFFFFFFFFFFFFFFFFDF
:1051E000FFFFFFFFFFFFFFFFFFFFFFFFFFFFFFFFCF
:1051F000FFFFFFFFFFFFFFFFFFFFFFFFFFFFFFFFBF
:10520000FFFFFFFFFFFFFFFFFFFFFFFFFFFFFFFFAE
:10521000FFFFFFFFFFFFFFFFFFFFFFFFFFFFFFFF9E
:10522000FFFFFFFFFFFFFFFFFFFFFFFFFFFFFFFF8E
:10523000FFFFFFFFFFFFFFFFFFFFFFFFFFFFFFFF7E
:10524000FFFFFFFFFFFFFFFFFFFFFFFFFFFFFFFF6E
:10525000FFFFFFFFFFFFFFFFFFFFFFFFFFFFFFFF5E
:10526000FFFFFFFFFFFFFFFFFFFFFFFFFFFFFFFF4E
:10527000FFFFFFFFFFFFFFFFFFFFFFFFFFFFFFFF3E
:10528000FFFFFFFFFFFFFFFFFFFFFFFFFFFFFFFF2E
:10529000FFFFFFFFFFFFFFFFFFFFFFFFFFFFFFFF1E
:1052A000FFFFFFFFFFFFFFFFFFFFFFFFFFFFFFFF0E
:1052B000FFFFFFFFFFFFFFFFFFFFFFFFFFFFFFFFFE
:1052C000FFFFFFFFFFFFFFFFFFFFFFFFFFFFFFFFEE
:1052D000FFFFFFFFFFFFFFFFFFFFFFFFFFFFFFFFDE
:1052E000FFFFFFFFFFFFFFFFFFFFFFFFFFFFFFFFCE
:1052F000FFFFFFFFFFFFFFFFFFFFFFFFFFFFFFFFBE
:10530000FFFFFFFFFFFFFFFFFFFFFFFFFFFFFFFFAD
:10531000FFFFFFFFFFFFFFFFFFFFFFFFFFFFFFFF9D
:10532000FFFFFFFFFFFFFFFFFFFFFFFFFFFFFFFF8D
:10533000FFFFFFFFFFFFFFFFFFFFFFFFFFFFFFFF7D
:10534000FFFFFFFFFFFFFFFFFFFFFFFFFFFFFFFF6D
:10535000FFFFFFFFFFFFFFFFFFFFFFFFFFFFFFFF5D
:10536000FFFFFFFFFFFFFFFFFFFFFFFFFFFFFFFF4D
:10537000FFFFFFFFFFFFFFFFFFFFFFFFFFFFFFFF3D
:10538000FFFFFFFFFFFFFFFFFFFFFFFFFFFFFFFF2D
:10539000FFFFFFFFFFFFFFFFFFFFFFFFFFFFFFFF1D
:1053A000FFFFFFFFFFFFFFFFFFFFFFFFFFFFFFFF0D
:1053B000FFFFFFFFFFFFFFFFFFFFFFFFFFFFFFFFFD
:1053C000FFFFFFFFFFFFFFFFFFFFFFFFFFFFFFFFED
:1053D000FFFFFFFFFFFFFFFFFFFFFFFFFFFFFFFFDD
:1053E000FFFFFFFFFFFFFFFFFFFFFFFFFFFFFFFFCD
:1053F000FFFFFFFFFFFFFFFFFFFFFFFFFFFFFFFFBD
:10540000FFFFFFFFFFFFFFFFFFFFFFFFFFFFFFFFAC
:10541000FFFFFFFFFFFFFFFFFFFFFFFFFFFFFFFF9C
:10542000FFFFFFFFFFFFFFFFFFFFFFFFFFFFFFFF8C
:10543000FFFFFFFFFFFFFFFFFFFFFFFFFFFFFFFF7C
:10544000FFFFFFFFFFFFFFFFFFFFFFFFFFFFFFFF6C
:10545000FFFFFFFFFFFFFFFFFFFFFFFFFFFFFFFF5C
:10546000FFFFFFFFFFFFFFFFFFFFFFFFFFFFFFFF4C
:10547000FFFFFFFFFFFFFFFFFFFFFFFFFFFFFFFF3C
:10548000FFFFFFFFFFFFFFFFFFFFFFFFFFFFFFFF2C
:10549000FFFFFFFFFFFFFFFFFFFFFFFFFFFFFFFF1C
:1054A000FFFFFFFFFFFFFFFFFFFFFFFFFFFFFFFF0C
:1054B000FFFFFFFFFFFFFFFFFFFFFFFFFFFFFFFFFC
:1054C000FFFFFFFFFFFFFFFFFFFFFFFFFFFFFFFFEC
:1054D000FFFFFFFFFFFFFFFFFFFFFFFFFFFFFFFFDC
:1054E000FFFFFFFFFFFFFFFFFFFFFFFFFFFFFFFFCC
:1054F000FFFFFFFFFFFFFFFFFFFFFFFFFFFFFFFFBC
:10550000FFFFFFFFFFFFFFFFFFFFFFFFFFFFFFFFAB
:10551000FFFFFFFFFFFFFFFFFFFFFFFFFFFFFFFF9B
:10552000FFFFFFFFFFFFFFFFFFFFFFFFFFFFFFFF8B
:10553000FFFFFFFFFFFFFFFFFFFFFFFFFFFFFFFF7B
:10554000FFFFFFFFFFFFFFFFFFFFFFFFFFFFFFFF6B
:10555000FFFFFFFFFFFFFFFFFFFFFFFFFFFFFFFF5B
:10556000FFFFFFFFFFFFFFFFFFFFFFFFFFFFFFFF4B
:10557000FFFFFFFFFFFFFFFFFFFFFFFFFFFFFFFF3B
:10558000FFFFFFFFFFFFFFFFFFFFFFFFFFFFFFFF2B
:10559000FFFFFFFFFFFFFFFFFFFFFFFFFFFFFFFF1B
:1055A000FFFFFFFFFFFFFFFFFFFFFFFFFFFFFFFF0B
:1055B000FFFFFFFFFFFFFFFFFFFFFFFFFFFFFFFFFB
:1055C000FFFFFFFFFFFFFFFFFFFFFFFFFFFFFFFFEB
:1055D000FFFFFFFFFFFFFFFFFFFFFFFFFFFFFFFFDB
:1055E000FFFFFFFFFFFFFFFFFFFFFFFFFFFFFFFFCB
:1055F000FFFFFFFFFFFFFFFFFFFFFFFFFFFFFFFFBB
:10560000FFFFFFFFFFFFFFFFFFFFFFFFFFFFFFFFAA
:10561000FFFFFFFFFFFFFFFFFFFFFFFFFFFFFFFF9A
:10562000FFFFFFFFFFFFFFFFFFFFFFFFFFFFFFFF8A
:10563000FFFFFFFFFFFFFFFFFFFFFFFFFFFFFFFF7A
:10564000FFFFFFFFFFFFFFFFFFFFFFFFFFFFFFFF6A
:10565000FFFFFFFFFFFFFFFFFFFFFFFFFFFFFFFF5A
:10566000FFFFFFFFFFFFFFFFFFFFFFFFFFFFFFFF4A
:10567000FFFFFFFFFFFFFFFFFFFFFFFFFFFFFFFF3A
:10568000FFFFFFFFFFFFFFFFFFFFFFFFFFFFFFFF2A
:10569000FFFFFFFFFFFFFFFFFFFFFFFFFFFFFFFF1A
:1056A000FFFFFFFFFFFFFFFFFFFFFFFFFFFFFFFF0A
:1056B000FFFFFFFFFFFFFFFFFFFFFFFFFFFFFFFFFA
:1056C000FFFFFFFFFFFFFFFFFFFFFFFFFFFFFFFFEA
:1056D000FFFFFFFFFFFFFFFFFFFFFFFFFFFFFFFFDA
:1056E000FFFFFFFFFFFFFFFFFFFFFFFFFFFFFFFFCA
:1056F000FFFFFFFFFFFFFFFFFFFFFFFFFFFFFFFFBA
:10570000FFFFFFFFFFFFFFFFFFFFFFFFFFFFFFFFA9
:10571000FFFFFFFFFFFFFFFFFFFFFFFFFFFFFFFF99
:10572000FFFFFFFFFFFFFFFFFFFFFFFFFFFFFFFF89
:10573000FFFFFFFFFFFFFFFFFFFFFFFFFFFFFFFF79
:10574000FFFFFFFFFFFFFFFFFFFFFFFFFFFFFFFF69
:10575000FFFFFFFFFFFFFFFFFFFFFFFFFFFFFFFF59
:10576000FFFFFFFFFFFFFFFFFFFFFFFFFFFFFFFF49
:10577000FFFFFFFFFFFFFFFFFFFFFFFFFFFFFFFF39
:10578000FFFFFFFFFFFFFFFFFFFFFFFFFFFFFFFF29
:10579000FFFFFFFFFFFFFFFFFFFFFFFFFFFFFFFF19
:1057A000FFFFFFFFFFFFFFFFFFFFFFFFFFFFFFFF09
:1057B000FFFFFFFFFFFFFFFFFFFFFFFFFFFFFFFFF9
:1057C000FFFFFFFFFFFFFFFFFFFFFFFFFFFFFFFFE9
:1057D000FFFFFFFFFFFFFFFFFFFFFFFFFFFFFFFFD9
:1057E000FFFFFFFFFFFFFFFFFFFFFFFFFFFFFFFFC9
:1057F000FFFFFFFFFFFFFFFFFFFFFFFFFFFFFFFFB9
:10580000FFFFFFFFFFFFFFFFFFFFFFFFFFFFFFFFA8
:10581000FFFFFFFFFFFFFFFFFFFFFFFFFFFFFFFF98
:10582000FFFFFFFFFFFFFFFFFFFFFFFFFFFFFFFF88
:10583000FFFFFFFFFFFFFFFFFFFFFFFFFFFFFFFF78
:10584000FFFFFFFFFFFFFFFFFFFFFFFFFFFFFFFF68
:10585000FFFFFFFFFFFFFFFFFFFFFFFFFFFFFFFF58
:10586000FFFFFFFFFFFFFFFFFFFFFFFFFFFFFFFF48
:10587000FFFFFFFFFFFFFFFFFFFFFFFFFFFFFFFF38
:10588000FFFFFFFFFFFFFFFFFFFFFFFFFFFFFFFF28
:10589000FFFFFFFFFFFFFFFFFFFFFFFFFFFFFFFF18
:1058A000FFFFFFFFFFFFFFFFFFFFFFFFFFFFFFFF08
:1058B000FFFFFFFFFFFFFFFFFFFFFFFFFFFFFFFFF8
:1058C000FFFFFFFFFFFFFFFFFFFFFFFFFFFFFFFFE8
:1058D000FFFFFFFFFFFFFFFFFFFFFFFFFFFFFFFFD8
:1058E000FFFFFFFFFFFFFFFFFFFFFFFFFFFFFFFFC8
:1058F000FFFFFFFFFFFFFFFFFFFFFFFFFFFFFFFFB8
:10590000FFFFFFFFFFFFFFFFFFFFFFFFFFFFFFFFA7
:10591000FFFFFFFFFFFFFFFFFFFFFFFFFFFFFFFF97
:10592000FFFFFFFFFFFFFFFFFFFFFFFFFFFFFFFF87
:10593000FFFFFFFFFFFFFFFFFFFFFFFFFFFFFFFF77
:10594000FFFFFFFFFFFFFFFFFFFFFFFFFFFFFFFF67
:10595000FFFFFFFFFFFFFFFFFFFFFFFFFFFFFFFF57
:10596000FFFFFFFFFFFFFFFFFFFFFFFFFFFFFFFF47
:10597000FFFFFFFFFFFFFFFFFFFFFFFFFFFFFFFF37
:10598000FFFFFFFFFFFFFFFFFFFFFFFFFFFFFFFF27
:10599000FFFFFFFFFFFFFFFFFFFFFFFFFFFFFFFF17
:1059A000FFFFFFFFFFFFFFFFFFFFFFFFFFFFFFFF07
:1059B000FFFFFFFFFFFFFFFFFFFFFFFFFFFFFFFFF7
:1059C000FFFFFFFFFFFFFFFFFFFFFFFFFFFFFFFFE7
:1059D000FFFFFFFFFFFFFFFFFFFFFFFFFFFFFFFFD7
:1059E000FFFFFFFFFFFFFFFFFFFFFFFFFFFFFFFFC7
:1059F000FFFFFFFFFFFFFFFFFFFFFFFFFFFFFFFFB7
:105A0000FFFFFFFFFFFFFFFFFFFFFFFFFFFFFFFFA6
:105A1000FFFFFFFFFFFFFFFFFFFFFFFFFFFFFFFF96
:105A2000FFFFFFFFFFFFFFFFFFFFFFFFFFFFFFFF86
:105A3000FFFFFFFFFFFFFFFFFFFFFFFFFFFFFFFF76
:105A4000FFFFFFFFFFFFFFFFFFFFFFFFFFFFFFFF66
:105A5000FFFFFFFFFFFFFFFFFFFFFFFFFFFFFFFF56
:105A6000FFFFFFFFFFFFFFFFFFFFFFFFFFFFFFFF46
:105A7000FFFFFFFFFFFFFFFFFFFFFFFFFFFFFFFF36
:105A8000FFFFFFFFFFFFFFFFFFFFFFFFFFFFFFFF26
:105A9000FFFFFFFFFFFFFFFFFFFFFFFFFFFFFFFF16
:105AA000FFFFFFFFFFFFFFFFFFFFFFFFFFFFFFFF06
:105AB000FFFFFFFFFFFFFFFFFFFFFFFFFFFFFFFFF6
:105AC000FFFFFFFFFFFFFFFFFFFFFFFFFFFFFFFFE6
:105AD000FFFFFFFFFFFFFFFFFFFFFFFFFFFFFFFFD6
:105AE000FFFFFFFFFFFFFFFFFFFFFFFFFFFFFFFFC6
:105AF000FFFFFFFFFFFFFFFFFFFFFFFFFFFFFFFFB6
:105B0000FFFFFFFFFFFFFFFFFFFFFFFFFFFFFFFFA5
:105B1000FFFFFFFFFFFFFFFFFFFFFFFFFFFFFFFF95
:105B2000FFFFFFFFFFFFFFFFFFFFFFFFFFFFFFFF85
:105B3000FFFFFFFFFFFFFFFFFFFFFFFFFFFFFFFF75
:105B4000FFFFFFFFFFFFFFFFFFFFFFFFFFFFFFFF65
:105B5000FFFFFFFFFFFFFFFFFFFFFFFFFFFFFFFF55
:105B6000FFFFFFFFFFFFFFFFFFFFFFFFFFFFFFFF45
:105B7000FFFFFFFFFFFFFFFFFFFFFFFFFFFFFFFF35
:105B8000FFFFFFFFFFFFFFFFFFFFFFFFFFFFFFFF25
:105B9000FFFFFFFFFFFFFFFFFFFFFFFFFFFFFFFF15
:105BA000FFFFFFFFFFFFFFFFFFFFFFFFFFFFFFFF05
:105BB000FFFFFFFFFFFFFFFFFFFFFFFFFFFFFFFFF5
:105BC000FFFFFFFFFFFFFFFFFFFFFFFFFFFFFFFFE5
:105BD000FFFFFFFFFFFFFFFFFFFFFFFFFFFFFFFFD5
:105BE000FFFFFFFFFFFFFFFFFFFFFFFFFFFFFFFFC5
:105BF000FFFFFFFFFFFFFFFFFFFFFFFFFFFFFFFFB5
:105C0000FFFFFFFFFFFFFFFFFFFFFFFFFFFFFFFFA4
:105C1000FFFFFFFFFFFFFFFFFFFFFFFFFFFFFFFF94
:105C2000FFFFFFFFFFFFFFFFFFFFFFFFFFFFFFFF84
:105C3000FFFFFFFFFFFFFFFFFFFFFFFFFFFFFFFF74
:105C4000FFFFFFFFFFFFFFFFFFFFFFFFFFFFFFFF64
:105C5000FFFFFFFFFFFFFFFFFFFFFFFFFFFFFFFF54
:105C6000FFFFFFFFFFFFFFFFFFFFFFFFFFFFFFFF44
:105C7000FFFFFFFFFFFFFFFFFFFFFFFFFFFFFFFF34
:105C8000FFFFFFFFFFFFFFFFFFFFFFFFFFFFFFFF24
:105C9000FFFFFFFFFFFFFFFFFFFFFFFFFFFFFFFF14
:105CA000FFFFFFFFFFFFFFFFFFFFFFFFFFFFFFFF04
:105CB000FFFFFFFFFFFFFFFFFFFFFFFFFFFFFFFFF4
:105CC000FFFFFFFFFFFFFFFFFFFFFFFFFFFFFFFFE4
:105CD000FFFFFFFFFFFFFFFFFFFFFFFFFFFFFFFFD4
:105CE000FFFFFFFFFFFFFFFFFFFFFFFFFFFFFFFFC4
:105CF000FFFFFFFFFFFFFFFFFFFFFFFFFFFFFFFFB4
:105D0000FFFFFFFFFFFFFFFFFFFFFFFFFFFFFFFFA3
:105D1000FFFFFFFFFFFFFFFFFFFFFFFFFFFFFFFF93
:105D2000FFFFFFFFFFFFFFFFFFFFFFFFFFFFFFFF83
:105D3000FFFFFFFFFFFFFFFFFFFFFFFFFFFFFFFF73
:105D4000FFFFFFFFFFFFFFFFFFFFFFFFFFFFFFFF63
:105D5000FFFFFFFFFFFFFFFFFFFFFFFFFFFFFFFF53
:105D6000FFFFFFFFFFFFFFFFFFFFFFFFFFFFFFFF43
:105D7000FFFFFFFFFFFFFFFFFFFFFFFFFFFFFFFF33
:105D8000FFFFFFFFFFFFFFFFFFFFFFFFFFFFFFFF23
:105D9000FFFFFFFFFFFFFFFFFFFFFFFFFFFFFFFF13
:105DA000FFFFFFFFFFFFFFFFFFFFFFFFFFFFFFFF03
:105DB000FFFFFFFFFFFFFFFFFFFFFFFFFFFFFFFFF3
:105DC000FFFFFFFFFFFFFFFFFFFFFFFFFFFFFFFFE3
:105DD000FFFFFFFFFFFFFFFFFFFFFFFFFFFFFFFFD3
:105DE000FFFFFFFFFFFFFFFFFFFFFFFFFFFFFFFFC3
:105DF000FFFFFFFFFFFFFFFFFFFFFFFFFFFFFFFFB3
:105E0000FFFFFFFFFFFFFFFFFFFFFFFFFFFFFFFFA2
:105E1000FFFFFFFFFFFFFFFFFFFFFFFFFFFFFFFF92
:105E2000FFFFFFFFFFFFFFFFFFFFFFFFFFFFFFFF82
:105E3000FFFFFFFFFFFFFFFFFFFFFFFFFFFFFFFF72
:105E4000FFFFFFFFFFFFFFFFFFFFFFFFFFFFFFFF62
:105E5000FFFFFFFFFFFFFFFFFFFFFFFFFFFFFFFF52
:105E6000FFFFFFFFFFFFFFFFFFFFFFFFFFFFFFFF42
:105E7000FFFFFFFFFFFFFFFFFFFFFFFFFFFFFFFF32
:105E8000FFFFFFFFFFFFFFFFFFFFFFFFFFFFFFFF22
:105E9000FFFFFFFFFFFFFFFFFFFFFFFFFFFFFFFF12
:105EA000FFFFFFFFFFFFFFFFFFFFFFFFFFFFFFFF02
:105EB000FFFFFFFFFFFFFFFFFFFFFFFFFFFFFFFFF2
:105EC000FFFFFFFFFFFFFFFFFFFFFFFFFFFFFFFFE2
:105ED000FFFFFFFFFFFFFFFFFFFFFFFFFFFFFFFFD2
:105EE000FFFFFFFFFFFFFFFFFFFFFFFFFFFFFFFFC2
:105EF000FFFFFFFFFFFFFFFFFFFFFFFFFFFFFFFFB2
:105F0000FFFFFFFFFFFFFFFFFFFFFFFFFFFFFFFFA1
:105F1000FFFFFFFFFFFFFFFFFFFFFFFFFFFFFFFF91
:105F2000FFFFFFFFFFFFFFFFFFFFFFFFFFFFFFFF81
:105F3000FFFFFFFFFFFFFFFFFFFFFFFFFFFFFFFF71
:105F4000FFFFFFFFFFFFFFFFFFFFFFFFFFFFFFFF61
:105F5000FFFFFFFFFFFFFFFFFFFFFFFFFFFFFFFF51
:105F6000FFFFFFFFFFFFFFFFFFFFFFFFFFFFFFFF41
:105F7000FFFFFFFFFFFFFFFFFFFFFFFFFFFFFFFF31
:105F8000FFFFFFFFFFFFFFFFFFFFFFFFFFFFFFFF21
:105F9000FFFFFFFFFFFFFFFFFFFFFFFFFFFFFFFF11
:105FA000FFFFFFFFFFFFFFFFFFFFFFFFFFFFFFFF01
:105FB000FFFFFFFFFFFFFFFFFFFFFFFFFFFFFFFFF1
:105FC000FFFFFFFFFFFFFFFFFFFFFFFFFFFFFFFFE1
:105FD000FFFFFFFFFFFFFFFFFFFFFFFFFFFFFFFFD1
:105FE000FFFFFFFFFFFFFFFFFFFFFFFFFFFFFFFFC1
:105FF000FFFFFFFFFFFFFFFFFFFFFFFFFFFFFFFFB1
:10600000FFFFFFFFFFFFFFFFFFFFFFFFFFFFFFFFA0
:10601000FFFFFFFFFFFFFFFFFFFFFFFFFFFFFFFF90
:10602000FFFFFFFFFFFFFFFFFFFFFFFFFFFFFFFF80
:10603000FFFFFFFFFFFFFFFFFFFFFFFFFFFFFFFF70
:10604000FFFFFFFFFFFFFFFFFFFFFFFFFFFFFFFF60
:10605000FFFFFFFFFFFFFFFFFFFFFFFFFFFFFFFF50
:10606000FFFFFFFFFFFFFFFFFFFFFFFFFFFFFFFF40
:10607000FFFFFFFFFFFFFFFFFFFFFFFFFFFFFFFF30
:10608000FFFFFFFFFFFFFFFFFFFFFFFFFFFFFFFF20
:10609000FFFFFFFFFFFFFFFFFFFFFFFFFFFFFFFF10
:1060A000FFFFFFFFFFFFFFFFFFFFFFFFFFFFFFFF00
:1060B000FFFFFFFFFFFFFFFFFFFFFFFFFFFFFFFFF0
:1060C000FFFFFFFFFFFFFFFFFFFFFFFFFFFFFFFFE0
:1060D000FFFFFFFFFFFFFFFFFFFFFFFFFFFFFFFFD0
:1060E000FFFFFFFFFFFFFFFFFFFFFFFFFFFFFFFFC0
:1060F000FFFFFFFFFFFFFFFFFFFFFFFFFFFFFFFFB0
:10610000FFFFFFFFFFFFFFFFFFFFFFFFFFFFFFFF9F
:10611000FFFFFFFFFFFFFFFFFFFFFFFFFFFFFFFF8F
:10612000FFFFFFFFFFFFFFFFFFFFFFFFFFFFFFFF7F
:10613000FFFFFFFFFFFFFFFFFFFFFFFFFFFFFFFF6F
:10614000FFFFFFFFFFFFFFFFFFFFFFFFFFFFFFFF5F
:10615000FFFFFFFFFFFFFFFFFFFFFFFFFFFFFFFF4F
:10616000FFFFFFFFFFFFFFFFFFFFFFFFFFFFFFFF3F
:10617000FFFFFFFFFFFFFFFFFFFFFFFFFFFFFFFF2F
:10618000FFFFFFFFFFFFFFFFFFFFFFFFFFFFFFFF1F
:10619000FFFFFFFFFFFFFFFFFFFFFFFFFFFFFFFF0F
:1061A000FFFFFFFFFFFFFFFFFFFFFFFFFFFFFFFFFF
:1061B000FFFFFFFFFFFFFFFFFFFFFFFFFFFFFFFFEF
:1061C000FFFFFFFFFFFFFFFFFFFFFFFFFFFFFFFFDF
:1061D000FFFFFFFFFFFFFFFFFFFFFFFFFFFFFFFFCF
:1061E000FFFFFFFFFFFFFFFFFFFFFFFFFFFFFFFFBF
:1061F000FFFFFFFFFFFFFFFFFFFFFFFFFFFFFFFFAF
:10620000FFFFFFFFFFFFFFFFFFFFFFFFFFFFFFFF9E
:10621000FFFFFFFFFFFFFFFFFFFFFFFFFFFFFFFF8E
:10622000FFFFFFFFFFFFFFFFFFFFFFFFFFFFFFFF7E
:10623000FFFFFFFFFFFFFFFFFFFFFFFFFFFFFFFF6E
:10624000FFFFFFFFFFFFFFFFFFFFFFFFFFFFFFFF5E
:10625000FFFFFFFFFFFFFFFFFFFFFFFFFFFFFFFF4E
:10626000FFFFFFFFFFFFFFFFFFFFFFFFFFFFFFFF3E
:10627000FFFFFFFFFFFFFFFFFFFFFFFFFFFFFFFF2E
:10628000FFFFFFFFFFFFFFFFFFFFFFFFFFFFFFFF1E
:10629000FFFFFFFFFFFFFFFFFFFFFFFFFFFFFFFF0E
:1062A000FFFFFFFFFFFFFFFFFFFFFFFFFFFFFFFFFE
:1062B000FFFFFFFFFFFFFFFFFFFFFFFFFFFFFFFFEE
:1062C000FFFFFFFFFFFFFFFFFFFFFFFFFFFFFFFFDE
:1062D000FFFFFFFFFFFFFFFFFFFFFFFFFFFFFFFFCE
:1062E000FFFFFFFFFFFFFFFFFFFFFFFFFFFFFFFFBE
:1062F000FFFFFFFFFFFFFFFFFFFFFFFFFFFFFFFFAE
:10630000FFFFFFFFFFFFFFFFFFFFFFFFFFFFFFFF9D
:10631000FFFFFFFFFFFFFFFFFFFFFFFFFFFFFFFF8D
:10632000FFFFFFFFFFFFFFFFFFFFFFFFFFFFFFFF7D
:10633000FFFFFFFFFFFFFFFFFFFFFFFFFFFFFFFF6D
:10634000FFFFFFFFFFFFFFFFFFFFFFFFFFFFFFFF5D
:10635000FFFFFFFFFFFFFFFFFFFFFFFFFFFFFFFF4D
:10636000FFFFFFFFFFFFFFFFFFFFFFFFFFFFFFFF3D
:10637000FFFFFFFFFFFFFFFFFFFFFFFFFFFFFFFF2D
:10638000FFFFFFFFFFFFFFFFFFFFFFFFFFFFFFFF1D
:10639000FFFFFFFFFFFFFFFFFFFFFFFFFFFFFFFF0D
:1063A000FFFFFFFFFFFFFFFFFFFFFFFFFFFFFFFFFD
:1063B000FFFFFFFFFFFFFFFFFFFFFFFFFFFFFFFFED
:1063C000FFFFFFFFFFFFFFFFFFFFFFFFFFFFFFFFDD
:1063D000FFFFFFFFFFFFFFFFFFFFFFFFFFFFFFFFCD
:1063E000FFFFFFFFFFFFFFFFFFFFFFFFFFFFFFFFBD
:1063F000FFFFFFFFFFFFFFFFFFFFFFFFFFFFFFFFAD
:10640000FFFFFFFFFFFFFFFFFFFFFFFFFFFFFFFF9C
:10641000FFFFFFFFFFFFFFFFFFFFFFFFFFFFFFFF8C
:10642000FFFFFFFFFFFFFFFFFFFFFFFFFFFFFFFF7C
:10643000FFFFFFFFFFFFFFFFFFFFFFFFFFFFFFFF6C
:10644000FFFFFFFFFFFFFFFFFFFFFFFFFFFFFFFF5C
:10645000FFFFFFFFFFFFFFFFFFFFFFFFFFFFFFFF4C
:10646000FFFFFFFFFFFFFFFFFFFFFFFFFFFFFFFF3C
:10647000FFFFFFFFFFFFFFFFFFFFFFFFFFFFFFFF2C
:10648000FFFFFFFFFFFFFFFFFFFFFFFFFFFFFFFF1C
:10649000FFFFFFFFFFFFFFFFFFFFFFFFFFFFFFFF0C
:1064A000FFFFFFFFFFFFFFFFFFFFFFFFFFFFFFFFFC
:1064B000FFFFFFFFFFFFFFFFFFFFFFFFFFFFFFFFEC
:1064C000FFFFFFFFFFFFFFFFFFFFFFFFFFFFFFFFDC
:1064D000FFFFFFFFFFFFFFFFFFFFFFFFFFFFFFFFCC
:1064E000FFFFFFFFFFFFFFFFFFFFFFFFFFFFFFFFBC
:1064F000FFFFFFFFFFFFFFFFFFFFFFFFFFFFFFFFAC
:10650000FFFFFFFFFFFFFFFFFFFFFFFFFFFFFFFF9B
:10651000FFFFFFFFFFFFFFFFFFFFFFFFFFFFFFFF8B
:10652000FFFFFFFFFFFFFFFFFFFFFFFFFFFFFFFF7B
:10653000FFFFFFFFFFFFFFFFFFFFFFFFFFFFFFFF6B
:10654000FFFFFFFFFFFFFFFFFFFFFFFFFFFFFFFF5B
:10655000FFFFFFFFFFFFFFFFFFFFFFFFFFFFFFFF4B
:10656000FFFFFFFFFFFFFFFFFFFFFFFFFFFFFFFF3B
:10657000FFFFFFFFFFFFFFFFFFFFFFFFFFFFFFFF2B
:10658000FFFFFFFFFFFFFFFFFFFFFFFFFFFFFFFF1B
:10659000FFFFFFFFFFFFFFFFFFFFFFFFFFFFFFFF0B
:1065A000FFFFFFFFFFFFFFFFFFFFFFFFFFFFFFFFFB
:1065B000FFFFFFFFFFFFFFFFFFFFFFFFFFFFFFFFEB
:1065C000FFFFFFFFFFFFFFFFFFFFFFFFFFFFFFFFDB
:1065D000FFFFFFFFFFFFFFFFFFFFFFFFFFFFFFFFCB
:1065E000FFFFFFFFFFFFFFFFFFFFFFFFFFFFFFFFBB
:1065F000FFFFFFFFFFFFFFFFFFFFFFFFFFFFFFFFAB
:10660000FFFFFFFFFFFFFFFFFFFFFFFFFFFFFFFF9A
:10661000FFFFFFFFFFFFFFFFFFFFFFFFFFFFFFFF8A
:10662000FFFFFFFFFFFFFFFFFFFFFFFFFFFFFFFF7A
:10663000FFFFFFFFFFFFFFFFFFFFFFFFFFFFFFFF6A
:10664000FFFFFFFFFFFFFFFFFFFFFFFFFFFFFFFF5A
:10665000FFFFFFFFFFFFFFFFFFFFFFFFFFFFFFFF4A
:10666000FFFFFFFFFFFFFFFFFFFFFFFFFFFFFFFF3A
:10667000FFFFFFFFFFFFFFFFFFFFFFFFFFFFFFFF2A
:10668000FFFFFFFFFFFFFFFFFFFFFFFFFFFFFFFF1A
:10669000FFFFFFFFFFFFFFFFFFFFFFFFFFFFFFFF0A
:1066A000FFFFFFFFFFFFFFFFFFFFFFFFFFFFFFFFFA
:1066B000FFFFFFFFFFFFFFFFFFFFFFFFFFFFFFFFEA
:1066C000FFFFFFFFFFFFFFFFFFFFFFFFFFFFFFFFDA
:1066D000FFFFFFFFFFFFFFFFFFFFFFFFFFFFFFFFCA
:1066E000FFFFFFFFFFFFFFFFFFFFFFFFFFFFFFFFBA
:1066F000FFFFFFFFFFFFFFFFFFFFFFFFFFFFFFFFAA
:10670000FFFFFFFFFFFFFFFFFFFFFFFFFFFFFFFF99
:10671000FFFFFFFFFFFFFFFFFFFFFFFFFFFFFFFF89
:10672000FFFFFFFFFFFFFFFFFFFFFFFFFFFFFFFF79
:10673000FFFFFFFFFFFFFFFFFFFFFFFFFFFFFFFF69
:10674000FFFFFFFFFFFFFFFFFFFFFFFFFFFFFFFF59
:10675000FFFFFFFFFFFFFFFFFFFFFFFFFFFFFFFF49
:10676000FFFFFFFFFFFFFFFFFFFFFFFFFFFFFFFF39
:10677000FFFFFFFFFFFFFFFFFFFFFFFFFFFFFFFF29
:10678000FFFFFFFFFFFFFFFFFFFFFFFFFFFFFFFF19
:10679000FFFFFFFFFFFFFFFFFFFFFFFFFFFFFFFF09
:1067A000FFFFFFFFFFFFFFFFFFFFFFFFFFFFFFFFF9
:1067B000FFFFFFFFFFFFFFFFFFFFFFFFFFFFFFFFE9
:1067C000FFFFFFFFFFFFFFFFFFFFFFFFFFFFFFFFD9
:1067D000FFFFFFFFFFFFFFFFFFFFFFFFFFFFFFFFC9
:1067E000FFFFFFFFFFFFFFFFFFFFFFFFFFFFFFFFB9
:1067F000FFFFFFFFFFFFFFFFFFFFFFFFFFFFFFFFA9
:10680000FFFFFFFFFFFFFFFFFFFFFFFFFFFFFFFF98
:10681000FFFFFFFFFFFFFFFFFFFFFFFFFFFFFFFF88
:10682000FFFFFFFFFFFFFFFFFFFFFFFFFFFFFFFF78
:10683000FFFFFFFFFFFFFFFFFFFFFFFFFFFFFFFF68
:10684000FFFFFFFFFFFFFFFFFFFFFFFFFFFFFFFF58
:10685000FFFFFFFFFFFFFFFFFFFFFFFFFFFFFFFF48
:10686000FFFFFFFFFFFFFFFFFFFFFFFFFFFFFFFF38
:10687000FFFFFFFFFFFFFFFFFFFFFFFFFFFFFFFF28
:10688000FFFFFFFFFFFFFFFFFFFFFFFFFFFFFFFF18
:10689000FFFFFFFFFFFFFFFFFFFFFFFFFFFFFFFF08
:1068A000FFFFFFFFFFFFFFFFFFFFFFFFFFFFFFFFF8
:1068B000FFFFFFFFFFFFFFFFFFFFFFFFFFFFFFFFE8
:1068C000FFFFFFFFFFFFFFFFFFFFFFFFFFFFFFFFD8
:1068D000FFFFFFFFFFFFFFFFFFFFFFFFFFFFFFFFC8
:1068E000FFFFFFFFFFFFFFFFFFFFFFFFFFFFFFFFB8
:1068F000FFFFFFFFFFFFFFFFFFFFFFFFFFFFFFFFA8
:10690000FFFFFFFFFFFFFFFFFFFFFFFFFFFFFFFF97
:10691000FFFFFFFFFFFFFFFFFFFFFFFFFFFFFFFF87
:10692000FFFFFFFFFFFFFFFFFFFFFFFFFFFFFFFF77
:10693000FFFFFFFFFFFFFFFFFFFFFFFFFFFFFFFF67
:10694000FFFFFFFFFFFFFFFFFFFFFFFFFFFFFFFF57
:10695000FFFFFFFFFFFFFFFFFFFFFFFFFFFFFFFF47
:10696000FFFFFFFFFFFFFFFFFFFFFFFFFFFFFFFF37
:10697000FFFFFFFFFFFFFFFFFFFFFFFFFFFFFFFF27
:10698000FFFFFFFFFFFFFFFFFFFFFFFFFFFFFFFF17
:10699000FFFFFFFFFFFFFFFFFFFFFFFFFFFFFFFF07
:1069A000FFFFFFFFFFFFFFFFFFFFFFFFFFFFFFFFF7
:1069B000FFFFFFFFFFFFFFFFFFFFFFFFFFFFFFFFE7
:1069C000FFFFFFFFFFFFFFFFFFFFFFFFFFFFFFFFD7
:1069D000FFFFFFFFFFFFFFFFFFFFFFFFFFFFFFFFC7
:1069E000FFFFFFFFFFFFFFFFFFFFFFFFFFFFFFFFB7
:1069F000FFFFFFFFFFFFFFFFFFFFFFFFFFFFFFFFA7
:106A0000FFFFFFFFFFFFFFFFFFFFFFFFFFFFFFFF96
:106A1000FFFFFFFFFFFFFFFFFFFFFFFFFFFFFFFF86
:106A2000FFFFFFFFFFFFFFFFFFFFFFFFFFFFFFFF76
:106A3000FFFFFFFFFFFFFFFFFFFFFFFFFFFFFFFF66
:106A4000FFFFFFFFFFFFFFFFFFFFFFFFFFFFFFFF56
:106A5000FFFFFFFFFFFFFFFFFFFFFFFFFFFFFFFF46
:106A6000FFFFFFFFFFFFFFFFFFFFFFFFFFFFFFFF36
:106A7000FFFFFFFFFFFFFFFFFFFFFFFFFFFFFFFF26
:106A8000FFFFFFFFFFFFFFFFFFFFFFFFFFFFFFFF16
:106A9000FFFFFFFFFFFFFFFFFFFFFFFFFFFFFFFF06
:106AA000FFFFFFFFFFFFFFFFFFFFFFFFFFFFFFFFF6
:106AB000FFFFFFFFFFFFFFFFFFFFFFFFFFFFFFFFE6
:106AC000FFFFFFFFFFFFFFFFFFFFFFFFFFFFFFFFD6
:106AD000FFFFFFFFFFFFFFFFFFFFFFFFFFFFFFFFC6
:106AE000FFFFFFFFFFFFFFFFFFFFFFFFFFFFFFFFB6
:106AF000FFFFFFFFFFFFFFFFFFFFFFFFFFFFFFFFA6
:106B0000FFFFFFFFFFFFFFFFFFFFFFFFFFFFFFFF95
:106B1000FFFFFFFFFFFFFFFFFFFFFFFFFFFFFFFF85
:106B2000FFFFFFFFFFFFFFFFFFFFFFFFFFFFFFFF75
:106B3000FFFFFFFFFFFFFFFFFFFFFFFFFFFFFFFF65
:106B4000FFFFFFFFFFFFFFFFFFFFFFFFFFFFFFFF55
:106B5000FFFFFFFFFFFFFFFFFFFFFFFFFFFFFFFF45
:106B6000FFFFFFFFFFFFFFFFFFFFFFFFFFFFFFFF35
:106B7000FFFFFFFFFFFFFFFFFFFFFFFFFFFFFFFF25
:106B8000FFFFFFFFFFFFFFFFFFFFFFFFFFFFFFFF15
:106B9000FFFFFFFFFFFFFFFFFFFFFFFFFFFFFFFF05
:106BA000FFFFFFFFFFFFFFFFFFFFFFFFFFFFFFFFF5
:106BB000FFFFFFFFFFFFFFFFFFFFFFFFFFFFFFFFE5
:106BC000FFFFFFFFFFFFFFFFFFFFFFFFFFFFFFFFD5
:106BD000FFFFFFFFFFFFFFFFFFFFFFFFFFFFFFFFC5
:106BE000FFFFFFFFFFFFFFFFFFFFFFFFFFFFFFFFB5
:106BF000FFFFFFFFFFFFFFFFFFFFFFFFFFFFFFFFA5
:106C0000FFFFFFFFFFFFFFFFFFFFFFFFFFFFFFFF94
:106C1000FFFFFFFFFFFFFFFFFFFFFFFFFFFFFFFF84
:106C2000FFFFFFFFFFFFFFFFFFFFFFFFFFFFFFFF74
:106C3000FFFFFFFFFFFFFFFFFFFFFFFFFFFFFFFF64
:106C4000FFFFFFFFFFFFFFFFFFFFFFFFFFFFFFFF54
:106C5000FFFFFFFFFFFFFFFFFFFFFFFFFFFFFFFF44
:106C6000FFFFFFFFFFFFFFFFFFFFFFFFFFFFFFFF34
:106C7000FFFFFFFFFFFFFFFFFFFFFFFFFFFFFFFF24
:106C8000FFFFFFFFFFFFFFFFFFFFFFFFFFFFFFFF14
:106C9000FFFFFFFFFFFFFFFFFFFFFFFFFFFFFFFF04
:106CA000FFFFFFFFFFFFFFFFFFFFFFFFFFFFFFFFF4
:106CB000FFFFFFFFFFFFFFFFFFFFFFFFFFFFFFFFE4
:106CC000FFFFFFFFFFFFFFFFFFFFFFFFFFFFFFFFD4
:106CD000FFFFFFFFFFFFFFFFFFFFFFFFFFFFFFFFC4
:106CE000FFFFFFFFFFFFFFFFFFFFFFFFFFFFFFFFB4
:106CF000FFFFFFFFFFFFFFFFFFFFFFFFFFFFFFFFA4
:106D0000FFFFFFFFFFFFFFFFFFFFFFFFFFFFFFFF93
:106D1000FFFFFFFFFFFFFFFFFFFFFFFFFFFFFFFF83
:106D2000FFFFFFFFFFFFFFFFFFFFFFFFFFFFFFFF73
:106D3000FFFFFFFFFFFFFFFFFFFFFFFFFFFFFFFF63
:106D4000FFFFFFFFFFFFFFFFFFFFFFFFFFFFFFFF53
:106D5000FFFFFFFFFFFFFFFFFFFFFFFFFFFFFFFF43
:106D6000FFFFFFFFFFFFFFFFFFFFFFFFFFFFFFFF33
:106D7000FFFFFFFFFFFFFFFFFFFFFFFFFFFFFFFF23
:106D8000FFFFFFFFFFFFFFFFFFFFFFFFFFFFFFFF13
:106D9000FFFFFFFFFFFFFFFFFFFFFFFFFFFFFFFF03
:106DA000FFFFFFFFFFFFFFFFFFFFFFFFFFFFFFFFF3
:106DB000FFFFFFFFFFFFFFFFFFFFFFFFFFFFFFFFE3
:106DC000FFFFFFFFFFFFFFFFFFFFFFFFFFFFFFFFD3
:106DD000FFFFFFFFFFFFFFFFFFFFFFFFFFFFFFFFC3
:106DE000FFFFFFFFFFFFFFFFFFFFFFFFFFFFFFFFB3
:106DF000FFFFFFFFFFFFFFFFFFFFFFFFFFFFFFFFA3
:106E0000FFFFFFFFFFFFFFFFFFFFFFFFFFFFFFFF92
:106E1000FFFFFFFFFFFFFFFFFFFFFFFFFFFFFFFF82
:106E2000FFFFFFFFFFFFFFFFFFFFFFFFFFFFFFFF72
:106E3000FFFFFFFFFFFFFFFFFFFFFFFFFFFFFFFF62
:106E4000FFFFFFFFFFFFFFFFFFFFFFFFFFFFFFFF52
:106E5000FFFFFFFFFFFFFFFFFFFFFFFFFFFFFFFF42
:106E6000FFFFFFFFFFFFFFFFFFFFFFFFFFFFFFFF32
:106E7000FFFFFFFFFFFFFFFFFFFFFFFFFFFFFFFF22
:106E8000FFFFFFFFFFFFFFFFFFFFFFFFFFFFFFFF12
:106E9000FFFFFFFFFFFFFFFFFFFFFFFFFFFFFFFF02
:106EA000FFFFFFFFFFFFFFFFFFFFFFFFFFFFFFFFF2
:106EB000FFFFFFFFFFFFFFFFFFFFFFFFFFFFFFFFE2
:106EC000FFFFFFFFFFFFFFFFFFFFFFFFFFFFFFFFD2
:106ED000FFFFFFFFFFFFFFFFFFFFFFFFFFFFFFFFC2
:106EE000FFFFFFFFFFFFFFFFFFFFFFFFFFFFFFFFB2
:106EF000FFFFFFFFFFFFFFFFFFFFFFFFFFFFFFFFA2
:106F0000FFFFFFFFFFFFFFFFFFFFFFFFFFFFFFFF91
:106F1000FFFFFFFFFFFFFFFFFFFFFFFFFFFFFFFF81
:106F2000FFFFFFFFFFFFFFFFFFFFFFFFFFFFFFFF71
:106F3000FFFFFFFFFFFFFFFFFFFFFFFFFFFFFFFF61
:106F4000FFFFFFFFFFFFFFFFFFFFFFFFFFFFFFFF51
:106F5000FFFFFFFFFFFFFFFFFFFFFFFFFFFFFFFF41
:106F6000FFFFFFFFFFFFFFFFFFFFFFFFFFFFFFFF31
:106F7000FFFFFFFFFFFFFFFFFFFFFFFFFFFFFFFF21
:106F8000FFFFFFFFFFFFFFFFFFFFFFFFFFFFFFFF11
:106F9000FFFFFFFFFFFFFFFFFFFFFFFFFFFFFFFF01
:106FA000FFFFFFFFFFFFFFFFFFFFFFFFFFFFFFFFF1
:106FB000FFFFFFFFFFFFFFFFFFFFFFFFFFFFFFFFE1
:106FC000FFFFFFFFFFFFFFFFFFFFFFFFFFFFFFFFD1
:106FD000FFFFFFFFFFFFFFFFFFFFFFFFFFFFFFFFC1
:106FE000FFFFFFFFFFFFFFFFFFFFFFFFFFFFFFFFB1
:106FF000FFFFFFFFFFFFFFFFFFFFFFFFFFFFFFFFA1
:10700000FFFFFFFFFFFFFFFFFFFFFFFFFFFFFFFF90
:10701000FFFFFFFFFFFFFFFFFFFFFFFFFFFFFFFF80
:10702000FFFFFFFFFFFFFFFFFFFFFFFFFFFFFFFF70
:10703000FFFFFFFFFFFFFFFFFFFFFFFFFFFFFFFF60
:10704000FFFFFFFFFFFFFFFFFFFFFFFFFFFFFFFF50
:10705000FFFFFFFFFFFFFFFFFFFFFFFFFFFFFFFF40
:10706000FFFFFFFFFFFFFFFFFFFFFFFFFFFFFFFF30
:10707000FFFFFFFFFFFFFFFFFFFFFFFFFFFFFFFF20
:10708000FFFFFFFFFFFFFFFFFFFFFFFFFFFFFFFF10
:10709000FFFFFFFFFFFFFFFFFFFFFFFFFFFFFFFF00
:1070A000FFFFFFFFFFFFFFFFFFFFFFFFFFFFFFFFF0
:1070B000FFFFFFFFFFFFFFFFFFFFFFFFFFFFFFFFE0
:1070C000FFFFFFFFFFFFFFFFFFFFFFFFFFFFFFFFD0
:1070D000FFFFFFFFFFFFFFFFFFFFFFFFFFFFFFFFC0
:1070E000FFFFFFFFFFFFFFFFFFFFFFFFFFFFFFFFB0
:1070F000FFFFFFFFFFFFFFFFFFFFFFFFFFFFFFFFA0
:10710000FFFFFFFFFFFFFFFFFFFFFFFFFFFFFFFF8F
:10711000FFFFFFFFFFFFFFFFFFFFFFFFFFFFFFFF7F
:10712000FFFFFFFFFFFFFFFFFFFFFFFFFFFFFFFF6F
:10713000FFFFFFFFFFFFFFFFFFFFFFFFFFFFFFFF5F
:10714000FFFFFFFFFFFFFFFFFFFFFFFFFFFFFFFF4F
:10715000FFFFFFFFFFFFFFFFFFFFFFFFFFFFFFFF3F
:10716000FFFFFFFFFFFFFFFFFFFFFFFFFFFFFFFF2F
:10717000FFFFFFFFFFFFFFFFFFFFFFFFFFFFFFFF1F
:10718000FFFFFFFFFFFFFFFFFFFFFFFFFFFFFFFF0F
:10719000FFFFFFFFFFFFFFFFFFFFFFFFFFFFFFFFFF
:1071A000FFFFFFFFFFFFFFFFFFFFFFFFFFFFFFFFEF
:1071B000FFFFFFFFFFFFFFFFFFFFFFFFFFFFFFFFDF
:1071C000FFFFFFFFFFFFFFFFFFFFFFFFFFFFFFFFCF
:1071D000FFFFFFFFFFFFFFFFFFFFFFFFFFFFFFFFBF
:1071E000FFFFFFFFFFFFFFFFFFFFFFFFFFFFFFFFAF
:1071F000FFFFFFFFFFFFFFFFFFFFFFFFFFFFFFFF9F
:10720000FFFFFFFFFFFFFFFFFFFFFFFFFFFFFFFF8E
:10721000FFFFFFFFFFFFFFFFFFFFFFFFFFFFFFFF7E
:10722000FFFFFFFFFFFFFFFFFFFFFFFFFFFFFFFF6E
:10723000FFFFFFFFFFFFFFFFFFFFFFFFFFFFFFFF5E
:10724000FFFFFFFFFFFFFFFFFFFFFFFFFFFFFFFF4E
:10725000FFFFFFFFFFFFFFFFFFFFFFFFFFFFFFFF3E
:10726000FFFFFFFFFFFFFFFFFFFFFFFFFFFFFFFF2E
:10727000FFFFFFFFFFFFFFFFFFFFFFFFFFFFFFFF1E
:10728000FFFFFFFFFFFFFFFFFFFFFFFFFFFFFFFF0E
:10729000FFFFFFFFFFFFFFFFFFFFFFFFFFFFFFFFFE
:1072A000FFFFFFFFFFFFFFFFFFFFFFFFFFFFFFFFEE
:1072B000FFFFFFFFFFFFFFFFFFFFFFFFFFFFFFFFDE
:1072C000FFFFFFFFFFFFFFFFFFFFFFFFFFFFFFFFCE
:1072D000FFFFFFFFFFFFFFFFFFFFFFFFFFFFFFFFBE
:1072E000FFFFFFFFFFFFFFFFFFFFFFFFFFFFFFFFAE
:1072F000FFFFFFFFFFFFFFFFFFFFFFFFFFFFFFFF9E
:10730000FFFFFFFFFFFFFFFFFFFFFFFFFFFFFFFF8D
:10731000FFFFFFFFFFFFFFFFFFFFFFFFFFFFFFFF7D
:10732000FFFFFFFFFFFFFFFFFFFFFFFFFFFFFFFF6D
:10733000FFFFFFFFFFFFFFFFFFFFFFFFFFFFFFFF5D
:10734000FFFFFFFFFFFFFFFFFFFFFFFFFFFFFFFF4D
:10735000FFFFFFFFFFFFFFFFFFFFFFFFFFFFFFFF3D
:10736000FFFFFFFFFFFFFFFFFFFFFFFFFFFFFFFF2D
:10737000FFFFFFFFFFFFFFFFFFFFFFFFFFFFFFFF1D
:10738000FFFFFFFFFFFFFFFFFFFFFFFFFFFFFFFF0D
:10739000FFFFFFFFFFFFFFFFFFFFFFFFFFFFFFFFFD
:1073A000FFFFFFFFFFFFFFFFFFFFFFFFFFFFFFFFED
:1073B000FFFFFFFFFFFFFFFFFFFFFFFFFFFFFFFFDD
:1073C000FFFFFFFFFFFFFFFFFFFFFFFFFFFFFFFFCD
:1073D000FFFFFFFFFFFFFFFFFFFFFFFFFFFFFFFFBD
:1073E000FFFFFFFFFFFFFFFFFFFFFFFFFFFFFFFFAD
:1073F000FFFFFFFFFFFFFFFFFFFFFFFFFFFFFFFF9D
:10740000FFFFFFFFFFFFFFFFFFFFFFFFFFFFFFFF8C
:10741000FFFFFFFFFFFFFFFFFFFFFFFFFFFFFFFF7C
:10742000FFFFFFFFFFFFFFFFFFFFFFFFFFFFFFFF6C
:10743000FFFFFFFFFFFFFFFFFFFFFFFFFFFFFFFF5C
:10744000FFFFFFFFFFFFFFFFFFFFFFFFFFFFFFFF4C
:10745000FFFFFFFFFFFFFFFFFFFFFFFFFFFFFFFF3C
:10746000FFFFFFFFFFFFFFFFFFFFFFFFFFFFFFFF2C
:10747000FFFFFFFFFFFFFFFFFFFFFFFFFFFFFFFF1C
:10748000FFFFFFFFFFFFFFFFFFFFFFFFFFFFFFFF0C
:10749000FFFFFFFFFFFFFFFFFFFFFFFFFFFFFFFFFC
:1074A000FFFFFFFFFFFFFFFFFFFFFFFFFFFFFFFFEC
:1074B000FFFFFFFFFFFFFFFFFFFFFFFFFFFFFFFFDC
:1074C000FFFFFFFFFFFFFFFFFFFFFFFFFFFFFFFFCC
:1074D000FFFFFFFFFFFFFFFFFFFFFFFFFFFFFFFFBC
:1074E000FFFFFFFFFFFFFFFFFFFFFFFFFFFFFFFFAC
:1074F000FFFFFFFFFFFFFFFFFFFFFFFFFFFFFFFF9C
:10750000FFFFFFFFFFFFFFFFFFFFFFFFFFFFFFFF8B
:10751000FFFFFFFFFFFFFFFFFFFFFFFFFFFFFFFF7B
:10752000FFFFFFFFFFFFFFFFFFFFFFFFFFFFFFFF6B
:10753000FFFFFFFFFFFFFFFFFFFFFFFFFFFFFFFF5B
:10754000FFFFFFFFFFFFFFFFFFFFFFFFFFFFFFFF4B
:10755000FFFFFFFFFFFFFFFFFFFFFFFFFFFFFFFF3B
:10756000FFFFFFFFFFFFFFFFFFFFFFFFFFFFFFFF2B
:10757000FFFFFFFFFFFFFFFFFFFFFFFFFFFFFFFF1B
:10758000FFFFFFFFFFFFFFFFFFFFFFFFFFFFFFFF0B
:10759000FFFFFFFFFFFFFFFFFFFFFFFFFFFFFFFFFB
:1075A000FFFFFFFFFFFFFFFFFFFFFFFFFFFFFFFFEB
:1075B000FFFFFFFFFFFFFFFFFFFFFFFFFFFFFFFFDB
:1075C000FFFFFFFFFFFFFFFFFFFFFFFFFFFFFFFFCB
:1075D000FFFFFFFFFFFFFFFFFFFFFFFFFFFFFFFFBB
:1075E000FFFFFFFFFFFFFFFFFFFFFFFFFFFFFFFFAB
:1075F000FFFFFFFFFFFFFFFFFFFFFFFFFFFFFFFF9B
:10760000FFFFFFFFFFFFFFFFFFFFFFFFFFFFFFFF8A
:10761000FFFFFFFFFFFFFFFFFFFFFFFFFFFFFFFF7A
:10762000FFFFFFFFFFFFFFFFFFFFFFFFFFFFFFFF6A
:10763000FFFFFFFFFFFFFFFFFFFFFFFFFFFFFFFF5A
:10764000FFFFFFFFFFFFFFFFFFFFFFFFFFFFFFFF4A
:10765000FFFFFFFFFFFFFFFFFFFFFFFFFFFFFFFF3A
:10766000FFFFFFFFFFFFFFFFFFFFFFFFFFFFFFFF2A
:10767000FFFFFFFFFFFFFFFFFFFFFFFFFFFFFFFF1A
:10768000FFFFFFFFFFFFFFFFFFFFFFFFFFFFFFFF0A
:10769000FFFFFFFFFFFFFFFFFFFFFFFFFFFFFFFFFA
:1076A000FFFFFFFFFFFFFFFFFFFFFFFFFFFFFFFFEA
:1076B000FFFFFFFFFFFFFFFFFFFFFFFFFFFFFFFFDA
:1076C000FFFFFFFFFFFFFFFFFFFFFFFFFFFFFFFFCA
:1076D000FFFFFFFFFFFFFFFFFFFFFFFFFFFFFFFFBA
:1076E000FFFFFFFFFFFFFFFFFFFFFFFFFFFFFFFFAA
:1076F000FFFFFFFFFFFFFFFFFFFFFFFFFFFFFFFF9A
:10770000FFFFFFFFFFFFFFFFFFFFFFFFFFFFFFFF89
:10771000FFFFFFFFFFFFFFFFFFFFFFFFFFFFFFFF79
:10772000FFFFFFFFFFFFFFFFFFFFFFFFFFFFFFFF69
:10773000FFFFFFFFFFFFFFFFFFFFFFFFFFFFFFFF59
:10774000FFFFFFFFFFFFFFFFFFFFFFFFFFFFFFFF49
:10775000FFFFFFFFFFFFFFFFFFFFFFFFFFFFFFFF39
:10776000FFFFFFFFFFFFFFFFFFFFFFFFFFFFFFFF29
:10777000FFFFFFFFFFFFFFFFFFFFFFFFFFFFFFFF19
:10778000FFFFFFFFFFFFFFFFFFFFFFFFFFFFFFFF09
:10779000FFFFFFFFFFFFFFFFFFFFFFFFFFFFFFFFF9
:1077A000FFFFFFFFFFFFFFFFFFFFFFFFFFFFFFFFE9
:1077B000FFFFFFFFFFFFFFFFFFFFFFFFFFFFFFFFD9
:1077C000FFFFFFFFFFFFFFFFFFFFFFFFFFFFFFFFC9
:1077D000FFFFFFFFFFFFFFFFFFFFFFFFFFFFFFFFB9
:1077E000FFFFFFFFFFFFFFFFFFFFFFFFFFFFFFFFA9
:1077F000FFFFFFFFFFFFFFFFFFFFFFFFFFFFFFFF99
:10780000FFFFFFFFFFFFFFFFFFFFFFFFFFFFFFFF88
:10781000FFFFFFFFFFFFFFFFFFFFFFFFFFFFFFFF78
:10782000FFFFFFFFFFFFFFFFFFFFFFFFFFFFFFFF68
:10783000FFFFFFFFFFFFFFFFFFFFFFFFFFFFFFFF58
:10784000FFFFFFFFFFFFFFFFFFFFFFFFFFFFFFFF48
:10785000FFFFFFFFFFFFFFFFFFFFFFFFFFFFFFFF38
:10786000FFFFFFFFFFFFFFFFFFFFFFFFFFFFFFFF28
:10787000FFFFFFFFFFFFFFFFFFFFFFFFFFFFFFFF18
:10788000FFFFFFFFFFFFFFFFFFFFFFFFFFFFFFFF08
:10789000FFFFFFFFFFFFFFFFFFFFFFFFFFFFFFFFF8
:1078A000FFFFFFFFFFFFFFFFFFFFFFFFFFFFFFFFE8
:1078B000FFFFFFFFFFFFFFFFFFFFFFFFFFFFFFFFD8
:1078C000FFFFFFFFFFFFFFFFFFFFFFFFFFFFFFFFC8
:1078D000FFFFFFFFFFFFFFFFFFFFFFFFFFFFFFFFB8
:1078E000FFFFFFFFFFFFFFFFFFFFFFFFFFFFFFFFA8
:1078F000FFFFFFFFFFFFFFFFFFFFFFFFFFFFFFFF98
:10790000FFFFFFFFFFFFFFFFFFFFFFFFFFFFFFFF87
:10791000FFFFFFFFFFFFFFFFFFFFFFFFFFFFFFFF77
:10792000FFFFFFFFFFFFFFFFFFFFFFFFFFFFFFFF67
:10793000FFFFFFFFFFFFFFFFFFFFFFFFFFFFFFFF57
:10794000FFFFFFFFFFFFFFFFFFFFFFFFFFFFFFFF47
:10795000FFFFFFFFFFFFFFFFFFFFFFFFFFFFFFFF37
:10796000FFFFFFFFFFFFFFFFFFFFFFFFFFFFFFFF27
:10797000FFFFFFFFFFFFFFFFFFFFFFFFFFFFFFFF17
:10798000FFFFFFFFFFFFFFFFFFFFFFFFFFFFFFFF07
:10799000FFFFFFFFFFFFFFFFFFFFFFFFFFFFFFFFF7
:1079A000FFFFFFFFFFFFFFFFFFFFFFFFFFFFFFFFE7
:1079B000FFFFFFFFFFFFFFFFFFFFFFFFFFFFFFFFD7
:1079C000FFFFFFFFFFFFFFFFFFFFFFFFFFFFFFFFC7
:1079D000FFFFFFFFFFFFFFFFFFFFFFFFFFFFFFFFB7
:1079E000FFFFFFFFFFFFFFFFFFFFFFFFFFFFFFFFA7
:1079F000FFFFFFFFFFFFFFFFFFFFFFFFFFFFFFFF97
:107A0000FFFFFFFFFFFFFFFFFFFFFFFFFFFFFFFF86
:107A1000FFFFFFFFFFFFFFFFFFFFFFFFFFFFFFFF76
:107A2000FFFFFFFFFFFFFFFFFFFFFFFFFFFFFFFF66
:107A3000FFFFFFFFFFFFFFFFFFFFFFFFFFFFFFFF56
:107A4000FFFFFFFFFFFFFFFFFFFFFFFFFFFFFFFF46
:107A5000FFFFFFFFFFFFFFFFFFFFFFFFFFFFFFFF36
:107A6000FFFFFFFFFFFFFFFFFFFFFFFFFFFFFFFF26
:107A7000FFFFFFFFFFFFFFFFFFFFFFFFFFFFFFFF16
:107A8000FFFFFFFFFFFFFFFFFFFFFFFFFFFFFFFF06
:107A9000FFFFFFFFFFFFFFFFFFFFFFFFFFFFFFFFF6
:107AA000FFFFFFFFFFFFFFFFFFFFFFFFFFFFFFFFE6
:107AB000FFFFFFFFFFFFFFFFFFFFFFFFFFFFFFFFD6
:107AC000FFFFFFFFFFFFFFFFFFFFFFFFFFFFFFFFC6
:107AD000FFFFFFFFFFFFFFFFFFFFFFFFFFFFFFFFB6
:107AE000FFFFFFFFFFFFFFFFFFFFFFFFFFFFFFFFA6
:107AF000FFFFFFFFFFFFFFFFFFFFFFFFFFFFFFFF96
:107B0000FFFFFFFFFFFFFFFFFFFFFFFFFFFFFFFF85
:107B1000FFFFFFFFFFFFFFFFFFFFFFFFFFFFFFFF75
:107B2000FFFFFFFFFFFFFFFFFFFFFFFFFFFFFFFF65
:107B3000FFFFFFFFFFFFFFFFFFFFFFFFFFFFFFFF55
:107B4000FFFFFFFFFFFFFFFFFFFFFFFFFFFFFFFF45
:107B5000FFFFFFFFFFFFFFFFFFFFFFFFFFFFFFFF35
:107B6000FFFFFFFFFFFFFFFFFFFFFFFFFFFFFFFF25
:107B7000FFFFFFFFFFFFFFFFFFFFFFFFFFFFFFFF15
:107B8000FFFFFFFFFFFFFFFFFFFFFFFFFFFFFFFF05
:107B9000FFFFFFFFFFFFFFFFFFFFFFFFFFFFFFFFF5
:107BA000FFFFFFFFFFFFFFFFFFFFFFFFFFFFFFFFE5
:107BB000FFFFFFFFFFFFFFFFFFFFFFFFFFFFFFFFD5
:107BC000FFFFFFFFFFFFFFFFFFFFFFFFFFFFFFFFC5
:107BD000FFFFFFFFFFFFFFFFFFFFFFFFFFFFFFFFB5
:107BE000FFFFFFFFFFFFFFFFFFFFFFFFFFFFFFFFA5
:107BF000FFFFFFFFFFFFFFFFFFFFFFFFFFFFFFFF95
:107C0000FFFFFFFFFFFFFFFFFFFFFFFFFFFFFFFF84
:107C1000FFFFFFFFFFFFFFFFFFFFFFFFFFFFFFFF74
:107C2000FFFFFFFFFFFFFFFFFFFFFFFFFFFFFFFF64
:107C3000FFFFFFFFFFFFFFFFFFFFFFFFFFFFFFFF54
:107C4000FFFFFFFFFFFFFFFFFFFFFFFFFFFFFFFF44
:107C5000FFFFFFFFFFFFFFFFFFFFFFFFFFFFFFFF34
:107C6000FFFFFFFFFFFFFFFFFFFFFFFFFFFFFFFF24
:107C7000FFFFFFFFFFFFFFFFFFFFFFFFFFFFFFFF14
:107C8000FFFFFFFFFFFFFFFFFFFFFFFFFFFFFFFF04
:107C9000FFFFFFFFFFFFFFFFFFFFFFFFFFFFFFFFF4
:107CA000FFFFFFFFFFFFFFFFFFFFFFFFFFFFFFFFE4
:107CB000FFFFFFFFFFFFFFFFFFFFFFFFFFFFFFFFD4
:107CC000FFFFFFFFFFFFFFFFFFFFFFFFFFFFFFFFC4
:107CD000FFFFFFFFFFFFFFFFFFFFFFFFFFFFFFFFB4
:107CE000FFFFFFFFFFFFFFFFFFFFFFFFFFFFFFFFA4
:107CF000FFFFFFFFFFFFFFFFFFFFFFFFFFFFFFFF94
:107D0000FFFFFFFFFFFFFFFFFFFFFFFFFFFFFFFF83
:107D1000FFFFFFFFFFFFFFFFFFFFFFFFFFFFFFFF73
:107D2000FFFFFFFFFFFFFFFFFFFFFFFFFFFFFFFF63
:107D3000FFFFFFFFFFFFFFFFFFFFFFFFFFFFFFFF53
:107D4000FFFFFFFFFFFFFFFFFFFFFFFFFFFFFFFF43
:107D5000FFFFFFFFFFFFFFFFFFFFFFFFFFFFFFFF33
:107D6000FFFFFFFFFFFFFFFFFFFFFFFFFFFFFFFF23
:107D7000FFFFFFFFFFFFFFFFFFFFFFFFFFFFFFFF13
:107D8000FFFFFFFFFFFFFFFFFFFFFFFFFFFFFFFF03
:107D9000FFFFFFFFFFFFFFFFFFFFFFFFFFFFFFFFF3
:107DA000FFFFFFFFFFFFFFFFFFFFFFFFFFFFFFFFE3
:107DB000FFFFFFFFFFFFFFFFFFFFFFFFFFFFFFFFD3
:107DC000FFFFFFFFFFFFFFFFFFFFFFFFFFFFFFFFC3
:107DD000FFFFFFFFFFFFFFFFFFFFFFFFFFFFFFFFB3
:107DE000FFFFFFFFFFFFFFFFFFFFFFFFFFFFFFFFA3
:107DF000FFFFFFFFFFFFFFFFFFFFFFFFFFFFFFFF93
:107E0000FFFFFFFFFFFFFFFFFFFFFFFFFFFFFFFF82
:107E1000FFFFFFFFFFFFFFFFFFFFFFFFFFFFFFFF72
:107E2000FFFFFFFFFFFFFFFFFFFFFFFFFFFFFFFF62
:107E3000FFFFFFFFFFFFFFFFFFFFFFFFFFFFFFFF52
:107E4000FFFFFFFFFFFFFFFFFFFFFFFFFFFFFFFF42
:107E5000FFFFFFFFFFFFFFFFFFFFFFFFFFFFFFFF32
:107E6000FFFFFFFFFFFFFFFFFFFFFFFFFFFFFFFF22
:107E7000FFFFFFFFFFFFFFFFFFFFFFFFFFFFFFFF12
:107E8000FFFFFFFFFFFFFFFFFFFFFFFFFFFFFFFF02
:107E9000FFFFFFFFFFFFFFFFFFFFFFFFFFFFFFFFF2
:107EA000FFFFFFFFFFFFFFFFFFFFFFFFFFFFFFFFE2
:107EB000FFFFFFFFFFFFFFFFFFFFFFFFFFFFFFFFD2
:107EC000FFFFFFFFFFFFFFFFFFFFFFFFFFFFFFFFC2
:107ED000FFFFFFFFFFFFFFFFFFFFFFFFFFFFFFFFB2
:107EE000FFFFFFFFFFFFFFFFFFFFFFFFFFFFFFFFA2
:107EF000FFFFFFFFFFFFFFFFFFFFFFFFFFFFFFFF92
:107F0000FFFFFFFFFFFFFFFFFFFFFFFFFFFFFFFF81
:107F1000FFFFFFFFFFFFFFFFFFFFFFFFFFFFFFFF71
:107F2000FFFFFFFFFFFFFFFFFFFFFFFFFFFFFFFF61
:107F3000FFFFFFFFFFFFFFFFFFFFFFFFFFFFFFFF51
:107F4000FFFFFFFFFFFFFFFFFFFFFFFFFFFFFFFF41
:107F5000FFFFFFFFFFFFFFFFFFFFFFFFFFFFFFFF31
:107F6000FFFFFFFFFFFFFFFFFFFFFFFFFFFFFFFF21
:107F7000FFFFFFFFFFFFFFFFFFFFFFFFFFFFFFFF11
:107F8000FFFFFFFFFFFFFFFFFFFFFFFFFFFFFFFF01
:107F9000FFFFFFFFFFFFFFFFFFFFFFFFFFFFFFFFF1
:107FA000FFFFFFFFFFFFFFFFFFFFFFFFFFFFFFFFE1
:107FB000FFFFFFFFFFFFFFFFFFFFFFFFFFFFFFFFD1
:107FC000FFFFFFFFFFFFFFFFFFFFFFFFFFFFFFFFC1
:107FD000FFFFFFFFFFFFFFFFFFFFFFFFFFFFFFFFB1
:107FE000FFFFFFFFFFFFFFFFFFFFFFFFFFFFFFFFA1
:107FF000FFFFFFFFFFFFFFFFFFFFFFFFFFFFFFFF91
:10800000FFFFFFFFFFFFFFFFFFFFFFFFFFFFFFFF80
:10801000FFFFFFFFFFFFFFFFFFFFFFFFFFFFFFFF70
:10802000FFFFFFFFFFFFFFFFFFFFFFFFFFFFFFFF60
:10803000FFFFFFFFFFFFFFFFFFFFFFFFFFFFFFFF50
:10804000FFFFFFFFFFFFFFFFFFFFFFFFFFFFFFFF40
:10805000FFFFFFFFFFFFFFFFFFFFFFFFFFFFFFFF30
:10806000FFFFFFFFFFFFFFFFFFFFFFFFFFFFFFFF20
:10807000FFFFFFFFFFFFFFFFFFFFFFFFFFFFFFFF10
:10808000FFFFFFFFFFFFFFFFFFFFFFFFFFFFFFFF00
:10809000FFFFFFFFFFFFFFFFFFFFFFFFFFFFFFFFF0
:1080A000FFFFFFFFFFFFFFFFFFFFFFFFFFFFFFFFE0
:1080B000FFFFFFFFFFFFFFFFFFFFFFFFFFFFFFFFD0
:1080C000FFFFFFFFFFFFFFFFFFFFFFFFFFFFFFFFC0
:1080D000FFFFFFFFFFFFFFFFFFFFFFFFFFFFFFFFB0
:1080E000FFFFFFFFFFFFFFFFFFFFFFFFFFFFFFFFA0
:1080F000FFFFFFFFFFFFFFFFFFFFFFFFFFFFFFFF90
:10810000FFFFFFFFFFFFFFFFFFFFFFFFFFFFFFFF7F
:10811000FFFFFFFFFFFFFFFFFFFFFFFFFFFFFFFF6F
:10812000FFFFFFFFFFFFFFFFFFFFFFFFFFFFFFFF5F
:10813000FFFFFFFFFFFFFFFFFFFFFFFFFFFFFFFF4F
:10814000FFFFFFFFFFFFFFFFFFFFFFFFFFFFFFFF3F
:10815000FFFFFFFFFFFFFFFFFFFFFFFFFFFFFFFF2F
:10816000FFFFFFFFFFFFFFFFFFFFFFFFFFFFFFFF1F
:10817000FFFFFFFFFFFFFFFFFFFFFFFFFFFFFFFF0F
:10818000FFFFFFFFFFFFFFFFFFFFFFFFFFFFFFFFFF
:10819000FFFFFFFFFFFFFFFFFFFFFFFFFFFFFFFFEF
:1081A000FFFFFFFFFFFFFFFFFFFFFFFFFFFFFFFFDF
:1081B000FFFFFFFFFFFFFFFFFFFFFFFFFFFFFFFFCF
:1081C000FFFFFFFFFFFFFFFFFFFFFFFFFFFFFFFFBF
:1081D000FFFFFFFFFFFFFFFFFFFFFFFFFFFFFFFFAF
:1081E000FFFFFFFFFFFFFFFFFFFFFFFFFFFFFFFF9F
:1081F000FFFFFFFFFFFFFFFFFFFFFFFFFFFFFFFF8F
:10820000FFFFFFFFFFFFFFFFFFFFFFFFFFFFFFFF7E
:10821000FFFFFFFFFFFFFFFFFFFFFFFFFFFFFFFF6E
:10822000FFFFFFFFFFFFFFFFFFFFFFFFFFFFFFFF5E
:10823000FFFFFFFFFFFFFFFFFFFFFFFFFFFFFFFF4E
:10824000FFFFFFFFFFFFFFFFFFFFFFFFFFFFFFFF3E
:10825000FFFFFFFFFFFFFFFFFFFFFFFFFFFFFFFF2E
:10826000FFFFFFFFFFFFFFFFFFFFFFFFFFFFFFFF1E
:10827000FFFFFFFFFFFFFFFFFFFFFFFFFFFFFFFF0E
:10828000FFFFFFFFFFFFFFFFFFFFFFFFFFFFFFFFFE
:10829000FFFFFFFFFFFFFFFFFFFFFFFFFFFFFFFFEE
:1082A000FFFFFFFFFFFFFFFFFFFFFFFFFFFFFFFFDE
:1082B000FFFFFFFFFFFFFFFFFFFFFFFFFFFFFFFFCE
:1082C000FFFFFFFFFFFFFFFFFFFFFFFFFFFFFFFFBE
:1082D000FFFFFFFFFFFFFFFFFFFFFFFFFFFFFFFFAE
:1082E000FFFFFFFFFFFFFFFFFFFFFFFFFFFFFFFF9E
:1082F000FFFFFFFFFFFFFFFFFFFFFFFFFFFFFFFF8E
:10830000FFFFFFFFFFFFFFFFFFFFFFFFFFFFFFFF7D
:10831000FFFFFFFFFFFFFFFFFFFFFFFFFFFFFFFF6D
:10832000FFFFFFFFFFFFFFFFFFFFFFFFFFFFFFFF5D
:10833000FFFFFFFFFFFFFFFFFFFFFFFFFFFFFFFF4D
:10834000FFFFFFFFFFFFFFFFFFFFFFFFFFFFFFFF3D
:10835000FFFFFFFFFFFFFFFFFFFFFFFFFFFFFFFF2D
:10836000FFFFFFFFFFFFFFFFFFFFFFFFFFFFFFFF1D
:10837000FFFFFFFFFFFFFFFFFFFFFFFFFFFFFFFF0D
:10838000FFFFFFFFFFFFFFFFFFFFFFFFFFFFFFFFFD
:10839000FFFFFFFFFFFFFFFFFFFFFFFFFFFFFFFFED
:1083A000FFFFFFFFFFFFFFFFFFFFFFFFFFFFFFFFDD
:1083B000FFFFFFFFFFFFFFFFFFFFFFFFFFFFFFFFCD
:1083C000FFFFFFFFFFFFFFFFFFFFFFFFFFFFFFFFBD
:1083D000FFFFFFFFFFFFFFFFFFFFFFFFFFFFFFFFAD
:1083E000FFFFFFFFFFFFFFFFFFFFFFFFFFFFFFFF9D
:1083F000FFFFFFFFFFFFFFFFFFFFFFFFFFFFFFFF8D
:10840000FFFFFFFFFFFFFFFFFFFFFFFFFFFFFFFF7C
:10841000FFFFFFFFFFFFFFFFFFFFFFFFFFFFFFFF6C
:10842000FFFFFFFFFFFFFFFFFFFFFFFFFFFFFFFF5C
:10843000FFFFFFFFFFFFFFFFFFFFFFFFFFFFFFFF4C
:10844000FFFFFFFFFFFFFFFFFFFFFFFFFFFFFFFF3C
:10845000FFFFFFFFFFFFFFFFFFFFFFFFFFFFFFFF2C
:10846000FFFFFFFFFFFFFFFFFFFFFFFFFFFFFFFF1C
:10847000FFFFFFFFFFFFFFFFFFFFFFFFFFFFFFFF0C
:10848000FFFFFFFFFFFFFFFFFFFFFFFFFFFFFFFFFC
:10849000FFFFFFFFFFFFFFFFFFFFFFFFFFFFFFFFEC
:1084A000FFFFFFFFFFFFFFFFFFFFFFFFFFFFFFFFDC
:1084B000FFFFFFFFFFFFFFFFFFFFFFFFFFFFFFFFCC
:1084C000FFFFFFFFFFFFFFFFFFFFFFFFFFFFFFFFBC
:1084D000FFFFFFFFFFFFFFFFFFFFFFFFFFFFFFFFAC
:1084E000FFFFFFFFFFFFFFFFFFFFFFFFFFFFFFFF9C
:1084F000FFFFFFFFFFFFFFFFFFFFFFFFFFFFFFFF8C
:10850000FFFFFFFFFFFFFFFFFFFFFFFFFFFFFFFF7B
:10851000FFFFFFFFFFFFFFFFFFFFFFFFFFFFFFFF6B
:10852000FFFFFFFFFFFFFFFFFFFFFFFFFFFFFFFF5B
:10853000FFFFFFFFFFFFFFFFFFFFFFFFFFFFFFFF4B
:10854000FFFFFFFFFFFFFFFFFFFFFFFFFFFFFFFF3B
:10855000FFFFFFFFFFFFFFFFFFFFFFFFFFFFFFFF2B
:10856000FFFFFFFFFFFFFFFFFFFFFFFFFFFFFFFF1B
:10857000FFFFFFFFFFFFFFFFFFFFFFFFFFFFFFFF0B
:10858000FFFFFFFFFFFFFFFFFFFFFFFFFFFFFFFFFB
:10859000FFFFFFFFFFFFFFFFFFFFFFFFFFFFFFFFEB
:1085A000FFFFFFFFFFFFFFFFFFFFFFFFFFFFFFFFDB
:1085B000FFFFFFFFFFFFFFFFFFFFFFFFFFFFFFFFCB
:1085C000FFFFFFFFFFFFFFFFFFFFFFFFFFFFFFFFBB
:1085D000FFFFFFFFFFFFFFFFFFFFFFFFFFFFFFFFAB
:1085E000FFFFFFFFFFFFFFFFFFFFFFFFFFFFFFFF9B
:1085F000FFFFFFFFFFFFFFFFFFFFFFFFFFFFFFFF8B
:10860000FFFFFFFFFFFFFFFFFFFFFFFFFFFFFFFF7A
:10861000FFFFFFFFFFFFFFFFFFFFFFFFFFFFFFFF6A
:10862000FFFFFFFFFFFFFFFFFFFFFFFFFFFFFFFF5A
:10863000FFFFFFFFFFFFFFFFFFFFFFFFFFFFFFFF4A
:10864000FFFFFFFFFFFFFFFFFFFFFFFFFFFFFFFF3A
:10865000FFFFFFFFFFFFFFFFFFFFFFFFFFFFFFFF2A
:10866000FFFFFFFFFFFFFFFFFFFFFFFFFFFFFFFF1A
:10867000FFFFFFFFFFFFFFFFFFFFFFFFFFFFFFFF0A
:10868000FFFFFFFFFFFFFFFFFFFFFFFFFFFFFFFFFA
:10869000FFFFFFFFFFFFFFFFFFFFFFFFFFFFFFFFEA
:1086A000FFFFFFFFFFFFFFFFFFFFFFFFFFFFFFFFDA
:1086B000FFFFFFFFFFFFFFFFFFFFFFFFFFFFFFFFCA
:1086C000FFFFFFFFFFFFFFFFFFFFFFFFFFFFFFFFBA
:1086D000FFFFFFFFFFFFFFFFFFFFFFFFFFFFFFFFAA
:1086E000FFFFFFFFFFFFFFFFFFFFFFFFFFFFFFFF9A
:1086F000FFFFFFFFFFFFFFFFFFFFFFFFFFFFFFFF8A
:10870000FFFFFFFFFFFFFFFFFFFFFFFFFFFFFFFF79
:10871000FFFFFFFFFFFFFFFFFFFFFFFFFFFFFFFF69
:10872000FFFFFFFFFFFFFFFFFFFFFFFFFFFFFFFF59
:10873000FFFFFFFFFFFFFFFFFFFFFFFFFFFFFFFF49
:10874000FFFFFFFFFFFFFFFFFFFFFFFFFFFFFFFF39
:10875000FFFFFFFFFFFFFFFFFFFFFFFFFFFFFFFF29
:10876000FFFFFFFFFFFFFFFFFFFFFFFFFFFFFFFF19
:10877000FFFFFFFFFFFFFFFFFFFFFFFFFFFFFFFF09
:10878000FFFFFFFFFFFFFFFFFFFFFFFFFFFFFFFFF9
:10879000FFFFFFFFFFFFFFFFFFFFFFFFFFFFFFFFE9
:1087A000FFFFFFFFFFFFFFFFFFFFFFFFFFFFFFFFD9
:1087B000FFFFFFFFFFFFFFFFFFFFFFFFFFFFFFFFC9
:1087C000FFFFFFFFFFFFFFFFFFFFFFFFFFFFFFFFB9
:1087D000FFFFFFFFFFFFFFFFFFFFFFFFFFFFFFFFA9
:1087E000FFFFFFFFFFFFFFFFFFFFFFFFFFFFFFFF99
:1087F000FFFFFFFFFFFFFFFFFFFFFFFFFFFFFFFF89
:10880000FFFFFFFFFFFFFFFFFFFFFFFFFFFFFFFF78
:10881000FFFFFFFFFFFFFFFFFFFFFFFFFFFFFFFF68
:10882000FFFFFFFFFFFFFFFFFFFFFFFFFFFFFFFF58
:10883000FFFFFFFFFFFFFFFFFFFFFFFFFFFFFFFF48
:10884000FFFFFFFFFFFFFFFFFFFFFFFFFFFFFFFF38
:10885000FFFFFFFFFFFFFFFFFFFFFFFFFFFFFFFF28
:10886000FFFFFFFFFFFFFFFFFFFFFFFFFFFFFFFF18
:10887000FFFFFFFFFFFFFFFFFFFFFFFFFFFFFFFF08
:10888000FFFFFFFFFFFFFFFFFFFFFFFFFFFFFFFFF8
:10889000FFFFFFFFFFFFFFFFFFFFFFFFFFFFFFFFE8
:1088A000FFFFFFFFFFFFFFFFFFFFFFFFFFFFFFFFD8
:1088B000FFFFFFFFFFFFFFFFFFFFFFFFFFFFFFFFC8
:1088C000FFFFFFFFFFFFFFFFFFFFFFFFFFFFFFFFB8
:1088D000FFFFFFFFFFFFFFFFFFFFFFFFFFFFFFFFA8
:1088E000FFFFFFFFFFFFFFFFFFFFFFFFFFFFFFFF98
:1088F000FFFFFFFFFFFFFFFFFFFFFFFFFFFFFFFF88
:10890000FFFFFFFFFFFFFFFFFFFFFFFFFFFFFFFF77
:10891000FFFFFFFFFFFFFFFFFFFFFFFFFFFFFFFF67
:10892000FFFFFFFFFFFFFFFFFFFFFFFFFFFFFFFF57
:10893000FFFFFFFFFFFFFFFFFFFFFFFFFFFFFFFF47
:10894000FFFFFFFFFFFFFFFFFFFFFFFFFFFFFFFF37
:10895000FFFFFFFFFFFFFFFFFFFFFFFFFFFFFFFF27
:10896000FFFFFFFFFFFFFFFFFFFFFFFFFFFFFFFF17
:10897000FFFFFFFFFFFFFFFFFFFFFFFFFFFFFFFF07
:10898000FFFFFFFFFFFFFFFFFFFFFFFFFFFFFFFFF7
:10899000FFFFFFFFFFFFFFFFFFFFFFFFFFFFFFFFE7
:1089A000FFFFFFFFFFFFFFFFFFFFFFFFFFFFFFFFD7
:1089B000FFFFFFFFFFFFFFFFFFFFFFFFFFFFFFFFC7
:1089C000FFFFFFFFFFFFFFFFFFFFFFFFFFFFFFFFB7
:1089D000FFFFFFFFFFFFFFFFFFFFFFFFFFFFFFFFA7
:1089E000FFFFFFFFFFFFFFFFFFFFFFFFFFFFFFFF97
:1089F000FFFFFFFFFFFFFFFFFFFFFFFFFFFFFFFF87
:108A0000FFFFFFFFFFFFFFFFFFFFFFFFFFFFFFFF76
:108A1000FFFFFFFFFFFFFFFFFFFFFFFFFFFFFFFF66
:108A2000FFFFFFFFFFFFFFFFFFFFFFFFFFFFFFFF56
:108A3000FFFFFFFFFFFFFFFFFFFFFFFFFFFFFFFF46
:108A4000FFFFFFFFFFFFFFFFFFFFFFFFFFFFFFFF36
:108A5000FFFFFFFFFFFFFFFFFFFFFFFFFFFFFFFF26
:108A6000FFFFFFFFFFFFFFFFFFFFFFFFFFFFFFFF16
:108A7000FFFFFFFFFFFFFFFFFFFFFFFFFFFFFFFF06
:108A8000FFFFFFFFFFFFFFFFFFFFFFFFFFFFFFFFF6
:108A9000FFFFFFFFFFFFFFFFFFFFFFFFFFFFFFFFE6
:108AA000FFFFFFFFFFFFFFFFFFFFFFFFFFFFFFFFD6
:108AB000FFFFFFFFFFFFFFFFFFFFFFFFFFFFFFFFC6
:108AC000FFFFFFFFFFFFFFFFFFFFFFFFFFFFFFFFB6
:108AD000FFFFFFFFFFFFFFFFFFFFFFFFFFFFFFFFA6
:108AE000FFFFFFFFFFFFFFFFFFFFFFFFFFFFFFFF96
:108AF000FFFFFFFFFFFFFFFFFFFFFFFFFFFFFFFF86
:108B0000FFFFFFFFFFFFFFFFFFFFFFFFFFFFFFFF75
:108B1000FFFFFFFFFFFFFFFFFFFFFFFFFFFFFFFF65
:108B2000FFFFFFFFFFFFFFFFFFFFFFFFFFFFFFFF55
:108B3000FFFFFFFFFFFFFFFFFFFFFFFFFFFFFFFF45
:108B4000FFFFFFFFFFFFFFFFFFFFFFFFFFFFFFFF35
:108B5000FFFFFFFFFFFFFFFFFFFFFFFFFFFFFFFF25
:108B6000FFFFFFFFFFFFFFFFFFFFFFFFFFFFFFFF15
:108B7000FFFFFFFFFFFFFFFFFFFFFFFFFFFFFFFF05
:108B8000FFFFFFFFFFFFFFFFFFFFFFFFFFFFFFFFF5
:108B9000FFFFFFFFFFFFFFFFFFFFFFFFFFFFFFFFE5
:108BA000FFFFFFFFFFFFFFFFFFFFFFFFFFFFFFFFD5
:108BB000FFFFFFFFFFFFFFFFFFFFFFFFFFFFFFFFC5
:108BC000FFFFFFFFFFFFFFFFFFFFFFFFFFFFFFFFB5
:108BD000FFFFFFFFFFFFFFFFFFFFFFFFFFFFFFFFA5
:108BE000FFFFFFFFFFFFFFFFFFFFFFFFFFFFFFFF95
:108BF000FFFFFFFFFFFFFFFFFFFFFFFFFFFFFFFF85
:108C0000FFFFFFFFFFFFFFFFFFFFFFFFFFFFFFFF74
:108C1000FFFFFFFFFFFFFFFFFFFFFFFFFFFFFFFF64
:108C2000FFFFFFFFFFFFFFFFFFFFFFFFFFFFFFFF54
:108C3000FFFFFFFFFFFFFFFFFFFFFFFFFFFFFFFF44
:108C4000FFFFFFFFFFFFFFFFFFFFFFFFFFFFFFFF34
:108C5000FFFFFFFFFFFFFFFFFFFFFFFFFFFFFFFF24
:108C6000FFFFFFFFFFFFFFFFFFFFFFFFFFFFFFFF14
:108C7000FFFFFFFFFFFFFFFFFFFFFFFFFFFFFFFF04
:108C8000FFFFFFFFFFFFFFFFFFFFFFFFFFFFFFFFF4
:108C9000FFFFFFFFFFFFFFFFFFFFFFFFFFFFFFFFE4
:108CA000FFFFFFFFFFFFFFFFFFFFFFFFFFFFFFFFD4
:108CB000FFFFFFFFFFFFFFFFFFFFFFFFFFFFFFFFC4
:108CC000FFFFFFFFFFFFFFFFFFFFFFFFFFFFFFFFB4
:108CD000FFFFFFFFFFFFFFFFFFFFFFFFFFFFFFFFA4
:108CE000FFFFFFFFFFFFFFFFFFFFFFFFFFFFFFFF94
:108CF000FFFFFFFFFFFFFFFFFFFFFFFFFFFFFFFF84
:108D0000FFFFFFFFFFFFFFFFFFFFFFFFFFFFFFFF73
:108D1000FFFFFFFFFFFFFFFFFFFFFFFFFFFFFFFF63
:108D2000FFFFFFFFFFFFFFFFFFFFFFFFFFFFFFFF53
:108D3000FFFFFFFFFFFFFFFFFFFFFFFFFFFFFFFF43
:108D4000FFFFFFFFFFFFFFFFFFFFFFFFFFFFFFFF33
:108D5000FFFFFFFFFFFFFFFFFFFFFFFFFFFFFFFF23
:108D6000FFFFFFFFFFFFFFFFFFFFFFFFFFFFFFFF13
:108D7000FFFFFFFFFFFFFFFFFFFFFFFFFFFFFFFF03
:108D8000FFFFFFFFFFFFFFFFFFFFFFFFFFFFFFFFF3
:108D9000FFFFFFFFFFFFFFFFFFFFFFFFFFFFFFFFE3
:108DA000FFFFFFFFFFFFFFFFFFFFFFFFFFFFFFFFD3
:108DB000FFFFFFFFFFFFFFFFFFFFFFFFFFFFFFFFC3
:108DC000FFFFFFFFFFFFFFFFFFFFFFFFFFFFFFFFB3
:108DD000FFFFFFFFFFFFFFFFFFFFFFFFFFFFFFFFA3
:108DE000FFFFFFFFFFFFFFFFFFFFFFFFFFFFFFFF93
:108DF000FFFFFFFFFFFFFFFFFFFFFFFFFFFFFFFF83
:108E0000FFFFFFFFFFFFFFFFFFFFFFFFFFFFFFFF72
:108E1000FFFFFFFFFFFFFFFFFFFFFFFFFFFFFFFF62
:108E2000FFFFFFFFFFFFFFFFFFFFFFFFFFFFFFFF52
:108E3000FFFFFFFFFFFFFFFFFFFFFFFFFFFFFFFF42
:108E4000FFFFFFFFFFFFFFFFFFFFFFFFFFFFFFFF32
:108E5000FFFFFFFFFFFFFFFFFFFFFFFFFFFFFFFF22
:108E6000FFFFFFFFFFFFFFFFFFFFFFFFFFFFFFFF12
:108E7000FFFFFFFFFFFFFFFFFFFFFFFFFFFFFFFF02
:108E8000FFFFFFFFFFFFFFFFFFFFFFFFFFFFFFFFF2
:108E9000FFFFFFFFFFFFFFFFFFFFFFFFFFFFFFFFE2
:108EA000FFFFFFFFFFFFFFFFFFFFFFFFFFFFFFFFD2
:108EB000FFFFFFFFFFFFFFFFFFFFFFFFFFFFFFFFC2
:108EC000FFFFFFFFFFFFFFFFFFFFFFFFFFFFFFFFB2
:108ED000FFFFFFFFFFFFFFFFFFFFFFFFFFFFFFFFA2
:108EE000FFFFFFFFFFFFFFFFFFFFFFFFFFFFFFFF92
:108EF000FFFFFFFFFFFFFFFFFFFFFFFFFFFFFFFF82
:108F0000FFFFFFFFFFFFFFFFFFFFFFFFFFFFFFFF71
:108F1000FFFFFFFFFFFFFFFFFFFFFFFFFFFFFFFF61
:108F2000FFFFFFFFFFFFFFFFFFFFFFFFFFFFFFFF51
:108F3000FFFFFFFFFFFFFFFFFFFFFFFFFFFFFFFF41
:108F4000FFFFFFFFFFFFFFFFFFFFFFFFFFFFFFFF31
:108F5000FFFFFFFFFFFFFFFFFFFFFFFFFFFFFFFF21
:108F6000FFFFFFFFFFFFFFFFFFFFFFFFFFFFFFFF11
:108F7000FFFFFFFFFFFFFFFFFFFFFFFFFFFFFFFF01
:108F8000FFFFFFFFFFFFFFFFFFFFFFFFFFFFFFFFF1
:108F9000FFFFFFFFFFFFFFFFFFFFFFFFFFFFFFFFE1
:108FA000FFFFFFFFFFFFFFFFFFFFFFFFFFFFFFFFD1
:108FB000FFFFFFFFFFFFFFFFFFFFFFFFFFFFFFFFC1
:108FC000FFFFFFFFFFFFFFFFFFFFFFFFFFFFFFFFB1
:108FD000FFFFFFFFFFFFFFFFFFFFFFFFFFFFFFFFA1
:108FE000FFFFFFFFFFFFFFFFFFFFFFFFFFFFFFFF91
:108FF000FFFFFFFFFFFFFFFFFFFFFFFFFFFFFFFF81
:10900000FFFFFFFFFFFFFFFFFFFFFFFFFFFFFFFF70
:10901000FFFFFFFFFFFFFFFFFFFFFFFFFFFFFFFF60
:10902000FFFFFFFFFFFFFFFFFFFFFFFFFFFFFFFF50
:10903000FFFFFFFFFFFFFFFFFFFFFFFFFFFFFFFF40
:10904000FFFFFFFFFFFFFFFFFFFFFFFFFFFFFFFF30
:10905000FFFFFFFFFFFFFFFFFFFFFFFFFFFFFFFF20
:10906000FFFFFFFFFFFFFFFFFFFFFFFFFFFFFFFF10
:10907000FFFFFFFFFFFFFFFFFFFFFFFFFFFFFFFF00
:10908000FFFFFFFFFFFFFFFFFFFFFFFFFFFFFFFFF0
:10909000FFFFFFFFFFFFFFFFFFFFFFFFFFFFFFFFE0
:1090A000FFFFFFFFFFFFFFFFFFFFFFFFFFFFFFFFD0
:1090B000FFFFFFFFFFFFFFFFFFFFFFFFFFFFFFFFC0
:1090C000FFFFFFFFFFFFFFFFFFFFFFFFFFFFFFFFB0
:1090D000FFFFFFFFFFFFFFFFFFFFFFFFFFFFFFFFA0
:1090E000FFFFFFFFFFFFFFFFFFFFFFFFFFFFFFFF90
:1090F000FFFFFFFFFFFFFFFFFFFFFFFFFFFFFFFF80
:10910000FFFFFFFFFFFFFFFFFFFFFFFFFFFFFFFF6F
:10911000FFFFFFFFFFFFFFFFFFFFFFFFFFFFFFFF5F
:10912000FFFFFFFFFFFFFFFFFFFFFFFFFFFFFFFF4F
:10913000FFFFFFFFFFFFFFFFFFFFFFFFFFFFFFFF3F
:10914000FFFFFFFFFFFFFFFFFFFFFFFFFFFFFFFF2F
:10915000FFFFFFFFFFFFFFFFFFFFFFFFFFFFFFFF1F
:10916000FFFFFFFFFFFFFFFFFFFFFFFFFFFFFFFF0F
:10917000FFFFFFFFFFFFFFFFFFFFFFFFFFFFFFFFFF
:10918000FFFFFFFFFFFFFFFFFFFFFFFFFFFFFFFFEF
:10919000FFFFFFFFFFFFFFFFFFFFFFFFFFFFFFFFDF
:1091A000FFFFFFFFFFFFFFFFFFFFFFFFFFFFFFFFCF
:1091B000FFFFFFFFFFFFFFFFFFFFFFFFFFFFFFFFBF
:1091C000FFFFFFFFFFFFFFFFFFFFFFFFFFFFFFFFAF
:1091D000FFFFFFFFFFFFFFFFFFFFFFFFFFFFFFFF9F
:1091E000FFFFFFFFFFFFFFFFFFFFFFFFFFFFFFFF8F
:1091F000FFFFFFFFFFFFFFFFFFFFFFFFFFFFFFFF7F
:10920000FFFFFFFFFFFFFFFFFFFFFFFFFFFFFFFF6E
:10921000FFFFFFFFFFFFFFFFFFFFFFFFFFFFFFFF5E
:10922000FFFFFFFFFFFFFFFFFFFFFFFFFFFFFFFF4E
:10923000FFFFFFFFFFFFFFFFFFFFFFFFFFFFFFFF3E
:10924000FFFFFFFFFFFFFFFFFFFFFFFFFFFFFFFF2E
:10925000FFFFFFFFFFFFFFFFFFFFFFFFFFFFFFFF1E
:10926000FFFFFFFFFFFFFFFFFFFFFFFFFFFFFFFF0E
:10927000FFFFFFFFFFFFFFFFFFFFFFFFFFFFFFFFFE
:10928000FFFFFFFFFFFFFFFFFFFFFFFFFFFFFFFFEE
:10929000FFFFFFFFFFFFFFFFFFFFFFFFFFFFFFFFDE
:1092A000FFFFFFFFFFFFFFFFFFFFFFFFFFFFFFFFCE
:1092B000FFFFFFFFFFFFFFFFFFFFFFFFFFFFFFFFBE
:1092C000FFFFFFFFFFFFFFFFFFFFFFFFFFFFFFFFAE
:1092D000FFFFFFFFFFFFFFFFFFFFFFFFFFFFFFFF9E
:1092E000FFFFFFFFFFFFFFFFFFFFFFFFFFFFFFFF8E
:1092F000FFFFFFFFFFFFFFFFFFFFFFFFFFFFFFFF7E
:10930000FFFFFFFFFFFFFFFFFFFFFFFFFFFFFFFF6D
:10931000FFFFFFFFFFFFFFFFFFFFFFFFFFFFFFFF5D
:10932000FFFFFFFFFFFFFFFFFFFFFFFFFFFFFFFF4D
:10933000FFFFFFFFFFFFFFFFFFFFFFFFFFFFFFFF3D
:10934000FFFFFFFFFFFFFFFFFFFFFFFFFFFFFFFF2D
:10935000FFFFFFFFFFFFFFFFFFFFFFFFFFFFFFFF1D
:10936000FFFFFFFFFFFFFFFFFFFFFFFFFFFFFFFF0D
:10937000FFFFFFFFFFFFFFFFFFFFFFFFFFFFFFFFFD
:10938000FFFFFFFFFFFFFFFFFFFFFFFFFFFFFFFFED
:10939000FFFFFFFFFFFFFFFFFFFFFFFFFFFFFFFFDD
:1093A000FFFFFFFFFFFFFFFFFFFFFFFFFFFFFFFFCD
:1093B000FFFFFFFFFFFFFFFFFFFFFFFFFFFFFFFFBD
:1093C000FFFFFFFFFFFFFFFFFFFFFFFFFFFFFFFFAD
:1093D000FFFFFFFFFFFFFFFFFFFFFFFFFFFFFFFF9D
:1093E000FFFFFFFFFFFFFFFFFFFFFFFFFFFFFFFF8D
:1093F000FFFFFFFFFFFFFFFFFFFFFFFFFFFFFFFF7D
:10940000FFFFFFFFFFFFFFFFFFFFFFFFFFFFFFFF6C
:10941000FFFFFFFFFFFFFFFFFFFFFFFFFFFFFFFF5C
:10942000FFFFFFFFFFFFFFFFFFFFFFFFFFFFFFFF4C
:10943000FFFFFFFFFFFFFFFFFFFFFFFFFFFFFFFF3C
:10944000FFFFFFFFFFFFFFFFFFFFFFFFFFFFFFFF2C
:10945000FFFFFFFFFFFFFFFFFFFFFFFFFFFFFFFF1C
:10946000FFFFFFFFFFFFFFFFFFFFFFFFFFFFFFFF0C
:10947000FFFFFFFFFFFFFFFFFFFFFFFFFFFFFFFFFC
:10948000FFFFFFFFFFFFFFFFFFFFFFFFFFFFFFFFEC
:10949000FFFFFFFFFFFFFFFFFFFFFFFFFFFFFFFFDC
:1094A000FFFFFFFFFFFFFFFFFFFFFFFFFFFFFFFFCC
:1094B000FFFFFFFFFFFFFFFFFFFFFFFFFFFFFFFFBC
:1094C000FFFFFFFFFFFFFFFFFFFFFFFFFFFFFFFFAC
:1094D000FFFFFFFFFFFFFFFFFFFFFFFFFFFFFFFF9C
:1094E000FFFFFFFFFFFFFFFFFFFFFFFFFFFFFFFF8C
:1094F000FFFFFFFFFFFFFFFFFFFFFFFFFFFFFFFF7C
:10950000FFFFFFFFFFFFFFFFFFFFFFFFFFFFFFFF6B
:10951000FFFFFFFFFFFFFFFFFFFFFFFFFFFFFFFF5B
:10952000FFFFFFFFFFFFFFFFFFFFFFFFFFFFFFFF4B
:10953000FFFFFFFFFFFFFFFFFFFFFFFFFFFFFFFF3B
:10954000FFFFFFFFFFFFFFFFFFFFFFFFFFFFFFFF2B
:10955000FFFFFFFFFFFFFFFFFFFFFFFFFFFFFFFF1B
:10956000FFFFFFFFFFFFFFFFFFFFFFFFFFFFFFFF0B
:10957000FFFFFFFFFFFFFFFFFFFFFFFFFFFFFFFFFB
:10958000FFFFFFFFFFFFFFFFFFFFFFFFFFFFFFFFEB
:10959000FFFFFFFFFFFFFFFFFFFFFFFFFFFFFFFFDB
:1095A000FFFFFFFFFFFFFFFFFFFFFFFFFFFFFFFFCB
:1095B000FFFFFFFFFFFFFFFFFFFFFFFFFFFFFFFFBB
:1095C000FFFFFFFFFFFFFFFFFFFFFFFFFFFFFFFFAB
:1095D000FFFFFFFFFFFFFFFFFFFFFFFFFFFFFFFF9B
:1095E000FFFFFFFFFFFFFFFFFFFFFFFFFFFFFFFF8B
:1095F000FFFFFFFFFFFFFFFFFFFFFFFFFFFFFFFF7B
:10960000FFFFFFFFFFFFFFFFFFFFFFFFFFFFFFFF6A
:10961000FFFFFFFFFFFFFFFFFFFFFFFFFFFFFFFF5A
:10962000FFFFFFFFFFFFFFFFFFFFFFFFFFFFFFFF4A
:10963000FFFFFFFFFFFFFFFFFFFFFFFFFFFFFFFF3A
:10964000FFFFFFFFFFFFFFFFFFFFFFFFFFFFFFFF2A
:10965000FFFFFFFFFFFFFFFFFFFFFFFFFFFFFFFF1A
:10966000FFFFFFFFFFFFFFFFFFFFFFFFFFFFFFFF0A
:10967000FFFFFFFFFFFFFFFFFFFFFFFFFFFFFFFFFA
:10968000FFFFFFFFFFFFFFFFFFFFFFFFFFFFFFFFEA
:10969000FFFFFFFFFFFFFFFFFFFFFFFFFFFFFFFFDA
:1096A000FFFFFFFFFFFFFFFFFFFFFFFFFFFFFFFFCA
:1096B000FFFFFFFFFFFFFFFFFFFFFFFFFFFFFFFFBA
:1096C000FFFFFFFFFFFFFFFFFFFFFFFFFFFFFFFFAA
:1096D000FFFFFFFFFFFFFFFFFFFFFFFFFFFFFFFF9A
:1096E000FFFFFFFFFFFFFFFFFFFFFFFFFFFFFFFF8A
:1096F000FFFFFFFFFFFFFFFFFFFFFFFFFFFFFFFF7A
:10970000FFFFFFFFFFFFFFFFFFFFFFFFFFFFFFFF69
:10971000FFFFFFFFFFFFFFFFFFFFFFFFFFFFFFFF59
:10972000FFFFFFFFFFFFFFFFFFFFFFFFFFFFFFFF49
:10973000FFFFFFFFFFFFFFFFFFFFFFFFFFFFFFFF39
:10974000FFFFFFFFFFFFFFFFFFFFFFFFFFFFFFFF29
:10975000FFFFFFFFFFFFFFFFFFFFFFFFFFFFFFFF19
:10976000FFFFFFFFFFFFFFFFFFFFFFFFFFFFFFFF09
:10977000FFFFFFFFFFFFFFFFFFFFFFFFFFFFFFFFF9
:10978000FFFFFFFFFFFFFFFFFFFFFFFFFFFFFFFFE9
:10979000FFFFFFFFFFFFFFFFFFFFFFFFFFFFFFFFD9
:1097A000FFFFFFFFFFFFFFFFFFFFFFFFFFFFFFFFC9
:1097B000FFFFFFFFFFFFFFFFFFFFFFFFFFFFFFFFB9
:1097C000FFFFFFFFFFFFFFFFFFFFFFFFFFFFFFFFA9
:1097D000FFFFFFFFFFFFFFFFFFFFFFFFFFFFFFFF99
:1097E000FFFFFFFFFFFFFFFFFFFFFFFFFFFFFFFF89
:1097F000FFFFFFFFFFFFFFFFFFFFFFFFFFFFFFFF79
:10980000FFFFFFFFFFFFFFFFFFFFFFFFFFFFFFFF68
:10981000FFFFFFFFFFFFFFFFFFFFFFFFFFFFFFFF58
:10982000FFFFFFFFFFFFFFFFFFFFFFFFFFFFFFFF48
:10983000FFFFFFFFFFFFFFFFFFFFFFFFFFFFFFFF38
:10984000FFFFFFFFFFFFFFFFFFFFFFFFFFFFFFFF28
:10985000FFFFFFFFFFFFFFFFFFFFFFFFFFFFFFFF18
:10986000FFFFFFFFFFFFFFFFFFFFFFFFFFFFFFFF08
:10987000FFFFFFFFFFFFFFFFFFFFFFFFFFFFFFFFF8
:10988000FFFFFFFFFFFFFFFFFFFFFFFFFFFFFFFFE8
:10989000FFFFFFFFFFFFFFFFFFFFFFFFFFFFFFFFD8
:1098A000FFFFFFFFFFFFFFFFFFFFFFFFFFFFFFFFC8
:1098B000FFFFFFFFFFFFFFFFFFFFFFFFFFFFFFFFB8
:1098C000FFFFFFFFFFFFFFFFFFFFFFFFFFFFFFFFA8
:1098D000FFFFFFFFFFFFFFFFFFFFFFFFFFFFFFFF98
:1098E000FFFFFFFFFFFFFFFFFFFFFFFFFFFFFFFF88
:1098F000FFFFFFFFFFFFFFFFFFFFFFFFFFFFFFFF78
:10990000FFFFFFFFFFFFFFFFFFFFFFFFFFFFFFFF67
:10991000FFFFFFFFFFFFFFFFFFFFFFFFFFFFFFFF57
:10992000FFFFFFFFFFFFFFFFFFFFFFFFFFFFFFFF47
:10993000FFFFFFFFFFFFFFFFFFFFFFFFFFFFFFFF37
:10994000FFFFFFFFFFFFFFFFFFFFFFFFFFFFFFFF27
:10995000FFFFFFFFFFFFFFFFFFFFFFFFFFFFFFFF17
:10996000FFFFFFFFFFFFFFFFFFFFFFFFFFFFFFFF07
:10997000FFFFFFFFFFFFFFFFFFFFFFFFFFFFFFFFF7
:10998000FFFFFFFFFFFFFFFFFFFFFFFFFFFFFFFFE7
:10999000FFFFFFFFFFFFFFFFFFFFFFFFFFFFFFFFD7
:1099A000FFFFFFFFFFFFFFFFFFFFFFFFFFFFFFFFC7
:1099B000FFFFFFFFFFFFFFFFFFFFFFFFFFFFFFFFB7
:1099C000FFFFFFFFFFFFFFFFFFFFFFFFFFFFFFFFA7
:1099D000FFFFFFFFFFFFFFFFFFFFFFFFFFFFFFFF97
:1099E000FFFFFFFFFFFFFFFFFFFFFFFFFFFFFFFF87
:1099F000FFFFFFFFFFFFFFFFFFFFFFFFFFFFFFFF77
:109A0000FFFFFFFFFFFFFFFFFFFFFFFFFFFFFFFF66
:109A1000FFFFFFFFFFFFFFFFFFFFFFFFFFFFFFFF56
:109A2000FFFFFFFFFFFFFFFFFFFFFFFFFFFFFFFF46
:109A3000FFFFFFFFFFFFFFFFFFFFFFFFFFFFFFFF36
:109A4000FFFFFFFFFFFFFFFFFFFFFFFFFFFFFFFF26
:109A5000FFFFFFFFFFFFFFFFFFFFFFFFFFFFFFFF16
:109A6000FFFFFFFFFFFFFFFFFFFFFFFFFFFFFFFF06
:109A7000FFFFFFFFFFFFFFFFFFFFFFFFFFFFFFFFF6
:109A8000FFFFFFFFFFFFFFFFFFFFFFFFFFFFFFFFE6
:109A9000FFFFFFFFFFFFFFFFFFFFFFFFFFFFFFFFD6
:109AA000FFFFFFFFFFFFFFFFFFFFFFFFFFFFFFFFC6
:109AB000FFFFFFFFFFFFFFFFFFFFFFFFFFFFFFFFB6
:109AC000FFFFFFFFFFFFFFFFFFFFFFFFFFFFFFFFA6
:109AD000FFFFFFFFFFFFFFFFFFFFFFFFFFFFFFFF96
:109AE000FFFFFFFFFFFFFFFFFFFFFFFFFFFFFFFF86
:109AF000FFFFFFFFFFFFFFFFFFFFFFFFFFFFFFFF76
:109B0000FFFFFFFFFFFFFFFFFFFFFFFFFFFFFFFF65
:109B1000FFFFFFFFFFFFFFFFFFFFFFFFFFFFFFFF55
:109B2000FFFFFFFFFFFFFFFFFFFFFFFFFFFFFFFF45
:109B3000FFFFFFFFFFFFFFFFFFFFFFFFFFFFFFFF35
:109B4000FFFFFFFFFFFFFFFFFFFFFFFFFFFFFFFF25
:109B5000FFFFFFFFFFFFFFFFFFFFFFFFFFFFFFFF15
:109B6000FFFFFFFFFFFFFFFFFFFFFFFFFFFFFFFF05
:109B7000FFFFFFFFFFFFFFFFFFFFFFFFFFFFFFFFF5
:109B8000FFFFFFFFFFFFFFFFFFFFFFFFFFFFFFFFE5
:109B9000FFFFFFFFFFFFFFFFFFFFFFFFFFFFFFFFD5
:109BA000FFFFFFFFFFFFFFFFFFFFFFFFFFFFFFFFC5
:109BB000FFFFFFFFFFFFFFFFFFFFFFFFFFFFFFFFB5
:109BC000FFFFFFFFFFFFFFFFFFFFFFFFFFFFFFFFA5
:109BD000FFFFFFFFFFFFFFFFFFFFFFFFFFFFFFFF95
:109BE000FFFFFFFFFFFFFFFFFFFFFFFFFFFFFFFF85
:109BF000FFFFFFFFFFFFFFFFFFFFFFFFFFFFFFFF75
:109C0000FFFFFFFFFFFFFFFFFFFFFFFFFFFFFFFF64
:109C1000FFFFFFFFFFFFFFFFFFFFFFFFFFFFFFFF54
:109C2000FFFFFFFFFFFFFFFFFFFFFFFFFFFFFFFF44
:109C3000FFFFFFFFFFFFFFFFFFFFFFFFFFFFFFFF34
:109C4000FFFFFFFFFFFFFFFFFFFFFFFFFFFFFFFF24
:109C5000FFFFFFFFFFFFFFFFFFFFFFFFFFFFFFFF14
:109C6000FFFFFFFFFFFFFFFFFFFFFFFFFFFFFFFF04
:109C7000FFFFFFFFFFFFFFFFFFFFFFFFFFFFFFFFF4
:109C8000FFFFFFFFFFFFFFFFFFFFFFFFFFFFFFFFE4
:109C9000FFFFFFFFFFFFFFFFFFFFFFFFFFFFFFFFD4
:109CA000FFFFFFFFFFFFFFFFFFFFFFFFFFFFFFFFC4
:109CB000FFFFFFFFFFFFFFFFFFFFFFFFFFFFFFFFB4
:109CC000FFFFFFFFFFFFFFFFFFFFFFFFFFFFFFFFA4
:109CD000FFFFFFFFFFFFFFFFFFFFFFFFFFFFFFFF94
:109CE000FFFFFFFFFFFFFFFFFFFFFFFFFFFFFFFF84
:109CF000FFFFFFFFFFFFFFFFFFFFFFFFFFFFFFFF74
:109D0000FFFFFFFFFFFFFFFFFFFFFFFFFFFFFFFF63
:109D1000FFFFFFFFFFFFFFFFFFFFFFFFFFFFFFFF53
:109D2000FFFFFFFFFFFFFFFFFFFFFFFFFFFFFFFF43
:109D3000FFFFFFFFFFFFFFFFFFFFFFFFFFFFFFFF33
:109D4000FFFFFFFFFFFFFFFFFFFFFFFFFFFFFFFF23
:109D5000FFFFFFFFFFFFFFFFFFFFFFFFFFFFFFFF13
:109D6000FFFFFFFFFFFFFFFFFFFFFFFFFFFFFFFF03
:109D7000FFFFFFFFFFFFFFFFFFFFFFFFFFFFFFFFF3
:109D8000FFFFFFFFFFFFFFFFFFFFFFFFFFFFFFFFE3
:109D9000FFFFFFFFFFFFFFFFFFFFFFFFFFFFFFFFD3
:109DA000FFFFFFFFFFFFFFFFFFFFFFFFFFFFFFFFC3
:109DB000FFFFFFFFFFFFFFFFFFFFFFFFFFFFFFFFB3
:109DC000FFFFFFFFFFFFFFFFFFFFFFFFFFFFFFFFA3
:109DD000FFFFFFFFFFFFFFFFFFFFFFFFFFFFFFFF93
:109DE000FFFFFFFFFFFFFFFFFFFFFFFFFFFFFFFF83
:109DF000FFFFFFFFFFFFFFFFFFFFFFFFFFFFFFFF73
:109E0000FFFFFFFFFFFFFFFFFFFFFFFFFFFFFFFF62
:109E1000FFFFFFFFFFFFFFFFFFFFFFFFFFFFFFFF52
:109E2000FFFFFFFFFFFFFFFFFFFFFFFFFFFFFFFF42
:109E3000FFFFFFFFFFFFFFFFFFFFFFFFFFFFFFFF32
:109E4000FFFFFFFFFFFFFFFFFFFFFFFFFFFFFFFF22
:109E5000FFFFFFFFFFFFFFFFFFFFFFFFFFFFFFFF12
:109E6000FFFFFFFFFFFFFFFFFFFFFFFFFFFFFFFF02
:109E7000FFFFFFFFFFFFFFFFFFFFFFFFFFFFFFFFF2
:109E8000FFFFFFFFFFFFFFFFFFFFFFFFFFFFFFFFE2
:109E9000FFFFFFFFFFFFFFFFFFFFFFFFFFFFFFFFD2
:109EA000FFFFFFFFFFFFFFFFFFFFFFFFFFFFFFFFC2
:109EB000FFFFFFFFFFFFFFFFFFFFFFFFFFFFFFFFB2
:109EC000FFFFFFFFFFFFFFFFFFFFFFFFFFFFFFFFA2
:109ED000FFFFFFFFFFFFFFFFFFFFFFFFFFFFFFFF92
:109EE000FFFFFFFFFFFFFFFFFFFFFFFFFFFFFFFF82
:109EF000FFFFFFFFFFFFFFFFFFFFFFFFFFFFFFFF72
:109F0000FFFFFFFFFFFFFFFFFFFFFFFFFFFFFFFF61
:109F1000FFFFFFFFFFFFFFFFFFFFFFFFFFFFFFFF51
:109F2000FFFFFFFFFFFFFFFFFFFFFFFFFFFFFFFF41
:109F3000FFFFFFFFFFFFFFFFFFFFFFFFFFFFFFFF31
:109F4000FFFFFFFFFFFFFFFFFFFFFFFFFFFFFFFF21
:109F5000FFFFFFFFFFFFFFFFFFFFFFFFFFFFFFFF11
:109F6000FFFFFFFFFFFFFFFFFFFFFFFFFFFFFFFF01
:109F7000FFFFFFFFFFFFFFFFFFFFFFFFFFFFFFFFF1
:109F8000FFFFFFFFFFFFFFFFFFFFFFFFFFFFFFFFE1
:109F9000FFFFFFFFFFFFFFFFFFFFFFFFFFFFFFFFD1
:109FA000FFFFFFFFFFFFFFFFFFFFFFFFFFFFFFFFC1
:109FB000FFFFFFFFFFFFFFFFFFFFFFFFFFFFFFFFB1
:109FC000FFFFFFFFFFFFFFFFFFFFFFFFFFFFFFFFA1
:109FD000FFFFFFFFFFFFFFFFFFFFFFFFFFFFFFFF91
:109FE000FFFFFFFFFFFFFFFFFFFFFFFFFFFFFFFF81
:109FF000FFFFFFFFFFFFFFFFFFFFFFFFFFFFFFFF71
:10A0000000040020ADB10008413701089D36010869
:10A01000093701089D360108D5360108AFB100089F
:10A02000AFB10008AFB10008AFB10008A5990108B1
:10A03000AFB10008AFB10008AFB10008AFB1000880
:10A04000AFB10008AFB10008AFB10008AFB1000870
:10A05000AFB10008AFB1000871CB010899CB01087E
:10A06000C1CB0108E9CB010811CC0108D9A0010836
:10A07000EDA0010801A1010815A1010829A101080D
:10A080003DA1010851A10108AFB100083922010822
:10A090006522010875220108AFB1000839CC01081A
:10A0A00049CD0108AFB10008AFB10008AFB1000859
:10A0B000AFB10008AFB10008AFB10008AFB1000800
:10A0C000AFB100080DA4010841A50108AFB1000817
:10A0D000AFB100080DCD010821CD010835CD010833
:10A0E0009DCC0108AFB10008AFB10008AFB10008C6
:10A0F000AFB10008AFB10008AFB10008AFB10008C0
:10A10000AFB10008AFB10008AFB10008AFB10008AF
:10A11000AFB10008AFB10008AFB10008AFB100089F
:10A1200065A1010879A101088DA10108A1A101087B
:10A13000B5A10108AFB10008AFB10008AFB1000888
:10A14000AFB10008AFB10008AFB10008AFB100086F
:10A15000C9A10108DDA10108AFB10008AFB1000835
:10A16000AFB10008AFB10008AFB10008AFB100084F
:10A17000AFB10008AFB10008AFB10008AFB100083F
:10A18000AFB10008AFB10008AFB10008AFB100082F
:10A19000AFB10008AFB10008AFB10008AFB100081F
:10A1A00049B70008E503010889270108692B010860
:10A1B000D530010879380108FFFFFFFFFFFFFFFFDF
:10A1C00040A2E4F16468910619FD69CFDD2CE495A5
:10A1D00038E20100BFA7B37900002604FFFFFFFFAC
:10A1E000FFFFFFFF81F0004102E000BF83F000436A
:10A1F00030B54FEA41044FEA430594EA050F08BF22
:10A2000090EA020F1FBF54EA000C55EA020C7FEAE5
:10A21000645C7FEA655C00F0E2804FEA5454D4EB62
:10A220005555B8BF6D420CDD2C4480EA020281EA2C
:10A23000030382EA000083EA010180EA020281EA64
:10A240000303362D88BF30BD11F0004F4FEA0131B6
:10A250004FF4801C4CEA113102D0404261EB4101C5
:10A2600013F0004F4FEA03334CEA133302D052424B
:10A2700063EB430394EA050F00F0A780A4F1010407
:10A28000D5F1200E0DDB02FA0EFC22FA05F2801841
:10A2900041F1000103FA0EF2801843FA05F3594127
:10A2A0000EE0A5F120050EF1200E012A03FA0EFCA6
:10A2B00028BF4CF0020C43FA05F3C01851EBE371D0
:10A2C00001F0004507D54FF0000EDCF1000C7EEBED
:10A2D00000006EEB0101B1F5801F1BD3B1F5001F2B
:10A2E0000CD349085FEA30004FEA3C0C04F101044A
:10A2F0004FEA445212F5800F80F09A80BCF1004F73
:10A3000008BF5FEA500C50F1000041EB045141EAF4
:10A31000050130BD5FEA4C0C404141EB0101013CBD
:10A3200028BFB1F5801FE9D291F0000F04BF0146AC
:10A330000020B1FA81F308BF2033A3F10B03B3F17E
:10A3400020020CDA0C3208DD02F1140CC2F10C020E
:10A3500001FA0CF021FA02F10CE002F11402D8BF6C
:10A36000C2F1200C01FA02F120FA0CFCDCBF41EA38
:10A370000C019040E41AA2BF01EB0451294330BD07
:10A380006FEA04041F3C1CDA0C340EDC04F11404E4
:10A39000C4F1200220FA04F001FA02F340EA0300BB
:10A3A00021FA04F345EA030130BDC4F10C04C4F101
:10A3B000200220FA02F001FA04F340EA03002946E1
:10A3C00030BD21FA04F0294630BD94F0000F83F42B
:10A3D000801306BF81F480110134013D4EE77FEA0E
:10A3E000645C18BF7FEA655C29D094EA050F08BF5A
:10A3F00090EA020F05D054EA000C04BF194610463B
:10A4000030BD91EA030F1EBF0021002030BD5FEA7E
:10A41000545C05D14000494128BF41F0004130BDA6
:10A4200014F580043CBF01F5801130BD01F00045FA
:10A4300045F0FE4141F470014FF0000030BD7FEA6D
:10A44000645C1ABF194610467FEA655C1CBF0B4668
:10A45000024650EA013406BF52EA033591EA030F7F
:10A4600041F4002130BD00BF90F0000F04BF002177
:10A47000704730B54FF4806404F132044FF00005AA
:10A480004FF0000150E700BF90F0000F04BF002123
:10A49000704730B54FF4806404F1320410F0004589
:10A4A00048BF40424FF000013EE700BF42004FEA84
:10A4B000E2014FEA31014FEA02701FBF12F07F4301
:10A4C00093F07F4F81F06051704732F07F4208BFB8
:10A4D000704793F07F4F04BF41F40021704730B5BF
:10A4E0004FF4607401F0004521F000411CE700BF0B
:10A4F00050EA010208BF704730B54FF000050AE08E
:10A5000050EA010208BF704730B511F0004502D58E
:10A51000404261EB41014FF4806404F132045FEA90
:10A52000915C3FF4D8AE4FF003025FEADC0C18BF39
:10A5300003325FEADC0C18BF033202EBDC02C2F12B
:10A54000200300FA03FC20FA02F001FA03FE40EABD
:10A550000E0021FA02F11444BDE600BF70B54FF0C1
:10A56000FF0C4CF4E06C1CEA11541DBF1CEA13559F
:10A5700094EA0C0F95EA0C0F00F0DEF82C4481EA07
:10A58000030621EA4C5123EA4C5350EA013518BF27
:10A5900052EA033541F4801143F4801338D0A0FB14
:10A5A00002CE4FF00005E1FB02E506F00042E0FBC1
:10A5B00003E54FF00006E1FB03569CF0000F18BFC7
:10A5C0004EF0010EA4F1FF04B6F5007F64F540746F
:10A5D00004D25FEA4E0E6D4146EB060642EAC62102
:10A5E00041EA55514FEAC52040EA5E504FEACE2E6F
:10A5F000B4F1FD0C88BFBCF5E06F1ED8BEF1004F72
:10A6000008BF5FEA500E50F1000041EB045170BDED
:10A6100006F0004646EA010140EA020081EA030131
:10A62000B4EB5C04C2BFD4EB0C0541EA045170BD2D
:10A6300041F480114FF0000E013C00F3AB8014F1A7
:10A64000360FDEBF002001F0004170BDC4F10004F0
:10A65000203C35DA0C341BDC04F11404C4F1200571
:10A6600000FA05F320FA04F001FA05F240EA0200CC
:10A6700001F0004221F0004110EBD37021FA04F602
:10A6800042EB06015EEA430E08BF20EAD37070BDBC
:10A69000C4F10C04C4F1200500FA04F320FA05F01B
:10A6A00001FA04F240EA020001F0004110EBD3701D
:10A6B00041F100015EEA430E08BF20EAD37070BD8D
:10A6C000C4F1200500FA05F24EEA020E20FA04F366
:10A6D00001FA05F243EA020321FA04F001F0004115
:10A6E00021FA04F220EA020000EBD3705EEA430E86
:10A6F00008BF20EAD37070BD94F0000F0FD101F0B5
:10A700000046400041EB010111F4801F08BF013CED
:10A71000F7D041EA060195F0000F18BF704703F02B
:10A720000046520043EB030313F4801F08BF013DB2
:10A73000F7D043EA0603704794EA0C0F0CEA13556E
:10A7400018BF95EA0C0F0CD050EA410618BF52EA28
:10A750004306D1D181EA030101F000414FF000002E
:10A7600070BD50EA410606BF1046194652EA43063C
:10A7700019D094EA0C0F02D150EA013613D195EAB0
:10A780000C0F05D152EA03361CBF104619460AD1F8
:10A7900081EA030101F0004141F0FE4141F4700102
:10A7A0004FF0000070BD41F0FE4141F4780170BDF2
:10A7B00070B54FF0FF0C4CF4E06C1CEA11541DBF57
:10A7C0001CEA135594EA0C0F95EA0C0F00F0A7F859
:10A7D000A4EB050481EA030E52EA03354FEA013186
:10A7E00000F088804FEA03334FF0805545EA131399
:10A7F00043EA12634FEA022245EA111545EA106561
:10A800004FEA00260EF000419D4208BF964244F1F7
:10A81000FD0404F5407402D25B084FEA3202B61A16
:10A8200065EB03055B084FEA32024FF480104FF4EA
:10A83000002CB6EB020E75EB030E22BFB61A75465E
:10A8400040EA0C005B084FEA3202B6EB020E75EBF1
:10A85000030E22BFB61A754640EA5C005B084FEA59
:10A860003202B6EB020E75EB030E22BFB61A754626
:10A8700040EA9C005B084FEA3202B6EB020E75EB31
:10A88000030E22BFB61A754640EADC0055EA060EF2
:10A8900018D04FEA051545EA16754FEA06164FEA35
:10A8A000C30343EA52734FEAC2025FEA1C1CC0D1E1
:10A8B00011F4801F0BD141EA00014FF000004FF06E
:10A8C000004CB6E711F4801F04BF01430020B4F12F
:10A8D000FD0C88BFBCF5E06F3FF6AFAEB5EB030CE7
:10A8E00004BFB6EB020C5FEA500C50F1000041EBE4
:10A8F000045170BD0EF0004E4EEA113114EB5C04B1
:10A90000C2BFD4EB0C0541EA045170BD41F4801183
:10A910004FF0000E013C90E645EA060E8DE60CEA8B
:10A92000135594EA0C0F08BF95EA0C0F3FF43BAFA8
:10A9300094EA0C0F0AD150EA01347FF434AF95EA5F
:10A940000C0F7FF425AF104619462CE795EA0C0F43
:10A9500006D152EA03353FF4FDAE1046194622E710
:10A9600050EA410618BF52EA43067FF4C5AE50EAEA
:10A9700041047FF40DAF52EA43057FF4EBAE12E7DA
:10A980004FF0FF3C06E000BF4FF0010C02E000BFBB
:10A990004FF0010C4DF804CD4FEA410C7FEA6C5C9E
:10A9A0004FEA430C18BF7FEA6C5C1BD001B050EA41
:10A9B000410C0CBF52EA430C91EA030F02BF90EA2C
:10A9C000020F0020704710F1000F91EA030F58BFEB
:10A9D000994208BF90422CBFD8176FEAE37040F04D
:10A9E000010070474FEA410C7FEA6C5C02D150EAEB
:10A9F000013C07D14FEA430C7FEA6C5CD6D152EAA6
:10AA0000033CD3D05DF8040B704700BF844610466A
:10AA100062468C461946634600E000BF01B5FFF769
:10AA2000B7FF002848BF10F1000F01BD4DF808ED39
:10AA3000FFF7F4FF0CBF012000205DF808FB00BF0A
:10AA40004DF808EDFFF7EAFF34BF012000205DF864
:10AA500008FB00BF4DF808EDFFF7E0FF94BF0120B1
:10AA600000205DF808FB00BF4DF808EDFFF7CEFFB2
:10AA700094BF012000205DF808FB00BF4DF808EDF1
:10AA8000FFF7C4FF34BF012000205DF808FB00BFC2
:10AA90004FEA410C7FEA6C5C02D150EA013C0AD1DA
:10AAA0004FEA430C7FEA6C5C02D152EA033C02D1CC
:10AAB0004FF0000070474FF0010070474FEA41022D
:10AAC00012F5001215D211D56FF47873B3EB625200
:10AAD00012D94FEAC12343F0004343EA505311F027
:10AAE000004F23FA02F018BF404270474FF00000B9
:10AAF000704750EA013005D111F0004008BF6FF0F7
:10AB0000004070474FF00000704700BF4A0011D26C
:10AB100012F5001211D20DD56FF47873B3EB6252B7
:10AB20000ED44FEAC12343F0004343EA505323FAC3
:10AB300002F070474FF00000704750EA013002D138
:10AB40004FF0FF3070474FF0000070474FEA41026E
:10AB5000B2F1E04324BFB3F5001CDCF1FE5C0DD97B
:10AB600001F0004C4FEAC0024CEA5070B2F1004FC5
:10AB700040EB830008BF20F00100704711F0804FC8
:10AB800021D113F13872BCBF01F00040704741F48D
:10AB900080114FEA5252C2F11802C2F1200C10FA91
:10ABA0000CF320FA02F018BF40F001004FEAC12375
:10ABB0004FEAD32303FA0CFC40EA0C0023FA02F319
:10ABC0004FEA4303CCE77FEA625307D150EA0133EF
:10ABD0001EBF4FF0FE4040F44000704701F00040BF
:10ABE00040F0FE4040F40000704700BF80F000409D
:10ABF00002E000BF81F0004142001FBF5FEA410355
:10AC000092EA030F7FEA226C7FEA236C6AD04FEA54
:10AC10001262D2EB1363C1BFD21841404840414099
:10AC2000B8BF5B42192B88BF704710F0004F40F44B
:10AC3000000020F07F4018BF404211F0004F41F467
:10AC4000000121F07F4118BF494292EA030F3FD033
:10AC5000A2F1010241FA03FC10EB0C00C3F1200346
:10AC600001FA03F100F0004302D5494260EB4000D5
:10AC7000B0F5000F13D3B0F1807F06D340084FEA40
:10AC8000310102F10102FE2A51D2B1F1004F40EB35
:10AC9000C25008BF20F0010040EA0300704749009D
:10ACA00040EB0000013A28BFB0F5000FEDD2B0FA3A
:10ACB00080FCACF1080CB2EB0C0200FA0CF0AABF5D
:10ACC00000EBC25052421843BCBFD04018437047FB
:10ACD00092F0000F81F4000106BF80F40000013201
:10ACE000013BB5E74FEA41037FEA226C18BF7FEAD8
:10ACF000236C21D092EA030F04D092F0000F08BF1A
:10AD00000846704790EA010F1CBF0020704712F000
:10AD10007F4F04D1400028BF40F00040704712F13F
:10AD200000723CBF00F50000704700F0004343F0A4
:10AD3000FE4040F4000070477FEA226216BF0846DA
:10AD40007FEA23630146420206BF5FEA412390EA9D
:10AD5000010F40F4800070474FF0000304E000BF93
:10AD600010F0004348BF40425FEA000C08BF704744
:10AD700043F0964301464FF000001CE050EA010208
:10AD800008BF70474FF000030AE000BF50EA01021D
:10AD900008BF704711F0004302D5404261EB41010A
:10ADA0005FEA010C02BF84460146002043F0B6432F
:10ADB00008BFA3F18053A3F50003BCFA8CF2083A54
:10ADC000A3EBC25310DB01FA02FC634400FA02FC5D
:10ADD000C2F12002BCF1004F20FA02F243EB020064
:10ADE00008BF20F00100704702F1200201FA02FCC6
:10ADF000C2F1200250EA4C0021FA02F243EB0200B9
:10AE000008BF20EADC7070477BB972B90029BEBF69
:10AE100000204FF0004106E008BF00281CBF6FF083
:10AE200000414FF0FF3000F0BFB9ADF1080C6DE903
:10AE300004CE002909DB002B1ADB00F04DF8DDF809
:10AE400004E0DDE9022304B07047404261EB4101B8
:10AE5000002B1BDB00F040F8DDF804E0DDE9022305
:10AE600004B0404261EB4101524263EB430370473F
:10AE7000524263EB430300F02FF8DDF804E0DDE914
:10AE8000022304B0404261EB41017047524263EB40
:10AE9000430300F021F8DDF804E0DDE9022304B00B
:10AEA000524263EB4303704753B94AB9002908BFC4
:10AEB00000281CBF4FF0FF314FF0FF3000F074B995
:10AEC000ADF1080C6DE904CE00F006F8DDF804E001
:10AED000DDE9022304B070472DE9F047089D0446E0
:10AEE0008E46002B4DD18A42944669D9B2FA82F23D
:10AEF00052B101FA02F3C2F1200120FA01F10CFA79
:10AF000002FC41EA030E94404FEA1C48210CBEFBB0
:10AF1000F8F61FFA8CF708FB16E341EA034306FB39
:10AF200007F199420AD91CEB030306F1FF3080F0C8
:10AF30001F81994240F21C81023E63445B1AA4B215
:10AF4000B3FBF8F008FB103344EA034400FB07F7B7
:10AF5000A7420AD91CEB040400F1FF3380F00A81F8
:10AF6000A74240F207816444023840EA0640E41BED
:10AF700000261DB1D4400023C5E900433146BDE899
:10AF8000F0878B4209D9002D00F0EF800026C5E93B
:10AF9000000130463146BDE8F087B3FA83F6002E53
:10AFA0004AD18B4202D3824200F2F980841A61EBCB
:10AFB000030301209E46002DE0D0C5E9004EDDE7E9
:10AFC00002B9FFDEB2FA82F2002A40F09280A1EBD1
:10AFD0000C014FEA1C471FFA8CFE0126200CB1FB26
:10AFE000F7F307FB131140EA01410EFB03F088421F
:10AFF00008D91CEB010103F1FF3802D2884200F2AC
:10B00000CB804346091AA4B2B1FBF7F007FB10113D
:10B0100044EA01440EFB00FEA64508D91CEB0404DB
:10B0200000F1FF3102D2A64500F2BB800846A4EB36
:10B030000E0440EA03409CE7C6F12007B34022FA21
:10B0400007FC4CEA030C20FA07F401FA06F31C4350
:10B05000F9404FEA1C4900FA06F3B1FBF9F8200C5D
:10B060001FFA8CFE09FB181140EA014108FB0EF0A3
:10B07000884202FA06F20BD91CEB010108F1FF3AF3
:10B0800080F08880884240F28580A8F102086144FF
:10B09000091AA4B2B1FBF9F009FB101144EA01410D
:10B0A00000FB0EFE8E4508D91CEB010100F1FF34B8
:10B0B0006CD28E456AD90238614440EA0840A0FB50
:10B0C0000294A1EB0E01A142C846A64656D353D026
:10B0D0005DB1B3EB080261EB0E0101FA07F722FA4A
:10B0E00006F3F1401F43C5E9007100263146BDE873
:10B0F000F087C2F12003D8400CFA02FC21FA03F3D6
:10B10000914001434FEA1C471FFA8CFEB3FBF7F056
:10B1100007FB10360B0C43EA064300FB0EF69E427B
:10B1200004FA02F408D91CEB030300F1FF382FD214
:10B130009E422DD9023863449B1B89B2B3FBF7F6BC
:10B1400007FB163341EA034106FB0EF38B4208D995
:10B150001CEB010106F1FF3816D28B4214D9023ED6
:10B160006144C91A46EA004638E72E46284605E7F4
:10B170000646E3E61846F8E64B45A9D2B9EB0208C5
:10B1800064EB0C0E0138A3E74646EAE7204694E755
:10B190004046D1E7D0467BE7023B614432E7304688
:10B1A00009E76444023842E7704700BF02E000F05C
:10B1B00000F8FEE772B6374880F30888364880F317
:10B1C000098836483649086040F20000CCF2000099
:10B1D0004EF63471CEF200010860BFF34F8FBFF31B
:10B1E0006F8F40F20000C0F2F0004EF68851CEF2B0
:10B1F00000010860BFF34F8FBFF36F8F4FF0000067
:10B20000E1EE100A4EF63C71CEF200010860062015
:10B2100080F31488BFF36F8F11F066FA11F06EFBA4
:10B220004FF055301F491B4A91423CBF41F8040B77
:10B23000FAE71D49184A91423CBF41F8040BFAE76E
:10B240001A491B4A1B4B9A423EBF51F8040B42F865
:10B25000040BF8E700201849184A91423CBF41F816
:10B26000040BFAE711F044FA11F0A6FB144C154D4B
:10B27000AC4203DA54F8041B8847F9E700F054FAAB
:10B28000114C124DAC4203DA54F8041B8847F9E71D
:10B2900011F02CBA00040020000E002000A00008CD
:10B2A00008ED00E0000100200004002048800208B2
:10B2B000000E0020F00F0020F00F0020E86B0020AF
:10B2C000A0A10008B8A10008B8A10008B8A1000812
:10B2D0002DE9F04F2DED108AC1F80CD0C3689D46C2
:10B2E000BDEC108ABDE8F08F002383F31188284657
:10B2F000A047002010F02CFCFEE710F0C5FA00DF9C
:10B30000FEE7000010F8012B11F8013B012A28BFCD
:10B310009A42F7D0D01A7047034613F8012B002A3F
:10B32000FBD1181A0138704701F0FF01102A2BDBFE
:10B3300010F0070F08D010F8013B013A8B422DD0D6
:10B3400010F0070F42B3F6D1F0B441EA012141EA0F
:10B35000014122F007047FF000070023F0E80256C5
:10B36000083C85EA010586EA010685FA47F5A3FA55
:10B3700087F586FA47F6A5FA87F68EB9EED1F0BCC6
:10B3800001F0FF0102F0070232B110F8013B013A6F
:10B3900083EA010313B1F8D10020704701387047E8
:10B3A000002D06BF35460338073815F0010F07D1C9
:10B3B000013015F4807F02BF013015F4C03F013029
:10B3C000F0BC0138704700BF38B5002200230446A6
:10B3D0000D46FFF735FB28B920462946BDE8384021
:10B3E00000F00AB8204605F1004100F005F840429F
:10B3F00061EB410138BD00BFD0B50C4B00220646C1
:10B400000F46FFF7ABF8FFF781FB0446FFF72CF878
:10B41000074B0022FFF7A2F802460B46304639469A
:10B42000FEF7E4FEFFF772FB2146D0BD0000F03DC1
:10B430000000F0417047000070B50446183005F078
:10B440002DF904F14C0005F0EBFA04F5927005F0CB
:10B45000FDFF04F5497005F0F5FD154B1549196020
:10B4600004F56570002314269DB206FB0512013316
:10B47000127C002AF8D1104B1D80104B1A6812B1B3
:10B480000F4808F061F9186004F58053012104F5B4
:10B49000DA50C3F8502B83F84E1B143007F0C8F96C
:10B4A000084B1A680AB10848EBE71C60204670BDDB
:10B4B0001C2C0020EC1C02081A2C0020DC2B002085
:10B4C000F81B0208F00F0020131C020838B5294DA4
:10B4D000044611F0B9F811F0CBF8286820231A4679
:10B4E000006C4FF4E13102F011FB28684FF48073D7
:10B4F00080224FF4E131C06C02F008FB204600F0DE
:10B5000047F911F0B5F8204601F0E0F804F1180011
:10B5100005F092F911F0ACF806F0DCF82B68D86A67
:10B5200003685B68984710B1134807F089FB04F182
:10B530004C0005F053FB012006F08CFFA0B1002069
:10B5400006F05EFF94F90A30002B09DB092B2A680C
:10B55000D6BF1033002152F82310204601F07AFAAA
:10B56000BDE8384008F018B904F5497005F0C4FE8C
:10B57000E8E700BF10100020341C02080148FFF764
:10B58000A5BF00BF141000202DE9F341144C154E47
:10B59000DFF86080144F204610F0BEFF134A0146CA
:10B5A000121B134801F03AF910F084F80446A4B1D4
:10B5B000206AE1690191B04214BF251AA8EB060583
:10B5C00010F0AAFF019902462B46384601F026F9F1
:10B5D000204610F07FF80446E9E702B0BDE8F081AC
:10B5E00000010020000400205E1C0208000400206E
:10B5F000541C0208000E002010B50F4C03F090FE02
:10B600002368986A03680522DB690021984723684C
:10B61000986A036864211B6998472368986A0368DD
:10B6200028215B6898472368986A0368BDE8104042
:10B630001B690021184700BF1010002038B50546CF
:10B6400008F0AAF82A4A1368C31AB3F57A7F0446A9
:10B6500008D9284B10601B7823B9274A536983F017
:10B660000803536105F0EAFC244A136841F288316B
:10B67000E31A8B4206D9016821B11460028920487F
:10B6800001F0CCF8EB7ADA070AD51E4A136841F2CA
:10B690008831E31A8B4203D928461460FFF774FF00
:10B6A000EB7A9B0709D4184A1368E31A132B1DD8A9
:10B6B0002846BDE8384001F03FB908F06DF843F680
:10B6C00098239842EFD91148FFF796FF104810F0E1
:10B6D000FBFEBFF34F8F0F490F4BCA6802F4E062C5
:10B6E0001343CB60BFF34F8F00BFFDE71460DFE76C
:10B6F000F40F0020000E002000040048FC0F002082
:10B70000701C0208F80F0020001000201410002008
:10B71000010007B000ED00E00400FA050148FFF762
:10B720008DBF00BF1410002038B5054B1C6823687E
:10B730000A461D68034B01462046A847002038BD35
:10B74000101000200410002010B50A4C2046FFF70E
:10B7500073FE094A0949204611F03EFB07F0B2FC8E
:10B76000074B084A1860BDE810400749074802F037
:10B77000EDB800BF14100020C039002035B4000817
:10B78000101000201DB700087DB50008041000202F
:10B7900013B5044604F07CFC03F0C0FA204604F024
:10B7A000F7FB18B1B4F90030022B0BD004F01CFFEA
:10B7B00002F086FF02230DF106012046ADF80630A7
:10B7C00004F0AEFE02230DF106012046ADF806306E
:10B7D00004F09CFE02B0BDE8104004F017BB00006E
:10B7E00030B52DED048B00F5497590F88613ADB09A
:10B7F0000446284605F0C4FD002851D007F0CCFFD0
:10B80000D4F8A033C31A312B4AD9C4F8A003284670
:10B8100005F0D0FD94F88613284605F0BBFD0028FE
:10B820003ED094F88613DFED248A284605F0DEFD2D
:10B8300094F8861306AA2846B0EE409A05F06AFDF1
:10B8400090B39DED068ADFED1D7A38EE278A6022DF
:10B85000002107AD14A88DED068A12F0E9F9012246
:10B86000294614A8CDED158ACDED178ACDED188A9D
:10B87000CDED1A8A8DED169A8DED198A01F066FAD2
:10B88000002380B21822049340F20343CDE9025012
:10B89000CDE90032204606A3D3E9002300F0B4F935
:10B8A0002DB0BDEC048B30BDB0EE688ACFE700BF91
:10B8B000DAF522A18BF37DC70000C07F3393884364
:10B8C00070B52DED028B324B93F908308CB00446E5
:10B8D000002B4ED04C30079005F0E0F994F85D1045
:10B8E000D4F89C23242505FB01439B6E9A4240D04B
:10B8F0000798C4F89C3305F09DFA002839D094F8D5
:10B900005D3005FB034308A91A6F0A920025012246
:10B910000AA893ED1D8A0B9501F098FA08AB80B246
:10B920000293182640F20443CDE90036039014A395
:10B93000D3E900230495204600F066F9DFED157A7F
:10B940000B9578EE277A012208A90AA8CDED0A7A8C
:10B9500001F098FA08AB80B2CDE9016340F20543EB
:10B9600003900093049508A3D3E90023204600F038
:10B970004BF90CB0BDEC028B70BD00BFAFF3008083
:10B980009AC8BD1234C4C7CD7162D977642A2749D9
:10B990001410002033938843BFF34F8F0549064BA3
:10B9A000CA6802F4E0621343CB60BFF34F8F00BF5D
:10B9B000FDE700BF00ED00E00400FA0513B510221A
:10B9C000002104468DF8072012F032F9054B1B6860
:10B9D000D86A03680DF107021B6B2146984702B035
:10B9E00010BD00BF10100020F0B58BB01746044604
:10B9F0000E4607F0D1FE054602F022FE03464FF444
:10BA0000C87005F5167504F58054B3FBF0F202FB1F
:10BA1000103315FA83F3C4F8483BFD7E35B91F484F
:10BA200007F00EF984F84C5B0BB0F0BD384605A961
:10BA300001F09CFB07460028F6D101A8FFF7BEFFE6
:10BA40009DF8165001A92A460DF1170012F0D2F800
:10BA500028B1134807F0F4F884F84C7BE4E70F2D85
:10BA60000CD8D4F8483B84F84C5BA3F51673C4F8A3
:10BA7000483B29460B4807F0E3F8D5E79DF814103A
:10BA80000029D1D030460DF09FFA9DF8142094F88B
:10BA90004E1B054807F0D4F8C6E700BFDC1D0208BE
:10BAA000071E0208281E02084A1E020807B5104693
:10BAB00001A901F009FA58B9074B9DF804101B6859
:10BAC000D86AA1F1FF02036851421B6851419847AF
:10BAD00003B05DF804FB00BF1010002038B5084625
:10BAE00015461C460DF078FA60B99DF81030022B0F
:10BAF00007D1012C05D11BA3D3E90023C5E90023FD
:10BB0000012038BD0B2C0BD884B1601E0A280DD83B
:10BB1000DFE800F00E0C0C0C160C0C0C0C1E1A00BE
:10BB2000282C09D040F24C439C4215D00020E8E775
:10BB30000EA3D3E90023E1E70EA3D3E90023DDE759
:10BB40000EA3D3E90023D9E70EA3D3E90023D5E759
:10BB50000EA3D3E90023D1E70EA3D3E90023CDE759
:10BB6000AFF30080401DA12026812A0B9E6AC421CC
:10BB7000818A46EE26417272DF25D7B7F017304A28
:10BB800039059E56D5A4D139F922B6A7CDD269EB95
:10BB9000C51A133B03806A5575F3008713B59DF8EA
:10BBA0001040CDE9003413460A460146806AFFF78B
:10BBB00095FF02B010BD000070B500F580560D462F
:10BBC000D6F8444B7CB90C21012010F04BFBC6F891
:10BBD000440B08B9002070BD056084600430FAE7AA
:10BBE0002646A46824B12368AB42F9D1201DF2E7B0
:10BBF0000C21012010F036FBB0600028EAD005606F
:10BC0000B3689C60B068E9E72DE9F04190B000F5B9
:10BC1000DA51BDF8587004461646143140F24A42D3
:10BC200001A8984601F0C8FE012F0ED146EA07414F
:10BC30002046FFF7C1FF054670B9002401A801F0B6
:10BC4000DDFE204610B0BDE8F08104F569700DF00E
:10BC5000C3F90028EAD1F0E73822002102A811F048
:10BC6000E7FF02238DF808309DF85C308DF8203016
:10BC7000189B0993BDF86430ADF82830CDE904680D
:10BC8000ADF81870079507F089FD0D4BC01841F10C
:10BC90000001CDE90C0104F5697002A90DF09EF9CF
:10BCA000084B0028D5BF9A881A6801321218D4BFF1
:10BCB0009A801A600028D4BF00240124BEE700BF88
:10BCC00040420F008C2B002030B58FB014460D463B
:10BCD00038220021684611F0ABFFDDE91223CDE9DF
:10BCE0000223BDF85030ADF8103004F1190305936C
:10BCF000A37E8DF81830159B0793BDF85830ADF82A
:10BD0000203007F04BFD0D4BC31841F100016A468E
:10BD1000CDE90A312846E17E0DF0A4F9084B002850
:10BD2000D5BF9A881A6801321218D4BF9A801A6057
:10BD30000028D4BF002001200FB030BD40420F00CA
:10BD40008C2B0020F0B591B004460E46104608A991
:10BD5000154601F0D3FA88BB9DF82030012B11D194
:10BD600004F042FC02F0ACFC04F050F804F090F94E
:10BD7000164904F14C0004F0BFF8154904F5497068
:10BD800004F0BAF81022002106AF0CA811F050FF01
:10BD9000012239460CA88DF8382001F0D3FA0A2385
:10BDA000029308A3D3E9002380B2CDE90370CDE963
:10BDB000002331462A462046FFF786FF11B0F0BD2A
:10BDC000AFF30080CDD269EBC51A133B58250208AA
:10BDD000402602082DE9F041ADF5487D66AC0546E8
:10BDE0000E46174600214FF4C472204611F020FF82
:10BDF00007F0D2FC2F4B4FF47A72B0FBF2F01860D0
:10BE000093E8070084E8070001F02EFC037C23740C
:10BE100001F02AFC437C63740323A374264B5A6904
:10BE200062610DF5DD709A68DB68A261E361FFF77E
:10BE3000C5FD42F20463EA682384204B002A186897
:10BE40001F4B29DDCDE900320DF2CB211D4BC06A1D
:10BE5000502201F0F9FE50210DF2CB2012F0BEFB72
:10BE60000DF11C0884F8320141460122204601F000
:10BE700045F8012302930DA3D3E9002380B2CDE955
:10BE80000380CDE9002331463A462846FFF71CFFE0
:10BE90000DF5487DBDE8F081009350220A4BC06A41
:10BEA0000DF2CB2101F0D0FED5E700BF9E6AC42180
:10BEB000818A46EE802B0020C0A1000810100020CF
:10BEC0006F1E0208681E0208387402082DE9F0414E
:10BED0001546ADF5866D06460F4610F0C9FB08A95C
:10BEE000284601F045FA0446002840F09F800146AC
:10BEF0004FF4D072A4A811F09BFE9DF8B880B8F161
:10BF0000100F7ED808F1FF330F2B2BD842460DF1CE
:10BF1000B9010DF2D13011F07DFE424651490DF1CB
:10BF2000B90012F033FB0246B0B94F480DF11F01C2
:10BF300003F0E2F80446002C63D09DF8B83073B3E8
:10BF40009DF828305BB39DF81F20013A032A6DD875
:10BF5000DFE802F01C2E384122460DF11F010DF2E0
:10BF6000D130E5E7BDF82000479447AA0DF11F0145
:10BF700003F026FC0446002843D0012300930DF271
:10BF8000D132112347A902F0F3FFD4E7012B4DD1A1
:10BF90000C9B8DF81C3147A9204604F0A3FA9DF8AC
:10BFA0001F30013B032B41D8DFE803F01C444A4F0C
:10BFB000012B3BD10C9BADF81C3147A9204604F066
:10BFC000C9FAECE7012B31D10C9B479347A92046D6
:10BFD00004F0FAFAE3E7022B28D10CA9204604F07A
:10BFE00049FADCE701238DF8903294F90030DA1732
:10BFF000CDE9A6325C210DF2D13012F0EFFA8DF8C6
:10C00000D00347AC01222146A4A801F0D9FA0B23A2
:10C01000029312A3D3E9002380B2CDE90340CDE916
:10C02000002339462A463046FFF74EFE0DF5866D51
:10C03000BDE8F08101238DF89032B4F90030D6E7E5
:10C0400001238DF890322368D1E702238DF89032D6
:10C050002368A693CEE700BFAFF30080D5A4D13903
:10C06000F922B6A78C1E0208951E02082DE9F04F92
:10C07000DFF8D8A08BB0804608F5697948460DF006
:10C080002DF80546002858D00024007E0694CDE9FE
:10C090000744ADF8244001F01DFC2A7E8DF82400F1
:10C0A00005F1100107A811F0B5FD2B6843F000431E
:10C0B000069307F073FB224B0390C218DAF80400D2
:10C0C0000E4641F1000308F5805760B30168009403
:10C0D00009690D4606A9A847A04224DCDAF8040045
:10C0E00003681B6A9847D0E90A23CDE9042307F0C7
:10C0F00055FBDDE90423801A61EB0301114B8342F8
:10C1000074EB01030FD397F84D3B072B12D90E4A5E
:10C1100087F84D4B9388013393804846039A334602
:10C120000CF0EAFF09E048460CF0DCFF002387F83A
:10C130004D3BA1E7013387F84D3B0BB0BDE8F08FD5
:10C1400040420F007F841E008C2B0020AC2B00206F
:10C150002DE9F0414FF00053DFF8E0801B684345C4
:10C16000FCB005460C46164604D03148DC220021BE
:10C1700011F05EFD4FF0005749A9C7F80080304626
:10C1800001F040F8002849D19DF824313B750BB9E6
:10C19000F37E3B759DF8252126480DF5937111F02E
:10C1A00039FD20460CF018FF4FF0005307AF5875CB
:10C1B0008122002128A811F03BFD3946012228A840
:10C1C00001F066F82823029317A3D3E9002380B275
:10C1D000CDE90370CDE90023214632462846FFF71A
:10C1E00073FD154F3326013E16F0FF06284608D092
:10C1F000FFF73CFF3B68986A036801215B6898473A
:10C20000F1E7FFF7F9F920460CF0E6FE40F0304088
:10C2100040F4002010F058F9FFF7BEFB7CB0BDE8F9
:10C22000F08100BFAFF3008026417272DF25D7B7DF
:10C230000400002016000020101000209AAD44C514
:10C24000F0B5044689B008460E4615460CF0C4FE0B
:10C2500068B92B7E022B1FD1EB8A012B1CD12A46F9
:10C260003146204609B0BDE8F040FFF7BDBBEB8A80
:10C270000B2B0BD883B1013B0A2B0DD8DFE803F061
:10C280000E0C0C0C1E0C0C0C0C473F00282B0DD078
:10C2900040F24C42934242D009B0F0BD2A463146AA
:10C2A000204609B0BDE8F040FFF794BD2A4631466C
:10C2B000204609B0BDE8F040FFF74ABF07AF1E486F
:10C2C00006F0BEFC0122394606A88DF8182000F0C1
:10C2D000EFFE0523029316A3D3E9002380B2CDE934
:10C2E0000023CDE903702A4631462046FFF7ECFCD7
:10C2F00007F052FA04F58054C4F8500BCCE72A46F4
:10C300003146204609B0BDE8F040FFF7DFBD2A46C0
:10C310003146204609B0BDE8F040FFF713BD2A467C
:10C320003146204609B0BDE8F040FFF7BFBB00BF73
:10C33000F017304A39059E56A01E02080A460146EB
:10C34000806AFFF77DBF000049421B4B112912D8BC
:10C35000DFE801F00911110D111111111111151959
:10C36000151D2125292D9A6801329A6070479A89F6
:10C3700001329A817047DA890132DA8170475A8B2B
:10C3800001325A8370471A8B01321A8370471A8A16
:10C3900001321A8270475A8A01325A8270479A8B48
:10C3A00001329A8370479A8A01329A827047DA8AF8
:10C3B0000132DA82704700BF8C2B00202DE9F04F4C
:10C3C000374E97B00023CDE90B330A93ADF83430E4
:10C3D00073680446002B5FD0324D01274FF0000AEE
:10C3E0004FF0000B70688DF814704FF000088DF856
:10C3F00015800368CDE900AB0DF11502D3F8089064
:10C4000005A94346C8479DF81430002B44D0414647
:10C4100020220EA811F00CFC7068036806AAD3F85D
:10C4200014800AA90DF11603C047002834DD9DF8D9
:10C43000340001F06BFA0BA902468DF8500012A8E7
:10C4400011F0E8FB04F569780A9B0E930EA9DDE96B
:10C45000062340460DF07EF810F10D0F014603D083
:10C460002046FFF771FFBDE70E980DF063F80390CB
:10C470000E980DF059F8039BCDE9000708AA414634
:10C480002046FFF72BFB18B12B8A01332B82A9E73B
:10C490006B8B01336B83A5E717B0BDE8F08F00BF4E
:10C4A000AC2B00208C2B002007B500F56971684685
:10C4B0000DF004F8BDF8040064235843BDF80030C3
:10C4C000B0FBF3F080B203B05DF804FBF0B597B0B9
:10C4D000044607F061F94FF47A73B0FBF3F0434B75
:10C4E000434D1B682860D86A03681B6D98474FF658
:10C4F000FF73984228BF184628810EA901222846BA
:10C5000000F0AEFD0EAB80B20293182240F255133C
:10C510000025CDE9003203902EA3D3E90023049532
:10C520002046FFF771FBE37A59074ED501220EA989
:10C530003048314F00F0AEFB0EAB80B202931F26A5
:10C540004FF4AB73CDE90036039024A3D3E9002365
:10C5500004952046FFF758FB786803681B6A9847E4
:10C56000002832D03A788DF8382002680F9242685D
:10C57000ADF840208268ADF84220C268ADF8442092
:10C580000269ADF846204269ADF8482082691392ED
:10C59000C269ADF85020026AADF8522007AF436A75
:10C5A000ADF85430012239460EA800F01DFB40F2D0
:10C5B000571380B2CDE902700093049509A3D3E923
:10C5C000002301962046FFF71FFB17B0F0BD00BF08
:10C5D000AFF30080F1C6A7C1D068080FD1F886A9D3
:10C5E000B8E33A76753CA33CAE0C08CE10100020A0
:10C5F000802B00208C2B0020AC2B0020F0B50646B1
:10C600008DB000F569700CF0E7FC2E4D20B10023D1
:10C610002B7001200DB0F0BD07F0BEF82B7804465A
:10C620003BB13046FFF740FF01210246264806F0A5
:10C6300007FB02F005F84FF4C87306F58057B0FB0E
:10C64000F3F202FB130304F5167010FA83F00023D3
:10C650008DF8183097F84C3BC7F8480B23B90122E6
:10C660008DF8182087F84E3B08A8FFF7A7F997F830
:10C670004C1BC1F11004E4B2062C28BF062408AB01
:10C68000224619440DF1190011F0C4FA013406AB29
:10C690000025029318220123E4B2CDE9003204956B
:10C6A00006A3D3E9002303943046FFF7ADFA87F8D9
:10C6B0004C5B2846AEE700BFAFF30080401DA120D1
:10C6C00026812A0B000E0020B01E020870B5244DF2
:10C6D000244E4FF4807386B0AB80044607F05CF8BC
:10C6E0004FF47A73B0FBF3F028606288B4F902303B
:10C6F0007F2A98BF33700DF11701002304F1090060
:10C700008DF8173003F0EEFE41F2381000F0B0FF64
:10C71000054608B105F0F0F9134B1D60134B0022DC
:10C720005D601A7025B12B6861685B682846984780
:10C730000F4B009304F5697004F575710D4B01946E
:10C7400041F2707203900CF013FC3178039821B120
:10C7500006B0BDE870400CF037BC06B070BD00BF3D
:10C76000802B0020C12B0020B42B0020AC2B0020FC
:10C770009DBB00083DC3000830B50628134698BF8E
:10C780001D4AC7B098BF155C07930C464FF07C025A
:10C790004FF0000127A888BF002511F049FA079B38
:10C7A00022465A210DF1BE0006F000FA5A2828BF91
:10C7B0005A2008AC8DF8BD002146012227A88DF82B
:10C7C0009C5000F07FFC0023049380B243F6FF737B
:10C7D0001822CDE90240CDE90032084804A3D3E98C
:10C7E0000023FFF711FA47B030BD00BFAFF3008060
:10C7F000759D040C8EA454D6781F020814100020D6
:10C800000EB403B503AA52F8041B0192FFF7B4FF5C
:10C8100002B05DF804EB03B0704700000FB407B539
:10C8200004AA072052F8041B0192FFF7A5FF03B0EA
:10C830005DF804EB04B0704737B5044600F5697045
:10C840000CF05AFC2046FFF72FFE46280CD907EEC5
:10C85000900AF8EE677A17EE900AFDF727FE024677
:10C860000B462B4806F0ECF92046FFF72FFE94F913
:10C870000950002D38D0002304F10900EDB201A9C0
:10C880008DF8043003F02EFE2A2D224C0AD1224DC1
:10C890002846FFF7C3FF2368986A036864215B6832
:10C8A0009847F5E72B2D04D11C48FFF7B7FF1C4B29
:10C8B00098474FF4FA6101A801F064F82468A06A6F
:10C8C00003684FF47A715B689847E06A03689B6A73
:10C8D000984718B1012816D0124800E01248FFF717
:10C8E0009DFF01A801F05AF8104B00225A7106F082
:10C8F00053FF47F23053984207D90D4803B0BDE8C3
:10C9000030400FF0E1BD0B48E9E703B030BD00BF98
:10C91000E81E020810100020121F0208231F020840
:10C9200038ED00E05E1F0208331F0208802B002054
:10C93000263A09B0481F02082DE9F341044606F0E3
:10C940002BFF3E490B68C31A322B05461AD93C4BC4
:10C950001B78BBB13B4802780123934023F4AA43E0
:10C9600023F055031B041B0C002B0EBF01260026D1
:10C97000082343EAC6430132334E02F01F02B3617B
:10C9800002700D6004F5805606F006FFD6F8483BAD
:10C99000984202D92046FFF731FE2C4A1368EB1A61
:10C9A000B3F57A7F07D3156006F0F8FE02460B4612
:10C9B0002046FFF741FF2046FEF782FF2046FEF7A4
:10C9C0000FFF204600F002F906F0E4FE04F5DA5508
:10C9D000DFF87C800746143506F0DCFEC01BB0F59E
:10C9E0007A7F17D2D8F80030986A03684FF48061D4
:10C9F0009B68984740F2DF72294601A800F0DCFFEF
:10CA00002046FFF733FB2046FFF7D8FC01A800F0D3
:10CA1000F5FFE1E7D6F8503B63B106F0BDFED6F86E
:10CA2000503BC01AB0F57A7F04D92046FEF7E4FDEA
:10CA3000FEF7B2FF02B0BDE8F08100BFBC2B0020C2
:10CA4000000E0020C02B002000040048B82B00205E
:10CA5000101000200346084659B10222C3F83C12C8
:10CA600083F80C234FF400731A464FF4E13101F0C0
:10CA70004DB870472DE9F0431C4685B003F1100511
:10CA800017339046DB086A46A2EBC30300AF9D460E
:10CA9000064689462A460021684611F0C9F86D44C9
:10CAA0000023224641463846C7E90233C7F800D082
:10CAB0007D60A7F8089004F0FBFD6946384604F055
:10CAC000F3FD39460123022206F50F7004F008FD3C
:10CAD0001437BD46BDE8F0831FB5D0F81823836E28
:10CAE0009A42044628D090F85D104C3004F0A2F928
:10CAF00010B3A36EC4F818330022CDF8053094F8B3
:10CB00005D308DF80420242202FB0343D3ED1D7A0F
:10CB10009FED0A7A1A6FCDF8092067EE877A01AA8D
:10CB2000FDEEE77A41F6057117EE903A2046ADF832
:10CB30000D300B23FFF79EFF04B010BD0000C8426C
:10CB40007FB590F8861300EB81130446D3F8586341
:10CB5000D0F82033B34230D000F54975284604F0B0
:10CB600019FC50B3002394F88613C4F820632846B8
:10CB70008DF80430CDF8056004F038FC10EE103A62
:10CB800094F88613CDF809306A46284604F0C2FBB3
:10CB9000A8B1DDED007A9FED0B7A67EE877AFDEEA6
:10CBA000E77A17EE903A1BB2ADF80D3001AA0B23CD
:10CBB00041F606712046FFF75DFF04B070BD024BE1
:10CBC000F2E700BF0000C8420080FFFF10B5D0F8B8
:10CBD0003C32044633B1FFF77FFF2046BDE81040EA
:10CBE000FFF7AEBF10BD000070B50C461926054614
:10CBF00032460021204611F01BF82B462046082221
:10CC000000210CF013FC2B1D2046202208210CF0E3
:10CC10000DFC05F108032046102228210CF006FC2B
:10CC200005F10A032046102238210CF0FFFB05F124
:10CC30000C032046102248210CF0F8FB05F10E03EE
:10CC40002046102258210CF0F1FB05F1100320467C
:10CC5000102268210CF0EAFB05F114032046202283
:10CC600078210CF0E3FB05F11803204610229821EF
:10CC70000CF0DCFB05F11A0320461022A8210CF071
:10CC8000D5FB204605F11C031022B8210CF0CEFB89
:10CC9000304670BD70B50C461C2605463246002154
:10CCA000204610F0C5FF2B462046202200210CF024
:10CCB000BDFB2B1D2046102220210CF0B7FB05F1F7
:10CCC00008032046202230210CF0B0FB05F10C03B4
:10CCD0002046102250210CF0A9FB05F10E0320463E
:10CCE000102260210CF0A2FB05F110032046102257
:10CCF00070210CF09BFB05F11203204610228021CD
:10CD00000CF094FB05F114032046102290210CF046
:10CD10008DFB05F1160320461022A0210CF086FBA6
:10CD200005F1180320461022B0210CF07FFB05F11D
:10CD30001A0320461022C0210CF078FB2046AB19C4
:10CD40001022D0210CF072FB304670BD2DE9F3416A
:10CD50000D460446002116462846322210F068FF90
:10CD600023460822002128460CF060FB231D2022C8
:10CD7000082128460CF05AFB04F108032022282140
:10CD800028460CF053FB94ED030A0CF09FFB0DF1C9
:10CD9000060310224821ADF8060028460CF046FB99
:10CDA00094ED040A0CF092FB0DF1060310225821B9
:10CDB000ADF8060028460CF039FB94ED050A0CF09E
:10CDC00085FB0DF1060310226821ADF80600284608
:10CDD0000CF02CFB94ED060A0CF078FB0DF1060329
:10CDE000ADF806001022782128460CF01FFB237FA7
:10CDF000102B28BF10238DF80530AEB90DF10503B7
:10CE00000522882128460CF011FB4FF08D082034B4
:10CE100000279DF805309F4208EB071607D3F01D49
:10CE2000C00802B0BDE8F0814FF08808EFE7B4EC2D
:10CE3000010A0CF04BFB0DF10603ADF806001022C1
:10CE4000314628460CF0F2FA0137E2E737B50C46D6
:10CE500000212160A18003460546202220460CF0D7
:10CE6000E5FA95ED010A0CF031FB0DF10603ADF882
:10CE700006001022204620210CF0D8FA062003B02C
:10CE800030BD000073B500260E6090ED000A0C4620
:10CE900005460CF01BFB0DF106033146ADF806000C
:10CEA000102220460CF0C2FA95ED010A0CF00EFBA0
:10CEB0001022ADF806000DF10603204611460CF0D5
:10CEC000B5FA042002B070BD13B50446007F10B15E
:10CED000A38A012B0CD80023009108221946204672
:10CEE0000CF066F9237FA08A23B9B0FA80F04009DC
:10CEF00002B010BD013818BF0120F9E72DE9F34752
:10CF00000D46044600219046284640F2791210F062
:10CF10008FFE23462022002128460CF087FA231D8D
:10CF20000222202128460CF081FA631D03222221CF
:10CF300028460CF07BFAA31D0322252128460CF07D
:10CF400075FA04F108031022282128460CF06EFA25
:10CF500004F110030822382128460CF067FA04F186
:10CF600011030822402128460CF060FA04F1120354
:10CF70000822482128460CF059FA04F11403202213
:10CF8000502128460CF052FA04F118034022702177
:10CF900028460CF04BFA04F120030822B021284661
:10CFA0000CF044FA04F121030822B82128460CF0C1
:10CFB0003DFA04F12207C0263B46314608222846A6
:10CFC00008360CF033FAB6F5A07F07F10107F3D16C
:10CFD00094F832308DF8073031460DF107030822FE
:10CFE00028460CF023FA002604F1330A9DF8073096
:10CFF0004FEAC6099E4209F5A47720D394F832314E
:10D00000502B28BF50238DF80730B8F1000F08D1FE
:10D0100039460DF10703072228460CF007FA09F2FA
:10D020004F17002604F233149DF807309E4207EB99
:10D03000C6010DD30731C80802B0BDE8F0870AEB7E
:10D0400006030822394628460CF0F0F90136CDE7F0
:10D05000A319082228460CF0E9F90136E4E700009C
:10D0600013B504460846002101602346C0F80310AA
:10D07000202201900CF0DAF90198231D02222021D0
:10D080000CF0D4F90198631D032222210CF0CEF993
:10D090000198A31D032225210CF0C8F9019804F181
:10D0A0000803102228210CF0C1F9072002B010BD9E
:10D0B00008B5034608460021017001220CF0B6F9BC
:10D0C000012008BD2DE9F3410D4604460021164616
:10D0D00028467B2210F0ACFD23460322002128467F
:10D0E0000CF0A4F963781F2B28BF1F238DF806309E
:10D0F00005220DF10603032128460CF097F90123C0
:10D100009DF80620DF0003F10108013B9A421CD87C
:10D1100094F821305A2B28BF5A238DF807303EB996
:10D1200039460DF10703072228460CF07FF907372F
:10D13000002622349DF807309E4207EBC6010DD32E
:10D140000731C80802B0BDE8F08104EB08030822EB
:10D15000394628460CF06AF94346D1E7A31908225C
:10D1600028460CF063F90136E4E70000F7B5047FC8
:10D1700005460E462CB1838A122B02D9012003B03A
:10D18000F0BD002319460722009628460CF010F83F
:10D19000731C009301220023072128460CF008F895
:10D1A000D4B9B31C009305222346082128460BF06E
:10D1B000FFFF0D24B378102BE0D83746B278BB1BA5
:10D1C000934210D32B7FA88A0734E408B3B9844272
:10D1D00094BF00200120D2E7AB8ADB00083BDB08CC
:10D1E000B3700824E6E7FB1C0093214600230822C5
:10D1F00028460BF0DDFF08340137DFE7201A18BF9F
:10D200000120BCE7F7B5047F05460E462CB1838AA2
:10D21000CA2B02D9012003B0F0BD002319460096A5
:10D22000082228460BF0C4FF731CD4B908220093CF
:10D230001146234628460BF0BBFF10247378C82BF9
:10D24000E8D8012372785F1C013B934210D32B7FF7
:10D25000A88A0734E408B3B9844294BF00200120AF
:10D26000D9E7AB8ADB00083BDB0873700824E5E7ED
:10D27000F319009321460023082228460BF098FF5B
:10D2800008343B46DEE7201A18BF0120C3E7000040
:10D29000F7B50D460446002116462846812210F0B7
:10D2A000C7FC23460822002128460CF0BFF894F959
:10D2B00001206378002AB8BF7F238DF807309EB91C
:10D2C0000DF107030722082128460CF0AFF80F27BD
:10D2D000002602349DF807309E4207EBC60105D3B5
:10D2E0000731C80803B0F0BD0827F1E7A3190822E9
:10D2F00028460CF09BF80136ECE7000037B50446F1
:10D30000007F0D4610B1A38A072B15D800231946BC
:10D3100000950822204608350BF04AFF01230095AE
:10D320003022082120460BF043FF237FA08A2BB92F
:10D3300006288CBF0020012003B030BD073818BF7D
:10D340000120F9E738B50C46002121600546C4F8F4
:10D3500003100346302220460CF068F8204605F101
:10D360000803012230210CF061F8072038BD0000CD
:10D370002DE9F04390F81C8085B006460D46B8F1C3
:10D38000000F06D0838AE02B03D9012005B0BDE849
:10D39000F083002319460D22009530460BF008FF5C
:10D3A0000DF10F030093032200230D2130460BF0F3
:10D3B000FFFE9DF80F30042BE7D82B72013B032BA7
:10D3C00003D8DFE803F025303B461024B8F1000F06
:10D3D0005FD105F19803009321464346072230466A
:10D3E0000BF0E6FE073495F898305C2BCDD82F462D
:10D3F00095F898207B1B934252D3337FB08A073431
:10D40000E408002B58D1844294BF00200120BDE7DE
:10D4100005F11003009340220123102130460BF048
:10D42000C7FE5024D2E705F1100300932022012308
:10D43000102130460BF0BCFE3024C7E705F1100385
:10D44000009308220023102130460BF0B1FE18246F
:10D45000BCE705F110030093082200231021304699
:10D460000BF0A6FE2B7C802B8FD8002705F111092D
:10D470002B7CFC009F4204F11804A7D209EB0703A0
:10D48000009308220023214630460BF091FE01371D
:10D49000EEE7B38AC4EBC303DB0885F89830A2E754
:10D4A00007F19903009321460023082230460BF030
:10D4B0007FFE083401379BE7201A18BF012065E77B
:10D4C000F7B50C46137809688DF8063015460DF14E
:10D4D0000603032206460BF0A9FF216803312160F1
:10D4E0002B78013B032B0CD8DFE803F0020D161F4D
:10D4F00005F10803402230460BF098FF23684033C3
:10D50000236003B0F0BD05F10803202230460BF084
:10D510008DFF23682033F3E705F108030822304626
:10D520000BF084FF23680833EAE72B7A802B28BFAF
:10D5300080238DF8073008220DF1070330460BF0E9
:10D5400075FF236808332360002709359DF80730ED
:10D550009F42D6D2EB192168082230460BF066FFB5
:10D560002368083323600137F0E7000073B50C46E9
:10D57000137809688DF8073015460DF1070302226C
:10D5800006460BF053FF2168023121602B78012BF6
:10D5900003D0022B0BD002B070BD05F1080340226E
:10D5A00030460BF043FF236840332360F3E705F177
:10D5B0000803202230460BF039FF23682033F4E7BC
:10D5C00073B50D46044600211646284640F27312F4
:10D5D00010F02EFB0523224601A928460193FFF7F0
:10D5E0006FFF019B04F19002053301A928460193C6
:10D5F000FFF766FF019B04F59072063301A92846E8
:10D600000193FFF7B3FF019B04F59872063301A95C
:10D6100028460193FFF7AAFF94F840315C2B28BFFE
:10D620005C238DF803304EB90DF1030301990722F5
:10D6300028460BF0FBFE019B07330193002604F202
:10D6400041149DF8033001999E4203D30731C80865
:10D6500002B070BDA319082228460BF0E7FE019B1B
:10D66000083301930136ECE700487047D01F0208E9
:10D670000121884238BF08460EF0F4BDFFF7F8BF1D
:10D6800008B10EF0F3BD7047FFF7FABFF8B50646D4
:10D690000F46144622B90EF0E9FD25462846F8BD8E
:10D6A00010461EB9BDE8F8400EF098BD0EF096FD8C
:10D6B00005460028F2D0BC422246314628BF3A46F1
:10D6C00010F0A8FA30460EF0D1FDE7E703685B687A
:10D6D0001847000000207047012070470020704765
:10D6E000704700000020704700207047704700001E
:10D6F0007047000037B505460C468322011D01A87E
:10D7000000F05AF9611EC9B202299EBF05EBC101A2
:10D710000023C1E9073301A800F070F903B030BD60
:10D720002DE9F7431E461B885B070546884620D433
:10D73000011D422201A800F03FF92C4605F118090D
:10D740004C4513D0E3696BB12B682846DB6B9847D7
:10D750003388276AC1B243F00403E0694246B84700
:10D760000834EDE7236A002BEED1F9E701A800F0B9
:10D7700045F9012003B0BDE8F08300007FB56D4698
:10D7800085E806000446011D712203A81E4600F02C
:10D7900013F921460022C869D3B288B9086A78B95A
:10D7A00095E8030004EBC2021C32013382E8030057
:10D7B0000124337003A800F021F9204604B070BDA5
:10D7C0000132032A01F10801E5D10024F2E700004B
:10D7D0002DE9F04F2DED028B8BB004468B46532282
:10D7E000011D01A8BDF858809FED258B00F0E4F8DD
:10D7F000254604F11809002708F0040AA94536D087
:10D80000EB690BB92B6A63B1BAF1000F0BD1236836
:10D810002046DB6B98474346C1B25A46D5E9070616
:10D82000B0470835EAE7002FFBD18DED028BADF84C
:10D8300010705B4605AA0BF1080C1868596817466A
:10D8400003C7083363453A46F7D1186838609B88A8
:10D85000BB8005F0A3FF0423ADF810302368CDE9A9
:10D8600002011B6C02A9204698470127D9E701A8AD
:10D8700000F0C4F801200BB0BDEC028BBDE8F08FC6
:10D88000000000000000000030B503680968DD0FEB
:10D89000B5EBD17F23F0604421F060424FEAD170B4
:10D8A0000BD0002BB8BFA40C0029B8BF920C944237
:10D8B00002D034BF0120002030BD944205D1C1F315
:10D8C0008070C3F380738342F6D194422CBF002052
:10D8D0000120F1E7082817D90C280CD910280CD9F9
:10D8E00014280CD918280CD920280CD930288CBF22
:10D8F0000F200E207047092070470A2070470B2028
:10D9000070470C2070470D2070470000082817D979
:10D9100009280CD00A280CD00B280CD00C280CD0CD
:10D920000D280CD00E2814BF4020302070470C204A
:10D93000704710207047142070471820704720202F
:10D9400070470000436818478368184710B5024CB9
:10D950008260C0E9004110BD60200208007B704772
:10D9600070470000816082807047000038B583688E
:10D9700004462BB1057B1DB901220273984725731C
:10D9800038BD000010B5044B1B680446986A036854
:10D990001B699847204610BD1010002010B5054B9C
:10D9A0001B680446986A036800211B699847204653
:10D9B00010BD00BF10100020F8B50C4B01601E68B0
:10D9C0000446B06A03681B6C17469847054610B1B9
:10D9D000F36AA3F84270206803689B6898471DB1FA
:10D9E000F36A0022A3F842202046F8BD1010002060
:10D9F00010B50446FFF7E0FF204610BD10B5044601
:10DA000000680368DB689847204610BDC181B1FA01
:10DA100081F0400970470000C089704770470000DE
:10DA200000207047704700007047000000207047DA
:10DA300000207047704700004FF4B450704700005A
:10DA4000002070470020704700207047002070477A
:10DA500000207047007B704770470000012070472E
:10DA600007B503688DF80710DB6801220DF1070187
:10DA7000984703B05DF804FB08B5036801225B6AB0
:10DA800098470028D4BF0020012008BD07B50368CF
:10DA90000DF10701DB69984720B19DF8070003B03D
:10DAA0005DF804FB4FF0FF30F9E7000013B50446C2
:10DAB00008460191FDF730FC23680199DB680246B6
:10DAC000204602B0BDE810401847000005F066BED1
:10DAD00010B444682CB903685DF8044BD3F8843063
:10DAE000184700205DF8044B7047000082681AB99F
:10DAF0000368D3F8943018470020704782681AB939
:10DB00000368D3F8983018470020704730B4456850
:10DB10002DB90468D4F88040A44630BC604730BCBE
:10DB20007047000000231A46FFF7F0BF10B4846866
:10DB30000CB19C4206D103685DF8044BD3F88830E1
:10DB400092B2184700205DF8044B70470023FFF79E
:10DB5000EDBF0000013901298CBF00200120704772
:10DB60000020704700207047002070477047000079
:10DB700000230B70704700007047000070470000E2
:10DB80000020704700207047002070477047000059
:10DB90004368C26893423CBF8268D15443680133F2
:10DBA0004360012070470000F8B505460C468F1809
:10DBB0000026BC4207D02B6814F8011B9B6828463E
:10DBC00098470644F5E73046F8BD0000002070474E
:10DBD00000207047002070470020704738B590F84B
:10DBE0009C308B4204460D460CD080F89C1005F00A
:10DBF000D3FD2368C4F8A0005B682046984708B9A5
:10DC000084F84D5038BD00007FB50D4614461946C6
:10DC100000267AB1531E0B4A6846CDE90026089AC1
:10DC2000CDE9025300F08EF80198844204D92E54B5
:10DC300004B070BD1346EEE7002CF9D02C4404F874
:10DC4000016CF5E78420020808B410B585B007AC74
:10DC500054F8043B00940394FFF7D6FF05B0BDE8E9
:10DC6000104001B07047000070B5044603F0E6F9BB
:10DC70005E224FF4000103F0CDF90D4E0D4B1D68EF
:10DC800033783BB9E86A04222146483005F088FD24
:10DC900001233370EB6A2A2283F84620EB6A93F85B
:10DCA0009C301BB90448214605F04EFD70BD00BFF5
:10DCB000C22B0020101000206820020807B503685E
:10DCC0000DF10701DB69984720B19DF8070003B00B
:10DCD0005DF804FB4FF0FF30F9E70000F8B50646A9
:10DCE0000F4614460025AC420AD0336830469B6983
:10DCF0009847431C01D12846F8BD78550135F2E715
:10DD00002046F9E70EB403B503AA036852F8041BD2
:10DD10005B680192984702B05DF804EB03B070476E
:10DD200000F010B813B5044608460191FDF7F4FA67
:10DD300023680199DB680246204602B0BDE8104026
:10DD4000184700002DE9F04F2DED028B06468DB0EF
:10DD5000904691F80090B9F1000F00F0DE82B9F121
:10DD6000250F08D04B1C0393336849469B68304607
:10DD700098470399EDE791F801908B1CB9F1250FB5
:10DD80000393F1D00025AA462C461F2C3BD8B9F1AD
:10DD90002B0F2DD01CD8B9F1200F2BD0B9F1230FA8
:10DDA0002ED0A9F13003DBB2092B36D860064BBF69
:10DDB00005EB85050AEB8A0A03EB450503EB4A0AE6
:10DDC0004EBF05F0FF050AF0FF0A44F0200407E00B
:10DDD000B9F12D0F11D0B9F1300FE2D144F00104A7
:10DDE000039B13F8019B0393B9F1000FCDD126E0FB
:10DDF00044F0020444F00404F2E744F00804EFE7BE
:10DE000044F01004ECE77F2CCBD9230617D5B9F1E9
:10DE10006C0F14D144F48074E2E7B9F12E0F05D1F0
:10DE2000620600F17A8244F04004D9E7B9F16C0F40
:10DE300002D144F08004D3E7B9F1680FD0D0A9F142
:10DE40004503022B61D809F1200944F010045FFA60
:10DE500089F908F1070828F00708F8E80201FCF73B
:10DE600075FE14F0400F08BF062524F0C004B9F178
:10DE7000650F08EE100AA4B250D144F04004270602
:10DE80000DD59FED977AF0EEC87AF4EEC77AF1EEF1
:10DE900010FAC2BF4FF63F73234043F0400414F022
:10DEA000800346D03B2DA94628BF4FF03B0909F11E
:10DEB00001095FFA89F907271722002106A80293B2
:10DEC0000FF0B6FE4A46394606A8B0EE480A05F0FD
:10DED000F7FE9DF81830019303F00902012A029B16
:10DEE00083462FD0A0072FD414F0040F0CBF0022BC
:10DEF0002022019911F00C0758D0002A40F0AB8283
:10DF0000BAF1030F50D8174637E0A9F16503022B89
:10DF100000F25B8124F01004A4B29AE7B9F1660F15
:10DF200002D144F08004AAE7002DA8D0013DEDB253
:10DF3000A5E70A2D83BF0A2599462F462F4698BF8D
:10DF40009946B9E72D22D4E72B22D2E70427AAEB82
:10DF500007072107FFB20AD4336802929B68202189
:10DF60003046013F984717F0FF07029AF4D122B1DB
:10DF7000336811469B6830469847019B594D13F012
:10DF8000080F594B08BF1D46013D04F0100415F859
:10DF9000011F002900F0B5800CB12039C9B23368E7
:10DFA00030469B689847F2E70327D0E7CDF808B0E2
:10DFB000002B36D0019BD944DB065FFA89F907D5DF
:10DFC0009DF81930312B04BF09F1FF395FFA89F947
:10DFD0004FFA89F3002B44DDB9F1080F28BF4FF049
:10DFE000080914F0800304931ABF2BEAEB73013382
:10DFF000052302B101330DB1691C0B449A45C4BF1E
:10E00000AAEB0303DFB214F0090F2FD177B3336803
:10E0100005929B6820213046013F9847FFB2059A40
:10E02000F4E76006DDD45D4504DB1BF1040FA8BFF7
:10E0300044F080046B1C06A90B4435B113F8011998
:10E04000302902D1013DEDB2F7E72106C9D505F12E
:10E0500001095D455FFA89F906DDA5EB0B05EDB217
:10E06000BFE74FF00109BCE70025BAE722B13368EA
:10E0700011469B6830469847220708D43FB1336861
:10E0800030219B683046013F9847FFB2F6E7049B7A
:10E09000002B47D02BEAEB74ABEB040A06AB9A4497
:10E0A000ABEB09096D42A34517DBA14515DA9AF8D8
:10E0B0000110013CA54219DC002900F0D28133682F
:10E0C00030469B689847631C04D133682E219B68B7
:10E0D000304698470AF1010AE5E73021E9E700BF39
:10E0E0007F96184BB4200208B0200208A34507D140
:10E0F0009DF81930352B0FD802D1019BDD060BD5C9
:10E1000059B9002F3FF435AE336820219B68304663
:10E11000013F9847FFB2F4E7312133689B683046EE
:10E120009847EEE79DF8191031291EBF019B03F0B7
:10E13000EF030193336830469B689847E5B933682D
:10E1400014F0100F14BF452165219B683046984795
:10E15000BBF1000F29DACBF1000302932D213368C4
:10E1600030469B6898473021029B092B23DD013103
:10E170000A3BC9B20293F7E733682E219B68304609
:10E1800098470235EDB24FF002094B460CAA1A44EB
:10E19000336812F8181C9B6809F101095FFA89F9C4
:10E1A00030469847A945F0D1C9E702D1019BDC066A
:10E1B000D1D42B21D3E7336830469B689847029926
:10E1C000336830319B68C9B2A9E7B9F1630F37D022
:10E1D000B9F1730F4FD0B9F1640F63D124F09007F8
:10E1E00014F4807FBFB20DF118097BD008F107024B
:10E1F00022F007029046516858F8080B002904DA0B
:10E20000404261EB410147F080070A234A4600F093
:10E210007BF9A0EB0900C4B27B0640F19F8027F098
:10E220000109AC421FFA89F980F0D28007F014038B
:10E23000102B03D127F011071FFA87F9AB468FE0A7
:10E2400058F8043B8DF8183001250DF11809200706
:10E2500001D4AA451CD84D445746A9453FF451AFB7
:10E26000336819F8011B9B6830469847002FF4D09B
:10E27000013FFFB2F1E758F8049B14F0400F14BFC0
:10E2800029464FF0FF31484610F0A8F90546DEE771
:10E29000336820219B6830460AF1FF3A98475FFABD
:10E2A0008AFAD6E7B9F1690F98D0B9F1750F27D17D
:10E2B00024F01004A7B20A2317F4807FDBB20DF11B
:10E2C000180944D008F1070828F00708F8E8020107
:10E2D0004A4600F019F9A0EB090027F08007C4B204
:10E2E000BFB299E758F8040B0028B8BF40424FF07E
:10E2F0000A024946B8BF47F0800700F0B7F888E740
:10E3000024F00607B9F1700FBFB214D00AD8B9F1E2
:10E31000580F13D0B9F16F0F17D00DB0BDEC028BB1
:10E32000BDE8F08FB9F1780FF7D1F90601D547F0C4
:10E3300004071023C0E747F01007F6E7E20601D50F
:10E3400047F006074FF40473B6E70823B4E758F81C
:10E35000040B1A46494600F089F8BCE7A346B946C3
:10E3600019F0100F41D00CAB234413F8193C302B9B
:10E3700030D129F016091FFA89F919F0080744D19C
:10E3800019F0010F35D0DA4545D904EB0A05A5EBA4
:10E390000B05EDB2336819F0100F9B683FD03021A8
:10E3A0003046984719F0040F08D0336819F0020F6F
:10E3B0009B6814BF58217821304698473368AC4297
:10E3C0009B6839D230213046013D9847EDB2F5E7E0
:10E3D000A346C5E719F0040F02D10BF1010B01E0D0
:10E3E0000BF1020B5FFA8BFBC7E719F0860FC4D065
:10E3F000F3E73368DA459B680FD9202130460BF1EB
:10E40000010B98475FFA8BFBF3E7DA4505D9AAEBD6
:10E410000B07FFB2BEE72546BCE70027BAE719F0B5
:10E42000860FCBD019F0020F14BF2B21202119F039
:10E43000800F18BF2D21BFE7651E06AB53FA85F587
:10E44000336815F801199B68013CE4B230469847DF
:10E45000002CF5D155E6BAF1040F3FF677AD002751
:10E4600086E5A3457FF44DAE42E600BF082A30B5ED
:10E4700005D10346C008FCD130330B700DE0102AE3
:10E480000DD100F00F0202F13003392B88BF02F1E9
:10E490003703000901F8013BF3D1084630BD0346BC
:10E4A0000022DCB223F00103023342F100025808DB
:10E4B00040EAC270C31842EB5202180940EA0270E7
:10E4C000C01842EB1212030A43EA0263181842EB27
:10E4D0001222030C43EA02431B1842EB1242D318E8
:10E4E00042F100001B0943EA0073C3EB4315C3EB81
:10E4F00085053034020904EB450453EA101001F895
:10E50000014BCED1C9E70000082B30B50AD1034634
:10E51000C00840EA4170C90850EA0104F7D130331D
:10E52000137013E0102B13D100F00F0404F130032B
:10E53000392B4FEA101088BF04F1370340EA01700D
:10E54000090902F8013B50EA0103EDD1104630BD44
:10E5500020F00104023441F10003610841EAC37173
:10E560000C1943EB5303210941EA03710C1943EBE6
:10E570001313210A41EA03610C1943EB1323210C05
:10E5800041EA0341091943EB1343591843F10003CE
:10E59000C5B2080940EA0370C0EB4014C0EB840424
:10E5A0003035190905EB440550EA131302F8015BF5
:10E5B000CED1CBE770EE600ADFED057AF0EEE00A2F
:10E5C000F4EEE70AF1EE10FA4CBF0120002070478C
:10E5D0000000003410B5B4EE400AF1EE10FA2DED53
:10E5E000028B0446B0EE608AF0EE418A0FD702F04B
:10E5F00025FDA2B24FF4806102F00CFD38EE288AAE
:10E60000B6EE000A28EE000ABDEC028B10BDB4EE97
:10E61000E00AF1EE10FA07D4B4EE410AF1EE10FA76
:10E62000C8BFB0EE410AEFE7B0EE600AECE70000C9
:10E63000884203DB90420146A8BF11460846704756
:10E64000094A136849F2690099B21B0C00FB0133B7
:10E650001360064B186844F2506182B2000C01FB53
:10E660000200186080B27047080E0020040E0020DF
:10E670007047000038B5056804462DB1284605F0FE
:10E68000B1F92846FEF7FCFF204638BD1346024686
:10E69000014801F0E3BF00BF162C002013B504228F
:10E6A000054B0193044601460DEB0200FFF7EEFF18
:10E6B000024B1C8002B010BDFFFF3F00082C002061
:10E6C00007B5502304228DF80430412300210DEBBF
:10E6D00002008DF8053006238DF806308DF80710FE
:10E6E000FFF7D4FF0420FFF7D9FF03B05DF804FB68
:10E6F00000EB0212907B20B91BB19289120758BF20
:10E700003F20984008447047430608D4000A08D0C8
:10E71000054B1B88184214BF0120002070470020C1
:10E7200070470120704700BF0C2C002010B50B4B28
:10E730001A880B4B01301B6880B2142404FB003391
:10E74000824207D9DC898C4203F1140304D00130E2
:10E7500080B2F5E7002010BD0120FCE71A2C002054
:10E760001C2C002082898368D20648BF1B6818468B
:10E770007047000082898368D20648BF1B6818462C
:10E780007047000007B5042300220DEB03010B487E
:10E79000019201F043FF9DF80430502B07D19DF802
:10E7A0000530412B03D19DF80630062B01D0FFF731
:10E7B00087FF012003B05DF804FB00BF162C00208A
:10E7C00082894368920705D51B68181E18BF01206F
:10E7D0000B6070470120FBE737B58B891446DA07D9
:10E7E0000D4605D523684A6813442360012012E0D2
:10E7F0009B07FBD50A4B1B68142201A902FB0030C2
:10E80000FFF7DEFF48B1019922686B680A44D358CC
:10E810001BB15B1A236003B030BD0020FBE700BFD3
:10E820001C2C00202DE9F04F8BB01F469DF8548022
:10E83000069114235343059308F10603DBB2054602
:10E8400016464FF0000B07935FFA8BFA07EB0A1995
:10E8500099F80F40002C4CD0062C28D1B8F10B0FA2
:10E8600021D84846FFF77EFF0446C8B1169B09939E
:10E8700009AA49463046FFF7AFFF88B114994346CD
:10E8800052463846FFF734FF099B0293079B0699CF
:10E89000CDE90003324623462846FFF7C3FF18B9E7
:10E8A0000BF1010BD0E700200BB0BDE8F08F1499FD
:10E8B000434652463846FFF71BFFB0EB953FEFD17A
:10E8C000C5F30423A342EBD10B4C059B206809A997
:10E8D0001844FFF775FF0028E2D0D9F80430099AF0
:10E8E0001344169A1344069A13602068059B184433
:10E8F000DAE72046D8E700BF1C2C00202DE9F04FB6
:10E900001F4B5FFA80F8B3F800A0C0F3403348EA29
:10E9100003281C4B1E680F4687B00546C0F3042B26
:10E9200000211FFA81F9CA4527D9F38943453446A6
:10E9300020D1337C062B0FD13046FFF71BFFC8B127
:10E940000023CDE9013300934A4603463946284661
:10E95000FFF768FF044609E09B450BD105A9304647
:10E96000FFF72EFF0028F5D0059B3B60204607B03F
:10E97000BDE8F08F01311436D3E70024F6E700BF7D
:10E980001A2C00201C2C00202DE9F04F98468DB049
:10E99000142353430693484B9DF85890DDF868B014
:10E9A00004461868069B0E4618440AA91746FFF746
:10E9B00007FF00287DD00023079309F10603DBB28F
:10E9C00009939DF81CA006EB0A15EB7B002B70D079
:10E9D000062B3BD12846FFF7C5FE0890002831D012
:10E9E000B9F10B0F65D8179B0B930BAA2946384634
:10E9F000FFF7F2FE30B39BF80030012B59D85A1CB8
:10EA00000BEB83038BF8002041465D6052464B467A
:10EA10003046FFF76DFE1B9A0899CDE904B2199AAA
:10EA20000392189A02920B9A0192099A0092034655
:10EA30003A462046FFF7A8FF00BB9BF80030013B99
:10EA40008BF80030079B01330793BAE7179A686881
:10EA500010440A9A1044A04213D14B4652464146F4
:10EA60003046FFF745FE189B1B9A1860199B1D60E6
:10EA700000231370104B1868069B18440DB0BDE8B6
:10EA8000F08F052BDED1031D9C4203D000F108035B
:10EA90009C42D7D11B9B201A8008187052464B46C7
:10EAA00041463046FFF724FE189B1860199B1D60F5
:10EAB000E0E70020E2E700BF1C2C00202DE9F04F2A
:10EAC0008BB00025DFF8A4A0079306460F469046BA
:10EAD0001560254B1B881FFA85FB5B4541D9DAF889
:10EAE0000000142303FB0B0409A9204694F810909E
:10EAF000FFF766FE98B3B9F1060F17D12046FFF76E
:10EB000039FE014658B3149B0593079B0297CDE944
:10EB100003830023CDE900335A463046FFF734FF24
:10EB20000446E0B120460BB0BDE8F08F0998B04232
:10EB300004D1149A00233B601370F3E7B9F1050F79
:10EB40000DD1031D9E4203D000F108039E4206D161
:10EB5000149B301A8008187000233B60E2E70135EF
:10EB6000B7E70024DEE700BF1A2C00201C2C002091
:10EB70002DE9F04798460D88234B0446C5F3080954
:10EB8000186809EB890588B000EB850507A92846B8
:10EB9000119E95F810A01746FFF712FE20B9002528
:10EBA000284608B0BDE8F0870021BAF1060FC8F882
:10EBB000001013D12846FFF7DDFD0028EFD0109B91
:10EBC0000091CDE90383CDE901170B460596014677
:10EBD0004A462046FFF7D8FE0546E1E70798A042DF
:10EBE00002D139603170DBE7BAF1050FD7D1031DCF
:10EBF0009C4203D000F108039C42D0D1241AA408FF
:10EC0000002334703B60CBE71C2C00200138C0B2DD
:10EC100004289ABF014B185C002070474C21020861
:10EC20002DE9F04F2DED028B83B000240093931D4E
:10EC3000DBB208EE103A05460E461746A246A0463D
:10EC40004FF0010BE0B2010105EB001090F80F90BE
:10EC5000B9F1000F5AD0837B3F2B02D92E4804F024
:10EC600073FD17B1002B08BF3F23C3F1200EA3F1A2
:10EC7000200C2AFA03F208FA0EFE28FA0CFC42EAEB
:10EC80000E0242EA0C0212F0010FC3F1200CA3F1B4
:10EC90002002E3D10BFA02F22BFA0CFC42EA0C023E
:10ECA0000BFA03F3B9F1060F43EA0A0A42EA08082D
:10ECB00013D10B2FD2D8FFF755FD814658B16858B4
:10ECC000FCF72AFB009B1844C3B218EE102A314609
:10ECD0004846FFF7A5FF0134B4E74846FFF796FF23
:10ECE00001900028BAD06858FCF716FB009B184426
:10ECF000C0B2B9F1050F04BF0230C0B21028019BA9
:10ED0000ACD83088043003443380E4E703B0BDEC72
:10ED1000028BBDE8F08F00BFB82002082DE9F04F4C
:10ED200085B00423DFF89890ADF80E3000244FF042
:10ED3000140A214B1B881FFA84F8434539D9D9F8A6
:10ED400000300AFB08F15D182F7CB5F80EB0062FD5
:10ED500023D1B8F1000F02D1184804F0F5FC284681
:10ED60000193FFF707FD0646A8B1019B5858FCF731
:10ED7000D3FA0022C3B20DF10E013046FFF750FF67
:10ED800059464046FFF7D2FC0028E5D1062F02D0B5
:10ED9000AB899B07E0D40134CBE73846FFF736FF59
:10EDA0000028D9D0BDF80E3004331844ADF80E0059
:10EDB000E6E705B0BDE8F08F1A2C0020B820020865
:10EDC0001C2C0020437803F01F021F2A0FD002786A
:10EDD000C3F3401342EA032340F2FF12934206D0EA
:10EDE00000680138C31C94BF002001207047012037
:10EDF000704700002DE9F341224FDFF8908006466E
:10EE00000D4604247B88A34237D904230DEB03016C
:10EE10002246384601F002FC9DF80510737881EA1D
:10EE20000302D20618D196F800C09DF80400C3F37F
:10EE30004013C1F340124CEA032340EA02229342FA
:10EE40000AD13268019B534013EA080F04D12C8089
:10EE5000012002B0BDE8F08101A8FFF7B3FF20B1A7
:10EE6000094B2C801C800020F3E701F01F00FFF706
:10EE7000CDFE031D1C44A4B2C4E74FF6FF732B80E4
:10EE8000F1E700BF162C0020082C002000C0FFFF77
:10EE900070B50C462046114615461E460FF09EFBE7
:10EEA000831CAB420AD85F22225422180330A842A6
:10EEB00006F1580656709CBF0022E25470BD000057
:10EEC0002DE9F74FDDE90D5407468A4616460968D5
:10EED0009DF830809B4622469DF83C3000932846A2
:10EEE0000FF068FB4FF000099BF800105FFA89F201
:10EEF0009142019212D9214628460FF06FFBC0B211
:10EF00008442019A07D90BEB82025168221A0968E0
:10EF100028440FF04FFB09F10109E5E7E6B121466E
:10EF200028460FF05BFBC3B29C4204D93168E21A59
:10EF3000E8180FF03FFB009B13B9B8F1000F13D096
:10EF4000F37B052B10D1434622462946384603B0B1
:10EF5000BDE8F04FFFF79CBF009B13B9B8F1000F5D
:10EF600002D09AF81030ECE703B0BDE8F08F000053
:10EF7000F0B58BB007AC1F460023C4E901330793FB
:10EF80000DF11303CDE90043154606AB05AA06466D
:10EF9000FFF7EEFD014610B928700BB0F0BD9DF8EB
:10EFA0004030069A0195CDE902739DF81330009325
:10EFB00030462346FFF784FFEFE700002DE9F04FCE
:10EFC000984689B014234B43DFF828A103920446E6
:10EFD0000E4604934FF000095FFA89F52B0108EB08
:10EFE0000515059395F80FB0BBF1000F7FD0BBF16D
:10EFF000060F58F803702AD13846FCF78DF93946C8
:10F00000024620460FF0A0FA002869D12846FFF7F3
:10F01000A9FB0746002863D0039B079307AA29464C
:10F020003046FFF7D9FB00285AD0059B58F803005B
:10F03000FCF772F9129B0093079A3B463146204435
:10F04000FFF7BCFF00284BD009B0BDE8F08F394670
:10F0500020460FF05FFA88B9DAF80000049B07A990
:10F060001844FFF7ADFB00283AD0129B83F800B09C
:10F070006868079B1844039B1844E5E7BBF1050F3C
:10F080002ED1102138460FF0A9FA5FFA80FB5A46BC
:10F09000394620460FF07AFA10BB14F90B305F2B7B
:10F0A0001ED10BF1010B14F80B30583B022B17D873
:10F0B000DAF80000049B07A91844FFF781FB78B138
:10F0C0006868079B129A1844039B18440423137022
:10F0D00014F90B30592B06D05A2B06D0582BB3D02D
:10F0E00009F1010978E70430AEE70830ACE758468B
:10F0F000AAE700BF1C2C00202DE9F04F8BB0DFF8F1
:10F10000D0B00291054614460026304B1B881FFAEA
:10F1100086FA534557D9142253465343DBF800204F
:10F1200002EB0309D35899F81080B8F1060F34D1D7
:10F130001021184603930FF051FA039B5FFA80F8F1
:10F140004246194628460FF021FA0746002838D1D2
:10F150004846FFF70FFB0346002832D0029A009280
:10F1600005EB08003A465146FFF728FF804640B3BA
:10F170007CB10DF11303009306AA07AB05A9CDE9F5
:10F18000077705970997FFF799FC069B03B19B89C1
:10F19000238040460BB0BDE8F08F194628460FF09B
:10F1A000B9F9824668B9029B07A983F800804846EE
:10F1B000FFF706FB38B10CB1A4F800A0DDF81C8005
:10F1C000E7E70136A1E74FF00008E2E71A2C00203C
:10F1D0001C2C002030B50B4B1C880B4B1B680022ED
:10F1E00095B2AC420CD91D7C062D06D15D688542D6
:10F1F00003D1DB890B80012030BD01321433EFE7EE
:10F200000020F9E71A2C00201C2C002010B590B02B
:10F210000023CDE9083306930A930DF117030093F9
:10F2200006A908AB07AA0446FFF748FC014668B1E7
:10F2300011230122CDE902320BAB01939DF8173067
:10F240000093079A08AB2046FFF73AFE10B010BDB6
:10F25000F0B5304D87B040F2A51202908DF80C1039
:10F2600006460C4601A8291DFEF7A6FB052204A9A7
:10F27000286804F0FDFC074601A8FEF7BFFB052F38
:10F2800006D1049BB34203D19DF81430A3423ED073
:10F29000214E224F4FF4B072314601A8FEF78CFB8D
:10F2A000286804F009FC042821D92868052202A94D
:10F2B00004F078FC431F5C425C4101A8FEF79EFB12
:10F2C0002CBB3C68E36A93F89C3093B9A06A03684E
:10F2D00001211B699847A06A03684FF4FA719B6883
:10F2E0009847A06A036800211B699847D2E7002469
:10F2F000E3E7A06A03681B6C98470028E6D001F09A
:10F300009DFE40F2F3424FF4801101F083FE07B0FE
:10F31000F0BD00BFE02B0020E42B002010100020E7
:10F320002DE9F341154E164FC92406F10408013C9E
:10F33000A4B2FCB140F24B12414601A8FEF73CFBDF
:10F34000306804F09FFB054601A8FEF757FB042D2B
:10F3500010D93D68A86A03680A211B699847A86A02
:10F3600003680A215B689847A86A036800211B6943
:10F370009847DCE702B0BDE8F08100BFE02B002039
:10F380001010002000B58BB00023CDE907330493A3
:10F3900009930DF10D03009305AA07AB04A9FFF72C
:10F3A0008DFB10B3059B23B3DB7BC2898DF818203E
:10F3B00003F01F03C2F300221B0243EA4233049A04
:10F3C00043EA82339DF818200DF10E01134306A87D
:10F3D0000693FFF70FFD40B19DF8193003F01F03AE
:10F3E000052B03D09DF80D3003B100200BB05DF864
:10F3F00004FB037CD9E70000F0B5144F3B8889B0CB
:10F4000006460D46FBB10DF10B030024009304AA40
:10F4100005AB03A9CDE9054403940794FFF74EFB20
:10F4200088B10B4B38881B68A2B290420BD91A46A0
:10F43000013411688E4203F10C03F5D1137A2B705D
:10F44000012009B0F0BD0020FBE700BF102C002018
:10F45000042C002013B50DF107010446FFF7CCFF83
:10F4600010B92046FFF78EFF02B010BD0138032807
:10F4700016D8DFE800F002080E13FDEEC07A17EE92
:10F48000903A0B707047BDEEC00A10EE103A0B8038
:10F490007047BDEEC00A81ED000A704781ED000A99
:10F4A0007047000037B5036803F0004303600A4B60
:10F4B0001B880C4613B9002003B030BD074D01A9CD
:10F4C0002868FFF77DF90028F5D014B12B681B7C64
:10F4D00023700198F0E700BF1A2C00201C2C00209C
:10F4E0002DE9F04F8FB09B469DF870300B9314239D
:10F4F00043439DF860901A9D0A93074688460892F8
:10F50000002307939DF81CA008EB0A16F47B002C3F
:10F5100000F0BC80B089FFF7F7F8002800F0B38056
:10F52000062C2FD13046FFF71DF90446002800F0C5
:10F53000AA80199B0D930DAA31463846FFF74CF966
:10F54000002800F0A0804B46524659464046FFF73F
:10F55000CFF81D9A05920B9A04921B9ACDE902529C
:10F560000D9A019209F10602D2B203460092214699
:10F57000089A3846FFF7B4FF002800F084800FB0E7
:10F58000BDE8F08F089B1B780993002B3CD02B889B
:10F5900067F308032B8052464B4659464046FFF717
:10F5A000A7F83B4B03EA40302B6823F0FF4323F4DA
:10F5B000FF0323F4FC4318431B9B286003B11C701A
:10F5C000344B18680A9B0DA91844FFF7F9F8002876
:10F5D00059D00D9A73681344199A98180B9A002AF7
:10F5E000CDD02D4A1278002AC9D0F27B012AC6D18B
:10F5F000B2895207C3D5199A9B56002BBFD1EB781D
:10F6000043F08003EB70BAE74B46524659464046FA
:10F61000FFF76EF82B68C3F35133984233D1089A41
:10F620000123137095F90330002B06DAEB78099A61
:10F6300062F3C713EB701046A1E7052C23D16B785A
:10F64000C3F34302022A1ED8013262F344036B70F3
:10F650001B9B13B11B9A042313700E4B18680A9B53
:10F660000DA91844FFF7ACF868B170680D9C95F8C7
:10F6700001B0199B2044CBF3430B18440BF1FF3B23
:10F6800000EB8B007BE7079B01333AE7204676E7E8
:10F6900000E0FF7F1C2C00200C0E00202DE9F04F15
:10F6A0008BB0DFF8EC900488079200228DF82720B9
:10F6B000B9F800201F46C4F308039A4205460E46D7
:10F6C0001C4662D9DFF8CC801BB2D8F8001003EBDF
:10F6D00083039A0001EB83031B7C052B18D143782D
:10F6E000C3F34301022915D8013161F34403437088
:10F6F0000EB104233370D8F8001068780A44C0F3C0
:10F700004300431E506800EB83000BB0BDE8F08F50
:10F71000062B04D001340123A4B28DF827304FF01A
:10F72000140B4FF0000AB9F80030A3422DD9D8F8D5
:10F7300000200BFB04229089FEF7E6FFB8B1117C94
:10F74000062917D11046FFF715F8014678B1079B37
:10F750000597CDE90363CDE901A5CDF800A000230D
:10F760000DF127022046FFF7BBFE0028CDD1013462
:10F77000A4B2D8E72B68C4F3080403F00043234382
:10F780002B6006B131705068BFE70020BDE700BFB5
:10F790001A2C00201C2C002073B505460C4616467A
:10F7A000334601220DF107012846FFF777FF28B104
:10F7B0009DF80730042BF3D804B1237002B070BD5C
:10F7C000F8B514460746002220460E46FFF76AFEAB
:10F7D000002540B1BD4206D0002231462046FFF749
:10F7E000DBFF0135F5E7F8BD013903290BD8DFE868
:10F7F00001F00204060800F081BE00F0B7BE00F080
:10F80000EDBE00F047BE9FED010A70470000C07FCB
:10F8100037B5037A02888DF8042003F01F03C2F382
:10F8200000221B0243EA4233426843EA82339DF8D6
:10F8300004200C4613430DF1020101A80193FFF7C8
:10F84000D9FA054670B19DF8050000F01F00FFF7DA
:10F85000DDF9BDF802200432034692B20348214686
:10F8600000F0DCFE284603B030BD00BF162C00209F
:10F870002DE9F0472DED028B82B0044600AF007AEF
:10F88000FFF7C4F9C31D23F00703E946ADEB030DF1
:10F890000E46804669462046F0EE408AEA46FFF76B
:10F8A000B7FF88B3E0680022F91DFFF725FC054685
:10F8B00040B9344BE2681B683349986903681B6898
:10F8C000984721E0B2071BD5227AFB799A4222D1D0
:10F8D000F7EE000AB0EE680AFEF76CFED8B1D6B9B2
:10F8E0004246514628460EF085F968B151464246D7
:10F8F00028460EF08FF931462846FFF7A9FC03E0B1
:10F90000FFF740FD0028DFD00837CD46BD46BDECEF
:10F91000028BBDE8F087FB79042B07D9194BE2680D
:10F920001B681A49986903681B68C9E7217A04298A
:10F93000F4D85046FFF758FFF307B0EE408A0BD5D6
:10F94000FFEE000AFEF736FE9FED110A0028B7EE23
:10F95000008A08BFB0EE408AF9792846FFF744FFD5
:10F96000F0EE400AB0EE480AFEF724FE02460028F8
:10F97000CAD1294628EE280AF879FFF777FD114603
:10F98000BAE700BF10100020CC200208E5200208D2
:10F99000000000002DE9F04F2DED028B8BB002AF7F
:10F9A00005460E46B0EE408A9146FFF7EBFC044652
:10F9B00038B1002420462437BD46BDEC028BBDE89B
:10F9C000F08F7B1DC7E90500B860F861009307F16F
:10F9D0000C0207F1140307F108012846FFF76EF83F
:10F9E0000028E6D0FB68002B3DD093F80F80C38938
:10F9F0003B74C3F3002206F01F031B0243EA4233A9
:10FA0000BA6843EA82333A7CB91D134307F1100008
:10FA10003B61FFF7EFF982460028CAD03046FFF776
:10FA2000F5F8C31D23F00703FA88ADEB030D0DF1C4
:10FA3000080B0432034692B21B48594600F0EEFD13
:10FA4000B9F1000F12D131465846FFF7CDFE2946D5
:10FA500020EE080A4046FFF709FD01212846FFF77E
:10FA6000F7FB5446A6E790F81080C0E7022E10D0AE
:10FA7000032E11D0012E9DD19BF80030B8F1020F5A
:10FA80000DD0B8F1030F0CD0B8F1010F92D12B704B
:10FA9000E3E7BBF80030F1E7DBF80030EEE72B805E
:10FAA000DBE72B60D9E700BF162C0020B4EE400A3C
:10FAB000F1EE10FA10B504460CD69FED327AF0EE56
:10FAC000C07AF4EE477AF1EE10FA03DC042902D191
:10FAD00080ED000A10BD032919D1B5EEC00A9FEDD3
:10FAE0002A7ADFED2A7A9FED2A1ADFED2A0AF1EE53
:10FAF00010FA58BFF0EE477A30EE270A40F6CB00F6
:10FB0000FEF768FDBDEEC00A84ED000AE2E70229B7
:10FB10001AD1B5EEC00A9FED1C7ADFED1C7A9FED7D
:10FB20001E1ADFED1E0AF1EE10FA58BFF0EE477A0A
:10FB300030EE270A4FF40D60FEF74CFDBDEEC00A13
:10FB400010EE103A2380C5E70129C3D1B5EEC00AF3
:10FB50009FED0D7ADFED0D7A9FED111ADFED110AA1
:10FB6000F1EE10FA58BFF0EE477A30EE270A40F671
:10FB7000D500FEF72FFDFDEEC07A17EE903A237008
:10FB8000A8E700BFFFFF7F7F0AD7233C0AD723BC2B
:10FB90000000004F000000CF00FEFF46000000C73D
:10FBA0000000FE42000000C32DE9F3411D4690F91C
:10FBB0000030232B0F4690464FF000042CD01749FD
:10FBC000019401AA0FF0BCFB064618B9002002B050
:10FBD000BDE8F081FBF7A0FB1028F7D80F4901AA78
:10FBE00020460FF0ADFB0028F0D021460FF024FB9B
:10FBF0000A4988ED000A01AA3E6020460FF0A0FBEA
:10FC000030B10749FBF77EFB10B901202870DEE711
:10FC100000232B700120DAE72046D8E700210208F4
:10FC2000072102082DE9F0434FF000089DB005467A
:10FC30000E461746A2F80080002E35DDB2B2002332
:10FC40009CB2A24203F1010902D9EB5C0A2B29D133
:10FC5000632C28BF63242246294603A80DF0DAFF4F
:10FC60001CAB1C44A6EB090604F8648C9DF90C300F
:10FC7000232B4D44E0D0002BDED00DF1020302AA6D
:10FC800001A903A8FFF790FF0028D5D00198002212
:10FC90000DF10301FFF730FA0028CDD03B88013386
:10FCA0003B80C9E74B46CBE701201DB0BDE8F083A0
:10FCB0002DE9F04FDFF828810546D8F800009FB005
:10FCC0000E4608B1FDF7E0FC434FDFF818A1DFF85E
:10FCD000189100240DF10A0231462846C8F8004068
:10FCE0003C80AAF80040A9F80040ADF80A40FFF7B0
:10FCF00099FF00286DD0BDF80A300C205843FDF75D
:10FD0000BDFCC8F8000010B9344803F01DFDBDF873
:10FD10000A303B80A346BDF80A30A34257D9002ED3
:10FD200055DDB1B2002297B2B94202F1010302D906
:10FD3000AA5C0A2A49D1632F28BF63273A4629467D
:10FD400005A801930DF066FF1EAB1F44019B07F849
:10FD500064BCF61A1D449DF91430232BDBD0002B14
:10FD6000D9D002AB04AA03A905A8FFF71DFF0028FC
:10FD7000D1D0039800220DF10901FFF7BDF9074624
:10FD80000028C8D00C2303FB04F2D8F800309850A8
:10FD9000D8F800301344049A5A609DF808201A726B
:10FDA00022B1B9F800300133A9F8003001343846E7
:10FDB000A4B2FFF7E7FA0028ADD19DF809109DED38
:10FDC000040A3846FFF772FEA5E71A46ABE7AAF821
:10FDD00000301FB0BDE8F08F122C00201421020863
:10FDE000042C0020102C0020002C00200246024889
:10FDF000418A1430FFF75CBF54210208024B5B8A32
:10FE00000BB1FFF7F3BF70475421020830B5002053
:10FE100085B0FFF7F3FF214B1A7872B901221A70EF
:10FE20001F4B204A1B680292986A1F4A036803927C
:10FE300004AA12E906009B6A98471C4D04246B88AB
:10FE4000A34229D9042322466946284600F0E6FB4E
:10FE50006846FEF7B7FF18B1154B1C8005B030BDE2
:10FE6000009801A9FEF74AFD60B19DF8010000F07D
:10FE70001F00FEF7CBFE221D0346019992B22846D1
:10FE800000F0CCFB9DF8010000F01F00FEF7BEFE65
:10FE900004300444A4B2D2E70020DFE7142C002091
:10FEA00010100020C32B0020D5030108162C0020C1
:10FEB000082C002070B50E4B1E880E4B1B680022CC
:10FEC00094B2A64209D91C4601322568854203F145
:10FED0000C03F5D194ED010A70BD8B891B0649BF57
:10FEE0008B6891ED020AC01A90ED000AF4E700BF9A
:10FEF000102C0020042C00202DE9F04105460F466F
:10FF00004FF000085FFA88F307EB0311CC7BDCB1FC
:10FF1000042C0BD84E682E443046FFF7CBFF3146F9
:10FF20002046FFF7A3FA08F10108EBE7052CFAD108
:10FF30004C682C442046FFF7BDFF84ED000A84ED99
:10FF4000010A84ED020AEEE7BDE8F08170B50E4BC0
:10FF50001E880E4B1B68002294B2A64209D91C468B
:10FF600001322568854203F10C03F5D194ED010AB5
:10FF700070BD8B891B0649BF8B6891ED020AC01AC0
:10FF800090ED000AF4E700BF102C0020042C0020A4
:10FF90002DE9F0418AB00023CDE90733039309939B
:10FFA0000DF10903009304AA07AB03A90446FEF769
:10FFB00085FD054620B9002630460AB0BDE8F0812F
:10FFC000049B002B3AD0DB7BEA898DF8142003F0E8
:10FFD0001F03C2F300221B0243EA4233039A43EA9F
:10FFE00082339DF814200DF10A01134305A80593EF
:10FFF000FEF700FF064658BB06A92846FEF7E0FBC1
:020000040801F1
:100000000028D9D09DF815700499DDF8188007F004
:100010001F07B9B19DF81C3093B1089A012B5568A0
:1000200002D0099B5B681D442046FFF743FF4968E7
:10003000414429443846FFF719FABDE7037CC3E77A
:100040003546F1E729462046FFF780FF4146F1E7B4
:100050009DF815009DF8093000F01F02052A0FD009
:10006000002BA8D100F01F00FEF7D0FDBDF80A203C
:100070000432034692B22146044800F0CFFA9BE7CF
:10008000002BEFD0A4EB8304ECE700BF162C00207C
:100090002DE9F04385B0FEF775FB134E134F002595
:1000A0004FF014083288ABB29A4219D91C463B680B
:1000B00008FB043494F81090B9F1040F0ED803A98A
:1000C0002046FEF77DFB48B1039801902146FFF7DB
:1000D0003DFF019801464846FFF7C8F90135E1E7C1
:1000E00005B0BDE8F08300BF1A2C00201C2C0020B6
:1000F0002DE9F347DFF88C901F4940F67A226846D5
:10010000FDF75AFCB9F800702FB11C4B1A881C4B34
:100110001B889A4228D0194E194D05244FF000082B
:10012000B9F800701FB132882B889A421CD0013C6C
:1001300014F0FF0418D00022114601A83788CDF82A
:100140000480FFF7AFF94FF0000A1FFA8AF30AF1B3
:10015000010A28B10022114601A8FFF71DFBF4E7B0
:10016000A9F800302F80DBE76846FDF747FC3846EA
:1001700002B0BDE8F08700BFC42B0020FE2B00209A
:100180000E2C00200A2C0020024A13880133138011
:10019000704700BFFE2B00202DE9F0412DED028BB2
:1001A00090B00023CDE9083305930A930DF11103B4
:1001B00000930E4608AB06AA05A90446FEF77EFC8E
:1001C0000546D8B10699F1B1CA7BEB898DF81C3090
:1001D00002F01F02C3F300201302059A9DF811706C
:1001E00043EA403343EA82339DF81C201A43C3F3A9
:1001F0000423052B079200F0868037B110B0BDECC8
:10020000028BBDE8F081027CDFE7012B05D121B133
:100210008B895B0701D5FFF7B7FF274677E0BDF86D
:1002200012204FF6FF739A420AD14C4B83F800809C
:100230004B4B4C491B68986903681B689847DDE77E
:100240009DF81D1001F01F01042925D99DF81D00FE
:10025000BDF81220444900F01F00FEF7D7FC498882
:10026000131808338B424AD20432104480B2FEF78E
:1002700015FA9DF81D0000F01F00FEF7C7FCBDF841
:1002800012100431024689B23846FEF7FFF9BDF874
:100290001210042207A85EE02046FFF7A5FA06998F
:1002A000F0EE408A71B12046FFF704FEB0EE408ABE
:1002B000F0EE400AB0EE680AFEF77CF938B1002E85
:1002C000C4D19BE729462046FFF740FEEEE7002E0B
:1002D000BCD19DF81D3003F01F03032BB6D09FED5A
:1002E000230A38EEC88AF0EEE88A68EE808AB0EE1B
:1002F000C88AB4EEE88AF1EE10FAA7D57EE7174B6C
:1003000001221A7094E7002F87D0A4EB87071123EE
:100310004FF00108CDE902380BAB01939DF8113085
:10032000009329462046069A08ABFEF7C9FD0DF159
:10033000120107A8FEF75EFD00283FF470AF9DF89C
:100340001D0000F01F00FEF761FCBDF81210043123
:10035000024689B23846FEF799F94FE7FC2B002098
:10036000101000203C210208162C002017B7D138AD
:100370007FB5164D2E1D40F27F12314601A8FDF7C4
:100380001BFB286803F07EFB042812D9286805228D
:1003900002A903F089FC431F5C425C4101A8FDF700
:1003A0002DFB44B19DF80C1002980122FFF7F4FEDA
:1003B000E1E70024F2E7064B1B68986A03685B6B71
:1003C000984708B1FFF794FE04B070BDE02B002001
:1003D00010100020FFF7CCBF10B50446FDF750F910
:1003E000204610BD38B51148114D02F021FA114ACE
:1003F00011490E480CF0F0FC2846002340F8043B5D
:1004000002F016FA1420FDF733F9044610B19B21CF
:1004100003F0D6FA0949074A05482C600CF0DCFCC9
:10042000BDE838400648002100F0F0B8C42B002099
:10043000E02B0020C039002071E6000875E60008B6
:10044000162C002091ED007AD0ED007ADFED086ADD
:1004500080ED007A77EEC77AF0EEE77AF4EEE67A8E
:10046000F1EE10FA4CBF01210021FEF7F1BE00BFF2
:1004700000000034D1ED007A90ED007AF4EE477A76
:10048000F1EE10FA04D0C0ED007A0121FEF7E0BED3
:100490007047000090ED000A7047000038B5044630
:1004A0000D46FEF7D7FF10B995F90030237038BD1F
:1004B00091F9001090F900309FED097A01705B1AF4
:1004C00007EE903AF8EEE77AF0EEE77AF4EEC77AC4
:1004D000F1EE10FA4CBF01210021FEF7B9BE00BFBA
:1004E0000000003491F9002090F90010914203D0EF
:1004F00002700121FEF7ACBE7047000090F9003099
:1005000000EE103AB8EEC00A7047000038B5044655
:100510000D46FEF79FFF10B9B5F90030238038BDB6
:10052000B1F90010B0F900309FED097A01805B1A33
:1005300007EE903AF8EEE77AF0EEE77AF4EEC77A53
:10054000F1EE10FA4CBF01210021FEF781BE00BF81
:1005500000000034B1F90020B0F90010914203D03E
:1005600002800121FEF774BE70470000B0F9003030
:1005700000EE103AB8EEC00A7047000038B50446E5
:100580000D46FEF767FF08B92B68236038BD0000F1
:100590000B68036070470000096803689FED097AE3
:1005A00001605B1A07EE903AF8EEE77AF0EEE77A30
:1005B000F4EEC77AF1EE10FA4CBF01210021FEF7EC
:1005C00047BE00BF000000340A6801688A4203D0B9
:1005D00002600121FEF73CBE7047000090ED000A6A
:1005E000B8EEC00A7047000008B5064B1B68586992
:1005F00003685B68984720B9BDE80840024802F0EC
:100600001FBB08BD1010002068230208017011B143
:100610000023438070474FF44873FAE770B51C46D7
:100620000378A3B9B2F5487F11D212FA84F3B3F577
:10063000487F094B1B685869C8BFC2F548750368F5
:10064000D4BFA5B2ADB29E682B46B047641BB4FAC6
:1006500084F0400970BD00BF1010002070B51C462A
:100660000378A3B9B1F5487F11D211FA84F3B3F539
:10067000487F094B1B685869C8BFC1F548750368B6
:10068000D4BFA5B2ADB2DE682B46B047641BB4FA46
:1006900084F0400970BD00BF1010002010B5044B5D
:1006A000044918600446FFF727FC204610BD00BF30
:1006B000202C00201424020890F8333063B9012361
:1006C00080F83330054800684FF40073006C8022D6
:1006D0004FF4E131FDF71ABA704700BF1010002047
:1006E00038B5051D00F13404A54208D02846002283
:1006F000B7EE000A0221FFF74DF90C35F4E738BDDB
:10070000002850DD6F2846D01BDC132845D00EDCB6
:10071000431E082B11D8082B33D8DFE803F041051E
:1007200032363232323239004FF41660704739288F
:1007300039D064283AD026283AD04FF47A735843F7
:100740007047B0F5FA7F36D010DCB0F5807F34D03A
:1007500006DC732834D0E628EFD14FF461307047BF
:10076000B0F5E67FE9D14FF4E120704740F2DC5369
:10077000984228D0B0F5FA6F27D040F299339842CA
:1007800025D0B0F5FA6FD8DD70474FF4965070471A
:100790004FF4165070470F4870474FF4964070471B
:1007A0004FF4966070474FF4614070470A487047B5
:1007B0004FF416407047094870474FF47A3070473D
:1007C0004FF4E130704706487047064870474FF4D1
:1007D0006120D9E7FCB10100A086010020A107003B
:1007E00060E3160080841E000068FFF789BF0000E8
:1007F0000F4B70B51D68CBB2092B0C4613D81033C4
:1008000055F823200C2303FB0103116810464E6B9F
:100810009988B04750B9A8690649036822461B6801
:10082000BDE87040184700231B68FFDE70BD00BFA5
:1008300010100020882302082DE9FF410646FFF72B
:100840004FFF96F93230013307D0FF2303A906F199
:1008500031008DF80C30FFF745FE3046FFF72CFFD6
:100860005F4B1B68019306F10C044FF001087327DE
:10087000019A08F1100352F8235084F8098085B3D7
:100880001FFA88F13046FFF7B3FF94F908300133BF
:10089000332B00F29C80DFE803F0241A1A1A2E355D
:1008A00037373F499A359A549A9A245D9A9A6C9AA6
:1008B0009A4E9A809A9A9A9A9A249A8D8D9A9A9A8E
:1008C0009A9A9A9A9A8D1A9A9A9A9A9A9A24204659
:1008D000FFF78AFF4FF48073014680222846FDF718
:1008E00015F908F10108B8F1040F04F10C04BFD1A7
:1008F00004B0BDE8F081092303A920460393FFF764
:1009000047FEEEE73923F7E72046FFF76DFF102398
:1009100001464FF48072E1E703A920460397FFF7F1
:1009200037FE80231A464FF4E131D7E703A920466A
:100930000397FFF72DFE2046FFF756FF8023014661
:10094000CBE7092303A904F108008DF80C30FFF769
:10095000AFFDC6E703A920460397FFF719FE20461F
:10096000FFF742FF1E2301461A462846FDF7CEF840
:100970000DE02046FFF738FF802301461A4628463F
:10098000FDF7C4F82B680121DB6C284698472B68DB
:100990000021DB6B28469847A3E703A9204603976D
:1009A000FFF7ECFD2046FFF71FFF102301464FF431
:1009B0000072DAE703A920460397FFF7DFFD204620
:1009C000FFF712FF4FF4807301468022CDE72046E7
:1009D000FFF70AFF01462846FDF7A4F881E700BFAC
:1009E00010100020002343608360C36003614361F3
:1009F0008361C361002380F82030704790F8202085
:100A0000531CDBB2062B80F8203000EB820288BF3B
:100A1000002382ED010A88BF80F820307047000073
:100A20004FF0FF3310B543610C4B036600230446BF
:100A300080F880306030FFF7D5FF094B236604F162
:100A4000C00001F0F5FE074B07491C602046FFF788
:100A500053FAA36CE364204610BD00BF0C250208C6
:100A60001C250208242C00205825020890ED2A0A93
:100A7000DFED057AB0EEC07AB4EEE77AF1EE10FA67
:100A800048BF90ED2B0A70470000003408B561B1F3
:100A90000378022B02D9064802F056FE5A1C027057
:100AA00000EB83004160012008BD0846FCE700BF61
:100AB000D42402082DE9F84305460E469146002449
:100AC00000F13C082B78A34211DD00234A46314651
:100AD000012002F05DFF242363430746002158F8FC
:100AE000030002F065FF874204D00134EAE70020EA
:100AF000BDE8F8830120FBE770B50B4606461446B7
:100B00009AB111469847054628B9236820465B6884
:100B1000BDE87040184701463046FFF7B7FF20B9DF
:100B20002B6828465B689847EFE770BDF0B50D4627
:100B300085B011461A46CDE902130446FFF7BAFF05
:100B4000034698B90A480068406804270668CDE95A
:100B50000037DDE902123668064BB04702462946E7
:100B6000204605B0BDE8F040FFF7C6BF0022F6E71B
:100B700010100020801A06002DE9F041154BD0F826
:100B8000B8601B680446586803689B68984794F9E6
:100B90005530002B0546A4BF01259D4073040AD59E
:100BA000DFF834800026012707FA06F32B4204D130
:100BB0000136202EF8D1BDE8F0812723F2B241465C
:100BC0002046FFF7B3FF2378032BF4D0237C012BBF
:100BD000EED1F0E710100020014801087FB5D0EDFC
:100BE000127A9FED2C7AF0EEE77AF4EEC77A0123C1
:100BF000F1EE10FA0446037609D44830002303A925
:100C000001900393FFF71EFC0198FEF7FFFA002204
:100C100027232149E2632046FFF788FF2378032B2F
:100C200036D0237C012B33D02046FFF7A5FF237855
:100C3000032B2DD0237C012B2AD0D4F8B830DA0432
:100C400003D5637E0BB9012363760025637EEB40F9
:100C5000DB07EAB208D40135082DF7D1237CBBB1FC
:100C600040F20113638713E038200192FCF700FD86
:100C7000064618B1019A214603F09EFE31462046F1
:100C8000FFF704FF2378032B02D0237C012BE2D152
:100C900004B070BD000000340148010870B52DEDAE
:100CA000048B82B0044600F1C00140F2733201A807
:100CB000FCF782FED4ED107AD4ED116A9FED576AED
:100CC00037EEE67A0025B0EEC77AB4EEC67AF1EEDA
:100CD00010FAC1BF9FED527A67EE877A9FED517A85
:100CE000E6EE877AC4ED117A2378E9B28B4206D911
:100CF00004EB81030135586800F016F9F4E7DFEDE5
:100D00004A8A9FED4A8A9FED4A9A0026237CF5B2D3
:100D1000AB4264D9242303FB054393F83920002A0E
:100D20005BD0D3ED0C7AF4EEE87AF1EE10FA0BDB3F
:100D3000F4EE677AF1EE10FA06D6F0EEE77AF4EE0A
:100D4000487AF1EE10FA04DD242303FB05435A6AC6
:100D50001A63242303FB0543D3ED090AD3ED0D7A6F
:100D600093F8382070EEA70AA2B993ED0C0A20463A
:100D700003F06EFED4ED137A30EE670AB4EE400A4B
:100D8000F1EE10FA16D7242303FB0545002385F85E
:100D90003A3022E0012A09BFD3ED0C7A93ED0B0A19
:100DA00077EEE00AD4ED297A04BF80EE897A87EEE7
:100DB000270AE3E7F0EEC07AF4EE487A2423F1EE56
:100DC00010FA03FB0545E1DC012385F83A30D4ED48
:100DD000117A37EE800A85ED0B0A013696E7637CBF
:100DE0004BB994F8393033B1E16994ED0B0A04F151
:100DF000600000F0E3F894F95430227C934203DA67
:100E000013B994F8392002B90023637401A8FCF7E0
:100E1000F5FD02B0BDEC048B70BD00BF0AD7233CCA
:100E20000AD7A33C48E17A3F00000034FFFF7F7FF0
:100E30000020194611B990F839007047002070471A
:100E400008B5037C13B1034802F07EFC0122027452
:100E5000184608BDF02402087047000073B54368C7
:100E60001B7C8B4205460C4642D900F10801212229
:100E700001A8FCF7A1FD02F08FFC6A68242303FBA4
:100E80000423D969411AB1F5FA7F33D2196A401A9D
:100E9000B0F5FA6F2ED2D3ED097A9FED177AF0EE06
:100EA000E77AF4EEC77AF1EE10FA54BF0120002081
:100EB000242606FB04F31A449FED107A82F83900C9
:100EC00069680B44D3ED0A7AF4EEC77AF1EE10FAB2
:100ED00006D49FED0B7AF4EEC77AF1EE10FA04DD3A
:100EE00006FB0411002381F8393001A8FCF786FDC8
:100EF00002B070BD0020DBE700000034000048C3F2
:100F00000000484310B5044B0446C0E900310830E6
:100F100001F08EFC204610BDC02502084368242045
:100F200000FB0131CA63704713B5036801910446A1
:100F30009B689847236801991B69204602B0BDE869
:100F400010401847F8B52DED028B43681B7C8B428F
:100F500005460C46F0EE408AB0EE608A1FD902F0DA
:100F60001BFC24276B6867433B4493ED090AF0EEB2
:100F7000680A0646FDF71EFBA0B96B68242202FB37
:100F800004331E626B6824214C432344C3ED098A59
:100F90006B68234483ED0A8A69680C44E661BDEC02
:100FA000028BF8BD6B683B4493ED0A0AF0EE480AE9
:100FB000FDF700FB0028E0D0E4E7000090F82030C7
:100FC000CBB15A1ED2B20A3250F822208A4211D036
:100FD00000EB83020133DBB2062B916280F82030F4
:100FE00088BF002382ED010A88BF80F820300123EA
:100FF00080F8213070470622E5E7000000234360B7
:101000008360C360036143618361C361002380F82F
:101010002030704710B503680281194343680160AE
:1010200001334360044B1B68DC6AA162D96A4068E3
:101030008885DB6ADA8510BD1010002000487047F3
:10104000282C002013B50446143000F0DBF94FF0D3
:10105000FF330C4963662046FEF74EFF15230DF162
:10106000070104F11C008DF80730FFF717FA064B53
:101070001A6812B1054802F067FB20461C6002B0F6
:1010800010BD00BF40260208342C0020E0250208D5
:10109000F0B59BB005A9FEF79DF800282FD0194D9B
:1010A000194F0FCD0EAC0FC40FCD0FC495E80F0034
:1010B00084E80F0000210D220AA809910CF0B8FD68
:1010C000124B09AE1B68089603250EAC0393237AD6
:1010D0008DF81C30236803980693E368009311226F
:1010E0003B463146C06AFCF7AFFD0021B7EE000A6F
:1010F00005A8FEF7BDFB013D04F11004E7D11BB0CC
:10110000F0BD00BFC81B02083426020810100020E2
:1011100038B5836E0446002B44D14FF07E530365EF
:1011200090F91C30013B142B23D8DFE803F00B228D
:10113000173C444C5822656E778022958922AFA1D6
:10114000B9C3CD004820FCF793FA054680B10022D0
:10115000214604F0F9F8624B2B6009E06820FCF7A7
:1011600087FA054620B1FF230022214604F06EFDD8
:10117000A566A06E78B103689B68984758B90320AC
:1011800058490122FBF73CFBA06E10B103685B6875
:1011900098470023A366A36E002B00F09F800123D5
:1011A00084F8633038BD6820FCF762FA05460028F1
:1011B000DED00023D8E76820FCF75AFA054600285D
:1011C000D6D00123D0E74420FCF752FA0546002888
:1011D000CED00022214604F0B7F8434BBCE74820AC
:1011E000FCF746FA05460028C2D0B1EE040A0022F8
:1011F000214604F051F9BBE74820FCF739FA0546CF
:101200000028B5D0B2EE040AF1E74820FCF730FA26
:1012100005460028ACD0B3EE040AE8E74820FCF706
:1012200027FA05460028A3D0B3EE0E0ADFE74820D0
:10123000FCF71EFA054600289AD09FED2C0AD6E747
:101240004420FCF715FA0546002891D000222146DB
:1012500004F07AF8264B7FE73420FCF709FA0546BC
:10126000002885D000231A46214604F08DFF7FE731
:101270006820FCF7FDF9054600283FF479AFB1EE90
:10128000040A0022214603F0A3FD71E76820FCF761
:10129000EFF9054600283FF46BAFB2EE040AF0E721
:1012A0006820FCF7E5F9054600283FF461AFB3EE8E
:1012B0000E0AE6E76820FCF7DBF9054600283FF454
:1012C00057AF9FED0A0ADCE76820FCF7D1F9054625
:1012D00000283FF44DAF9FED070AD2E7636161E755
:1012E000087302081A260208F07302080000704210
:1012F000C87102080000C84210B50446FFF7C8FED6
:1013000094F91C3023B12046BDE81040FFF700BF20
:1013100010BD000041B990F91C302BB1806E18B19E
:10132000036811461B6918470020704713B504462F
:10133000B9B990F91C30A3B1836E93B102F02CFAC5
:101340006063A06E03685B699847A36E58B11A6822
:101350001846926904F124019047636A84F83800C2
:10136000236202B010BD002201921A681846D268AA
:1013700001A99047019B84F838002363F1E700003E
:1013800029B990F91C00003818BF012070470020CF
:1013900070470000024651B990F91C0040B192F824
:1013A000380028B1906E003818BF01207047002027
:1013B0007047000010B504460021FFF7B7FF6378BF
:1013C00020461946FFF7E6FF014630B184F8623047
:1013D0002046BDE8104004F049B92046FFF7DAFF87
:1013E0000028F5D084F86210F2E7000029B990F9DE
:1013F0001C3013B190ED0C0A70479FED010A704745
:101400000000000010B503490446FEF775FD2046B4
:1014100010BD00BF6026020808B50449F9F772FF45
:101420000028034818BF002008BD00BFA0260208FE
:10143000906A020810B50C46FFF7EEFF10B1836802
:101440002360006910BD00007047000010B5FF2345
:1014500080F80E31034B044918600446FEF74CFD3A
:10146000204610BD382C0020B06A02080A44914280
:1014700003D011F8013B5840F9E770472DE9F047D8
:1014800004460068DDF82090DDF828A00F461646D7
:10149000984618B900252846BDE8F087036809EB8F
:1014A0000A051B6B1544984790B1206803683246C3
:1014B0003946DB689847206803684A464146DB683E
:1014C00098472068099903685246DB689847E2E725
:1014D000206803689B6A9847A842E6D2DAE70000D2
:1014E0002DE9F04180468AB008460C4616461F4654
:1014F00000F0C2F80546002F4AD1B4F90C30013390
:101500000CBF21273E271022002106A80CF090FBDB
:1015100024238DF81830564B8DF81A709B5D8DF88A
:101520001930002E36D1FE2D23898DF81C308ABF4C
:1015300007260526FF23A6F103020DF11B014FF03C
:10154000000086BF8DF81B30ADF81D508DF81B5084
:10155000FFF78CFF07468DF81400204600F08AF84C
:101560002A4601463846FFF781FF01278DF814000F
:10157000204600F07FF805AACDE900520346029705
:10158000324606A94046FFF779FF0AB0BDE8F08170
:101590003C27B8E7012E48D1AB1DFE2B8CBFADF820
:1015A00022308DF81B304FF0FF02A37A88BF8DF8F0
:1015B0001B200DF11D018DF81C208DF81D304FF002
:1015C00005022389ADF81E304FF000008CBF0C26B9
:1015D0000A26ADF8205002F077FD07468DF814007A
:1015E000204600F047F82A460146384602F06CFDD6
:1015F000F21E0DF11B018DF814000020FFF736FFDD
:1016000007468DF81500204600F034F82A460146BA
:101610003846FFF72BFF012205A98DF81500FFF7CB
:1016200025FF02278DF81500A2E7022E1DD1A37A0F
:101630008DF81B3005222389ADF81C300DF11B01FC
:101640000020ADF81E5002F03FFD06468DF8140054
:10165000204600F00FF82A460146304602F034FDDD
:1016600001278DF81400082682E700208DE700BFCF
:10167000E06A020800687047D0E90003181A80B2D7
:101680007047000008B5D0E900239B1A9BB299422D
:1016900008D9FFF7D3FC18224FF48011FFF7BAFCEA
:1016A000002008BD0120FCE70368C0E90013704773
:1016B00070B50E46D1B204461546FFF7E3FF38B1C8
:1016C0002A46206831460CF0A5FA22682A44226096
:1016D00070BD000010B4064B064A1B6806499869A5
:1016E00003681C68537E127EA4465DF8044B604775
:1016F00010100020C0A10008E46A02080020704712
:1017000000F5805090F8F000C0F3400070470000F2
:1017100000F588507047000000F5805090F9F800FF
:101720007047000000F58050C0F8F41001207047A9
:101730002DE9F3470C68BDF8288014F000540746E3
:101740000D4696469C4640F08F800E7B082E00F298
:101750008B8000F58059D9F800610136C9F8006125
:10176000302686F31188866BD6F808A01AF0806FB1
:1017700017D1B468240113D4B46814F080546FD125
:10178000D9F808510135C9F80851D9F80C51002D84
:1017900068D1CDF80080FCF71BF884F311885CE079
:1017A00001242B6804F11802002B4FEA0212BABF81
:1017B000DB0043F004035B05B3502B6813F0804F4C
:1017C00023B218BF06EB031106EB03131EBFD1F8BB
:1017D000802142F00202C1F880212A7BC3F88421D3
:1017E00006EB0416AA68C6F88C216A68C6F8882138
:1017F000D3F8802142F00102C3F8802141F2900128
:1018000007EB44120A4401EB44113944C2E900ECED
:1018100063012A46083105F10C0052F8044B41F8E7
:10182000044B8242F9D13B4412880A8003F580536D
:1018300008F0030293F8AC1021F00B010A4383F87F
:10184000AC20002383F31188CDF8008072466346F4
:1018500029463846FBF7BCFF012002B0BDE8F087FF
:1018600002249EE7204698E74FF0FF30F5E700009E
:1018700013B500F580540191D4F8840002F01CF9EE
:101880001F280BD90199D4F88400202202F08AF98C
:10189000A0F120035842584102B010BD0020FBE7E0
:1018A00008B5302383F3118800F58050D0F8840008
:1018B00002F0D6F8002383F3118808BD00220260ED
:1018C000828142608260704710B500220023C0E927
:1018D00000230023044603810C30FFF7EFFF20466E
:1018E00010BD00002DE9F04300F580570D4697F834
:1018F000F03013F0040FC3F3800108BF114661F309
:10190000820387F8F03000EB451303F58553083365
:1019100089B01B79D907DDE9108904464FEA4516DD
:101920003BD5002A3BD0180739D404EB451568464F
:10193000FFF7CAFF05F58453183303AA05F585554B
:10194000186859689446ACE803000833AB42624615
:10195000F6D11868CCF800009B88ACF8043001235D
:10196000ADF808302368CDE900891B6C6946204634
:101970009847A31903F5855308331A7911070ED434
:1019800042F008021A71D7F80C3104F5895401337A
:10199000C7F80C31C4E9028901E0002AE9D109B095
:1019A000BDE8F0832DE9F0479A4688B0074688469F
:1019B0009146302383F3118807F580546846FFF77A
:1019C00083FFD4F8840002F05DF81F282BD9D4F8E7
:1019D00084002022694602F067F9202823D103AD54
:1019E000444605AB2E4603CE9E42206061603546DC
:1019F00004F10804F6D130682060B388A380DDE9E3
:101A00000023C9E90023BDF80830AAF800300023FC
:101A100083F3118853464A464146384608B0BDE82C
:101A2000F047FBF77DBE002080F3118808B0BDE8C9
:101A3000F08700002DE9F84F2B4B044640F8043B9B
:101A40000F4600F0F5FE1822002104F11C000CF0F6
:101A5000EFF82046254B40F83C3BFFF72FFF04F101
:101A60005000FFF731FF04F1700804F58355464636
:101A7000103530462036FFF727FFAE42F9D104F586
:101A800080554FF480534FF00009C5E91D39C5F862
:101A900070800123C5F8846004F5885804F58556E4
:101AA000C5F87C9085F8803085F88830103608F1CC
:101AB00010084FF0000A4FF0000B46E908ABA6F102
:101AC0001800FFF7FBFE203646F8289C4645F4D167
:101AD00085F8F87017B1064801F036FE054BA36390
:101AE0002046BDE8F88F00BF142002081C6B0208D6
:101AF000F46A02080064004010B5044B19780446EB
:101B00004A1C1A70FFF796FF204610BD402C00209B
:101B10002DE9F047002950D0294B2A4FB7FBF1F5AA
:101B200099428CBF0A231123581EB5FBF3FC03FB1B
:101B30001C53C4B22BB102280346F5D80020BDE8DF
:101B4000F0870CF1FF36B6F5806FF7D2C4EBC40E08
:101B50000EF103034FEAE309C3F3C703A4EB030841
:101B600009F1010A4FF47A755FFA88F009FB05550F
:101B70005AFA88F8B5FBF8F5B5F5617FC1BF0EF1EB
:101B8000FF33C3F3C703E01AC0B25C1C50FA84F4FD
:101B90000CFB04F4B7FBF4F4A142CFD1013BDBB260
:101BA0000F2BCBD80138C0B20728C7D8002110713D
:101BB00016809170D3700120C1E70846BFE700BFCF
:101BC0003F420F0000B4C40470B505460E464FF402
:101BD0007A74AB6B5B6803F00103B34207D04FF438
:101BE0007A7009F0D3FF013CF3D1204670BD01208B
:101BF000FCE70000F0B5826B936913F0700F1ED004
:101C000000230F4E936141F2A80500F5805400EBCC
:101C100043122A4411794F070ED589070CD5816BE1
:101C200056F823708F60117941F004011171D4F8D6
:101C300014210132C4F814210133032BE7D1F0BD84
:101C4000086B020873B51D46836B16469A68D20767
:101C5000044609D59A6801219960C2F34002CDE992
:101C600000650021FFF73EFEA36B9A68D1050BD5F6
:101C70009A684FF480719960C2F34022CDE9006503
:101C800001212046FFF72EFEA36B9A68D2030BD5E5
:101C90009A684FF480319960C2F34042CDE9006503
:101CA00002212046FFF71EFE04F58053D3F8F4000E
:101CB00038B1D3F830210132C3F8302103681B69F1
:101CC0009847204602B0BDE87040FFF793BF000080
:101CD000F8B50446866B002940F08D8006F10C07AC
:101CE0003868850700F090803868C00641BF04F569
:101CF0008055D5F820010130C5F8200106EB01150B
:101D000006EB0111D5F8B00110F0040FD5F8B001C1
:101D10001ABFC00840F00040400DE063D5F8B0C1E4
:101D20001CF0020F1CBF40F08040E063D5F8B40106
:101D300000F00F0084F84800D1F8B80184F84000A2
:101D4000D1F8B801000A84F84100D1F8B801000CBC
:101D500084F84200D1F8B801000E84F84300D1F8AD
:101D6000BC0184F84400D1F8BC01000A84F84500A5
:101D7000D1F8BC01000C84F84600D1F8BC11090E62
:101D800084F847103821396004F15C0004F13C010B
:101D900004F1480551F8046B40F8046BA942F9D1ED
:101DA00009880180C4E9142321460023A4F858308F
:101DB00051F8503B20461B6C984704F58053E8B11E
:101DC000D3F818210132C3F8182193F8F020D3F882
:101DD000F40042F0040283F8F02038B1D3F8302147
:101DE0000132C3F8302103681B6998472046BDE8DB
:101DF000F840FFF7FFBE06F1100771E7D3F81C218A
:101E00000132C3F81C21E0E7F8BD000010B504461C
:101E100001F0C4FC02460B4652EA030102D0013A2B
:101E200063F100030449086820B12146BDE8104071
:101E3000FFF74EBF10BD00BF3C2C00202DE9F04144
:101E4000302181F31188DFF85C8000F58451103176
:101E5000002441F2A80E00F5805C00EB44157544A7
:101E60002E79770713D4F60611D5D1E9007697427B
:101E70009E410CD2866B58F82470B7602E7946F0DC
:101E800004062E71DCF810510135CCF810510134E4
:101E9000032C01F12001E0D1002383F31188BDE878
:101EA000F08100BF086B020808B5302383F3118866
:101EB000FFF7A0FE002383F3118808BD2DE9F04150
:101EC000836B0546986800F0E050B0F1E05F0F4684
:101ED00023D000B3302383F3118805F584541834DC
:101EE000002641F2A80805EB461343441B791A0764
:101EF00006D50136032E04F12004F4D1012007E0B9
:101F00005B07F6D421463846FBF7BEFC0028F0D12B
:101F1000002383F31188BDE8F0810120FBE7000076
:101F200008B5302383F3118800F58050D0F8840081
:101F300001F0A8FD002383F3118843090CBF0120A1
:101F4000002008BDF8B51D46002313700F46064655
:101F50001446FFF7E5FF80F00100387025B12946EF
:101F60003046FFF7ABFF2070F8BD00002DE9B84107
:101F70000C4615461F46804601F010FC0B462178A2
:101F8000024609B9287850B14046FFF757FFFFF7DE
:101F90008BFF3B462A462146FFF7D4FF0120BDE8D0
:101FA000B881000070B5302686F31188174B9A6D02
:101FB00042F000729A659A6B42F000729A639A6BD3
:101FC00022F000729A63002383F3118800F5805495
:101FD00094F8F03013F0010516D1A9B186F31188F9
:101FE0000321132008F096FE0321142008F092FE2E
:101FF0000321152008F08EFE94F8F03043F0010321
:1020000084F8F03085F3118870BD00BF00100240E5
:102010002DE9F04300F5805589B095F8F830012B93
:1020200004460F4600F28780DFF8088258F8232024
:1020300042B948F8230001F049F895F8F83000EB70
:102040008300C463D8F800906763B9F1000F65D0CE
:1020500095F8F830012B70D001212046FFF7A2FF40
:10206000302383F31188A26B136823F002031360FB
:10207000A26B136843F001031360A36B00265E613B
:1020800086F3118801212046FFF79EFD002800F00D
:102090009180D5F8840001F0E3FC04F58458B14642
:1020A00008F110082022002168460BF0C1FD02A8AB
:1020B000FFF704FCCDF818906A4608EB06030DF113
:1020C000180E9446BCE80300F44518605960624657
:1020D00003F10803F5D1DCF80000186020369CF805
:1020E00004201A71602EDDD195F8F0306FF3820371
:1020F000002685F8F0306A4639462046ADF8006083
:10210000ADF802608DF80460FFF702FDA36B50BBD1
:102110004FF400421A6009B0BDE8F08341F2381074
:10212000FBF7A6FA064610B14946FFF783FCC8F84C
:102130000060002E8CD10020EDE7D8F80000036885
:102140001B6B98470146002886D1D8F80000FFF79E
:1021500029FFD8F80000036839465B6898470028D3
:102160007FF47AAFE7E761221A609DF802309DF8AC
:102170000310A26B1B06090401F4702103F04073E5
:102180000B43BDF80010C1F309010B439DF8041087
:10219000090501F4E0010B43D361A36B13225A61DB
:1021A000A26B136823F00103136031462046FFF74A
:1021B0000BFD08B9A36BABE795F8F82092BBA16BB8
:1021C000D1F8003243F00103C1F80032A16BD1F81D
:1021D000003223F47C5323F00E03C1F80032A16BCC
:1021E000D1F8003243F46063C1F80032A36BC3F846
:1021F0001422A36BC3F80422A36B41F6FF71C3F84A
:102200000C12A36BC3F84022A36BC3F84422A36B48
:102210000122C3F81C22A26BD2F8003223F0010382
:10222000C2F8003295F8F03043F0020385F8F03040
:1022300071E700BF3C2C002008B501F0AFFA50EA6E
:102240000103024602D0421E61F10001044B1868EE
:1022500010B10B46FFF7F6FCBDE8084007F0D6BB0F
:102260003C2C002008B50020FFF7D0FDBDE8084059
:1022700007F0CCBB08B50120FFF7C8FDBDE808405A
:1022800007F0C4BB7047000013B5046800922469CE
:102290000B46A04702B010BD7047000000207047F9
:1022A0000020704713B56C4684E8060000F1140363
:1022B00094E8030083E8050002B010BD00207047D9
:1022C00013B56C4684E8060000F10C0394E80300A3
:1022D00083E8050002B010BD0023C0E90333704756
:1022E00082B002AB03E9060002B0704770470000FD
:1022F000002070477047000080F82D1070470000E4
:1023000080F82C107047000001207047806A04306C
:102310007047000080F834107047000000207047BC
:102320000120704708B503685B68984700F001001A
:1023300008BD000008B503685B68984720F00100FD
:1023400008BD0000704700007047000070470000A3
:102350001FB502AC84E80C00009094E80C00806A81
:1023600004F050FA04B010BD806A04F0A3BA000073
:1023700010B50446006B09F079FF606A034B2360D7
:1023800008B1FBF781F9204610BD00BFB06B020811
:1023900010B50446FFF7ECFF2046FBF771F9204625
:1023A00010BD000070B5044688B0503009F0DEF86A
:1023B000104B0494CDE9053414200F4B0793FBF721
:1023C00057F9054690B108AA12E9030094F848307D
:1023D0000A4E06EB031601AB83E80300059B00934E
:1023E0007279049BB179284600F046FAE56108B09D
:1023F00070BD00BF4523010849230108006C020895
:10240000F8B5044600BB02221146104800F050FC0B
:102410000222064603210E4800F04AFC012706F07E
:102420000F010546224607FA01F126F00F0007F0DA
:10243000EDFE05F00F01224607FA01F125F00F002D
:10244000BDE8F84007F0E2BEF8BD00BF0E0400484A
:102450000D040048B0FA80F04009704738B50A4DC5
:102460000A4B036004460023284685F84830FFF7EE
:1024700099FF074BEB6403F1845303F5712303F2D7
:102480004C63EB63204638BD442C0020186C0208D6
:10249000A086010070B51E46204B03600D46204B00
:1024A00080F82D200021C0E90311C0E90511017158
:1024B000642105FB01338362022380F82C309DF8F0
:1024C000103080F83530059B8363EB00044643F001
:1024D000010303724272134612492A46303000F05B
:1024E00099FBA26AD36CB34215D90F4B9E429EBF93
:1024F0000E49D163A26A0E4998BFD3640D4B1B6885
:102500009869A36ADA6C03681E684FF47A73B2FBA9
:10251000F3F32A46B047204670BD00BF306C020876
:10252000442C0020606B0208A08601003E2E813002
:102530006C6B02081010002030B585B0CDE9023276
:102540000D4689B93C20FBF793F8044648B1099938
:1025500001919DF820100091DDE902322946FFF734
:1025600099FF204605B030BD0024FAE72DE9F04F71
:1025700089B05C4D0693836ADDF8488093F8483053
:1025800007911B0104461646E8581FFA88F908F01F
:1025900047FCA06ACDF8009006ABB2B207A904F0E0
:1025A0009FF9074650B9A36A93F848301B01E858D1
:1025B00008F03AFC384609B0BDE8F08FDFF82CB1DE
:1025C0004FF0000AA16A484ACB6CB2FBF3F306EB6A
:1025D0000802A06B53434FF47A72B3FBF2F35B0033
:1025E0000133834238BF0346C869059300F0AAFA55
:1025F000A16A91F8480000013C31285808F0C0FB5E
:10260000302181F31188DBF80010C86A416B013179
:102610004163002181F31188059B94F82D104FF43C
:102620007A72A3FB0232A26A92F848009BB20001C0
:10263000002E33D10093069A2858434608F0D8FB61
:10264000A26A059092F848201201A85808F0A6FB4B
:10265000A26A0121D06900F061F9A26A059B92F893
:1026600048201201A858826812F0800F20D0FEF78F
:10267000E5FC40F293124FF40021FEF7CBFCDDE9BC
:102680000621A06A4B4604F051F9A36A93F848303A
:102690001B010027E85808F0C7FB8BE7CDE9018351
:1026A000069B0093079A2858334608F085FBC7E736
:1026B000DBF80020806BD16A8A6B02448A6333B9ED
:1026C000DDE90621A06A4B4604F030F96BE794F887
:1026D0002C200AF1010A5FFA8AF39A42BFF472AF22
:1026E000CDE700BF006C020800127A001010002035
:1026F000F0B50446806A85B00430CDE902210A9F16
:102700001E4600F0A1F8DDE90221054660B91C4B28
:10271000A2681B681B49986903681E6894F82D30ED
:10272000B047284605B0F0BDA36A94F83550186C40
:10273000A5B140F48010186494F83450E5B181B923
:10274000002EEED0002FECD000220A97334611461F
:10275000204605B0BDE8F040FFF708BF20F4801028
:10276000E9E7002AECD0002300932046FFF7FEFEA5
:102770000028E5D10546D4E70A973346E8E700BFCD
:1027800010100020806B020808B5B021044804F046
:1027900023F8BDE80840034A034900200AF01CBBA7
:1027A000442C0020C03900204D230108036800217B
:1027B0001B68184708B5043008F046FF012008BD23
:1027C000043008F037BF00002DE9F84306460D46F7
:1027D00021B9043008F00CFF012424E003685B6891
:1027E00098470028F8D100F0D9FF104B8846D3F85D
:1027F00000904FF47A7107464D43D9F828000368DA
:10280000C8219B689847336830465B689847044600
:102810000028E1D100F0C2FFC01B61EB0801A84213
:1028200071F10003E9D32046BDE8F88310100020C1
:1028300010B5044B044640F8043B08F097FE2046D0
:1028400010BD00BF906C0208034BC068DB68C31A60
:1028500058425841704700BF0869002038B5054DFF
:1028600000242846013408F081FE102C05F12005D3
:10287000F7D138BDAC2C002082B010B59142039343
:102880004FF00003C0E90033C0E90233044601748D
:10289000427484BF02744174DDE9030184E80300DB
:1028A000DDE9050104F1080383E803002046BDE8E3
:1028B000104002B070470000002070470F2838B564
:1028C0000AD8074B03EB40152846AC6808F090FE89
:1028D00014B1AB689C4201D1002038BD0120FCE757
:1028E000AC2C00200F2938B50446154610D80948ED
:1028F00000EB411008F0A8FE55B1074B1B683BB137
:10290000227C02EB420203EB82039A6801329A6056
:1029100038BD00BFAC2C0020A82C002013B500232C
:1029200004460A4683740191417CFFF7DBFF019A5C
:10293000217C204602B0BDE81040FFF7D3BF000065
:102940002DE9F04F354E2DED028B33688BB00746E5
:102950001BB9CC20FAF792FE306031499FED318AE5
:10296000DFF8C480384600F04FFF00254FF00C0917
:10297000326809FB05F4EBB2115902EB040C31B9D2
:10298000DCF8041019B9DCF8081000293DD0111941
:1029900091ED007A52F804E0DCF80400DCF808104D
:1029A00007910EEB0001013107EE901AB8EE477A5D
:1029B000F8EE677A27EE087ADCF804A052F804B043
:1029C000C7EE277A0722B3FBF2F2C2EBC20CA3EBED
:1029D0000C0301330132DBB2D2B20993089217EE35
:1029E000900AF7F763FD079B0093CDE90401DDE949
:1029F0000823CDE901AB4146384600F005FF3368B6
:102A000000221A51336823445A600135102DAFD18A
:102A10000BB0BDEC028BBDE8F08F00BFA82C0020EE
:102A2000A86C02080000C842AF6C0208D0E900039D
:102A30001847000038B50446007C0F280FD83F4DDA
:102A400005EB4013D96951B1A14208D018461430A2
:102A5000FFF7ECFF237C05EB43150023EB61607C63
:102A60000F280FD8354D05EB4013D96951B1A1425C
:102A700008D018461430FFF7D9FF637C05EB4315E7
:102A80000023EB61227C0F2A04D82C4B03EB42136A
:102A9000DB693BB1627C0F2A26D8284B03EB42133B
:102AA000DB690BBB21462046FFF7C0FF237C0F2BC1
:102AB0000BD8224AD4E9020102EB4313143383E812
:102AC0000300237C02EB4312D461637C0F2B0BD8F1
:102AD0001A4AD4E9020102EB4313143383E80300DA
:102AE000637C02EB4312D46115480268D2B1237CA7
:102AF0000F2B09D8E57C03EB4303990002EB83031A
:102B00009DB1535801335350637C0F2B0AD8026890
:102B1000E07C03EB4303990002EB830348B1535875
:102B2000013353500123A37438BD5A6801325A60EF
:102B3000EAE75A6801325A60F4E700BFAC2C002083
:102B4000A82C002038B50446007CFFF7B7FE0546E8
:102B5000607CFFF7B3FE002D08BF0546E5742046F4
:102B6000BDE83840FFF766BF044B11220021013A4F
:102B7000C3E9051103F12003F9D17047AC2C002003
:102B80000CB430B585B008AC0A46074954F8043B8C
:102B90000D6800940146E86A0394FBF735F805B028
:102BA000BDE8304002B070471010002013B5054C4E
:102BB0000093246813460A460146E06AFBF724F8AE
:102BC00002B010BD101000202DE9F3411346019210
:102BD0000E460A46002107460846FFF7E7FF041E97
:102BE000019B05DC4FF0FF34204602B0BDE8F081C8
:102BF00004F1010801214046019309F033FB054629
:102C00000028EFD0019B32464146FFF7CFFF3D60E1
:102C1000EAE700000EB403B503AA52F8041B0192C0
:102C2000FFF7D2FF02B05DF804EB03B0704700007D
:102C30000A460146014806F037BF00BFB85B0020D6
:102C40000FB407B5054B04A91B6851F8040B01919B
:102C5000984703B05DF804EB04B07047100E0020F5
:102C60007047000070470000704700000020704768
:102C7000704700000020704782B002A9002001E9DF
:102C80000C0002B0704700000020704700797047C8
:102C900000207047002070470020704770470000F8
:102CA00001207047014B0360704700BFEC6C0208C5
:102CB0007047000013B50468009224690B46A047D2
:102CC00002B010BD00207047002070477047000020
:102CD000002070470020704782B002A901E90C0073
:102CE00002B0704770470000002070477047000036
:102CF0007047000001207047012070470120704795
:102D00002830704782B002A9002001E90C0002B00F
:102D100070470000704700007047000070470000D7
:102D2000084609F06BB90000084609F031BA000006
:102D300073B51E460C461546011D102201A8FAF770
:102D40003BFE32462946204609F0A2F9044601A876
:102D5000FAF754FE204602B070BD000013B50D22F4
:102D60000C46011D01A8FAF727FE204609F058F984
:102D7000044601A8FAF742FE204602B010BD00004A
:102D800009F03AB9084609F033B90000084609F0DD
:102D900027B9000010B5064B044640F8843B00F00C
:102DA00021FE04F1700000F01DFE204610BD00BFA2
:102DB0007C76020808B53020FAF75AFC70B100237F
:102DC000C0E90333C0E905330371037A022262F3D9
:102DD00002030372024B0360024B836208BD00BF13
:102DE000686D0208CC70020810B4BDF8044001946C
:102DF0005DF8044B00F0BABB10B4BDF80440019478
:102E00005DF8044B00F060BB00F076BB00F0A4BBA3
:102E100010B5044B03600446406A08B1FAF734FC6D
:102E2000204610BDB06B020810B50446FFF7F0FF56
:102E30002046FAF725FC204610BD000010B51C4BBB
:102E40000360002190B004460171102200F54A7021
:102E50000AF0EEFE04F54E70FFF7EAFC122009F0CE
:102E6000C7F8144B0A94CDE90B34134BCDE90D345C
:102E7000124B0F9310A9024611E9030005AB83E83A
:102E80000300DDE90C0103AB83E80300DDE90A017F
:102E900001AB83E803000A4B009304F108012346C9
:102EA00004F5597001F01CF9204610B010BD00BFA8
:102EB000A86E0208F92D0108092E01080D2E01083F
:102EC000E92D01081B4A1C491C4B10B502611C4A24
:102ED00042611C4A826102641B4A42641B4A82644A
:102EE0001B4AC161C2641B491B4A016202651B493E
:102EF0001B4A416242651B491B4A0360816282652D
:102F00001A4B1B491B4A4360C162C2651A4B1B49DD
:102F10001B4A8360016300231A4902661A4AC36090
:102F2000044641634266C36300F00CFC174B236008
:102F3000204610BDBC390020CC2E0020446D020874
:102F40003835002090300020F83100206033002018
:102F5000C8340020D82E0020D8340020BC2F0020F8
:102F6000E8340020DC380020F8340020D438002079
:102F7000E82F002008350020D8380020140E00204B
:102F800018350020342F002028350020086E020854
:102F900008B5302383F31188074B1B689A68996B37
:102FA0008A4201D0824200D29860986308F090FC77
:102FB000002383F3118808BD302F00207FB5142231
:102FC000002101A81C46334E334D0AF031FE6946FC
:102FD0004FF461433148009308F0D4F8304BF26865
:102FE0001A60B4202C6008F0B9FDFFF737FC09F037
:102FF00079FA2C4B1C684FF4E131206CFAF792FD02
:10300000206903681B689847A06A03681B68984793
:103010000A20FFF7BDFF09F04DFB40B12248132104
:1030200009F058FB20494C2288180AF0F3FD1F4B89
:10303000286801229A7303681B6898471C4B1B6819
:1030400013B11B6ADB0701D509F0FEFAE06A0368D9
:103050005B68984738B1FDF7F1FF4FF49B724FF46E
:103060000061FDF7D7FF114803F042FFA06A0F4C43
:1030700003681B6B9847F3680E4ADA61B42008F0C6
:103080006DFD286803685B689847204603F030FFB1
:10309000F7E700BF08690020502F0020B85B002030
:1030A000302F002010100020EC2F0020DC380020F2
:1030B000D4390020306D0208014B1868704700BFFA
:1030C000302F002000487047542F002000487047E0
:1030D000542F002070B5424E424C434D00213046E3
:1030E00004F0E6FA3046414E2246294609F074FEC5
:1030F0000121304604F0DCFA30463D4E2246294696
:1031000009F06AFE0221304604F0D2FA294622462E
:10311000304609F061FE3748374D00F099FF3748D7
:1031200000F096FF364800F093FF364800F090FF1D
:10313000354800F08DFF354800F08AFF344800F034
:1031400087FF3448FFF78AF9334B344A1A60344812
:1031500000F0CAFE2846FFF771FE22463149284694
:10316000314D09F039FE3148FFF79CFD2846304BC0
:1031700040F8043B242200210AF05AFD05F13400F6
:10318000FFF756FB4FF0FF332A49EB6422462846EF
:1031900009F022FE284B2948294D30221A714FF49C
:1031A0007A72DA804FF4FA621A81264A1A6003F0C2
:1031B00043FE254B002283F89C202846234A1A60B0
:1031C000234B40F8043BFFF733FB224628462149B6
:1031D00009F002FEBDE870401F48FFF773BE00BF54
:1031E00090300020C0390020952D0108F8310020D2
:1031F00060330020C834002038350020D834002047
:10320000E8340020F834002008350020183500206C
:1032100028350020D4380020D8380020CC6D020892
:10322000BC390020152D0108D82E0020CC2E0020FE
:1032300044740208192D0108BC2F0020DC3800203E
:10324000342F0020EC6F0208E82F0020B478020829
:10325000E46D02081D2D0108542F00207047000066
:10326000037933B108304FF44873086013600120CC
:10327000704718467047000000F5597001F048B9D2
:1032800010B50446007948B100F086FAD4F86033EE
:10329000C01AB0F5FA6F2CBF0020012010BD00004D
:1032A00008B5FDF7CBFEA2224FF40031FDF7B2FEC8
:1032B000002008BDF8B50646EAB1CC0801390A4439
:1032C000C2F3CC050127A54215D3632C0ED86309A0
:1032D00006EB830304F01F0207FA02F1D3F8282358
:1032E0000A43C3F828230134A4B2ECE7FFF7D8FF60
:1032F0000028ECD1F7E7F8BD122110B513220446DF
:10330000A0F858130548FFF79BFC04F5597001F02D
:1033100047F910B9024800F017FA10BD0C6E020808
:10332000326E020810B50179044671B9102200F519
:103330004A700AF07DFC2046FFF7DEFF0221217172
:103340000248BDE81040FFF77BBC10BD506E02087C
:10335000B3F5487FF8B507460E4614461D460DD80E
:10336000C3F548739A4209D80834FFF7DBFF2A46B1
:1033700039193046BDE8F8400AF04CBCF8BD0000F1
:10338000B3F5487F2DE9F34105460E4690461C46AD
:1033900022D8C3F5487399421ED801F108070744A3
:1033A0002246394640460AF025FCA8B12846FFF7D8
:1033B000B9FFF12205F54E7101A8FAF7FDFA224690
:1033C000414638460AF026FC2846A2B23146FFF7AD
:1033D00071FF01A8FAF712FB02B0BDE8F08100000E
:1033E00037B505460C4601A80121FAF7CBFAE100F2
:1033F00089B2082205F5597000F0CCFF044601A8F7
:10340000FAF7CCFA204603B030BD00002DE9F74FA3
:103410000379044603B300F54A7300F54E7853F878
:10342000042B32B94345FAD100F0B6F9C4F8600371
:1034300012E000250123C5F34A1604EB860605F0C9
:103440001F07D6F8282303FA07F717421FFA85FA51
:1034500005D10135642DEED103B0BDE8F08FED004C
:1034600008354FF48872414601A8FAF7A5FA04EB33
:10347000050B6359C4F85033DBF80430C4F85433F7
:1034800001A8FAF7BBFA2379022B04F55479E3D1AA
:1034900051462046FFF7A4FF0028DDD04FF49C7270
:1034A000414601A8FAF788FA0822594648460AF028
:1034B000A1FB28B9D6F8283323EA0703C6F8283336
:1034C00001A8FAF79BFAC7E738B51C46094BB0F8D4
:1034D00058031B685B6B15461A680144126818464E
:1034E0009047BDF81020411920460AF093FB0120B7
:1034F00038BD00BF101000202DE9F743DFF85490CD
:1035000006460F4605244FF47A7101A8FAF73AFAF5
:10351000D9F80080B6F85813D8F834000368394455
:10352000DB689847054630B101A8FAF737FA284614
:1035300003B0BDE8F083D8F82800036801215B6878
:103540009847013C01A8FAF729FA14F0FF04DAD1F0
:10355000EDE700BF10100020034B1B68DB6A93F8F7
:103560009C0080F001007047101000202DE9F04F02
:103570002DED028B08EE103A2A4BD3F8009004464A
:10358000D9F834000F460368B4F858131B6885B0A7
:1035900039449046BDF840B09847052500EB080A2D
:1035A000012103A8FAF7EEF9D9F83400036818EE00
:1035B000102A1E6951465B46B047064640B103A833
:1035C000FAF7ECF9304605B0BDEC028BBDE8F08FA0
:1035D000D9F82800036801215B689847013D03A8DA
:1035E000FAF7DCF915F0FF05DAD12046FFF7B4FF52
:1035F0000028E7D000F0D0F8D4F85C3341F28832EC
:10360000C31A9342DED9C4F85C0304F5597000F084
:10361000B5FF5B460090424639460348FFF710FB72
:10362000D0E700BF10100020706E020870B51D4674
:10363000164B1B6813B11B6ADB0725D5144B1E689C
:10364000F46A94F84630C3B9124BA4F84400DB681E
:1036500084F84610E26163B19A6884F84720D9691A
:1036600039B194F9483023B9042204F1480000F03C
:1036700097F8094B5B68C4E90835F06A1321BDE887
:103680007040043009F020B870BD00BFD43900206C
:10369000101000200869002000ED00E000B59BB08C
:1036A000EFF30981682268460AF0B4FAEFF3058166
:1036B000074BC9B29A6BD86A986A986A986A986AEE
:1036C000986A9B6A059B7B20FFF7B0FFFEE700BF6F
:1036D00000ED00E000B59BB0EFF309816822684679
:1036E0000AF098FAEFF30581064BC9B29A6B986A13
:1036F000986A986A986A986A9B6A059BBF20FFF748
:1037000095FFFEE700ED00E000B59BB0EFF3098107
:10371000682268460AF07EFAEFF30581064BC9B2CB
:103720005A6B986A986A986A986A9B6A059BE32024
:10373000FFF77CFFFEE700BF00ED00E0FEE70000C2
:10374000FEE70000704700000FB483B504AC0F4FD4
:1037500054F8048B0E4EFDF771FC4FF4A572202136
:10376000FDF758FC42F21075214640460194FFF7E0
:103770005FFA3846FFF764FA3368986A03682946A7
:103780005B6898474FF4FA75EEE700BF0521020821
:103790001010002008F0CEBD08F008BE08F0AEBD45
:1037A000F8B50D4607461146284616460AF016FF9C
:1037B000864204468CBF421C0246294638460AF01F
:1037C00029FA2046F8BD000070B5467B0546C6B90B
:1037D00044688368006804EB8404A40804F500745A
:1037E000E21A914288BFCC18621C1946F9F74EFFC5
:1037F000012310B92B73304670BDC5E900041E4685
:10380000F9E70026F7E700000EB470B5017B85B03C
:10381000044619BBD0E901239A421BD0134B1E6802
:103820000AADD4E9012120680095521A099B03953D
:103830000144F06AFAF7E8F900280FDBD4E9012324
:10384000D21A82420FD8411C2046FFF7BDFF002844
:10385000E7D103E0FFF7B8FF0028DFD105B0BDE8EE
:10386000704003B070471844A060F7E710100020C4
:10387000102200210AF0DCB90148FFF7F9BF00BFB0
:10388000C439002081727047F0B4446A0E46114674
:103890007CB1457F224600275FFA87FC65450DD93C
:1038A00092F801C08C4506D192F800C0B44502D10F
:1038B0009370F0BC704701370332EDE7027FAA42F4
:1038C00004D182680A48F0BCFFF7BAB905EB450598
:1038D0006655457F05EB450525446970427F02EB3F
:1038E00042021444A370437F01334377E1E700BFF2
:1038F000C46E020813460A460021FFF7C5BF000048
:10390000F0B587B004460E468DF80F208DF81410E0
:103910008DF815200BB1FFF7EDFF2268002300930F
:10392000156905A902222046A847A76905463FB1A7
:1039300030B10123606900930DF10F023146B847A1
:10394000284607B0F0BD00002DE9FF4198460379F5
:103950000B438DF80F300368CDF800801D691746C2
:1039600013460E4601220DF10F010446A8470546F5
:10397000606908B9A3693BB135B100230093A4691C
:1039800043463A463146A047284604B0BDE8F08198
:1039900013B500F0070040EAC100002401948DF83F
:1039A00004008DF805208DF80630019802B010BD96
:1039B00082B001908DF80610019802B070470000A7
:1039C00070B500260446C0E9026601200D4608F0E5
:1039D00049FCB04208BF3546206065602674204629
:1039E00070BD000010B5037C044613B9006808F0F0
:1039F0003DFC204610BD000070B5057C04460E4617
:103A0000DDB9BFF35B8FC560BFF35B8FBFF35B8F27
:103A10008560BFF35B8F43688B420CD0006808F071
:103A200025FC3146012008F01DFC206010B96560BE
:103A3000284670BD66600125FAE70025F8E700001A
:103A400038B505460C4644B121462846FFF7D4FF59
:103A500020B904EB4404A408F5E7204638BD000073
:103A60000023BFF35B8FC360BFF35B8FBFF35B8F3C
:103A70008360BFF35B8F7047BFF35B8F0068BFF35A
:103A80005B8F704770B505460C30FFF7F5FF05F109
:103A9000080604463046FFF7EFFFA04206D930463D
:103AA0006D68FFF7E9FF2544281A70BD3046FFF71F
:103AB000E3FF201AF9E7000070B50546406898B1A9
:103AC00005F10800FFF7D8FF05F10C060446304663
:103AD000FFF7D2FF8442304694BF6D680025FFF7A0
:103AE000CBFF013C2C44201A70BD000038B50C46B9
:103AF0000546FFF7C7FFA04210D305F10800FFF706
:103B0000BBFF04446868B4FBF0F100FB1144BFF351
:103B10005B8F0120AC60BFF35B8F38BD0020FCE7FA
:103B20002DE9F041144607460D46FFF7C5FF8442D4
:103B300028BF0446D4B1B84658F80C6B4046FFF78E
:103B40009BFF3044286040467E68FFF795FF331A9C
:103B50009C4203D86C600120BDE8F0816B60A41B1F
:103B60003B68AB602044E8600220F5E72046F3E7BD
:103B700038B50C460546FFF79FFFA04210D305F16C
:103B80000C00FFF779FF04446868B4FBF0F100FB18
:103B90001144BFF35B8F0120EC60BFF35B8F38BD36
:103BA0000020FCE72DE9FF41884669460746FFF7FC
:103BB000B7FF6C4606B204EBC6060025B44209D036
:103BC0006268206808EB05010AF024F8636808348D
:103BD0001D44F3E729463846FFF7CAFF284604B0DC
:103BE000BDE8F081F8B505460C300F46FFF744FFFD
:103BF00005F1080604463046FFF73EFFA042304676
:103C000088BF6C68FFF738FF201A386020B1304653
:103C10002C68FFF731FF2044F8BD000073B514464F
:103C200006460D46FFF72EFF844228BF044601904A
:103C3000DCB101A93046FFF7D5FF019B33B93268EB
:103C4000C5E90233C5E9002401200CE09C4238BFDD
:103C500001942860019868608442F5D93368AB60AC
:103C6000241AEC60022002B070BD2046FBE7000081
:103C70002DE9FF410F466946FFF7D0FF6C4600B2C1
:103C800004EBC0050026AC4209D0D4F8048054F8F7
:103C9000081BB819424609F0BDFF4644F3E7304619
:103CA00004B0BDE8F081000038B50546FFF7E0FF3D
:103CB000044601462846FFF719FF204638BD00009C
:103CC0002DE9F74F10EE103A009210EE102A072956
:103CD00028BF0721C3F316044FEAD37812024FEA34
:103CE000D35307460E4603F0FE0340F1AC80013388
:103CF000DBB2FF2B02D044F4000402E094BB48F096
:103D00000408DA0859495A4811F90290594951F8FA
:103D1000225003F00703A4FB0554C3F10F02113333
:103D2000B2F1200104FA03F325FA02F558BF44FA70
:103D300001F145EA03054FF0000B58BF0D43144154
:103D400045F6F321CDF804B04FF0300A2A1A64EB9F
:103D50000103002B1DDB0AF1010A4FFA8AFA15460E
:103D60001C46F3E748F00808CBE70123C9E7012325
:103D7000019350EA01030AD1634630201946013B02
:103D80000A78013252B23A2A50D00A703BE0934688
:103D9000DAE700230A22F7F737F8019BD3B9BAF123
:103DA000300F06D109F1FF394FFA89F92A46234627
:103DB000D5E7009B63B3009A09F101035BB2013AB6
:103DC000012BACBFD218013202F0FF039E420093D8
:103DD00028BF1E460BF10103BAF1390FDAB257FAC8
:103DE00083FC18DC964207F802A0C0D80A22A0FB88
:103DF0000206400840EAC670281A02FB016164EB23
:103E000061010029B8DA87F800800FFA89F02AE00A
:103E10000136F6B2DEE7A2EB0B0039213844CDF8CB
:103E200000C009F005FFDDF800C0A5E7BB4208D1DE
:103E3000312309F101090B704FFA89F948F0100894
:103E4000E1E758709AE7002B7FF455AF002C8CD136
:103E5000384648F00208721C00F8018BD2B23021BB
:103E600009F0E6FE204603B0BDE8F08F806F02083F
:103E700000407A10006F0208002070479FED010A91
:103E8000704700BF0000000000207047002070470E
:103E90000368DB681847000090ED010A70470000D6
:103EA000D0ED017AB1EE040A67EE807A9FED020A46
:103EB00027EE800A704700BF0000803A012070475B
:103EC00070470000B1EE040A7047000008B50820F2
:103ED000F9F7CEFB18B1024B0360024B436008BDFB
:103EE000A86F02087B148E3F014B0360704700BF30
:103EF000C86F02087047000070470000002070473C
:103F000070470000704700007047000003689B6B1B
:103F1000184700000368DB6B18470000704700007B
:103F20000020704770470000002070479FED010A95
:103F3000704700BF0000C842002070470020704753
:103F40000020704770470000002070470020704735
:103F50000020704770470000704700007047000065
:103F600000230B600120704700207047002070473D
:103F70007047000070470000704700007047000065
:103F80007047000070470000002070477047000035
:103F90000020704770470000704700000020704705
:103FA00000207047002070477047000000207047D5
:103FB0007047000070470000704700007047000025
:103FC00070470000704700003220704770470000C3
:103FD0000F299CBF00EB4100428170470F299ABF17
:103FE00000EB410040894FF461707047102A0B4686
:103FF00028BF102200F10A015200184609F00ABE3B
:1040000003790BB1002202711846704703685B68A0
:104010001847000003791BB9012303711846704744
:10402000002070477047000010B50446F9F728FBE0
:10403000204610BD70470000704700000020704708
:1040400000207047012070471046704700207047DD
:10405000014B0360704700BFEC700208002213465A
:10406000C2F3460112F0010F30F811101ABFC9B2A5
:104070004B4083EA1123082113F4004F4FEA430316
:1040800018BF83F4405301F1FF3118BF1BB211F088
:10409000FF019BB2F0D10132102AE1D1180B704719
:1040A0004840082310F0800F03F1FF334FEA40002F
:1040B00018BF504013F0FF03C0B2F3D170470000A7
:1040C000D522FFF7EDBF000038B50C468D18AC4285
:1040D00004D014F8011BFFF7F3FFF8E738BD000028
:1040E00082B010B5044602A8C4E9001240F8043FAB
:1040F00003C804F1080383E80300DDE9050104F1C6
:10410000100383E80300DDE9070104F1180383E8E5
:104110000300DDE9090104F1200383E803002046E0
:10412000BDE8104002B0704710B50A4492B2914207
:1041300008D004684B1C615C9BB209B1002010BD23
:104140001946F4E70120FAE703680F3332D1836898
:10415000591C0FD1036901332CD14268164B9A4286
:1041600028D1C368013325D1436901330CBF012035
:10417000042070470E331DD103695A1C0BD14368CC
:104180000D4A934216D1C2689A4213D14369013352
:1041900010D1022070470D330CD14268064B9A4271
:1041A00008D1C368934205D14069984214BF0420E6
:1041B000032070470420704762B5861510B4BDF81F
:1041C00004400194D0E90004A4465DF8044B604724
:1041D0002DE9F043054685B088464FF0180900F1F7
:1041E000100602276B68023B4B4546D9009703AB8C
:1041F0004A4641463046FFF7E1FF40B19DF80C309A
:1042000003F00303012B09D0032B02D09BB1002044
:1042100001E0C5F82C9005B0BDE8F0839DF80D30A5
:104220005B09013303EB430409EB44040234073414
:1042300024F00709D6E7BDF80C309DF80D20C3F334
:104240008A03520903EB430301325B0002EB420293
:104250009BB2540003EB4202B2F5487FD7DC2A68D8
:1042600000941344414609F102023046FFF7A6FFCD
:104270000028CCD002344C44D9E7C5F82C9001205A
:10428000C9E7000010B4BDF804400194D0E900046F
:10429000A4465DF8044B60472DE9F047026B8AB0F5
:1042A00004466AB990F82850039285F00105182752
:1042B000009704AB29461030FFF780FF039A08B936
:1042C00000203FE0059E214B9E4203D0012384F84D
:1042D0003430F5E704A80392FFF736FF0128039A6C
:1042E000F4D16FF00C0304F108086FF00E0A6FF0C0
:1042F0000D09089394F82810009704AB40460796E0
:104300000996CDF810A0CDF81890FFF7BBFF002854
:10431000D6D04FF0FF3309930893039A009704AB6C
:104320002946404605960796CDF810A0CDF818907E
:10433000FFF7A8FF0028C3D040F22E43C4E90B7357
:1043400084F828500AB0BDE8F08700BF62B5861532
:1043500070B5044688B0D0E906030D461646984766
:10436000A0B19EB10A4B03934FF0FF336FF00E02E2
:104370000593079304930693182302920093002257
:1043800002AB294604F10800FFF77CFF08B070BDBE
:1043900062B586152DE9F04390F8343085B00446B7
:1043A0000E461746002B3FD14FF001094FF006088B
:1043B000002F5CD06368E26A9A1A236B08339A4232
:1043C00036D3B6FBF8F59DF8083069F301038DF894
:1043D0000830BDF80820C5F30A0363F38C02ADF87A
:1043E0000820C2F307226FF347128DF8092003EB70
:1043F0004303226802EB430152F81330CDF80A3030
:104400008B88ADF80E309DF80830E26A94F82810D9
:104410006FF301038DF808300823009304F10800BE
:104420006B44FFF72FFF98B9002005B0BDE8F0837B
:104430002046FFF731FF0028C3D1D4E9080398478D
:104440000028F1D0204600F04DF80028B9D1EBE764
:10445000E36A0833E36208FB1563C3F10603DBB2CA
:10446000BB42E2DC1E44FF1AB6B2BFB2A0E7012095
:10447000DBE7000037B505464FF44874062C2246AA
:10448000C4F54871A8BF062289B292B22846CDE988
:104490000012FFF749FEDDE9001220B1063C231DA2
:1044A000ECD1012004E02846FFF774FF0028F5D185
:1044B00003B030BD002310B580F8343003630446E8
:1044C000FFF7D8FF60B194F8281001225140204630
:1044D000FFF73EFF20B12046BDE81040FFF7DCBEED
:1044E000002010BD38B590F83550044645B1FCF7B2
:1044F000A5FD91224FF40011FCF78CFD002038BD82
:10450000012380F83530FFF7D5FF84F83550F6E702
:1045100070B50025182688B080F8345080F82850EF
:10452000C6622A4629460446FFF712FF10B900204A
:1045300008B070BD94F82820013A18BF012201216B
:104540002046FFF705FF0028F1D00B4B03936FF0D7
:104550000E02059302924FF0FF336FF00D020793A6
:104560000492069394F82810009602AB2A4604F1B0
:104570000800FFF787FEDBE762B5861510B5044635
:10458000D0E90803984740B12046FFF7C1FF20B1AA
:104590002046BDE81040FFF76DBF002010BD0000B1
:1045A0002DE9F04F804693B005464FF4487258F815
:1045B000100BDFF818B1002109F03AFB06AF002616
:1045C000B9464FF0180ACDF800A03B46002231460C
:1045D0004046FFF7F3FD044630B90024204613B0EF
:1045E000BDE8F08F0126EEE77B6803933846FFF7BE
:1045F000ABFD0138C0B2022802D8039B5B4504D052
:104600002846FFF785FF0446E8E71837002EE9D073
:104610004846FFF799FD07468DF814000CA8FFF7F0
:1046200093FD874280468DF8150003D1012FE7D115
:10463000002608E0032FFBD0032804D0022FF7D078
:10464000831E5E425E4112AB334413F8349CA9F1E1
:104650000203012B05D831462846FFF7B9FD002893
:10466000CED086F0010112AB0B4413F8343C023B70
:10467000012B04D82846FFF7ABFD0028C0D000234B
:10468000B9F1030F85F834302B6315D0032F06D111
:10469000012200212846FFF75BFE00289DD0B8F1DB
:1046A000030F06D1012211462846FFF751FE0028CC
:1046B00093D000232B6391E786F0010685F82860EC
:1046C0002846FFF7D7FE0028E0D199E762B58615A6
:1046D0007047000010B50446F8F7D2FF204610BD21
:1046E00013B5C36D0446F3B100F10801732201A8AC
:1046F000F9F762F9D4ED177AD4ED190A94ED180A96
:1047000094F85810F8EE677A2046C0EEA70A80EEBB
:10471000270AFCF717FC0023236663660023E36582
:1047200001A8F9F76BF902B010BD000038B50446D6
:104730001546FCF7E7FB2146054B2360012241F8B3
:10474000285F04F12C0000F03FFB204638BD00BF7D
:1047500090710208F0B50446806A85B0002848D000
:1047600003689B6A98472D2201466846F9F740F98D
:10477000A06A03680A21DB6C04F12C0798473846CD
:1047800000F03EFB054600282ED01B4B1B68986AA4
:10479000036828215B6802AE9847324601A9384673
:1047A00000F03EFB00BB6846F9F728F96068FCF7AB
:1047B00047FB172184F85800A06AFFF763F8A36A43
:1047C00094F858109A682046FCF7A8FBA06A036882
:1047D000DF6A0A4B0294039396E80C0049F64041C5
:1047E000B847284605B0F0BD6846F9F707F9002537
:1047F000F7E70546F5E700BF10100020F94801086B
:1048000037B505466C200191F8F732FF044668B1D0
:104810002946019AFFF78AFF2046FFF79BFF0546CE
:1048200020B9236820465B6898472C46204603B091
:1048300030BD000030B52DED028BC36A0A2B85B068
:10484000044600F12C0507D0284605B0BDEC028BCC
:10485000BDE8304000F03CBC90F868303BB102AAA3
:1048600001A9284600F0DCFA50B1012804D02846FE
:1048700000F0C6FA84F8680005B0BDEC028B30BDCC
:10488000DDED017A9FED177A9FED178A77EEC77AF3
:104890009FED167A67EE877AB7EE047A67EE877A2D
:1048A0009FED137AA7EE878A582204F1080103A826
:1048B000F9F782F8D4ED187A9FED0E7AE36DE8EE01
:1048C000077A0133E3659DED027AC4ED187AD4EDE1
:1048D000197A77EE877A03A8C4ED197AF9F78EF87A
:1048E000C5E700BFD0CCCC4900007A43000080333C
:1048F00000007A440000C842FFF79CBF70470000E8
:1049000010B50446F8F7BCFE204610BD13B5838EE3
:104910000446FBB100F10801112201A8F9F74CF897
:10492000A38ED4ED0C0A94ED0B0A94F8281007EE30
:10493000903AF8EEE77A2046C0EEA70A80EE270A02
:10494000FCF700FB00232363E3620023A38601A896
:10495000F9F754F802B010BD37B50A7890F829304D
:104960009A4204460D4623D100F108011E2201A8F7
:10497000F9F722F8D5F8053094ED0B7ADFED0D6AE2
:1049800007EE903A77EE277A01A8C4ED0B7AB5F9D5
:104990000930D4ED0C7A07EE103AB8EEC77AA38E40
:1049A000E7EE267A0133A386C4ED0C7AF9F726F8F0
:1049B00003B030BD0AD7233C38B504461546FCF792
:1049C000A1FA0C4B236084F829506068FCF738FA90
:1049D0000023194694F8292084F82800054605206C
:1049E000FEF7D6FF294602462046FCF797FA2046F6
:1049F00038BD00BFAC71020808B52DED048BB0EED8
:104A0000609AF0EE408AFCF731F8B0EE408A89EE09
:104A1000280A08F025FADFED0B7A20EE270A08F0C5
:104A2000E1F9DFED097A38EE278ADFED087A28EE22
:104A3000278AF7EE007A37EEC00A28EE000ABDECAE
:104A4000048B08BD41D3423E33938843A1D8194318
:104A5000FFF7D2BF0020704700207047704700006A
:104A600010B5054B03600446006C10B103685B6829
:104A70009847204610BD00BFC871020837B50446EC
:104A80008E220D46011D01A8F8F796FFFEF784FE61
:104A9000E36BC01A64281BD8636B43B9E36A2B60CD
:104AA000012401A8F8F7AAFF204603B030BD07EEA5
:104AB000903AD4ED0A6AF8EE677A002386EEA77A78
:104AC00085ED007A6363002384ED0B7AA362E7E748
:104AD0000024E6E737B50446A4220D46011D01A8CF
:104AE000F8F76AFFFEF758FEE36BC01A64281BD87C
:104AF000A36B43B9236B2B60012401A8F8F77EFF59
:104B0000204603B030BD07EE903AD4ED096AF8EEC6
:104B1000677A002386EEA77A85ED007AA3630023E7
:104B200084ED0C7A6362E7E70024E6E710B50446FB
:104B3000FFF796FF2046F8F7A3FD204610BD0000C2
:104B400013B5012304460DF10702006CA421FEF702
:104B5000FBFEB8B19DF807300BB1662B12D1206C6B
:104B600000236622A421FEF7CBFE58B10123206C5E
:104B70000DF107021946FEF7E7FE18B19DF8073060
:104B8000662B00D0002002B010BD00002DE9F04FD0
:104B900089B046F66C53ADF810302F4BDFF8C0A04B
:104BA0001B680293044604AE02254FF00409029BE1
:104BB00016F8012BD3F804800392D8F80030204671
:104BC000D3F800B000F0DAFB00270146039ACDF8D5
:104BD0000490009753464046D8472064C8B1036804
:104BE0009B6A98473422014605A8F8F701FF206C1C
:104BF00003683946DB689847206C03680221DB6C48
:104C000098472046FFF79CFF074640B905A8F8F7EC
:104C1000F5FE012D01D1002719E00125C7E7206C21
:104C20000A21FEF72FFE236C2046996800F0B8FB9E
:104C3000206C06940368DD6A084B079308AB13E900
:104C40000C0043F2D401A84705A8F8F7D7FE384670
:104C500009B0BDE8F08F00BF10100020194D010809
:104C6000801A06007FB5044600230A223021006C1A
:104C7000FEF746FE206C01230DF103023021FEF702
:104C800063FE002842D09DF803301B073ED5206C00
:104C9000052302AA0621FEF757FEB8B39DF8095076
:104CA0009DF808302D0445EA03659DF80A3045EA71
:104CB0000325BDF80B308122211D01A82D12DEBA7B
:104CC000F8F77AFE07EE905A94ED0A7ADFED106A53
:104CD000636BF8EEE77A0133A7EEA67A6363A36B02
:104CE000DFED0C6A84ED0A7A07EE906A94ED097A9A
:104CF000F8EEE77A0133A7EEA67AA36384ED097A8A
:104D0000FEF74AFDE06301A8F8F778FE04B070BD35
:104D10000000003C0000803BFFF7A4BF10B5054B2E
:104D200003600446C06A10B103685B689847204678
:104D300010BD00BF4C72020837B5044640F25D1248
:104D40000D46011D01A8F8F737FEE36D2B60FEF755
:104D500023FD646A001BC72801A88CBF002401241E
:104D6000F8F74CFE204603B030BD000037B50446CE
:104D700040F265120D46011D01A8F8F71DFE236ED5
:104D80002B60FEF709FD646A001BC72801A88CBFD1
:104D900000240124F8F732FE204603B030BD0000A5
:104DA00010B50446FFF7BAFF2046F8F769FC204625
:104DB00010BD000013B50B460168009200220C697B
:104DC0001146A04702B010BDC0E9011270470000B3
:104DD00010B504462DED028BB0EE408A00F0B4FA17
:104DE0002346064A43F82C2B84ED198ABDEC028B2E
:104DF000636300232046A36310BD00BF4C7202080A
:104E00001FB5AE238DF80F30436818680023026881
:104E1000009314690DF10F010122A04704B010BDE9
:104E200073B5436804460D4616461868072269465E
:104E3000FFF7C0FF002800F08F80A2689DF80030C7
:104E4000002A0CBF502240229A4206D013F0200FB5
:104E50000CBF0220012002B070BD9DF802309DF809
:104E600001209DF805009FED3D6A1B0203EB024304
:104E70009DF803201344A3F5000307EE903AB8EE23
:104E8000E77ADFED377A9DF80430C7EE276A000233
:104E900000EB03409DF8063018449B23434394EDF8
:104EA000037AD4ED047A26EE877A66EEA77A27EEA7
:104EB000267A67EEA67AB0EE045AE7EE267A94EDEB
:104EC000057AE7EE267A94ED067A77EE877A07EE92
:104ED000103A77EEA67AB8EEC77ADFED226A224B57
:104EE000E7EE066A0344002BB7EE007A77EE877A86
:104EF000C6ED006AF6EE006A67EEA67A94ED086ADF
:104F0000D4ED095AF4EEE67AC8BFF0EE465A94EDB5
:104F1000076AF1EE10FACCBF77EEE66A76EEE76A42
:104F200025EE465A0020A5EE267AB0EE476A07EE37
:104F3000103AB8EEC77A27EE067A9FED0C6A27EE94
:104F4000257AC7EE066A9FED0A7A77EEE67A67EE73
:104F5000877AC5ED007A7EE702207CE70000803387
:104F6000FEFFFF4A000034C219638CFF0300C84EE5
:104F7000FFFF7F4B70B51B4B1E680546706886B0FF
:104F800000244FF0040C0368CDE9004C1C68164B5C
:104F9000A0470446E86210B303689B6A984736222C
:104FA000014603A8F8F724FDE86A03680A21DB6CD0
:104FB000303598472846FFF723FF044660B1B06AB2
:104FC000036814215B68984705AA04A92846FFF7DF
:104FD00027FFB0FA80F4640903A8F8F70FFD204614
:104FE00006B070BD10100020801A060070B586B0A3
:104FF000044600F0C3F92622014603902046FFF73D
:10500000B9FF039B054640B994F8202013490320BB
:10501000F7F7F6FB284606B070BDE06A0B21FEF7F5
:1050200031FCE36A2046996800F0BAF9E26A0C495B
:10503000137A527A0092DB0894F820200620F7F7C2
:10504000DFFBE06A04940368DE6A064B059306AB57
:1050500013E90C0044F62061B047DBE7E871020871
:105060001572020841530108F0B587B0856A8DF8C2
:105070000F10044616462DB1012D4FF000050FD03C
:10508000284623E043681868036800951E690122DA
:105090002B460DF10F01B047C0B10123A362EFE72A
:1050A00083688562002B43684FF00302186805A9E6
:1050B0000CBF50274027FFF77DFE38B19DF8143014
:1050C000BB42DDD1BDF815305BBA338007B0F0BD0F
:1050D00013B58368002B036804460CBF2B212F21D6
:1050E000092B16D8DFE803F005172E405769809288
:1050F000AACA0DF10602FFF7B7FF50B1BDF806309E
:105100001B0407EE903AFAEEE07A0123C4ED037A2D
:10511000236002B010BD0DF106020131FFF7A4FFBC
:105120000028F6D0BDF80630D4ED037ADFED626AD0
:1051300007EE103AB8EE477A0223E7EE267AC4ED7E
:10514000037AE5E70DF106020231FFF78DFF002833
:10515000DFD0BDF806301B0407EE903AFAEEE07A95
:105160000323C4ED047AD3E70DF106020331FFF700
:105170007BFF0028CDD0BDF80630D4ED047ADFEDFA
:105180004E6A07EE103AB8EE477A0423E7EE267A25
:10519000C4ED047ABCE70DF106020431FFF764FFA9
:1051A0000028B6D0BDF806301B0407EE903AFAEEA0
:1051B000E07A0523C4ED057AAAE70DF10602053170
:1051C000FFF752FF0028A4D0BDF80630D4ED057AD1
:1051D000DFED396A07EE103AB8EE477A0623E7EEBC
:1051E000267AC4ED057A93E70DF106020631FFF742
:1051F0003BFF00288DD0BDF806301B0407EE903A27
:10520000FAEEE07A0723C4ED067A81E70DF1060293
:105210000731FFF729FF00283FF47BAFBDF80630C8
:10522000D4ED067ADFED246A07EE103AB8EE477A3D
:105230000823E7EE267AC4ED067A69E70DF1060247
:105240000831FFF711FF00283FF463AF9DF90730E5
:105250009FED1A7A07EE903AF8EEE77A9DF906305C
:10526000C7EE876A07EE903AF8EEE77AC4ED086A6F
:10527000C7EE876A0923C4ED096A49E70DF1060202
:105280000931FFF7F1FE00283FF443AF9DF80630E7
:10529000DFED0A6A07EE903AF8EEE77A0A2387EE26
:1052A000A67A23606368022184ED077A1868036890
:1052B000DB6C98472DE700BF000000300000FE4285
:1052C00037B5036B0A2B044600F1300505D028469C
:1052D00003B0BDE83040FFF7FBBE90F8283043B183
:1052E00000F1600201A92846FFF79AFD40B10128AC
:1052F00004D02846FFF784FD84F8280003B030BDB1
:10530000FEF74AFA9FED0B7ADDED017A606277EEE7
:10531000C77A9FED097A67EE877A9FED087A67EE84
:10532000877A94ED197A77EEA77A67EE877AC4EDDB
:10533000177ADEE70000004B0000803300809B43BB
:10534000FFF7BEBF0020704770B5064B04460E46FF
:10535000154640F8043BFDF76BFAE66184F82050EF
:10536000204670BD74720208C36990F820200C2199
:1053700001FB023393ED060A70470000C36990F801
:1053800020200C2101FB0233587F704790F8201039
:10539000C0690C231D2213FB01231844FAF75AB8E5
:1053A00013B590F82040C069019114220C2313FB1F
:1053B000042301A91844FBF7EFF802B010BD000068
:1053C00010B5054B03600446406C10B103685B6880
:1053D0009847204610BD00BF9C72020837B50446AE
:1053E00094220D46011D01A8F8F7E6FAFEF7D4F95C
:1053F000E36BC01A642818D8A36B6BB107EE903A20
:10540000D4ED0C6AF8EE677A002386EEA77AA363E0
:105410000023236384ED097A636A2B60012401A8C9
:10542000F8F7ECFA204603B030BD0024F7E700009F
:1054300037B50446A7220D46011D01A8F8F7BCFAAE
:10544000FEF7AAF9E36BC01A642818D8636B6BB136
:1054500007EE903AD4ED0B6AF8EE677A002386EEF9
:10546000A77A63630023E36284ED0A7AA36A2B6060
:10547000012401A8F8F7C2FA204603B030BD002489
:10548000F7E7000010B50446FFF79AFF2046F8F74B
:10549000F7F8204610BD000010B52DED028B044634
:1054A000B0EE408AFFF750FF84ED108ABDEC028B0E
:1054B000014B2360204610BD9C72020830B50446A3
:1054C000406C036885B09B6A98474122014601A859
:1054D000F8F78EFA606C03680121DB689847606C0E
:1054E00003680221DB6C9847606C0421FEF7CAF95F
:1054F000636C20469968FFF753FF606C0294036861
:10550000DD6A064B039304AB13E90C0044F62061FB
:10551000A84701A8F8F772FA05B030BD695601082E
:1055200073B50C4B1B685D682B6804461E68FFF75B
:1055300025FF00230422CDE900320146064B282234
:105540002846B047606418B12046FFF7B7FF012036
:1055500002B070BD10100020801A060030B52DED8D
:10556000028B0446406C85B003680422009200223E
:105570001D69114602ABA847002851D0029B1BBAF7
:105580009A0F4DD11A0C08EE102A9FED327AD4ED05
:10559000107AB8EEC88A38EE478A9FED2F7A28EE47
:1055A000078AB0EE047A27EE877A28EE078AF4EEAF
:1055B000C87AF1EE10FA33D4F1EE677AF4EEC87AD5
:1055C000F1EE10FA2CDCC3F34A1307EE903A9FED8C
:1055D000237ADFED238AF8EEE77A7E22211D03A8E5
:1055E000E7EE878AF8F7E8F9FEF7D6F8D4ED0A7AFD
:1055F000F5EE407AF1EE10FA16D077EEE87AB2EED8
:10560000047AF0EEE77AF4EEC77AF1EE10FA0BDDE9
:10561000E36BC31AB3F5FA6F06D203A8F8F7EEF9F5
:1056200005B0BDEC028B30BDD4ED0C7A9FED0D7A48
:10563000A36BE063E8EE077A0133A363636BC4ED09
:105640000C7AD4ED0B7A77EEA88A0133C4ED0B8A7D
:105650006363E2E700000046000080380319C83D9C
:10566000000048C20AD77843FFF778BF70470000B0
:1056700010B5054B03600446406C10B103685B68CD
:105680009847204610BD00BF0873020837B504468E
:10569000F8220D46011D01A8F8F78EF9FEF77CF8F7
:1056A000E36BC01A642818D8236B6BB107EE903AED
:1056B000D4ED0A6AF8EE677A002386EEA77A2363B0
:1056C0000023A36284ED0E7AA36B2B60012401A852
:1056D000F8F794F9204603B030BD0024F7E7000046
:1056E00037B5044640F20B120D46011D01A8F8F72C
:1056F00063F9FEF751F8E36BC01A642818D8E36A1F
:105700006BB107EE903AD4ED096AF8EE677A0023A0
:1057100086EEA77AE3620023636284ED0D7A636B01
:105720002B60012401A8F8F769F9204603B030BDC9
:105730000024F7E710B50446FFF79AFF2046F7F775
:105740009FFF204610BD000030B5002385B00364E4
:105750000446406C8DF80F300268009315690DF116
:105760000F010122A84710B1FEF716F8206405B01A
:1057700030BD000008B52DED028B08EE101AFFF7C2
:10578000F3FDDFED0B7A9FED0B7AB8EEC88A38EEA9
:10579000678A70EE007A28EE278AC8EE077ABDEC99
:1057A000028B37EEC00ADFED047A20EE670A08BDEF
:1057B0009AC9CC449AC94C460E76D74538B5124B97
:1057C0001B6818690368DB680D4614469847F1EEBC
:1057D000047A30EE670ADFED0D0AE120B6EE001A1A
:1057E000F8F7F8FED5ED007A9FED097AE0EE477AFA
:1057F0009FED087AC5ED007AD4ED007AE0EE477AA5
:10580000C4ED007A38BD00BF10100020333333BF21
:10581000000082426F12633FF0B50022026404462A
:10582000406C8BB00368042500951E69114603ABDC
:10583000B047002800F0B480606C03680095002237
:105840001D69114604ABA847002800F0A9809DF807
:105850000C209309023B012B40F2A2809DF80D1011
:1058600001EB0221C1F30D0143F6FF72914200F0FA
:105870009780002900F094809DF80E309DF80F600D
:1058800006EB0326C6F34A1640F2FF739E4200F071
:105890008780002E00F084809DF810009DF8117024
:1058A00007EB0027C7F30D07974279D0002F77D079
:1058B0009DF812209DF8135005EB0225C5F34A15FB
:1058C0009D426DD0002D6BD0CB1B002BB8BF5B422F
:1058D000FF2B65DC731B002BB8BF5B42FF2B5FDC2B
:1058E0002046FFF747FF394620468DED050AFFF7B2
:1058F00041FF07EE906A9FED2B5ADFED2B5A9FED8B
:105900002B6AE3698DED060AB8EEE77A07EE905A46
:1059100027EE057AF8EEE77AC7EE256A5B685B0743
:1059200067EE857A36EEC67A8DED077A87EEA57A30
:1059300077EE467ACDED087A09D407AA05A9204664
:10594000FFF73CFF08AA06A92046FFF737FFC6224B
:10595000211D09A8F8F730F8DDED057A9DED067AEE
:10596000236B37EE877AD4ED0A7A77EE877A9DED4E
:10597000087AC4ED0A7ADDED077A023337EE877ACA
:10598000D4ED097A2363E36A77EE877A0233C4EDB4
:10599000097AE362FDF700FFE06309A8F8F72EF843
:1059A0000BB0F0BD0000484300E0FF440000484257
:1059B0007FB5194B1D680446686800264FF0040C3B
:1059C0000368CDE9006C1E68144BB047606408B3EF
:1059D00003689B6A98472C22014603A8F8F708F849
:1059E000606C03680A21DB6C98472046FFF7ACFE29
:1059F000A86A03680A215B6898472046FFF70CFFF6
:105A0000E46B03A8003C18BF0124F7F7F7FF20461A
:105A100004B070BD0446FAE710100020801A06009A
:105A20002DE9F04F87B00446FFF7B0FC0546D0B132
:105A3000404E032516F8012B03922046FFF79EFCEB
:105A4000039A01462046FFF7B3FF00284AD1013DE3
:105A5000F0D1032094F820203749F6F7D1FE00203A
:105A600007B0BDE8F08F354BD3F80080D8F80400BC
:105A700003689B6898474FF0010A06460AFA05F347
:105A800033420DD0DFF8AC9003275FFA85FB19F89D
:105A9000012B59462046FFF78BFF18BB013FF6D17B
:105AA0000135202DEAD1D8F804000368DB68984757
:105AB000002506464FF0010909FA05F333420DD0DF
:105AC000DFF8708003275FFA85FA18F8012B51463A
:105AD0002046FFF76DFF28B9013FF6D10135202D93
:105AE000EAD1B6E7606C0221FDF7CCFE636C20467C
:105AF0009968FFF755FC626C1149137A527A00924B
:105B0000DB0894F820200620F6F77AFE606C036824
:105B10000221DB6C9847606C04940368DD6A094BD2
:105B2000059306AB13E90C0044F62061A847012059
:105B300096E700BF28730208BC720208101000200C
:105B4000D8720208715B010810B5036C04461BB9DA
:105B5000BDE81040FFF7F8BDFDF71EFE236CC01A2C
:105B60000A2804D92046FFF757FE2046F0E710BD6B
:105B7000FFF7EABF10B5054B03600446406E10B155
:105B800003685B689847204610BD00BF9C730208FD
:105B900037B5044640F20D120D46011D01A8F7F776
:105BA0000BFFFDF7F9FDE36BC01A642818D8A36B4F
:105BB0006BB107EE903AD4ED0C6AF8EE677A0023E9
:105BC00086EEA77AA3630023236384ED097A636AD0
:105BD0002B60012401A8F7F711FF204603B030BD68
:105BE0000024F7E737B504464FF490720D46011DC7
:105BF00001A8F7F7E1FEFDF7CFFDE36BC01A6428BB
:105C000018D8636B6BB107EE903AD4ED0B6AF8EEDF
:105C1000677A002386EEA77A63630023E36284ED4C
:105C20000A7AA36A2B60012401A8F7F7E7FE204651
:105C300003B030BD0024F7E710B50446FFF79AFF24
:105C40002046F7F71DFD204610BD000038B504467C
:105C50001D46FFF779FB034B236084F86250204612
:105C600038BD00BF9C7302082DE9FF411E23054685
:105C7000406E8DF80D3002680023009314690DF119
:105C80000D010122A047044618B9002004B0BDE868
:105C9000F0811D4B1B68986A036805215B68984773
:105CA00005F14008A0264746686E02230DF10E025A
:105CB0003146FDF749FE0028E8D0BDF80E305BBA4A
:105CC0009AB20236002AF6B218BF0024B02E28F885
:105CD000023BE9D1002CD8D1B5F84E3003F00F04C7
:105CE00023F0FF03A5F84E303846FEF7B7F984429B
:105CF000054604D0024621460448FCF7A1FF631B79
:105D000058425841C2E700BF101000202C7302080F
:105D10002DE9F04F8BB047F27673DFF834A1DFF84E
:105D200034B1ADF818300446002794F86230FF2BE8
:105D300001D0BB427CD1DAF800305D682B68204688
:105D40001E68FFF71BFB06AB4FF0000813F8079027
:105D50000423CDE9008301465B464A462846B04706
:105D60006066002864D003689B6A984708AE0146C5
:105D70004D223046F7F73CFE606E03680521DB6C70
:105D800098472046FFF770FF054600284DD094F84D
:105D9000202003922046FFF7F1FA039A2949CDF813
:105DA000009003460620F6F72BFD3046F7F726FE57
:105DB000606E03689B6A98475F22014607A8F7F761
:105DC00017FE606E54238DF817300368CDF80080FD
:105DD00001221F690DF117014346B84784F850802E
:105DE000FDF7D8FC0321E065606EFDF74BFD636EA7
:105DF00020469968FFF7D4FA606E03680221DB6CD5
:105E00009847606E0368DF6A0F4B0894099396E821
:105E10000C0043F2D401B84707A8F7F7EFFD284676
:105E20000BB0BDE8F08F01277FE73046F7F7E6FDBE
:105E3000002FF8D094F8202004490320F6F7E0FC66
:105E40000025ECE7507302083D60010878730208F2
:105E500010100020801A060007B50323406E01AA27
:105E60000021FDF771FD48B19DF805009DF8043053
:105E7000000240EA03409DF80630184303B05DF885
:105E800004FB000010B52DED048BB0F84A30D0EDC6
:105E9000167AB0F84410DFED389A9FED389ADB019E
:105EA00008EE103AF8EEE77AB0F84C30B8EEC88A4F
:105EB000044637EEC88A07EE903AF8EEE77AB0F873
:105EC000483067EE887A82B008EE903A4804C90BF1
:105ED000A7EEA99AF4F75AFFF8EEE88AB4F846302C
:105EE0009FED277ADFED276A68EE888A07EE900A31
:105EF000E8EE877ACC22211D07EE103AB4F8423042
:105F0000B8EEC77ADB0327EE088A07EE103AB8EE40
:105F1000C77A01A8A8EE267AD4ED156AF8EEE66AEB
:105F200026EE877AD7EE297AB0EE678AF7F744FD36
:105F3000DFED157A94ED0C7ADFED146AA36B68EE51
:105F4000277A0133A7EEA67AA363636BD4ED0B7AAD
:105F500084ED0C7A9FED0E7AE9EE077A01336363E4
:105F6000C4ED0B7AFDF718FCE06301A8F7F746FDD6
:105F700002B0BDEC048B10BD000000350000FA44F7
:105F80000000003D0000003C000000387A81303FF6
:105F90000AD7233C30B5044685B0FDF7FBFBE36D23
:105FA000C01A42F20F73984213D92046FFF754FFEC
:105FB00004F16101034670B9606E026800931569CF
:105FC0000122A84710B1FDF7E5FBE065012384F845
:105FD000603005B030BD94F8602022B994F861209B
:105FE000542A22D1A06594F85020606E00239A4272
:105FF0000CBF5422442284F8603084F86120026887
:10600000009315690122A8470028DFD0FDF7C2FBE5
:1060100094F85030E06501330522B3FBF2F202EB55
:1060200082029B1A84F85030D3E7442ADBD16065A2
:1060300020460391FFF726FF0399D4E7FFF7AABF95
:10604000012070477047000037B504460D460F2207
:10605000011D01A8F7F7B0FC94F82830ABB107EEAA
:10606000903AD4ED096AF8EEE77A002386EEA77A33
:1060700085ED007A84F8283000236362012401A8AA
:10608000F7F7BCFC204603B030BD1C46F7E7000024
:1060900037B504460D461C22011D01A8F7F78CFCFC
:1060A00094F83030ABB107EE903AD4ED0B6AF8EECD
:1060B000E77A002386EEA77A85ED007A84F83030FF
:1060C0000023E362012401A8F7F798FC204603B0FF
:1060D00030BD1C46F7E7000037B50A7890F821304C
:1060E0009A4204460D4627D1011D2C2201A8F7F73C
:1060F00063FCD5F8053094ED097A07EE903A94F8F0
:1061000028300133DBB277EE277A642BC4ED097AAD
:1061100084F8283008D9B6EE007A67EE877A5B08F3
:10612000C4ED097A84F82830B5F9093013F5004F29
:1061300004D101A8F7F762FC03B030BD07EE903A36
:10614000DFED0D6A94F83030B8EEE77AD4ED0B7AD3
:10615000E7EE267A0133DBB2642BC4ED0B7A84F8C8
:106160003030E6D9B6EE007A67EE877A5B08C4ED88
:106170000B7A84F83030DCE70AD7233C10B50446AC
:10618000F7F77EFA204610BD38B504461D46FFF7E6
:10619000DBF8084B2360002319462A4684F8215077
:1061A0000520FDF7F5FB01462046FFF7F9F82046EC
:1061B00038BD00BFC473020810B5054B0360044628
:1061C000006C10B103685B689847204610BD00BFA3
:1061D000F073020837B5044640F233120D46011D34
:1061E00001A8F7F7E9FBFDF7D7FAA36BC01A6428FB
:1061F00018D8A38D6BB107EE903AD4ED0C6AF8EE87
:10620000E77A002386EEA77AA3850023236384ED33
:10621000097A636A2B60012401A8F7F7EFFB204697
:1062200003B030BD0024F7E710B50446FFF7C4FF04
:106230002046F7F725FA204610BD00001FB50B0ACF
:10624000006C8DF80C308DF80D100268002300935F
:10625000146903A90222A04704B010BD00B5B5EE31
:10626000C00AF1EE10FA2DED068BB0EE408A48BF61
:10627000B1EE408AB5EEC08A4CBFBFEE009AB7EED1
:10628000009AF1EE10FA83B07DD9404B1B68002BC9
:1062900076D01A7C002A73D05A7C242101FB023369
:1062A000D3ED098A036801A91B69984708B9384BDF
:1062B00001939FED387ADDED017A77EE877A9FEDD5
:1062C000367A67EE877A88EEA7AADFED347AB4EEE5
:1062D000E7AAF1EE10FA4CDBDFED310AB0EE480A26
:1062E00006F0F4FDF7EE008A9FED2E7ADFED2E6AC0
:1062F000DFED2E0AF0EE687AE0EE077A9FED2C0AC9
:1063000086EEA77ADFED2B7A77EEC77A9FED2A7AB1
:1063100067EE877AC7EE8A9AF5EEC09AF1EE10FA28
:1063200048BFDFED269A89EE800A06F0CFFD30EEF9
:10633000280AC8EE807A78EEE78ADFED217AA8EEA7
:10634000A78ADFED207A88EE270A30EE007AB0EED9
:10635000408AF1EEC77A9FED1C7AE9EE877AB6EEB5
:10636000007A67EEA77A97EE878A30EE080A20EE69
:10637000098AB0EE480A03B0BDEC068B5DF804FB59
:10638000DFED128A8EE79FED0D8AF2E7242C0020C4
:106390000000C8413393884348A18F430000003474
:1063A000ECDD2F3F0494613B627096439D2C9D3F32
:1063B000366E994A0A679643B81EA53F0000000052
:1063C000B3E0D94BCDCC9C3FE5D0073D82E6C54735
:1063D00037B504464FF490720D46011D01A8F7F73A
:1063E000EBFAFDF7D9F9A36BC01A64281DD8E38D29
:1063F0006BB107EE903AD4ED0D6AF8EEE77A002320
:1064000086EEA77AE3850023636384ED0A7A94ED30
:106410000A0A2046FFF722FF012485ED000A01A8A1
:10642000F7F7ECFA204603B030BD0024F7E7000090
:1064300030B50A44FF248A4211D011F8010B082517
:10644000444014F0800F05F1FF354FEA440418BFB3
:1064500084F0310415F0FF05E4B2F2D1EBE7E31A62
:106460005842584130BD000070B52DED028B0446F6
:10647000006C86B003680622009200221D69114656
:1064800004ABA8470646FDF787F9054666B9A06B39
:10649000281AC82804D943F215612046FFF7CEFE1A
:1064A00006B0BDEC028B70BD9DF81230022204A92B
:1064B0002046FFF7BDFF0028F2D09DF815300222DC
:1064C0000DF113012046FFF7B3FF0028E8D0BDF817
:1064D00010309FED197ADBBA07EE903AA38F06EEE3
:1064E000903ABDF81330F8EE666AF8EEE77ADBBA58
:1064F000C7EEA68AB222211D03A807EE903AF8EE55
:10650000E77A87EE878AF7F757FAE38DA5630133B9
:10651000E385A38D0133A38503A894ED0D7AD4ED13
:106520000C7A37EE287A77EE887A84ED0D7AC4ED0E
:106530000C7AF7F763FAB3E700004843FFF794BF1C
:106540002DE9F04F714BDFF8D0A11A889B7889B004
:1065500004AE8DF812306E4BADF810201F68039614
:10656000044603254FF0040BD7F80490D9F8003007
:106570001B6820461E46FEF701FF4FF0000801464B
:106580000398CDF804B0CDF8008010F8012B0390EB
:1065900053464846B0472064C8B103689B6A984791
:1065A00003689B689847206C03680A21DB6C984756
:1065B00043F6F9712046FFF741FE236C1A68926A90
:1065C00000282BD1184690470368DB6898474FF0A6
:1065D00000088EE0B8F1000FC6D094F82020E369DF
:1065E00003EB821301259D64206C0621FDF74AF917
:1065F000236C20469968FEF7D3FE206C03680221C5
:10660000DB6C9847206C0368DE6A424B0594069366
:10661000224644F62061B047A84673E018469047EA
:106620000368DB689847B86A036844F620619B6892
:106630009847206C03689B6A984703689B68984753
:1066400043F215612046FFF7F9FD236C1A68926A40
:106650000028B7D0184690470368DB689847B86AA7
:10666000036844F620619B689847206C03689B6A26
:10667000984703689B689847206C0922036800923A
:10668000D3F81090424605AB4146C847D4F8409035
:1066900028B9D9F8003048469B6A984794E79DF896
:1066A0001630022205A92046FFF7C2FE0028F0D0CE
:1066B0009DF8193002220DF117012046FFF7B8FEB0
:1066C0000028E6D09DF81C3002220DF11A01204668
:1066D000FFF7AEFE80460028DBD0BDF81A305BBA6B
:1066E000A387D9F8003048469B6A98470368DB685F
:1066F0009847013D15F0FF057FF46CAFB8F1000F2E
:106700007FF46BAF404609B0BDE8F08FE473020838
:10671000101000203D650108801A06002DE9F7439E
:106720002C4E0546071DFDF739F82C6A8046894630
:10673000FCB1D4E90423904579EB030317D3D4E9E2
:106740000412884579EB020306D3E3685B1842F133
:106750000002C4E90432F2E74522394601A8F7F7FE
:106760002BF9D4E90103984701A8F7F747F9246802
:10677000DEE7FDF713F82A6A234692B154EA0308CC
:10678000D2E904EC03D0A6457CEB030807D27045A0
:1067900071EB0C0804460B463CBF74466346126816
:1067A000EBE7844273EB01024CF250320AD3241A15
:1067B00063EB0103944273F1000303D2642C22467D
:1067C00038BF64223368986A036891B29B6898471F
:1067D000A9E700BF1010002038B504460D4604306C
:1067E000FCF726F804F1340084F8245000220A2132
:1067F00005F09CFE04F1380000220A2105F096FE07
:10680000204638BD2DE9FF4102AF87E80C0090F823
:106810002C30DDF8288005460E464BBB012380F85E
:106820002C30C0F83080072005F0D8FC0446A0B317
:1068300098F8083003F00702012A10D0022A14D079
:10684000184B95F82420009521464FF4B66005F0CA
:106850001FFDA86260B914482146FCF775FF134A72
:10686000DB080721FCF78CF9EAE7114ADB08F8E7B7
:106870001820F6F7FDFE044678B1031D97E80300E3
:1068800083E80300E660FCF789FF301841F100015E
:10689000C4E904012B6A23602C62204604B0BDE8E1
:1068A000F08100BF1D6701081C7402081074020803
:1068B0001674020838B5094B1446DB68826A9A429E
:1068C0000D4609D1CC60FCF769FF201841F10001A9
:1068D000C5E90401012038BD0020FCE7086900205B
:1068E000F8B51E461B6805460C4617461BB92368BB
:1068F00063B9012408E0BDF81820806B314605F02B
:106900002DFE0028F3D100242046F8BD2146686BF7
:106910003A4605F05DFE04460028EAD13368002BB4
:10692000F1D0A86B05F08CFEEEE7000038B50D46FF
:10693000114604461A4611B1806B05F03BFE2DB19D
:10694000606B2946BDE8384005F072BE38BD0000D6
:106950007047000000207047B0F94C0070470000FD
:10696000B0F94E0070470000012380F854307047A2
:1069700080F855107047000090F8543013B190F82B
:10698000300070471846704737B590F854300446C9
:106990000D46ABB190F83030122BA8BF12239942AC
:1069A0000EDA00F13401612201A804EB4504F7F787
:1069B00003F801A8A488F7F721F8204603B030BDFA
:1069C0000024FAE737B590F854500446A5B100F119
:1069D00034014A2201A8F6F7EFFFD4E90A51226DEB
:1069E0000023994208BF9542C4E90A2301A814BFB5
:1069F00001250025F7F702F8284603B030BD000056
:106A000073B590F8544005460E468CB1122A28BF43
:106A1000122200F13401144601A87122F6F7CCFFCE
:106A20006200291D304607F0F5F801A8F6F7E6FFE9
:106A3000204602B070BD000070470000407B7047E8
:106A40000161704710B5074B074ADB680446DA61FD
:106A5000A37B33B923684FF47A719B68204698472B
:106A6000F6E710BD086900206C74020838B50D4BBC
:106A70000D4ADB680446DA612368A27B9B6862B139
:106A80000A4D236820469B684FF47A7198472B681B
:106A9000586903681B699847F3E742F21071204672
:106AA0009847E9E708690020476E020810100020A7
:106AB00013B504460121C83004F016FF04F1D400D8
:106AC000012104F011FF1A4B0094B5224FF4F66136
:106AD000184804F0CDFF184BC4F8B0000094B5225C
:106AE0004FF46C71154804F0C3FF154BC4F8B400A3
:106AF0000094B1224FF4B661124804F0B9FF124B72
:106B0000C4F8B80000943A224FF41B610F4804F017
:106B1000AFFF0F4BC4F8BC0000943B224FF4B661AA
:106B20000C4804F0A5FFC4F8C00002B010BD00BFBF
:106B30000570010898520020456A01083849002074
:106B4000216D01088843002099700108D839002080
:106B50006D6A0108E84C002070B5437D04460D467F
:106B60004BB903681B6C984728B1B620FCF710FAA4
:106B700040F20113A3822368294620469B68BDE8A2
:106B80007040184708B5FCF797FA034BDB681B1AEF
:106B90005842584108BD00BF086900202DE9F04760
:106BA00004460D46FCF7FAFDDFF8689006460F46EE
:106BB000FCF7F4FD801B4FF0000361EB07014FF47D
:106BC0007A72F4F771F9A84271F1000320D22368B8
:106BD0004FF47A719B6820469847A388AB42E7D868
:106BE000236820461B6C98470028E1D0D9F8008024
:106BF000D8F82C30FC2293F94CA083F84C20236861
:106C00002046DB6C9847D8F82C3083F84CA0CFE7AF
:106C1000BDE8F0871010002008B5302282F31188FB
:106C20008368002B01DC04F085FE04F051FE002394
:106C300083F3118808BD0000F7B5044600F1C806CB
:106C40006D46304685E8060004F06AFE94F864302C
:106C5000DDE90007224604EBC30C62450DD0516A02
:106C6000814208D1916AB94205D1304603B0BDE8EE
:106C7000F040FFF7D1BF0832EFE7072B0AD895E8BD
:106C8000030004EBC3022432013382E8030084F8DA
:106C90006430EAE7034B04491B68986903681B6882
:106CA0009847E2E7101000207474020808B50E4BF4
:106CB0001B68586A0368DB6C0C4698470B4B0C4802
:106CC000002C08BF184605F0FFFB72B6BFF34F8FCC
:106CD0000849094BCA6802F4E0621343CB60BFF372
:106CE0004F8F00BFFDE700BF10100020020007B06B
:106CF000010007B000ED00E00400FA0510B583695B
:106D000004461BB9BDE8104005F056BAFCF744FD37
:106D1000A369C01AE3699842F4D8012010BD0000AD
:106D200038B50D4B0D4ADB680446DA612368A27B57
:106D30009B685AB10A4D236820469B684FF47A71CC
:106D400098472B68186AFFF777FEF4E744F620614E
:106D500020469847EAE700BF086900208C740208C3
:106D60001010002008B5437B13B10348FCF7ECFC7E
:106D70000123437308BD00BF9474020804F016BEDB
:106D8000084604F01DBE000049B14FF6FE7088426F
:106D900028BF08460A2838BF0A2004F0F7BE70470B
:106DA00010B503681B6C0446984740B1637D33B14E
:106DB00000236375B420BDE81040FCF7E9B810BDAE
:106DC000F7B5044600F1D4066D46304685E8060066
:106DD00004F0A6FD94F8A830DDE90007224604EB94
:106DE000C30C62450DD0916E814208D1D16EB9427B
:106DF00005D1304603B0BDE8F040FFF70DBF0832C3
:106E0000EFE7072B0BD895E8030003F10D0204EB25
:106E1000C202013382E8030084F8A830E9E7044B9A
:106E200004491B68986903681B689847E1E700BF3D
:106E300010100020D474020810B5084B04464022FC
:106E400040F8243B002106F0F3FE4022002104F12B
:106E5000680006F0EDFE204610BD00BF0075020878
:106E600010B50B4C1046002314F813208A4209D1A8
:106E700004EB4303FF225B7802211844F7F7D8FBA9
:106E8000C0B210BD01330E2BEED13A20F9E700BF9E
:106E900054750208F0B585B0074602AD082085E8B4
:106EA00006001E4605F09AF90446D8B195E803009D
:106EB0009DF9302084E803009DF82C103846FFF738
:106EC000CFFF0A9D094B009405F2B71502463146E3
:106ED00025F0070005F0DCF9054628B9204605F045
:106EE000C5F9284605B0F0BD0120FBE7ED700108AB
:106EF00010B5044605F0BCFBFCF74EFCC4F8AC0032
:106F000010BD000070B503681B6C04460D46984721
:106F100038B12046FFF7ECFF4DB9236A13B90023BF
:106F2000A36170BD013B2362002BFAD1F7E7FCF7A8
:106F300033FCA36943B1E269C11A8A4204D91344FC
:106F40001B1A9D4238BF1D46236AC4E9060501335A
:106F50002362236820469B69BDE870401847000003
:106F600010B5114805F0D8FA3F2807D8FAF766F8A7
:106F70004FF6FF724FF40001FAF74CF804F09AFB59
:106F8000044678B1006A05F0C7FA3F2806D8FAF738
:106F900055F8228F4FF40001FAF73CF8204604F030
:106FA00099FBEDE710BD00BF00010020D0E9000310
:106FB00018470000F8B590F86530044603F0FF0567
:106FC000F3B9012300F1C80680F86530304604F0BB
:106FD000A7FC304694F86470FFF71EFE04F1240607
:106FE000AF4207DD736813B13046FFF7DFFF0135AD
:106FF0000836F5E7236903B19847002384F8653024
:10700000F8BD000010B5104B104ADB680446DA6189
:107010002368A27B9B6822B94FF47A712046984777
:10702000F6E723684FF47A719B682046984720461C
:10703000FFF7C0FF236820465B6998470028F0D01F
:107040002046FFF755FFECE708690020EC740208C2
:10705000F8B590F8A930044603F0FF05DBB9012329
:1070600000F1D40680F8A930304604F059FC3046CF
:1070700094F8A870FFF7D0FD04F16806AF4207DD71
:10708000736813B13046FFF791FF01350836F5E715
:10709000002384F8A930F8BD70B5124B124ADB68A2
:1070A0000446DA612368A27B9B6822B94FF47A71A7
:1070B00020469847F6E7002623684FF47A719B68CC
:1070C000204698472046FFF7C3FFFCF765FB831B6C
:1070D000B3F57A7F0546EFD92046FFF741FF2E46EC
:1070E000EAE700BF08690020F474020810B50446FE
:1070F000FFF75CFF2046BDE8104005F0B7B8000080
:1071000090F809017047000003695B7923B9406B6F
:107110000A23B0FBF3F070474FF44830704700008B
:10712000406B7047037D03B1437D184670470000F4
:10713000034B006DDB68C31A58425841704700BFCB
:107140000869002090F8ED20034602F0FF0012B11C
:1071500093F8EC00C0B270470020704700207047E1
:10716000F8B590F80831476B1F330C4600EBC301AC
:1071700050F833504E6877B103695B795BB90368A7
:107180005B6998472044054BB3FBF7F35843281A33
:10719000054666F1000628463146F8BD80969800FF
:1071A000C089704708B58430FCF76CFC003818BF04
:1071B000012008BD90F8EC303BB1054B026DDB6857
:1071C0009A4202D17030FCF75DBC0020704700BFCE
:1071D0000869002013B540F28722044600F1D4016B
:1071E0006846F6F7E9FB4FF4227204F1BC0101A8EE
:1071F000F6F7E2FB002384F8EC3084F8ED302369E5
:107200005A7912B9186803F0CBFF002104F170001D
:10721000FCF7F2FB002104F18400FCF7EDFB01A870
:10722000F6F7ECFB6846F6F7E9FB02B010BD00008C
:1072300008B580F84C11806A082104F045F9012056
:1072400008BD000090F8ED20034602F0FF001AB1DF
:1072500003F18400FCF730BC704700002DE9F843CF
:10726000164681460C46FCF797FADFF86080054623
:107270008719D9F8003048465B699847A04219D26F
:107280004FF4806004F0F4F8D8F80C30A9F85840B6
:10729000C9F85430FCF780FA421BB2420AD23B1ABA
:1072A0004FF47A71A3FB011389B24FF4806004F0AC
:1072B0002BF9DEE7D9F8003048465B6998478442ED
:1072C0008CBF00200120BDE8F88300BF08690020C2
:1072D00010B53023044683F311880B0707D5F9F75F
:1072E000ADFE40F23A324FF00061F9F793FED4F868
:1072F000B8305A68136823F00F031360D4F8B8301D
:10730000197C1A680E238B405360FCF743FA022164
:10731000C4F80C01A06A04F0C1F8002383F31188BB
:1073200010BD000070B503695A790446002A78D16F
:107330001D68036A002B08BF0021036880F809114B
:10734000DB6A984700286CD094F80931032B68D881
:10735000DFE803F002322F68206A88B1012600F0CE
:107360000F01324606FA01F120F00F0002F04EFF45
:10737000236A23F00F0203F00F039E40B6B2568338
:10738000012384F80A31302383F311886B6D9A68E6
:1073900012F4407F42D01A6822F001021A606A6D2E
:1073A000936823F4407393606A6D136843F001039C
:1073B00033E00023C4E94333206A012600F00F01C3
:1073C000324606FA01F120F00F0002F01FFF236A97
:1073D00023F00F0203F00F0306FA03F39BB253836B
:1073E00084F80A61302383F311886B6D9A6802F484
:1073F0004072B2F5007F11D01A6822F001021A60C3
:107400006A6D936843F4007393606A6D936823F424
:10741000807393606A6D136833431360002383F3B2
:10742000118870BD236993F82920FF2A1BD0206A98
:10743000D20100F00F030121994042F0020220F036
:107440000F0002F0E3FE302383F311886B6D9A681E
:107450005204E3D41A6822F001021A606A6D93683C
:1074600043F480439FE723682046DB6BBDE8704010
:107470000021184710B50446C06940B100F00F0361
:1074800001210022994020F00F0002F0BFFEA06908
:1074900050B100F00F030121BDE8104000229940D7
:1074A00020F00F0002F0B2BE10BD000038B5036935
:1074B0005A7904460D46002A38D10173186803F042
:1074C0006FFE012D33D0022D35D02DB9E36B23F0A3
:1074D000805323F4B053E363236904F1380118683F
:1074E00003F050FE94F8643133B12369186804F551
:1074F000A871043003F0A2FF002D14BF0123002364
:1075000084F8643109D0236918684FF4006220239D
:1075100004F5A871043003F07DFF237D33B12369A6
:107520001B685A6D136823F02003136038BDE36BAA
:1075300043F4B053CFE7E36B23F4007343F4A05359
:10754000C9E70000037DA3B1D0F8B4305A681368CE
:1075500023F00F031360D0F8B430197C1A680E239F
:107560008B405360D0F8B4305A68136823F001039D
:107570001360704738B503695A7904460D46D2B98D
:10758000186803F00DFE012DD4F8283114D0022D17
:1075900017D0D4F828312364236904F1380118681E
:1075A00003F0F0FD237D33B123691B685A6D136826
:1075B00023F02003136038BD23F40053C4F82831AE
:1075C000E7E743F40053F9E703695B791BB9806A85
:1075D000042103F079BF7047F7B590F8ED30044609
:1075E0000E46174603F0FF05BBB100F19C014FF4B6
:1075F000447201A8F6F7E0F93A46314604F18400F6
:10760000FCF7D0FA94F84C3105461BB1A06A04216E
:1076100003F05AFF01A8F6F7F1F9284603B0F0BDD0
:1076200070B590F8093105460C46D3B9406AB8B137
:10763000012600F00F0106FA01F120F00F0032469A
:1076400002F0E4FD6D6A05F00F0184EA060001F125
:10765000100398408C4025F00F050443AC61304680
:1076600070BD0020FCE7000070B590F809310546B8
:107670000C46D3B9006AB8B1012600F00F0106FA32
:1076800001F120F00F00324602F0C0FD2D6A05F036
:107690000F0184EA060001F1100398408C4025F0A8
:1076A0000F050443AC61304670BD0020FCE70000CC
:1076B000164B10B50360164B80F832102C2201FBDC
:1076C000023303614FF46143044643630021703089
:1076D000FCF776F9002104F18400FCF771F904F15C
:1076E0009C00FBF7A5F804F1BC00FBF7A1F804F13E
:1076F000D400FBF79DF8002394F8322084F8093178
:10770000044B43F82240204610BD00BF7C7602089F
:10771000F0750208485A002013B5094C23686BB96C
:1077200000930849084B3C224FF4966004F0B0FDEA
:107730002060236813B90548FCF706F802B010BDB5
:10774000745A0020707502081184010878750208C7
:1077500030B5836A85B004462BBB144B22691B6885
:107760005579D86A13790093114A124B04F12C0110
:10777000002D08BF134606220391F6F765FA94F828
:107780004C3103990094002B18BFB5220A4B08BF57
:107790003C224FF43C7004F07BFDA062A36A13B955
:1077A0000648FBF7D1FF05B030BD00BF1010002028
:1077B0009F7502089875020825830108A7750208BD
:1077C00038B5D0F8B8500446ADB9302383F31188EA
:1077D0000069094A407B23460C2102F0C1FBC4F832
:1077E000B80085F31188D4F8B8305A6823691B684B
:1077F0005B6D2833936038BDD1720108FFF7E0BF9D
:1078000038B503699D6890F85C3083F0010380F817
:107810005C3090F85C3018330446402150F8230067
:1078200004F072FE94F85C30D4F8B4201833526837
:1078300054F82330D360D4F8B4305B6840225A60E7
:10784000D4F8B430D968187C0A680F23834022EA40
:107850000302ABB2834013430B60D4F8B4302D0461
:107860005B6845F08A051D60D4F8B4305A68136827
:1078700043F00103136038BD2DE9F04104468AB09E
:1078800090461F460E4671B957EA02030BD190F895
:10789000ED3043B190F8EC302BB15A4BDB68036507
:1078A0000AB0BDE8F081FFF737FF23691A68002AA4
:1078B000F6D05B794FF4C870B6FBF0F0B0F5007FFE
:1078C00038BF4FF40070002B0CBF4FF400734FF41F
:1078D000806385B29F4238BF1F464FF4947245457E
:1078E00004F1D40104A838BF4546F6F765F8636F84
:1078F0009D4207D0002384F8EC30294604F1700043
:10790000FCF79EF8636F1B09C4F89830B6B1636B3F
:10791000B34267D03C4B1B689B696663A34261D04E
:1079200004F170052846FCF7ADF8D4F8203118446E
:10793000C4F820012846FCF793F8012694F830316A
:10794000E3B9E389D90519D4226E52B923699B7929
:107950003BB12D4B1B68D86A036840219B6C98474C
:107960002066626E52B923699B793BB1264B1B6836
:10797000D86A036840219B6C98476066A36E73B910
:1079800023691B7B5BB1E28912F4007207D11E4BA5
:107990001B68D86A036840219B6C9847A06694F8DE
:1079A00030310BB30023A382E389DA0544BF002200
:1079B00022759B05B4F86C2044BF00236375B2F5B3
:1079C0007A7F636B22D9B3F5E13F22D80023637538
:1079D00023691A7BEAB1587BFAF76EFFC8B100231E
:1079E000637516E00026A9E7226E1AB1636E003BAC
:1079F00018BF01232375A36E003B18BF01236375D5
:107A0000D2E700BF0869002010100020B3F5E13F65
:107A1000DED940F26D1204F1BC0105A8F5F7CCFFE8
:107A2000D4F888309F4207D0002384F8ED303946DF
:107A300004F18400FCF704F81EB104F18400FCF7A3
:107A40000FF823695B79002B40F08880636B002B73
:107A500000F0848094F8EE6094F8EE30F6B203F013
:107A6000FF05D3B9237DABB1302383F3118820699F
:107A70004C4AC07923460C2102F072FAC4F8B400D3
:107A800085F31188D4F8B4305A6823691B685B6D9C
:107A900024339360012384F8EE30637D0BB3D4F874
:107AA000F030F3B9404B0694CDE9073414203F4B36
:107AB0000993F5F7DDFD054678B10AAA12E903003E
:107AC00023695F7B01AB83E80300079B0093FF22E0
:107AD000069B39462846FAF7CFFEC4F8F05005B9A0
:107AE0006575636BA363217DD4F82831D4F8242114
:107AF0002364D4F82C31E263636429B142F01002AC
:107B000043F04003E2636364637D1BB1636C43F045
:107B100080036364264BC4E91234236904F13801FD
:107B2000186803F02FFB237DC3B123691B685A6DCE
:107B3000136823F02003136086B9D4F8B4305A6870
:107B4000136823F00F031360D4F8B430197C1A685B
:107B50000E238B4053602046FFF752FED4F8883046
:107B600013B1012384F8ED30636F13B1012384F85E
:107B7000EC30104BDB6823652046FFF7E9FD2368F6
:107B800094F80911DB6B2046984794F832300BB912
:107B900094F8ED3005A8F5F731FF04A8F5F72EFFAE
:107BA0007EE600BFC1800108FD770108D97B01088E
:107BB000457501080869002010B53023044683F399
:107BC0001188D0F8B80002F029FA0023C4F8B830C0
:107BD00083F3118810BD0000FFF7EEBF2DE9F74FCA
:107BE000D0F8F03004468B465BB3BBF1000F28D0D1
:107BF00094F809112046F5F7ADFF50B1636A43B11F
:107C000023F00F0203F00F03126922FA03F3DB07DC
:107C100017D404F19C0740F25D32394601A8F5F70C
:107C2000CBFE5A46402A04F18406A16E28BF4022AA
:107C30003046FCF71DF885B281462DB901A8F5F74D
:107C4000DDFE03B0BDE8F08F3046FBF71BFF584563
:107C500028BF5846804601A8F5F7D0FED4F8F000BA
:107C6000FAF770FF022003F003FCD4F8F000C37CA5
:107C7000002B00F0BC80636BB3F5E13F0FD8B4F884
:107C80006C10033189B2B1F57A7FA4F86C1006D973
:107C90000021617503B0BDE8F04FFAF73FBEFA214D
:107CA000584A4B43B3FBF2F31FFA89F201339A426D
:107CB00000D99DB24FF0300A8AF31188D4F8B83059
:107CC00059680B6823F00F030B60D4F8B8301968BB
:107CD0001B7C4FF00E0B0BFA03F34B60A06E294692
:107CE00004F014FCD4F8B830A16E5B68D960D4F805
:107CF000B8305B685D60D4F8B8002369C26890F85A
:107D000010E011681B690F2000FA0EF021EA000054
:107D100099B201FA0EF108431060D4F8B8103A4A4B
:107D200049681B0443F09A030B60D4F8B8305968D3
:107D30000B6843F001030B60344BA91C5943636B80
:107D4000B1FBF3F1324B01F5FA71914288BF19464C
:107D5000002383F31188022089B203F0D5FB81460A
:107D600010BB8AF31188D4F8B8305A68136823F02E
:107D70000F031360D4F8B8301A681B7C0BFA03F3B6
:107D80005360D4F8B8305B685B689D4238D9ED1A0F
:107D9000ADB21DB1FBF7FEFCC4F80C01022003F0EC
:107DA0005DFB002383F31188D4F8F000C9F3400190
:107DB000FAF7B4FD002D3FF444AF40F2B932394632
:107DC00001A8F5F7F9FD29463046FBF78FFED4F8F8
:107DD00014312B44C4F81431D4F818312B44C4F8AE
:107DE000183101A8A8EB050BF5F708FEFDE6B4F87D
:107DF0006C30002B3FF45EAF013BA4F86C3059E7C8
:107E00000546CBE740420F009F8601008096980010
:107E1000A086010013B5D0F848310446BBB900F57F
:107E20009A7003F02FFB1823C4F8483123691868AF
:107E3000019003F0B5F9636C019823F0080304F195
:107E40003801636402B0BDE8104003F09BB902B092
:107E500010BD00002DE9F047044686B00D4640F203
:107E6000D23200F19C0101A8F5F7A6FD94F830315B
:107E700023B1012D02D92046FFF7CCFF04F184097C
:107E80002A4602A94846FBF7C9FE4FF00008824681
:107E900002AD4746C2451FDD22695379D3B9106848
:107EA0000268D669D5E90012B047061E14DB05D07A
:107EB000FBF770FC3744C4F80C01BFB208353146FB
:107EC0004846FBF713FE55F8043C9E4204D108F1E6
:107ED0000108DFE70026F1E7D4F814313B44C4F889
:107EE0001431D4F818313B44C4F8183101A8F5F71F
:107EF00085FD06B0BDE8F08770B504468430FBF719
:107F0000C1FD0146B8B1637D2046ABB1FFF766FE07
:107F100094F80931022B0ED1D4F810511DB9FBF79A
:107F200039FCC4E94405637D4BB1D4F80C31A3B1ED
:107F3000012384F8093170BDFFF78CFFE8E723695E
:107F40001B689A6BD4F81431C2F50071994204D2BF
:107F5000A3F500731344082BEAD8FBF71BFCD4F8F5
:107F60001031C01A0B4B9842E5D90B4B22691B68A4
:107F70000A4998690A4BD21A0A4B92105A4303686D
:107F8000D2B21B68984723682046DB6BBDE870407F
:107F90000021184720A1070010100020C875020812
:107FA000F0750208A38B2EBA10B5036A0446E3B13C
:107FB00090F80911F5F7CEFDB8B104F17000FBF7A8
:107FC0007BFD94F80A21D4F8983080B272B19842BF
:107FD0000BD2226A002384F80A3122F00F01012318
:107FE00002F00F0293409BB20B8310BD10339842F6
:107FF000FBD9226A012322F00F0102F00F0284F85C
:108000000A3193409BB24B83EFE7000070B5124BEF
:10801000026DDB689A42044619D190F8EC3003F007
:10802000FF0593B100F170063046FBF72BFDD4F845
:1080300020311844C4F820013046FBF711FD94F8B4
:108040000A3133B92046FFF7AFFF284670BD00253F
:10805000FBE71D46F9E700BF0869002038B50D4B66
:108060000546DB68006D984210D195F8EC306BB195
:1080700005F17000FBF718FE044628B195F80A31A7
:1080800013B92846FFF790FF204601E04FF0FF307C
:1080900038BD00BF0869002038B590F80851044683
:1080A000FBF77CFB85F0010504EBC505C5E93E0146
:1080B00094F8083183F0010384F8083138BD0000DA
:1080C00070B5037D0446002B4AD0D0F8B4305B680D
:1080D0005D6890F85C601A6822F00F021A60D0F8B0
:1080E000B430197C1A680E23C5F140058B40ADB23F
:1080F0005360F6B2FFF784FBADB118362A4654F848
:10810000261004F17000FBF74DFDD4F81C31D4F8B3
:1081100020212B4415442D1AC4F81C31C4F82051D9
:108120002046FFF7B9FF636D93B104F17000FBF7D0
:10813000A9FCB4F8583098420AD3302383F311884D
:108140004FF48061606D03F0A9F9002383F3118877
:1081500094F80A3123B12046BDE87040FFF724BFF0
:1081600070BD00002DE9FF4700F17008044640464D
:10817000FBF7A2FC694602464046FBF7D1FC6E467F
:108180008146002704F5A87AB9450ADD22695379AA
:1081900053B910680268156AD6E90012A847051E8F
:1081A00003DA04B0BDE8F087002594F864313BB1F0
:1081B000504603F067F910F0200F18BF4FF0FF355D
:1081C000D4F848315BB929464046FBF7D1FCD4F8D6
:1081D0001C312B44C4F81C312046FFF75DFF736847
:1081E000AB4206F10806DCD80137CDE730B590F890
:1081F000ED3085B00446002B51D0D0F8483100F165
:10820000BC050BB340F2DF42294603A8F5F7D4FBC7
:1082100004F59A7003F036F9D4F8483123EA0000E7
:10822000C4F8480168B923691868019002F0B8FFE2
:10823000636C019843F00803636404F1380102F0B1
:10824000A1FF03A8F5F7DAFB94F83031DBB140F277
:10825000FD4204F1D40103A8F5F7AEFB2046FFF779
:1082600081FF636D63B104F17000FBF70BFCB4F8A0
:108270005830984204D3606D4FF4806103F024F9C4
:1082800003A8F5F7BBFB40F20552294603A8F5F712
:1082900093FB2046FFF730FE03A8F5F7AFFB05B0D0
:1082A00030BD0000F8B51E4D0446A36A3BB92B68EB
:1082B000986A03684FF47A719B689847F5E700263F
:1082C0004FF47A7141F20C0003F01EF90546FBF7FA
:1082D00061FA831BB3F57A7F2ABF06460027012780
:1082E00029070AD594F84C31C3B1236D986B01303E
:1082F000B52828BFB52003F031FC94F8ED30002BF1
:10830000DED06A0706D42FB9D4F84831002BD7D075
:10831000EB04D5D52046FFF769FFD1E73C20EAE71B
:108320001010002008B5FFF7BDFF000037B590F82A
:10833000EC30044603B390F83031EBB900F1D401CE
:108340004FF48C6201A8F5F737FB237DB3B92046C3
:10835000FFF708FF636D63B104F17000FBF792FB58
:10836000B4F85830984204D3606D4FF4806103F044
:10837000ABF801A8F5F742FB03B030BDD4F8B43038
:10838000002BE7D0302383F31188D4F8B4305B6836
:108390001A68D20734D45D68C5F1400515F0FF05B1
:1083A0001DD094F85C3018332A4654F8231004F199
:1083B0007000FBF7F7FBD4F81C31D4F820212B44D4
:1083C00015442D1AC4F81C31C4F820512046FFF77B
:1083D00063FE94F80A3113B12046FFF7E5FDD4F8A7
:1083E000B4305A68136823F00F031360D4F8B43024
:1083F000197C1A680E238B4053602046FFF700FA61
:10840000002383F31188237D002BA3D19FE7000075
:10841000104B70B5104C1D68A86A226803689B68F1
:108420001AB94FF47A719847F6E7A86A0B4E0368B9
:108430004FF47A719B6898470B2456F8040B20B1CF
:1084400090F8EC300BB1FFF771FF013C14F0FF0422
:10845000F3D1EAE710100020745A0020485A002097
:1084600038B50446C8060D4604D5E06910B10221AE
:1084700004F03AF8690604D5A06910B1022104F0AD
:1084800033F8AA0604D5E06910B1012104F02CF8F4
:108490002B0606D5A06920B1BDE83840012104F0C3
:1084A00023B838BD2DE9F74F03690D4659790446C5
:1084B00029B1B5FA85F0400903B0BDE8F08FC58158
:1084C000D3F800809869D8F85420566897681268E5
:1084D00002F001091A79FAF7EBFB2369E0611A79D6
:1084E00058690121FAF7E4FB2369A0611A79D86978
:1084F0000421FAF7DDFB236920621A79186A042146
:10850000FAF7D6FB23686062DB6B94F8091120460A
:108510009847D4E906A015F0080B1EBF52468246C4
:10852000104615F00403019303D0AB0718BF45F0C4
:108530000305E907D4F8282161D542F4803246F4D6
:108540008036C4F8282110B1022103F0CDFFAB071B
:10855000D4F828215DD542F4003246F40036C4F840
:108560002821BAF1000F03D00221504603F0BCFFCE
:10857000D4F82831BBF1000F56D046F4004643F43E
:108580000043019AC4F82831D4F82C31002A50D085
:1085900043F00803C4F82C3194F8303147F0080751
:1085A00063B9236918684FF48052182304F59A714F
:1085B000043002F02FFF012384F83031237D73B1A2
:1085C000D4F8B4305BB15A68136823F00F0313601A
:1085D000D4F8B430197C1A680E238B405360002302
:1085E000A38229462046FFF73BFFD8F854305A684B
:1085F000B24225D19A68BA4222D101205CE722F426
:10860000803226F48036C4F8282100289FD001212A
:108610009BE722F4003226F40036C4F82821BAF190
:10862000000FA5D00121A0E726F4004623F4004363
:10863000A7E723F0080327F00807C4F82C31D0E798
:10864000B9F1000F03D01A6822F001021A60D8F8BD
:1086500054305E60D8F854309F60B9F1000FCCD030
:10866000D8F85420136843F001031360C5E70000F5
:10867000004870471877020800207047014B00201F
:1086800019707047785A002070470000002070472A
:10869000002070477047000003F0ECBD084609B1A8
:1086A00003F0E4BD704700001046194603F0A8BE71
:1086B00003F0B8BE2DE9F34742F6F8216846F5F716
:1086C00061F9534801A9F8F7B5FE524B05461C68FD
:1086D00068B9A0694E4A03684F491B68984703244C
:1086E0006846F5F75BF9204602B0BDE8F087019BCC
:1086F000606B1F3323F01F030193036800211B6885
:108700009847019A01460746284605F073FAA3697F
:108710001A68126838B91846404990472846F8F751
:1087200093FE0124DCE73E49184690470026B146F7
:10873000019B4B4523D9606B03685FFA86F85B6841
:1087400041469847824620B92846F8F77DFE022424
:10875000C6E7A06A03684FF47A711B699847606B9B
:1087600003684146DB689847013630B9A0692D4956
:1087700003681B6842469847E6E7D144D8E7A069FA
:10878000234A036828491E68DFF8A8903B46B04793
:10879000606B036801215B6998474FF00108A06A8C
:1087A00003684FF47A711B699847606B03682A4627
:1087B0001E69019B3946B0470646A0690368D6B9D1
:1087C0004246D3F800A049460A23D047A06A03686E
:1087D00064215B6808F101089847B8F10B0FDED1FE
:1087E000606B036831465B699847A0690F4903686D
:1087F0000A221B68BFE71B680D499847606B036836
:1088000000215B6998472846F8F71EFE002467E7B9
:10881000A0260208101000203077020843770208D3
:108820005A7702086377020874770208B077020863
:10883000A6770208877702082DE9F04F254B9DB0F7
:1088400093F890200F9293F89120109293F8922031
:10885000119293F89320129293F8952093F89470C4
:10886000139293F89620149293F89720159293F808
:1088700098B093F899A093F89A9093F89B8016ABD0
:108880000C46054614491722184605F093FE139A24
:108890000792149A0692159A05920F9A0492109ACA
:1088A0000392119A0292129A0C4B0897CDE900029A
:1088B0000026CDE90989322221462846CDE90BABB5
:1088C0008DF86F60F5F7C0F9012084F831601DB0B4
:1088D000BDE8F08F0075FF1FD0770208DF77020830
:1088E00008B5134612780C2AA8BF0C2208461A7045
:1088F000024905F08FF9012008BD00BF9075FF1FE8
:1089000003F0D8BE2DE9F0470F4686B01C491D4C38
:10891000DFF87C80DFF87CA0DFF87C903846FAF73F
:1089200073FF194A104603F0F7FD174A1749A41AB6
:10893000034600943846FAF767FF02F0BBFE044690
:10894000D4B1256AE269A36B05924545284614BF58
:10895000661BAAEB0806049303F0DEFDDDE9043292
:10896000CDE90106494638460095FAF74DFF204605
:1089700002F0B0FE0446E3E706B0BDE8F08700BFB2
:108980001878020800040020000100202378020863
:1089900000040020000E00204C7802080846F9F779
:1089A000CFBF00002DE9F04188B00D4604A805A90D
:1089B00003F07AFC1549DFF8588006462846FAF796
:1089C00023FF00242746E0B286421CD9CDE9067772
:1089D00010B1049B03EB441007AA06A902F0F0FCB7
:1089E00005990C2262438818D0E90130029007985B
:1089F0000190069800908A589B0A41462846FAF74B
:108A000003FF0134DFE708B0BDE8F08170780208A9
:108A10007B78020808460AB903F0FCBB012A01D1A1
:108A200003F00EBC022AF7D0012003F01BBC0000AB
:108A300070B50C4615460026AE4204D2F5F700FE8E
:108A4000A0530236F8E7EB0704D5F5F7F9FD2C44FF
:108A500004F8010C012070BDF5F7C0B82DE9F04114
:108A6000456A15B94162BDE8F0818B6823F0604723
:108A7000C3F38A464FEAD37EC3F3807816EA23060F
:108A800038BF3E46AC462B469A68BEEBD27F22F0FA
:108A900060440AD0002A18DAA40CB44217D19D42CF
:108AA0000FD10D60DEE71346EEE7A74207D102F0D3
:108AB0008044C2F3807242450BD054B1EFE708D234
:108AC000EDE7CCF800100B60CDE7B44201D0B44222
:108AD000E5D81A689C46002AE5D11960C3E7000072
:108AE0002DE9F047089D01F007044FEAD50822441C
:108AF00005F0070500EBD1004FF47F49944201D106
:108B0000BDE8F08704F0070705F0070A57453E4621
:108B100038BF5646C6F10806111B8E4228BF0E46C6
:108B2000E10808EBD50E415C13F80EC0B94029FAF4
:108B300006F721FA0AF1FFB28CEA010147FA0AF7B7
:108B400039408CEA010C03F80EC034443544D5E7B3
:108B500080EA0120082341F2210201B240000029ED
:108B600080B203F1FF33B8BF504013F0FF03F4D1DC
:108B70007047000038B50C468D18A54200D138BDAD
:108B800014F8011BFFF7E4FFF7E7000042684AB161
:108B9000136843604389818901339BB299424381C1
:108BA00038BF83811046704770B588B020220446D4
:108BB0000D466846002105F03BF820460495FFF776
:108BC000E5FF024658B16B46054608AE1C4603CC8D
:108BD000B44228606960234605F10805F6D11046C5
:108BE00008B070BD082817D909280CD00A280CD065
:108BF0000B280CD00C280CD00D280CD00E2814BF3C
:108C00004020302070470C207047102070471420FF
:108C1000704718207047202070470000082817D997
:108C20000C280CD910280CD914280CD918280CD9C8
:108C300020280CD930288CBF0F200E207047092027
:108C400070470A2070470B2070470C2070470D209A
:108C5000704700002DE9F843078C072F04461ED902
:108C6000D0E9029800254FF6FF73C5F12006A5F163
:108C7000200029FA05F108FA06F628FA00F0314337
:108C80000143C9B21846FFF763FF0835402D03467C
:108C9000EBD1E1693A46BDE8F843FFF76BBF4FF609
:108CA000FF70BDE8F883000010B54B6823B9CA8A8D
:108CB00063F30902CA8210BD04691A681C6003616B
:108CC000C38A013BC3824A60EFE700002DE9F84FF9
:108CD0001D46CB8A0F46C3F309010D2981469246F2
:108CE0000B4630D00020AAB207F11A049EB20C2E17
:108CF0001FFA80F80FD8904503F1010306D3FB8AD1
:108D00000A4462F30903FB8201201AE01AF80060AA
:108D1000E6540130EAE79045F1D2A1F10D0B24238E
:108D20007C68BBFBF3F203FB12BB1FFA8BF6002C33
:108D300046D14846FFF72AFF044638B978606FF0FD
:108D40000200BDE8F88F4FF00008E6E70026066055
:108D50007860ADB24FF0000B454510D90AEB08031F
:108D6000221D13F8011B9155B1B208F10108232906
:108D70001FFA88F82CD0454506F10106F1D8FB8A88
:108D8000C3F30902154465F30903BCE7013292B24B
:108D90001C462368002BF9D1A5F10D030B442421B7
:108DA000B3FBF1F301339BB29A42D2D2BBF1000F75
:108DB000CFD14846FFF7EAFE20B9C4F800B0BEE7BD
:108DC0000122E6E7C0F800B05E4620600446C0E736
:108DD0004545D4D94846FFF7D9FE08B92060AEE72B
:108DE000C0F800B0002620600446B5E72DE9F04F3A
:108DF0002DED028B1C4683B05B69019207468846C5
:108E0000002B00F0B280238C2BB1E269002A00F025
:108E1000AC80072B3AD807F10C00FFF7B7FE0546E8
:108E200038B96FF00206304603B0BDEC028BBDE8E6
:108E3000F08F2822002104F0FBFE228CE16905F16D
:108E4000180004F0E7FE208C013080B2FFF7E6FE48
:108E5000FFF7C8FE013880B22084013085F8200079
:108E60006369228C1B782A4403F01F0363F03F03DD
:108E700048F000411376A960D4E90A232946C5E9E0
:108E800004233846FFF7EAFD0126CCE702339BB204
:108E90000722C18A0633B3FBF2F3828A521A9BB2CD
:108EA00092B29342BDD800F10C034FF0000908EED6
:108EB000103A4FF0800ACB464E4618EE100AFFF7E4
:108EC00065FE05460028ACD02822002104F0B0FE43
:108ED000BBF1000F3CD1019B2B83022205F1180E40
:108EE0001FFA82FC0CF10100BCF1060F218C80B24C
:108EF00001D88B452ED3FFF791FEFFF773FE626911
:108F00001278013802F01F028B4508BF4FF0400A6B
:108F100042EA491215FA80F14AEA020A013048F0A1
:108F2000004281F818A0AA6085F82000D4E90A015F
:108F3000C5E9040129463846FFF790FD228C013629
:108F40005A4536B289F001094FF0000AB5D16AE7F7
:108F50000022C3E7E1690BF1010311F80B100EF8D1
:108F600002101FFA83FB0132BAE76FF001065AE7DD
:108F7000F8B515460E463022002104461F4604F07F
:108F800057FEB5F5201F069B636038BF2822079B5C
:108F9000A76028BF4FF6FF72A36238BFB5FBF2F29D
:108FA000E66197B204F1100000239A4206D800232C
:108FB0000360A782E3822383E360F8BD0660013388
:108FC00030462836F1E7000003781BB94BB2002B7E
:108FD000C8BF01707047000000787047F8B50C46B4
:108FE000C969074611B9238C002B37D1257E1F2D67
:108FF00034D8387828BB228C072A2CD8268A36F019
:1090000003032BD14FF6FF70FFF7B4FD20F00100F2
:109010003102400441EA0561400C41EA40254FF627
:10902000FF72234629463846FFF7E0FE002807DD99
:10903000626913780133DBB21F2B88BF00231370E2
:10904000F8BD218A2D0645EA012505432046FFF794
:1090500001FE0246E5E76FF00300F1E76FF0010063
:10906000EEE700002DE9F041D36905460C461646AF
:109070000BB9138C5BBB377E1F2F28D895F8008067
:10908000B8F1000F26D03046FFF7E4FD3378210217
:1090900041EAC33141EA0801338A41EA076141EA02
:1090A00003410246334641F080012846FFF79EFE09
:1090B00000280ADD3378012B07D172691378013358
:1090C000DBB21F2B88BF00231370BDE8F0816FF067
:1090D0000100FAE76FF00300F7E70000406A00B113
:1090E00008307047436A1A68426202691A60036175
:1090F000C38A013BC38270472DE9F041D0F820803C
:109100002A4E14461D464146002721B9416A0B46A6
:1091100061BBBDE8F081D1E90232E31A65EB0202DE
:109120009E4277EB02031ED2036A8B420DD1FFF7FA
:10913000BBFD036A1B68036203690B60C38A01619C
:10914000016A013BC3828846DFE7FFF7ADFD0B688C
:10915000C8F8003003690B60C38A0161013BC38218
:10916000D8F80010D1E788460968CEE7D1E904763F
:10917000A742AE410A680BD2466A8E420BD1036900
:1091800042620B60C38A0161416A013BC3820A46A5
:109190000B461146BCE71A6002690A60C28A016187
:1091A000013AC2821A681946F2E700BF80841E00A5
:1091B0002DE9F04F8BB00D46DDF8509014469B46DC
:1091C0008046002800F01B81B9F1000F00F01781E4
:1091D000531E3F2B00F21381012A03D1BBF1000F74
:1091E00040F00D810023CDE90833B8F81430B5EB19
:1091F000C30F4FEAC30703D300200BB0BDE8F08FC5
:109200002B199F42D8F80C303ABF7F1BFFB227467C
:109210001BB9D8F81030002B7CD0672D4ED8C5F183
:109220006806B7424FF000032CBFF6B23E460093EB
:109230002946D8F8080008AB3246FFF751FCA7EBE7
:10924000060A35445FFA8AFAB8F8143003F100537D
:109250000D3BDB000493D8F80C3003936821039B8B
:1092600013B1BAF1000F2CD1D8F8100040B1BAF107
:10927000000F05D0009608AB5246691AFFF730FC84
:1092800038B2002FB8D066070AD00AAB03EBD4017E
:10929000624211F8083C02F00702134101F8083C51
:1092A000082C3ED9102C40F2B780202C40F2B98017
:1092B000BBF1000F00F09E80082336E0BA4600267E
:1092C000C2E7049BB3F5907F28BF4FF490730693D9
:1092D0000B44AB42059314D95A1B03980096924550
:1092E00034BF5246D2B2691A08AB04300792FFF776
:1092F000F7FB079A1644AAEB020A1544F6B25FFA86
:109300008AFA049B069A05999B1A0493039B1B688F
:109310000393A4E70093D8F8080008AB3A4629461F
:10932000ACE7BBF1000F13D00123B4EBC30F6CD03B
:10933000082C12D89DF82030621E23FA02F2D507BD
:1093400006D54FF0FF3202FA04F423438DF82030A3
:109350009DF8203089F800304FE7102C12D8BDF866
:109360002030621E23FA02F2D10706D54FF0FF32F9
:1093700002FA04F42343ADF82030BDF82030A9F8F8
:1093800000303AE7202C0FD80899631E21FA03F326
:10939000DA0705D54FF0FF3202FA04F40C430894C3
:1093A000089BC9F8003028E7402C2BD0DDE9086580
:1093B000611EC4F12102A4F1210326FA01F105FA8C
:1093C00002F225FA03F311431943CB0712D5012208
:1093D000A4F12003C4F1200102FA03F322FA01F1FF
:1093E000A240524243EA010363EB430332432B435F
:1093F000CDE90823DDE90823C9E90023FDE66FF084
:109400000100FAE66FF00800F7E6082CA0D9102C4E
:10941000B3D9202CEED8C3E7BBF1000FADD00223A7
:1094200083E7BBF1000FBBD004237EE730B5012AF0
:10943000144638BF0124402C85B028BF40240025A5
:10944000012ACDE9025518D81B788DF8083063073A
:109450000AD004AB03EBD405624215F8083C02F0D5
:109460000702934005F8083C00910346224600217C
:1094700002A8FFF735FB05B030BD082AE4D9102A51
:1094800003D81B88ADF80830E1E7202A8DBFD3E967
:1094900000231B680293CDE90223D8E710B5CB68FF
:1094A0001BB98B600B618B8210BD04691A681C604C
:1094B0000361C38A013BC382CA60F0E703460A8B9B
:1094C000486918609A8018467047000082B08DED98
:1094D000010A019820F00043B3F1FF4F08D31BD0DD
:1094E00047F6FF73000C00F40040184302B07047C9
:1094F0000B4BDFED0C7A034007EE103A67EE277A4C
:1095000017EE903A03F58053B3F1786F28BF4FF010
:109510007863C3F34F33E5E74FF4F843E2E700BF66
:1095200000F0FF7F0000800703064CBFC0F3C0308F
:109530000220704708B50246FFF7F6FF022806D161
:109540005306C2F30F2001D100F0030008BDC2F39F
:109550000740FBE72DE9F04F93B0CDE903230A68FC
:1095600004461046FFF7E0FF022814BFC2F30626A8
:109570000026002A0D46824680F2FD8112F0C04985
:1095800040F0F981097E002900F0F581022803D01E
:109590002378B34240F0F281C2F30463069310468D
:1095A00002F07F030593FFF7C5FF059B29444FEAAF
:1095B000834848EA0A4848EA4668CE7B00230022EE
:1095C000CDE90823F309834648EA0008029367D0EF
:1095D000059B009302466768534608A92046B84792
:1095E000002800F0CE81276A4FB9414604F10C00F3
:1095F000FFF7DAFA074690B96FF0020054E03B69D2
:1096000098450DD03F68002FF9D1414604F10C0078
:10961000FFF7CAFA07460028EED0236A3B602762AC
:1096200097F817C006F01F08CCF3840CACEB0800C9
:109630001FFA80FE0028B8BF0EF12000A8EB0C0333
:109640001FFA83FED7E90221B8BF00B2002B0793AF
:10965000BEBF0EF120031BB2079352EA010338D0BC
:10966000039BDFF828E39A1A049B4FF0000C63EB8E
:10967000010196457CEB01032BD36B7E97F81AE032
:10968000734519D1029B002B79D0012821DC786821
:10969000F8B9DFF8F4C2944570EB010316D337E054
:1096A000276A27B96FF00C0013B0BDE8F08F3B6953
:1096B0009845B5D03F68F4E7B34890427CEB01038E
:1096C00001D30020F0E7029B002BFAD0079B0F2B61
:1096D00017DCFA7DB30002F0030203F07C031343AE
:1096E000FB7539462046FFF7DFFA6B7EBB76029B9F
:1096F0003BB9FB7DC3F38402013262F38603FB7541
:10970000D0E76A7EBB7E9A42DBD1029B002B36D02B
:10971000B309022B33D0039BBB60049BFB60142274
:1097200000210DA804F084FA039B0A93049B0B9379
:1097300005F110030C932B7EADF83EB0013BDBB27C
:10974000ADF83C30069B8DF84230059B8DF84330D8
:1097500094F82C308DF840A083F001038DF844304C
:109760008DF84180A3680AA920469847FB7DC3F382
:109770008403013303F01F039B02FB82A1E7FB7DFF
:10978000C6F34012B2EBD31F40F00281C3F384034F
:10979000434540F00081029A2B7EB609002A53D03F
:1097A00016F0010663D1032B40F2F880039BBB60E7
:1097B000049BFB60FB8A66F30903FB822B7E05F1A9
:1097C0001206033BDBB23246394604F10C00FFF7C8
:1097D0007DFA00280CDA39462046FFF765FAFB7D52
:1097E000C3F38403013303F01F039B02FB8203E7EF
:1097F000DDE908842B8A3B834FF6FF73C9F1200013
:10980000A9F1200228FA09F104FA00F0014324FA30
:1098100002F211431846C9B2FFF79AF909F1080993
:10982000B9F1400F0346E9D1B8822A7E033AD2B299
:109830003146FFF79FF9FB7DB882DA43C2F3C012CD
:1098400062F3C713FB753CE78EB905F11006013BC7
:10985000DBB23246394604F10C00FFF737FA002834
:10986000B9DB2A7EB88A013AD2B23146E1E7F98AF9
:10987000C1F30901013B0C29DAB25DD805F11000F2
:10988000002307F11B069A4208D910F801CB06F80D
:1098900001C0013101330D29DBB2F4D103990A91E2
:1098A00004990B91934207F11B010C9138BF1033BF
:1098B00079680D9134BF55FA83F300230E93FB8A28
:1098C000ADF83EB0C3F309031A44069B8DF842304D
:1098D000059B8DF8433094F82C30ADF83C2083F094
:1098E00001038DF8443000238DF840A08DF84180AD
:1098F0007B602A7EB88A013A05F11001FFF73AF938
:109900003B8BB882834203D1A3680AA920469847BB
:1099100020460AA9FFF7C2FDFB7DBA8AC3F3840380
:10992000013303F01F039B02FB823B8B9A420CBF67
:1099300000206FF01000B7E67B68002BAED00D2042
:1099400001E0243033461E68002EFAD1091A081DA2
:1099500005F11006184401EB090CBCF1230F5FFA66
:1099600089F39BD89A4299D916F8013B00F8013B3C
:1099700009F10109EFE76FF0090095E66FF00A00C1
:1099800092E66FF00B008FE640420F0080841E00CD
:109990006FF00D0088E66FF00E0085E66FF00F00A7
:1099A00082E600BFEFF3098305494A6B22F001020A
:1099B0004A63683383F30988002383F3118870476F
:1099C00000EF00E0302080F3118862B60C4B0D4AA6
:1099D000D96821F4E0610904090C0A43DA60D3F87C
:1099E000FC20094942F08072C3F8FC200A6842F06A
:1099F00001020A602022DA7783F82200704700BF54
:109A000000ED00E00003FA05001000E010B530237F
:109A100083F311880E4B5B6813F4006314D0F1EEEE
:109A2000103AEFF30984683C4FF08073E361094B0F
:109A3000DB6B236684F3098801F01AFF10B1064B33
:109A4000A36110BD054BFBE783F31188F9E700BF65
:109A500000ED00E000EF00E0FBB20008FEB20008FD
:109A6000F0B500F10B04002B14BF1D460D46234634
:109A7000B1FBF2F702FB171101F13006392EC8BF16
:109A800001F1370603F8016D2E4696423946B5FBC3
:109A9000F2F5EDD2421EE11A13F8015B02F8015F04
:109AA000A342F9D10844F0BD2DE9F04F2DED048B10
:109AB00006468BB0904600270C4614F8013B002B5D
:109AC0003FD0252B06D032681946D26830469047E1
:109AD0000137C3E14B782D2B06BF8C1C01230023DB
:109AE000029323782B2B04BF01344FF0010B94F821
:109AF00000A018BF4FF0000BBAF1300F0CBF0134BB
:109B00004FF0200A23782A2B21D158F8043B0193E7
:109B1000023414F8013C2E2B48D123788BB12A2B28
:109B200026D0611C4FF000090A20A3F13002D2B206
:109B3000092A0C4620D811F8013B00FB0929002B0B
:109B4000F3D138460BB0BDEC048BBDE8F08F002399
:109B500001930A2114F8013B002BF2D0A3F130024B
:109B6000D2B2092AD7D8019B01FB03230193F1E765
:109B700058F8049B6378023403F0DF024C2A18D1B2
:109B80002378002BDDD0782B04F1010420D8622B40
:109B900000F27081582B1BD84E2B00F29F81442B72
:109BA00000F09680492B00F0938011E04FF00009FF
:109BB000E2E7A3F14102782BD2B209D8622B0BD88D
:109BC000582B05D84E2B3BD8442B7CD0492B7AD030
:109BD0008DF81030454656E0A3F163001528F7D8FC
:109BE00001A555F820F000BF799C0108C79C010829
:109BF000D19B0108659D0108D19B0108D19B0108FB
:109C0000C79C0108D19B0108D19B0108D19B010889
:109C1000D19B0108D19B0108279E0108199F0108CB
:109C2000D19B0108D19B0108919C0108D19B01089F
:109C3000159F0108D19B0108D19B0108199F0108BC
:109C4000A3F14F02092AC3D801A050F822F000BFA7
:109C5000279E0108199F0108D19B0108D19B01088B
:109C6000D19B0108D19B0108159F0108D19B0108D8
:109C7000D19B0108199F010845464FF0200A55F86D
:109C8000043B8DF810300DF110080DF1110030E09B
:109C90004546A24B55F8048BB8F1000F08BF984613
:109CA00047F6FF73B9F1000F08BF9946C144434618
:109CB000184613F8012B1AB1A9EB0302002AF7DAB0
:109CC0004FF0200A15E04546192A55F8041B02D822
:109CD000454655F8041B00293BDA2D238DF810303A
:109CE00049420DF1110000230A22FFF7B9FE0DF1E0
:109CF0001008019B0299A0EB0809A3EB090222EAD4
:109D0000E273002940F0AC80002AC3F1000B1EDD95
:109D100098F800102D2901D02B290DD1BAF1300F60
:109D20000AD132680193D26830469047019B0137CF
:109D300009F1FF3908F1010832680193D2685146F0
:109D4000304690471BF1010B019BF5D11F444B4658
:109D500078E0BBF1000F03D02B238DF81030C0E763
:109D600004A8C0E708F1070525F00705F5E802019A
:109D7000F0F7ECFE08EE100AB5EEC08AF1EE10FA2C
:109D800047D52D238DF81030B1EE488A0DF111081A
:109D900018EE100AF0F78AFB09F1FF33092B28BFF0
:109DA0004FF0090909F1FF395D4BFDEEC87A53F810
:109DB0002930039341EC190B0A2217EE901A002365
:109DC0004046FFF74DFE83462E2317EE900A0BF810
:109DD000013BF0F759FB02460B4651EC190BF0F72B
:109DE00005FA804603988946F0F73EFB02460B468B
:109DF00040464946F0F7B2FB4FF00A08039BB3FB1D
:109E0000F8F30393F0F75AFE039B01464246584687
:109E10006BE7BBF1000F03D02B238DF81030B5E7B3
:109E20000DF11008B4E708224546002355F8041B3D
:109E300004A85AE7326818F8011BD268019330462B
:109E40009047019B013BF5D5B9F1000FA8BF4F44E6
:109E5000D846B8F1000F05D15F44A84621462BE64D
:109E60009B4674E733685146DB683046984708F1F3
:109E7000FF38EEE7A3F16302152A3FF6A9AE01A170
:109E800051F822F0799C0108D19C0108D19B01086E
:109E9000659D0108D19B0108D19B0108D19C010857
:109EA000D19B0108D19B0108D19B0108D19B0108DE
:109EB000D19B0108279E0108199F0108D19B010829
:109EC000D19B0108919C0108D19B0108159F0108B5
:109ED000D19B0108D19B0108199F0108A3F14F02F2
:109EE000092A3FF675AE01A151F822F0279E01081C
:109EF000199F0108D19B0108D19B0108D19B010842
:109F0000D19B0108159F0108D19B0108D19B010835
:109F1000199F01080A2287E7102285E73479020891
:109F20003C7902080B480C49002210B5C0E9002218
:109F300001234C68226040F8332001330F2B01F1DC
:109F40001401F6D1054A4FF0FF335360C2F80434D0
:109F500010BD00BF7C5A002060790208000002405A
:109F60000D282DE9F04104464FD8294D01268640A1
:109F70002868304249D104F1010CDFF89C8045F893
:109F80003C2005EBCC0C1427CCF80430304373068E
:109F900007FB0487286009D01E4B986C40F0010035
:109FA0009864986E40F0010098669B6E16F47E5F90
:109FB00009D0184B986C40F002009864986E40F0FD
:109FC000020098669B6E62B1142303FB04836868E9
:109FD0009A68104202D1987C00F09CFE6B68334373
:109FE0006B601420444308EB040158F804004B68EC
:109FF000097C1A6822F00F021A600E228A40426021
:10A0000000221A603846BDE8F0810027FAE700BF59
:10A010007C5A0020001002406079020838B51C4CC0
:10A02000457C012303FA05F2236823EA0203236037
:10A03000636823EA020382686360134202D1807C72
:10A0400000F07EFE01350023216844F8353004EB32
:10A05000C5054A066B600CD103F1804303F5043358
:10A060009A6C22F001029A649A6E22F001029A66BA
:10A070009B6E11F47E5F09D1064B9A6C22F00202AE
:10A080009A649A6E22F002029A669B6E38BD00BFF7
:10A090007C5A00200010024010B40468037C216840
:10A0A0004268D940126801F00E010A420FD0427C8A
:10A0B00001FA03F363600132064B53F8324034B1C6
:10A0C00003EBC203586823465DF8044B18475DF85C
:10A0D000044B70477C5A002008B50348FFF7DCFFAB
:10A0E000BDE80840FFF792BC6079020808B5034854
:10A0F000FFF7D2FFBDE80840FFF788BC747902087B
:10A1000008B50348FFF7C8FFBDE80840FFF77EBC6D
:10A110008879020808B50348FFF7BEFFBDE808408C
:10A12000FFF774BC9C79020808B50348FFF7B4FF39
:10A13000BDE80840FFF76ABCB079020808B50348DB
:10A14000FFF7AAFFBDE80840FFF760BCC47902082A
:10A1500008B50348FFF7A0FFBDE80840FFF756BC6D
:10A16000D879020808B50348FFF796FFBDE8084014
:10A17000FFF74CBCEC79020808B50348FFF78CFFE9
:10A18000BDE80840FFF742BC007A020808B5034862
:10A19000FFF782FFBDE80840FFF738BC147A0208D9
:10A1A00008B50348FFF778FFBDE80840FFF72EBC6D
:10A1B000287A020808B50348FFF76EFFBDE808409B
:10A1C000FFF724BC3C7A020808B50348FFF764FF98
:10A1D000BDE80840FFF71ABC507A020808B50348EA
:10A1E000FFF75AFFBDE80840FFF710BC647A020889
:10A1F0000023054A19460133102BC2E9001102F170
:10A200000802F8D1704700BFF45A00202DE9F04F42
:10A2100085B0C2F3C31302F0030B0293C2F3003301
:10A22000C2F3800AC2F3C108C2F3411EC2F3C029BF
:10A2300003935F460022CB0747D5029C02F0070339
:10A240009B0004FA03FC01254468954024EA0504B8
:10A2500044EA0A044460C46A24EA050444EA09049E
:10A26000C462EE43032485680196560004FA06F69C
:10A2700025EA060545EA08058560C56825EA06055C
:10A2800045EA0E05C5600F2505FA03F3BBF1020F81
:10A290006FEA06046FEA030324D1072A95BF056A13
:10A2A000456A2B402B4095BF43EA0C0343EA0C035D
:10A2B00003624362036823403B430360C369019C1C
:10A2C0001C402346039C2343C36149081CD04FEA2A
:10A2D0004A0A4FEA49094FEA88084FEA8E0EBF0042
:10A2E0000132A8E705682C403C43072A046095BF6B
:10A2F000046A446A2340234095BF43EA0C0343EABF
:10A300000C0303624362D9E705B0BDE8F08F00009B
:10A31000C36A5B6830B5446B5968436862689B6880
:10A32000FF2988BFFF2122F0FF7243EA014322F494
:10A33000803294BF00254FF0807513432B4343F4C4
:10A340008063636030BD0000D0E90C315B68406819
:10A350005A684B68806810B523F0FF73FF2A23F416
:10A36000803394BF00244FF0807443EA000388BF19
:10A37000FF22234343EA02434B6010BD054B9A6B17
:10A3800042F480029A639A6B22F480029A639B6B78
:10A39000704700BF001002401A4908B58B6B5A1C69
:10A3A0008A63CA6B93422AD98B6843F080038B601F
:10A3B000FFF7E4FF0B6B4BB15868026822F00F0205
:10A3C0000260187C1A680E2383405360CB6A4BB13D
:10A3D00059680A6822F00F020A60197C1A680E2375
:10A3E0008B405360302383F3118807486FF00101DD
:10A3F00001F0E6FB002383F31188012008BD002053
:10A40000FCE700BF745B0020945B0020F8B54A4C69
:10A41000636B9E69FFF7C0FF074618B1BDE8F840BF
:10A42000FFF7F4BA656B06F0FE03EB6194F8403079
:10A4300033B92B6823F046032B60FFF79FFFEDE74E
:10A44000F1062DD5236B59680A6822F00F020A60C5
:10A450001A7C19680E2303FA02F24A60E26A506815
:10A46000016821F00F0101601168127C93404B607C
:10A47000A36843F00403A3606B6843F480436B60FC
:10A480002B6823F046032B60302383F311886FF091
:10A49000010104F1200001F093FB87F31188BDE76F
:10A4A000320609D52378032B204602D1FFF74CFF53
:10A4B000B4E7FFF72DFFB1E77306AFD52178E36A64
:10A4C00003295A681CD1236B5868016821F00F01D9
:10A4D0000160187C19680E2383404B605368C3B138
:10A4E0002046FFF715FFE36A5A68136843F001033B
:10A4F00013606B6843F400536B60042323708DE793
:10A50000116821F00F011160197C1A680E238B402D
:10A5100053606B6843F480436B602B6823F0400307
:10A520002B60302383F311880448002101F048FB9D
:10A53000002383F3118871E7745B0020945B002093
:10A5400038B52D4C636B9D69FFF726FF18B1BDE848
:10A550003840FFF75BBA636B05F47C52DA6194F81C
:10A56000402032B91A6822F046021A60FFF706FF4F
:10A57000EDE7226B4AB15068016821F00F010160DC
:10A58000107C11680E2282404A60E26A4AB150682B
:10A59000016821F00F010160107C11680E228240D9
:10A5A0004A60EA0507D5A26842F00102A2609A69F2
:10A5B00022F480729A61A80542BFA36843F00203A7
:10A5C000A360690542BFA36843F00803A360EA04DF
:10A5D000A3680ED543F02003A360302383F31188D2
:10A5E00006486FF0010101F0EBFA002383F31188B4
:10A5F000ADE7002BABD0F0E7745B0020945B00204C
:10A6000010B5054C204600F0B3FB0023034A23623B
:10A61000C4E90B33626310BD745B00200058004036
:10A6200038B5456B2B6823F001032B600378012BB1
:10A63000044637D18A239A22C0E90932254B984231
:10A6400030D1254B9A6B42F480029A639A6B22F4C4
:10A6500080029A639A6B9A6D42F480029A659A6FAF
:10A6600042F480029A679B6F002203460521042072
:10A67000FFF776FC2346E062002205210320FFF766
:10A680006FFC636A206343F44C336362A36A052161
:10A6900043F44C332120A36200F03CFB052122202F
:10A6A00000F038FBE36A5B6805F124029A60236BD3
:10A6B0005B6805F128029A606268536843F440437E
:10A6C00043F090032B6013682B612B6843F0010368
:10A6D0002B6038BD745B00200010024010B5037879
:10A6E000012B044613D0006BFFF798FCE06AFFF7DC
:10A6F00095FC0023C4E90B33054B9C4207D1212074
:10A7000000F01EFBBDE81040222000F019BB10BD78
:10A71000745B00202DE9F047002704460E46456B88
:10A72000876087F3118806215943C0E90E71C06A1A
:10A73000D0F80CE090F81080DEF800104FF00F0C0D
:10A740000CFA08FC21EA0C0CE18C01FA08F141EA50
:10A750000C01CEF800104168606A0860CA604B6066
:10A7600000F050FD4FF0300980464CF24F3A89F32B
:10A770001188AB69190409D500F044FDA0EB08036A
:10A780009BB2534543D887F31188F0E7626892681B
:10A790000123120584F84030636B58BF76005E6079
:10A7A0002046FFF7B5FDE36ABDF820105A6813682C
:10A7B00043F0010313602B6843F040032B606B6888
:10A7C00043F400536B6004F1200001F0EBF9431CEB
:10A7D000E36A0DD16A68596842F480426A600A6887
:10A7E00022F00F020A601D7C19680E22AA404A60FE
:10A7F00059680A6822F00F020A60197C1A680E2351
:10A800008B405360002384F84030BDE8F0874FF060
:10A81000FF30FAE72DE9F84F002704460E4696462A
:10A82000DDF82CB0456B876087F31188062003EBB9
:10A830000B014143C4E90E71D4F830C0DCF80C9030
:10A840009CF810A0D9F800100F2000FA0AF821EAAD
:10A850000808618D01FA0AF141EA0801C9F80010FF
:10A86000DCF80410A26A0A60C1F80CE04B60E16AEF
:10A87000D1F80CC091F810E0DCF8003000FA0EF0CE
:10A8800023EA0000E38C03FA0EF30343CCF8003014
:10A890004B68616A19600A99D960C3F804B000F086
:10A8A000B1FC4FF0300980464CF24F3A89F31188E1
:10A8B000AB69190409D500F0A5FCA0EB08039BB215
:10A8C000534558D887F31188F0E7626892680123EE
:10A8D000120584F84030636B58BF76005E602046F6
:10A8E000FFF732FD236BBDF830105A68136843F050
:10A8F000010313602B6843F040032B606B6843F443
:10A9000000536B6004F1200001F04CF9431CD4E9C2
:10A910000B3217D169681E6841F4804169605D6837
:10A92000296821F00F0129601D7C0E2101FA05F52F
:10A9300075605668356825F00F053560167C15681A
:10A94000B14069605568296821F00F012960117CC8
:10A9500015680E2202FA01F169605D68296821F02C
:10A960000F01296019681B7C9A4000234A6084F813
:10A970004030BDE8F88F4FF0FF30FAE7024A136825
:10A9800043F0C0031360704700380140024A136867
:10A9900043F0C0031360704700440040024A13684C
:10A9A00043F0C003136070470048004037B5274CA0
:10A9B000274D204600F0DCFB009404F10C002549F3
:10A9C00000234FF4007200F08DFA234900944FF4F5
:10A9D000007204F13000214B00F010FB204BC4E961
:10A9E0001535204C204600F0C3FB009404F10C0008
:10A9F0001D4900234FF4007200F074FA1B490094C3
:10AA00004FF4007204F13000194B00F0F7FA194BC3
:10AA1000C4E91535184C204600F0AAFB04F10C00DF
:10AA20001649009400234FF4007200F05BFA144BB7
:10AA3000144900944FF4007204F1300000F0DEFA83
:10AA4000114BC4E9153503B030BD00BFB85B002021
:10AA500000B4C404E45C0020E46200207DA9010885
:10AA6000003801401C5C0020E45E0020E46400200B
:10AA70008DA9010800440040805C0020E4600020B3
:10AA80009DA90108E46600200048004030B5037A23
:10AA9000304C002918BF0C46012B0FD12E4B984289
:10AAA00039D12E4B1A6E42F480421A66D3F88020B8
:10AAB00042F48042C3F88020D3F880302268836D4E
:10AAC000416D046603EB5203B3FBF2F362681504B5
:10AAD00042BF23F0070503F0070343EA4503CB60B9
:10AAE000A36843F040034B60E36843F001038B60CD
:10AAF00042F4967343F001030B604FF0FF330B6297
:10AB0000510505D512F010221FD0B2F1805F1ED082
:10AB100080F85C3030BD124B98420BD0114B9842FC
:10AB2000CCD10E4B9A6D42F480229A659A6F42F412
:10AB3000802207E0094B9A6D42F400329A659A6FC1
:10AB400042F400329A679B6FB8E77F23E0E73F2328
:10AB5000DEE700BF787A0208B85B002000100240F0
:10AB60001C5C0020805C0020037A022B22D1436D04
:10AB700000221A605A609A60154B98420DD1154B0D
:10AB80001A6E22F480421A66D3F8802022F48042A2
:10AB9000C3F88020D3F8803070470F4B98420AD119
:10ABA0000C4B9A6D22F400329A659A6F22F40032AF
:10ABB0009A679B6F7047094B9842FBD1054B9A6D82
:10ABC00022F480229A659A6F22F48022F0E700BF77
:10ABD000B85B0020001002401C5C0020805C00205C
:10ABE0002DE9F047466D3768F46934622107054660
:10ABF00019D014F0080118BF4FF48071E20748BF64
:10AC000041F02001A30748BF41F04001600748BF61
:10AC100041F08001302383F31188281D00F060FC8F
:10AC2000002383F31188E2050AD5302383F31188CA
:10AC30004FF48061281D00F053FC002383F311883A
:10AC40004FF030094FF0000A14F0200838D13B06CD
:10AC500016D54FF0300905EB090A200610D589F307
:10AC60001188504600F008FA002836DA0821281D1D
:10AC700000F036FC27F080033360002383F3118853
:10AC8000790614D5620612D5302383F31188D5E9ED
:10AC900011239A4208D1AB6B33B11021281D27F044
:10ACA000400700F01DFC3760002383F31188E306A2
:10ACB00019D52A6E1369B3B1BDE8F047506918473A
:10ACC00089F31188B38C95F85C102846194000F080
:10ACD0007FFA8AF31188F469B6E780B2308588F389
:10ACE0001188F469B9E7BDE8F08700004FF0E02370
:10ACF000002258684FF0FF31930003F1604303F5E1
:10AD0000614301329042C3F88010C3F88011F3D23E
:10AD10007047000000F1604303F561430901C9B2C7
:10AD200083F80013012200F01F039A4043099B009F
:10AD300003F1604303F56143C3F880211A60704753
:10AD400000F01F0301229A4043099B0003F1604376
:10AD500003F5614300F1604000F56140C3F88020D5
:10AD6000C3F88021002380F800337047FFF748BC08
:10AD700001230370002343600C3000F0F7BB000098
:10AD800010B53023044683F311884160FFF748FC77
:10AD900002232370002080F3118810BD10B53023EA
:10ADA000044683F31188FFF799FC002301226360B6
:10ADB000227083F3118810BD7FB50446302585F3DA
:10ADC0001188032606700025BDF82860856002966C
:10ADD000099E0196089E0096FFF71CFD431C14BFB8
:10ADE00002230523237085F3118804B070BD000091
:10ADF00073B50446302585F31188042606700025B6
:10AE0000BDF8186085600096FFF784FC431C14BFF2
:10AE100002230523237085F3118802B070BD000062
:10AE20000C3000F0E5BB00000C3000F00DBC000061
:10AE3000F8B5154682680669AA420B46816938BF93
:10AE40008568761AB54204460BD218462A4602F0A7
:10AE5000E1FEA3692B44A361A3685B1BA3602846A2
:10AE6000F8BD0CD91846324602F0D4FEAF1BE1689B
:10AE70003A46304402F0CEFEE3683B44EBE7184626
:10AE80002A4602F0C7FEE368E5E7000083689342C4
:10AE9000F7B51546044638BF8568D0E90460361A10
:10AEA000B5420BD22A4602F0B5FE63692B446361BA
:10AEB000A36828465B1BA36003B0F0BD0DD93246E2
:10AEC000019102F0A7FE0199E068AF1B3A463144B8
:10AED00002F0A0FEE3683B44E9E72A4602F09AFE4E
:10AEE000E368E4E710B50A440024C361029B846070
:10AEF000C0E90000C0E90511C1600261036210BD34
:10AF0000C268C0E90522002282606FF0010100F0F2
:10AF10007DBE000008B5D0E90532934201D18268B8
:10AF200082B98268013282605A1C42611970D0E98C
:10AF300004329A4224BFC3684361002100F05AFEE4
:10AF4000002008BD4FF0FF30FBE7000070B5302354
:10AF500004460E4683F31188A568A5B1A368A269CB
:10AF6000013BA360531CA36115782269934224BF5F
:10AF7000E368A361E3690BB120469847002383F39C
:10AF80001188284607E03146204600F023FE0028BD
:10AF9000E2DA85F3118870BD2DE9F74F04460E46BD
:10AFA00017469846D0F81C904FF0300A8AF3118863
:10AFB0004FF0000B154665B12A4631462046FFF793
:10AFC00037FF034660B94146204600F003FE0028E3
:10AFD000F1D0002383F31188781B03B0BDE8F08F14
:10AFE000B9F1000F03D001902046C847019B8BF3B5
:10AFF0001188ED1A1E448AF31188DCE7C0E90511B7
:10B00000C160C3611144009B8260C0E9000001611E
:10B0100003627047C1680269521AC0E90511826073
:10B020006FF0010100F0F2BDF8B504460D4616467A
:10B03000302383F31188A768A7B1A368013BA360FD
:10B0400063695A1C62611D70D4E904329A4224BFBC
:10B05000E3686361E3690BB120469847002080F301
:10B06000118807E03146204600F0B4FD0028E2DAFE
:10B0700087F31188F8BD0000D0E905239A4210B586
:10B0800001D182687AB98268013282605A1C826179
:10B090001C7803699A4224BFC3688361002100F0D1
:10B0A000A9FD204610BD4FF0FF30FBE72DE9F74F1B
:10B0B00004460E4617469846D0F81C904FF0300ACA
:10B0C0008AF311884FF0000B154665B12A463146C8
:10B0D0002046FFF7DBFE034660B94146204600F0FC
:10B0E00079FD0028F1D0002383F31188781B03B089
:10B0F000BDE8F08FB9F1000F03D001902046C8479A
:10B10000019B8BF31188ED1A1E448AF31188DCE74A
:10B110000C30FFF741BF00004FF6FF730C30FFF714
:10B120003BBF00003030FFF7C1BF00004FF6FF7398
:10B130003030FFF7BBBF00000C30FFF707BF000047
:10B140004FF6FF710C30FFF701BF00003030FFF702
:10B150006BBF00004FF6FF723030FFF765BF000095
:10B16000012914BF6FF0130000207047FFF71EBCC9
:10B170000346034A43F8042B4360012303727047DC
:10B18000907A020810B53023044683F31188FFF744
:10B190007DFC02232372002080F3118810BD000083
:10B1A00010B53023044683F31188FFF7DDFC01233B
:10B1B000237204F13000FFF72DFF04F10C00FFF7BC
:10B1C0009FFE00F085FB002383F3118810BD000073
:10B1D00038B5436904460D461BB90421084400F004
:10B1E0007FF9294604F10C00FFF794FE002806DAE7
:10B1F000201D4FF40061BDE8384000F071B938BD42
:10B2000001F094BA014B586A80B270470040014087
:10B21000034B002258631A610222DA60704700BFB4
:10B2200000400140014B0022DA60704700400140BD
:10B23000014B5863704700BF004001400448054B74
:10B2400003600023C0E901330C3000F08FB900BF68
:10B25000E4680020E5C701082DE9F74F354F0028C5
:10B2600018BF0746082A07F10C0038BF082291468C
:10B27000CD1D8846019000F0BBF90198ED083C1DFA
:10B2800009F10701C9F1000E2246246864B900F0F3
:10B29000DBF93B68BBB308224946E80098470446FF
:10B2A00088B340E902782EE0D4F804A004EB010C46
:10B2B0000CEA0E0C0AF10106ACF1080304EBC60619
:10B2C0009E42E1D9A6EB0C0CB5EBEC0F4FEAEC0B70
:10B2D000DAD89C421BD204F108029A1AD210AB456C
:10B2E000626009D9691C03EBC102ED435D445560FE
:10B2F000256843F8315022601C46C3F8048044F8A6
:10B30000087B00F0A1F9204603B0BDE8F08FAA4504
:10B31000216802D111602346EEE7013504EBC50335
:10B3200044F8351003F10801761AF6105E601360D8
:10B33000F1E700BFE468002073B50446A0F10805FA
:10B3400054F8043C50F8080C0733DB08061D44F899
:10B35000043C0C30019000F04BF9019833469E42BA
:10B360001A6801D0AB4228D20AB1954225D244F8DE
:10B37000082C54F8042C1D6054F8081C013205EB0D
:10B38000C206B14206D14E68324444F8042C0A6821
:10B3900044F8082C5E68711C03EBC1018D4207D193
:10B3A00054F8042C013232445A6054F8082C1A60C4
:10B3B00002B0BDE8704000F047B91346CFE7000087
:10B3C0002DE9F341124C002818BF044604F10C008B
:10B3D00001900F46164600F00BF9231D019800243A
:10B3E0002546A0461B685BB90FB1ED003D600EB16C
:10B3F000E400346000F028F9404602B0BDE8F08176
:10B400005A68944208F10108154438BF1446E9E728
:10B41000E468002030B5302484F31188064C0568B8
:10B42000E4680D600160C1E901420022C1E9032323
:10B4300082F3118830BD00BF08690020302383F3F8
:10B44000118803461A461B68984203D08B42F9D1F3
:10B450001B681360002383F311887047034BDA687D
:10B46000136B23EA0001116318407047086900203C
:10B4700008B5302383F31188FFF7F0FF002383F32F
:10B48000118808BD302383F311880023C268C3608C
:10B4900083F311880069104070470000036B194363
:10B4A00090F8243001630A2B03D1836A194205D135
:10B4B00070470B2B06D1836A8B4303D10023836231
:10B4C00000F064B97047000008B5302383F3118899
:10B4D000FFF7E4FF00F0FCF9002383F3118808BDB7
:10B4E00070B5046806460D46B44200D170BDE368ED
:10B4F0002B43E36015B123691D4203D0D4E9010158
:10B50000FFF7CCFF2468EFE70F4A70B5D668054611
:10B51000302282F31188346B04400CD119B984F3C2
:10B520001188204670BDB0620A2000F055F900284D
:10B53000F5DB346B2C40336B23EA040333630023C5
:10B5400083F31188EDE700BF0869002010B50346BA
:10B550001B68984203D09C688A689442F8D25A6863
:10B560000B604A601160596010BD00000023C0E903
:10B57000000083600361704738B581681B4B044647
:10B58000DD6851B3A94212D103690133036138BDAB
:10B590008B6091F824307BB1062B14D1D1E90032B5
:10B5A000886A13605A60FFF7D1FF8B6A9968AB68AD
:10B5B0008A689A42ECD306E0D1E90032084613606B
:10B5C0005A6000F0E3F820462946FFF7BFFFAC625F
:10B5D0000620BDE8384000F0DBB803698560013320
:10B5E00003616B6BC3606863D1E700BF086900202B
:10B5F00008B5302383F31188FFF7BEFF002383F3E0
:10B60000118808BD0A4B8268DB6832B19A420CD1BE
:10B6100003690133036101207047026983600132CD
:10B6200002615A6BC2605863F5E70020704700BFA3
:10B630000869002008B5302383F31188FFF7E2FF83
:10B64000002383F3118808BD194BD96883688B42A6
:10B6500010B520D1302383F311880269013A0261C9
:10B66000B2B90468C3684B63A0421ED08A6B9BB911
:10B670008A600123036103681A68026050605A6B94
:10B680008360C2605863184600F080F800F020F92B
:10B69000002383F3118810BD1C68A34203D0A46863
:10B6A000A24238BF2246DB68E1E78260F0E700BFD4
:10B6B00008690020302383F31188054B986A837D45
:10B6C00001338375002383F311881038704700BF5E
:10B6D0000869002010B5302383F31188084A0369F4
:10B6E00093421FBF9A7D0132A3F110049A7508BFDF
:10B6F0000024002383F3118800F0E8F9204610BDF0
:10B7000030690020002380F82430826883691B6838
:10B7100099689142FBD25A68036042601060586099
:10B7200070470000002380F82430826883691B681A
:10B7300099689142FBD85A68036042601060586073
:10B740007047000008B50846302383F3118891F84C
:10B7500024200023052A06D8DFE802F00B050503A4
:10B76000120E826A13604FF0FF338362FFF7CAFF45
:10B77000002383F3118808BD826A936801339360C4
:10B78000D0E9003213605A60EDE70000FFF7BABF5E
:10B7900038B5104BDD681C6885F8240022681A60F3
:10B7A0005360DC60A3680122934284F8242001D115
:10B7B00000F096FFEFF309832A6A643B9A4202D9AC
:10B7C000284600F0A5FE29462046BDE83840EFF7A0
:10B7D0007FBD00BF0869002030B50D4BDD684FF616
:10B7E000FF73994287B004460FD02B46094A68463A
:10B7F00000F0DCFA2046FFF7CBFF009B13B1684650
:10B8000000F0DEFAA86A07B030BDFFF7C1FFF9E724
:10B810000869002045B7010870B5144E8162F368CD
:10B8200081689A689142044603D8BDE87040FFF7EA
:10B8300069BF1846FFF776FF8368012B054601D1E3
:10B8400000F050FF012384F82430F460EFF3098303
:10B850002A6A643B9A4202D9284600F059FE2946DA
:10B860002046BDE87040EFF733BD00BF08690020F7
:10B87000044B1A68DB6890689B68984294BF00206C
:10B88000012070470869002038B5104B1C68DD683E
:10B8900022681A605360012284F82420DC60AB68BF
:10B8A000934201D100F01EFF2846FFF73BFF0546FB
:10B8B000EFF30983026A643B9A4201D900F028FE43
:10B8C00029462046BDE83840EFF702BD0869002050
:10B8D000044B1A68DB6892689B689A4201D9FFF7AB
:10B8E000D3BF704708690020C0E90000816070473D
:10B8F0008368013B002B10B583600CDA074BDC68D2
:10B900004368A062206063601C6044600520FFF70C
:10B910003FFFA06A10BD0020FCE700BF08690020BF
:10B9200008B5302383F31188FFF7E2FF002383F388
:10B93000118808BD83680133002B836008DC03682D
:10B940001A680260506000229A621846FFF71EBF14
:10B950007047000030B5114C87B001232370684652
:10B960000023C4E9013300F05FF90425684600F0C4
:10B9700067F9684600F06AF9013DF7D1009BA360C2
:10B9800000F012FFFFF75AFC0549064800F066FF79
:10B990000223237085F3118807B030BD786B002037
:10B9A000E87A02080869002000F042BAEFF311803B
:10B9B00020B9EFF30583302282F31188704700002D
:10B9C00010B530B9EFF30584C4F3080414B180F363
:10B9D000118810BDFFF77CFF84F31188F9E70000A0
:10B9E0008B608B630023C1E90C3302238B8401231A
:10B9F00081F82630CA6100F128020A61C26A8861B2
:10BA000001F110034A611360C36201F12C03CB62A0
:10BA10000846704703460A1A01338B4288BF012249
:10BA2000552102F005B90000D0E9013141F8203C70
:10BA3000A1F1A40341F8343C036941F8643C436933
:10BA400041F8603C044B41F8443C0268C368034839
:10BA50004039FFF7C5BF00BFE9B200080869002000
:10BA600008B5FFF7E1FFBDE80840FFF78FBE000013
:10BA7000F8B50C4641181F4605461646FFF7CAFFA3
:10BA8000302383F31188A4F140012944A1F1640318
:10BA9000CB60069B41F8203C094B0A4A0D6241F8F5
:10BAA000247C41F8043C08483346FFF799FF002105
:10BAB0000446FFF7B1FE002383F311882046F8BD4A
:10BAC000E9B20008FC7A020808690020302383F3F9
:10BAD000118890F82630013B80F82630436A03F045
:10BAE000FF130F2B0FD1D0E9043213605A600023EB
:10BAF00083F3118890F8253003F00303012B05D15F
:10BB0000006AFFF719BC002383F311887047000017
:10BB100038B50E4BDC68A06204F12C05E06AA8423F
:10BB20000FD194F826303BB994F825309B0702BF1B
:10BB3000D4E9043213605A60BDE838400F20FFF7A3
:10BB400027BE0368E362FFF721FEE7E708690020EC
:10BB5000302383F31188FFF7DBBF00000A4B10B5D9
:10BB6000DB68302282F311889C6B9A68A24201D074
:10BB7000824200D298609863FFF7AAFE002383F305
:10BB80001188204610BD00BF0869002008B5014695
:10BB9000302383F311880820FFF71EFE002383F370
:10BBA000118808BD054BDB6821B103609862032052
:10BBB000FFF712BE4FF0FF30704700BF086900204A
:10BBC00003682BB10022026099621846FFF7DEBDC0
:10BBD00070470000064BDB6839B1426818605A6054
:10BBE000136043600420FFF7F7BD4FF0FF3070474C
:10BBF000086900200368984206D01A680260506005
:10BC000099621846FFF7C2BD7047000038B5044678
:10BC10000D462068844200D138BD036823605C6013
:10BC20008562FFF7B3FDF4E700234FF0FF32C0E970
:10BC30000023C0E9023300220023C0E90423704737
:10BC4000014B5B6883607047001000E00D4A0E4BAB
:10BC50009168C2685B680132C26082685B1A9B1A95
:10BC6000D0E90421D21841F10001C0E90421426861
:10BC700083609342026888BF4360934238BF036089
:10BC8000704700BF786B0020001000E010B503681B
:10BC90001C89A2420CD85C680A810B604C60216050
:10BCA000596019898A1A1A814FF6FF73038110BDF2
:10BCB000121B1B6892B2EBE70A2938BF0A2170B544
:10BCC00004460D460A26601980B2FFF7B1FAFFF765
:10BCD00099FA041BA4B2A54204D8751CADB22E4635
:10BCE0000446F0E70A2E04D9BDE87040012000F0B8
:10BCF000FDBD70BDF8B5164B0F46998303F11001D9
:10BD000041600A2A1969028138BF0A22016048602D
:10BD10001861B81880B21446FFF77AFA0A25FFF7BF
:10BD200071FAC31B9BB2A342064609D30135ACB2DC
:10BD300017FA85F5A8B2FFF77BFA25463746EEE7F6
:10BD40000A2D04D9BDE8F840012000F0CFBDF8BDB0
:10BD500008690020F8B506460D46FFF753FA114A68
:10BD6000134653F8107F9F4206D12A4601463046BB
:10BD7000BDE8F840FFF7BEBF918B441AA3B215FA95
:10BD800084F4A4B2A34288BF2C463B89A34202D9C3
:10BD90002946FFF791FF224631460348BDE8F840A7
:10BDA000FFF774BF086900201869002010B4C0E9CB
:10BDB000032300235DF8044B8382FFF7CBBF000011
:10BDC00010B51A4C236998420DD0D0E90032018990
:10BDD00013605A601A890A441A81002303604FF6DF
:10BDE000FF73238310BD2346026843F8102F53606E
:10BDF0000022026022699A4203D1BDE81040FFF799
:10BE000011BA018913890B441381FFF7FBF92369E8
:10BE1000A18B1B89441AA4B2A342E3D90B44191A7B
:10BE2000BDE8104089B2FFF747BF00BF0869002096
:10BE30002DE9F047DFF8CC8008F11007304ED8F834
:10BE40001050FFF7DFF9B8F81C102B89441AA4B280
:10BE5000A34244D81944D5E900328CB24FF000090E
:10BE6000A8F81C4013605A60C5F80090D8F810304C
:10BE7000B34201D1FFF7D6F989F31188D5E903312F
:10BE800028469847302383F31188AB8A002BD6D0FD
:10BE9000FFF7B8F9AA8AA0EB04091FFA89F94A4505
:10BEA00082460DD2022000F021FD0022D8F8103089
:10BEB000B34209D151462846BDE8F047FFF71ABF03
:10BEC000121A1444A2B2F1E702EB09039BB299459E
:10BED00098BF1A4629463846FFF7D8FEAEE7D8F88D
:10BEE0001040B44209D00B44191A89B2A8F81C00BA
:10BEF0002981BDE8F047FFF7DFBEBDE8F08700BF4E
:10BF0000186900200869002038B5FFF77BF9054A59
:10BF1000D2E90845001B83B2181945F10001C2E9B6
:10BF2000080138BD086900204FF0FF30704700005D
:10BF3000002070474FF0FF3070470000002070472E
:10BF40004FF0FF307047000001207047002070471D
:10BF5000FEE70000704700004FF0FF307047000020
:10BF6000BFF34F8F024A1369DB03FCD4704700BF55
:10BF70000020024008B5094B1B7873B9FFF7F0FFAA
:10BF8000074B5A69002ABFBF064A9A6002F18832FD
:10BF90009A601A6822F480621A6008BD946B0020CF
:10BFA000002002402301674508B50B4B1B7893B96D
:10BFB000FFF7D6FF094B5A6942F000425A611A68EE
:10BFC00042F480521A601A6822F480521A601A6889
:10BFD00042F480621A6008BD946B00200020024089
:10BFE0007F289ABF00F58030C00200207047000013
:10BFF0004FF4006070470000802070477F2808B52C
:10C000000BD8FFF7EDFF00F500630268013204D1A1
:10C0100004308342F9D1012008BD0020FCE7000074
:10C020007F2870B504462DD800F0C0F9164E306058
:10C03000FFF7BCFCFFF794FFFFF79CFF134BF322C5
:10C040001A6102225A615A6942EAC4025A615A6963
:10C0500042F480325A61054620464FF40061FFF7F2
:10C060007FFFFFF7BDFF00F04FFA2846FFF79CFF68
:10C07000FFF7A6FC00F09AF930602046BDE870405A
:10C08000FFF7BCBF002070BD986B0020002002406D
:10C0900040EA020313F007032DE9F04705460C467A
:10C0A000164606D0344B4FF461721A600020BDE88A
:10C0B000F0878118314A91420CD92F4A40F28931D8
:10C0C0001160F3E72B1D1B686268934208D1083E9C
:10C0D00008350834072E19D92A6823689A42F1D006
:10C0E000FFF764FCFFF746FFFFF73AFF04F1080192
:10C0F000234C4FF001084FF00009012EA1F1080771
:10C1000008D8FFF751FFFFF75BFC01E0002EE7D1F5
:10C110000120CCE7C4F81480AA4651F8083C4AF83C
:10C12000043B51F8043C6B60FFF71AFF236943F0AE
:10C1300001032361C4F814902A6851F8083C9A421C
:10C140000ED00D4B40F2B1321A600E4B1D600E4BFB
:10C150001E600E4B1F60FFF727FFFFF731FCA5E7BE
:10C16000DAF800A051F8043C9A4501F10801E8D141
:10C17000083E0835C1E700BF906B002000000408AE
:10C1800000200240846B00208C6B0020886B002014
:10C19000084908B50B7828B11BB9FFF7EBFE01235E
:10C1A0000B7008BD002BFCD0BDE808400870FFF7FD
:10C1B000FBBE00BF946B002008B500F0F7F8054BFC
:10C1C0001B68C01A40F6B73398428CBF002001208C
:10C1D00008BD00BF986B00207047000010B50446F2
:10C1E00010B90023184610BD014608220020FFF7B1
:10C1F00033F8034630B908222146FFF72DF80346ED
:10C200000028EED018462246002101F011FD034619
:10C21000E8E7000038B578B1073020F007050822BC
:10C2200029460020FFF718F8044618B12A460021D5
:10C2300001F0FEFC204638BD0446FBE7FFF7EABFED
:10C2400038B5044660B1014608220020FFF704F823
:10C25000054618B12246002101F0EAFC284638BD07
:10C260000546FBE74843FFF7B9BF000008B1FFF7F9
:10C2700063B8704707B5002201A910460192FFF785
:10C280009FF800F0B9FA019B184403B05DF804FB75
:10C2900013B5049CCDE9003413460A46014600203C
:10C2A00000F0B2FA02B010BD024B0360024B0B600B
:10C2B000012070479C6B0020047B020802FB01F008
:10C2C000FFF78CBF0846FFF789BF00000846FFF75D
:10C2D000CDBF000010F0070309D1064A904206D9ED
:10C2E0000844054988428CBF002001207047002087
:10C2F000704700BFFF0000200000012038B5EFF3B9
:10C3000011859DB9EFF30584C4F30804302334B1DB
:10C3100083F31188FFF7F8FD85F3118838BD83F3A7
:10C320001188FFF7F1FD84F3118838BDBDE838406E
:10C33000FFF7EABD38B5EFF311852DBBEFF30584A8
:10C34000C4F3080430237CB183F31188FEF75AFF4D
:10C350001449154A0B880880C31A106810FA83F034
:10C36000106085F3118838BD83F31188FEF74AFF0A
:10C370000C490D4A0B880880C31A106810FA83F024
:10C38000106084F3118838BD064CFEF73BFF064968
:10C3900023880D68C31A024615FA83F022800860CC
:10C3A00038BD00BFBC6B0020C06B002038B5FFF764
:10C3B000A5FF114C114AC00840EA4170A0FB025E83
:10C3C000C908A0FB040C1CEB050CA1FB04404FF0BA
:10C3D00000035B41A1FB02121CEB040C43EB0000C9
:10C3E00011EB0E0142F10002411842F1000009096F
:10C3F00041EA007038BD00BFCFF753E3A59BC420CE
:10C4000038B504460D46FFF779FF844275EB01030A
:10C4100005D3241A024B65EB0105C3E9004538BD7D
:10C42000C86B002008B5FFF769FF034AD2E9003264
:10C43000C01842EB010108BDC86B002010B50244D2
:10C44000064BD2B2904200D110BD441C00B253F84A
:10C45000200041F8040BE0B2F4E700BF5028004090
:10C46000114B30B5D3F89040240409D4D3F8904050
:10C47000C3F89040D3F8904044F40044C3F890408F
:10C480000A4C236843F4807323600244084BD2B201
:10C49000904200D130BD441C00B251F8045B43F817
:10C4A0002050E0B2F4E700BF0010024000700040EE
:10C4B0005028004007B5012201A90020FFF7BEFF68
:10C4C000019803B05DF804FB13B50446FFF7F2FFD3
:10C4D000A04205D0012201A900200194FFF7C0FF6E
:10C4E00002B010BD7047000010B520F00F0400F03E
:10C4F0000F00E36840000322824023EA02038140E8
:10C500000B43E36010BD000070470000704700005F
:10C51000C069F1F7A9BB000003461968B1F1553FA6
:10C520001A4603F10403F8D0101A704770B5054697
:10C530000C46012010211646FFF794FE2860467332
:10C540003CB1204636B1FFF779FE2B68186000B188
:10C550009C6070BDFFF75EFEF7E70000F8B50F4680
:10C560001646044610B901252846F8BD427B3868B6
:10C570003146FFF7AFFE05460028F4D13B68636003
:10C58000A368B34210D213B12068FFF76FFE637B3C
:10C5900030462BB1FFF752FE206020B9A060E3E7E0
:10C5A000FFF738FEF8E7A66023683B600125257396
:10C5B000DAE7000010B5044640B10068884205D1B2
:10C5C000606808B101F026FB0023237310BD000052
:10C5D000F8B50F461646044610B901252846F8BDA1
:10C5E000427B38683146FFF775FE05460028F4D1D6
:10C5F000A368B34210D213B12068FFF737FE637B04
:10C6000030462BB1FFF71AFE206020B9A060E5E7A5
:10C61000FFF700FEF8E7A660396819B120683246D6
:10C6200001F0F8FA23683B6001252573D6E7000086
:10C6300020B103688B4204BF0023037370470000DE
:10C6400008B1002303737047074B45F255521A6037
:10C6500003225A6040F2FF729A604CF6CC421A6094
:10C66000024B01221A70704700300040D46B00204A
:10C67000034B1B781BB1034B4AF6AA221A60704782
:10C68000D46B002000300040054B1A6832B902F12B
:10C69000804202F50432D2F894201A60704700BF3D
:10C6A000D06B0020024B4FF40002C3F89420704777
:10C6B0000010024008B5FFF7E7FF024B1868C0F30F
:10C6C000407008BDD06B0020CAB201460120FFF7C0
:10C6D000C7BE0000CAB201460120FFF7AFBE00008E
:10C6E000704700007047000070470000FEE7000040
:10C6F0000A4B0B480B4A90420BD30B4BDA1C121A15
:10C70000C11E22F003028B4238BF0022002101F03B
:10C710008FBA53F8041B40F8041BECE73882020878
:10C72000E86B0020E86B0020E86B0020104B1A6ECD
:10C7300042F480321A66D3F8802042F48032C3F883
:10C7400080200C4AD3F88030136943F4803313619E
:10C75000094B4F229A624FF6FF72DA6200229A6109
:10C760005A63DA605A6001225A611A60704700BF4A
:10C7700000100240002004E000400140094A08B5D2
:10C780001169D3680B40D9B2C9439B07116107D522
:10C79000302383F31188FFF707F9002383F311880F
:10C7A00008BD00BF00400140024B034A1A60034A23
:10C7B0005A607047D86B0020E86B00200000012011
:10C7C000074B10B55C684942201A08401968821A64
:10C7D0008A4203D3A24201D85A6010BD0020FCE770
:10C7E000D86B002008B5302383F31188FFF7E8FFEA
:10C7F000002383F3118808BD024BD3E90030C01A2F
:10C80000704700BFD86B0020F0B5174687B00822EC
:10C810000D461E46FEF720FD0446D0B10C9B049346
:10C8200041190D9B0593CDE90070CDE90216FFF784
:10C83000F1F8302383F311886846FFF7F5F80123F8
:10C8400080F8253000210446FEF7E6FF002383F33D
:10C850001188204607B0F0BDFEE7000070B51F4B01
:10C8600081630025044686B0586005630E46FDF7D7
:10C87000A9F804F12803C4E90A3304F11003C4E958
:10C8800004334FF6FF732383C4E90044A560656356
:10C89000A583FEF7B7FC2B460246C4E9082304F142
:10C8A0003C010F4AA56780232046FFF799F873687B
:10C8B000E0600362012380F824303169094AF0689E
:10C8C0000092CDE90213084B0190CDE90435FFF742
:10C8D000A1F86846FFF7C4F806B070BD786B002079
:10C8E000B87A0208107B020859C80108024A536B43
:10C8F00018435063704700BF08690020244B254946
:10C90000DA6A254842F00702DA62DA6A22F00702A0
:10C91000DA62DA6ADA6C42F00702DA64DA6E42F05E
:10C920000702DA66DB6E4FF0904300225A6099608E
:10C930001A49D9604FF6FF715961186218485A6256
:10C9400018604FF4C040C3F804041648C3F8080444
:10C950001548C3F80C041548C3F81414C3F8200490
:10C960001348C3F824041348C3F800044FF0AA3056
:10C97000C3F80428C3F80808C3F80C28C3F814182F
:10C98000C3F82028C3F82428C3F8002800F02EB8E4
:10C9900000100240FAAAAAAA0077505050010024C1
:10C9A000A0890028AAFAFAAA1050500000000577C2
:10C9B0009977400450A2AA2808B500F0FDF9FEF7C7
:10C9C000C9FFFFF761FEFFF76DFEBDE80840FFF706
:10C9D00003BC00007047000008B5FDF7A3FAFEF79E
:10C9E00085F9BDE8084000F0B7B900005A4B4FF098
:10C9F000FF319A6A99629A6A00229A62986AD86AA2
:10CA000060F00700D862D86A00F00700D862D86AE0
:10CA1000186B1963186B1A63186B986B9963986B92
:10CA20009A63986BD86BD963D86BDA63D86B186C40
:10CA30001964196C1A641A6C484A4FF4E061116069
:10CA40001A6E474942F001021A66D3F8802022F09C
:10CA50000102C3F88020D3F880209A6D42F0805202
:10CA60009A659A6F22F080529A679A6F4FF44072DB
:10CA70000A604A6912F48062FBD14A601A6822F0A7
:10CA8000F00242F060021A601A6842F001021A6075
:10CA90001A689107FCD500229A609A6812F00C027D
:10CAA000FBD1D3F8901011F4407F1EBF4FF48031BA
:10CAB000C3F89010C3F8902061221A601A68920798
:10CAC000FCD500229A609A6812F00C0FFBD1692203
:10CAD0001A60D3F8942022F4706242F4C062C3F862
:10CAE00094201A6842F480321A601A689003FCD5C8
:10CAF000D3F8902022F00322C3F89020194ADA607C
:10CB00001A6842F080721A601A689101FCD5164AC0
:10CB10001A611A6842F080621A601A681201FCD524
:10CB200000229A600D49114AC3F888200A6822F051
:10CB3000070242F004020A600A6802F00702042AAF
:10CB4000FAD19A6842F003029A609A6802F00C02E5
:10CB50000C2AFAD1704700BF0010024000200240AA
:10CB60000070004003140001000C10005555013402
:10CB7000074A08B5536903F00103536123B1054A1D
:10CB800013680BB150689847BDE80840FCF73EBFFA
:10CB900000040140F45A0020074A08B5536903F025
:10CBA0000203536123B1054A93680BB1D0689847DB
:10CBB000BDE80840FCF72ABF00040140F45A0020F9
:10CBC000074A08B5536903F00403536123B1054ACA
:10CBD00013690BB150699847BDE80840FCF716BFD0
:10CBE00000040140F45A0020074A08B5536903F0D5
:10CBF0000803536123B1054A93690BB1D069984783
:10CC0000BDE80840FCF702BF00040140F45A0020D0
:10CC1000074A08B5536903F01003536123B1054A6D
:10CC2000136A0BB1506A9847BDE80840FCF7EEBEA6
:10CC300000040140F45A0020164B10B55C6904F45E
:10CC400078725A61A30604D5134A936A0BB1D06A6D
:10CC50009847600604D5104A136B0BB1506B984788
:10CC6000210604D50C4A936B0BB1D06B9847E205B3
:10CC700004D5094A136C0BB1506C9847A30504D531
:10CC8000054A936C0BB1D06C9847BDE81040FCF797
:10CC9000BDBE00BF00040140F45A0020194B10B57E
:10CCA0005C6904F47C425A61620504D5164A136D2E
:10CCB0000BB1506D9847230504D5134A936D0BB102
:10CCC000D06D9847E00404D50F4A136E0BB1506E37
:10CCD0009847A10404D50C4A936E0BB1D06E9847C7
:10CCE000620404D5084A136F0BB1506F98472304B0
:10CCF00004D5054A936F0BB1D06F9847BDE810403B
:10CD0000FCF784BE00040140F45A002008B5034833
:10CD1000FDF766FFBDE80840FCF778BEB85B002071
:10CD200008B50348FDF75CFFBDE80840FCF76EBEA0
:10CD30001C5C002008B50348FDF752FFBDE8084021
:10CD4000FCF764BE805C002008B5FFF717FDBDE866
:10CD50000840FCF75BBE0000062108B50846FDF759
:10CD6000D9FF06210720FDF7D5FF06210820FDF792
:10CD7000D1FF06210920FDF7CDFF06210A20FDF78E
:10CD8000C9FF06211720FDF7C5FF06212820FDF762
:10CD9000C1FF07211820FDF7BDFF0C212520FDF75D
:10CDA000B9FF0C212620FDF7B5FFBDE808400C2196
:10CDB0002720FDF7AFBF000008B5FFF70DFEFDF718
:10CDC00017FAFDF7D3FFFEF7D1F9FFF703FEBDE831
:10CDD0000840FEF715BA00000B460146184600F061
:10CDE000F5BE000008B52DED028BB0EE408A00F0D4
:10CDF0000DF9164B93F900300133F0EE408A12D052
:10CE0000B0EE480A00F0FEFD68B1DFED117AB4EE35
:10CE1000E78AF1EE10FA12DCDFED0E7AB4EEE78A63
:10CE2000F1EE10FA04D4B0EE680ABDEC028B08BD36
:10CE300000F0DAFE2223DFED088A0360F3E700F05A
:10CE4000D3FE2223DFED058A0360ECE7180E0020F5
:10CE50008071B142B5F1CFC2000000000000807FB8
:10CE600008B52DED028BB0EE408A00F0C5F9144BE9
:10CE700093F90030013314D0B4EE488AF1EE10FA81
:10CE80000FD6B5EEC08AF1EE10FA0ADCB5EE408A94
:10CE9000F1EE10FA08D100F0A7FE22239FED090A57
:10CEA0000360BDEC028B08BD00F09EFEBDEC028B62
:10CEB000034621221A600448BDE8084000F0B0BDD6
:10CEC000180E0020000080FF187B020808B52DED29
:10CED000048BF0EE408AB0EE608A00F08DFA474B8A
:10CEE00093F900300133B0EE409A1FD0B4EE488A77
:10CEF000F1EE10FA1AD6F4EE688AF1EE10FA59D66D
:10CF0000DFED3F9AF4EE698AF1EE10FA13D1B4EE38
:10CF1000698AF1EE10FA29D0B0EE480A00F072FDED
:10CF200020B1B4EEE98AF1EE10FA4DD4B0EE490A20
:10CF3000BDEC048B08BD00F065FDF0B1B5EE409A84
:10CF4000F1EE10FAF2D1B0EE680A00F05BFD0028B5
:10CF5000ECD0B0EE480A00F055FD0028E6D000F015
:10CF600043FE22239FED269A0360DFE7B7EE009A87
:10CF7000B0EE490ABDEC048B08BDB0EE680A00F0C3
:10CF800041FD0028DAD0B0EE480A00F03BFD002851
:10CF9000D4D0B4EE499AF1EE10FA28D600F024FE6F
:10CFA000F5EEC08A2223F1EE10FA036013D49FED50
:10CFB000159ABBE7B5EE408AF7EE007AF1EE10FA6B
:10CFC00008BFB0EE679AB1E700F00EFE21239FED97
:10CFD0000E9A0360AAE7B0EE480A00F027FDB4EE0F
:10CFE000480AF1EE10FAE2D09FED079A9EE700F0B2
:10CFF000FBFD212389EEA99A036097E7180E002014
:10D00000000000000000807F000080FF10EE103A5A
:10D0100023F00042B2F1FF4F55D84FEAD37100F030
:10D0200096806348834251DC002BC0F28980614BBB
:10D030009A4250D9604B9A4200F29C805F4B604A02
:10D0400003EB810393ED004A02EB8102C1F101037E
:10D0500030EE444A92ED007A5B1A34EE470ADFED77
:10D06000597ADFED594A9FED595A9FED596ADFED24
:10D07000595A60EE006AE6EEA74AA4EEA65AA5EE5B
:10D08000266AE6EE265AB0EE406AA5EEE66A002B66
:10D0900047D0F0EE006A60EE065A36EEC66AF7EE4A
:10D0A000007A85EE860A13F17D0F37EE400A30EEE6
:10D0B000440A37EEC00A51DB10EE102A02EBC353CC
:10D0C00000EE103A704730EE000A70479FED420ABA
:10D0D00020EE000A7047B2F1465F0AD2DFED3E7AD9
:10D0E00070EE277AB7EE007AF4EEC77AF1EE10FA16
:10D0F0005ADC60EE007A9FED337ADFED335A9FED14
:10D10000336ADFED336AE7EE875A9FED327AA7EE96
:10D11000A56AE7EE866AB0EE406AA7EEA67AA7EEA9
:10D12000C76AF0EE007A60EE066A36EE676AB7EE1E
:10D13000007AC6EE867A37EEC00A37EE400A7047AC
:10D14000264B9A427FF673AF9FED250A7047DFEDBD
:10D15000247A002918BFB0EE670A704710EE102A33
:10D16000643302EBC353DFED1F7A00EE103A20EE7A
:10D17000270A70471C4B9FED1D7A9FED1D6ADFED5E
:10D180001D6A03EB8103D3ED007AE0EE077AB0EE7F
:10D19000404AFDEEE77AB8EEE77A17EE903AA7EE4E
:10D1A000464A27EE267A58E730EE070A704700BF56
:10D1B0001772B1421872B13E9115853F247B020867
:10D1C0002C7B02084CBB31330EEADDB555B38A38EF
:10D1D000610B36BBABAA2A3ECAF24971B5F1CF4208
:10D1E000000000000000800D1C7B02083BAAB83F35
:10D1F0008071313FD1F7173710EE103A33F000420B
:10D200002ED0002B33DBB3F1FF4F40DAB3F5000F24
:10D2100034DB4FF0000C6848C3F31601084400F4F7
:10D22000000282F07E520A43DB1500EE102A7F3B9B
:10D23000624A634401F10F0CF7EE007A0CEA020235
:10D2400030EE670A03EBD05322BBB5EE400AF1EE95
:10D2500010FA60D1002B40F092809FED590A704780
:10D260009FED587ADFED567A87EE270A704770EE09
:10D27000407A9FED537A87EE870A7047DFED527A46
:10D2800060EE277A6FF0180C17EE903AC3E730EE95
:10D29000000A7047F0EE007A70EE277A07EE103A37
:10D2A00080EE274A4948C1F55712084402F5227218
:10D2B0000243002A9FED463ADFED464ADFED465A2B
:10D2C000DFED463A9FED465ADFED467ADFED466ADE
:10D2D00024EE046AF8EEC72A26EE067AE7EE034A41
:10D2E000A7EE235AE4EE875AE5EE076AE5EE877A61
:10D2F00067EE867AE6EE877A2ADDB6EE007A20EED1
:10D30000077A27EE007A4BBB77EE877AA7EEC47ACE
:10D3100030EE470A7047B6EE007ADFED346AF0EE81
:10D32000477AE0EE667A20EE007A27EE277A002B25
:10D33000EED007EE903A9FED2E6ADFED2E6AF8EE02
:10D34000E77AA7EEC67A37EE400A97EEA60A70474C
:10D3500013BB70EE677AA7EEC40A7047DFED246A4C
:10D360009FED246A77EE877A62EEA66AE7EE846A1A
:10D3700037EE667A37EE400A92EE860A704707EE7D
:10D38000903A9FED1B0A9FED1B7AF8EEE77A27EEA5
:10D39000800AA7EE870A70479FED157ADFED156AC0
:10D3A00070EE677A27EE627AA7EE847A37EE400A4B
:10D3B00092EEA60A704700BF20FB4A00F0FF7F00F4
:10D3C00000000000000000CC0000004C305CCFFFEB
:10D3D0009788173E25333A3E2549923E4FD01C3E52
:10D3E000298E633EABAA2A3FCDCCCC3EABAAAA3E47
:10D3F000D1F717378071313F2DE9F04710EE904A91
:10D4000034F000482DED028B15D010EE105A25F0A7
:10D410000047B7F1FF4F10EE109A06DDBDEC028B0E
:10D42000B948BDE8F04700F0FBBAB8F1FF4F08DD9E
:10D43000B7F17E5FF2D1B7EE000ABDEC028BBDE81A
:10D44000F087002D10EE906AC0F2F4804FF0000AD1
:10D45000B8F1FF4F00F00281B8F17E5F00F0288143
:10D46000B6F1804F00F03D81B6F17C5F00EE105ABE
:10D4700040F00181B9F1000F80F2388100F0BAFA72
:10D48000B7F1FF4F00F00981002F00F00281B7F1E2
:10D490007E5F00F0F8804FEAD973013B5AEA03023D
:10D4A00000F02A81B8F19A4F40F35081974A974291
:10D4B00040F35982964A974200F3FF80F7EE007AD4
:10D4C00030EE670A9FED936ADFED935AF5EE007A2E
:10D4D000A0EE676AF6EE006AE6EE406A20EE007A99
:10D4E000DFED8E7A9FED8E6A27EE267A67EEC77A99
:10D4F000E0EE257AF0EE676AE0EE066A16EE902A14
:10D5000022F47F6222F00F0207EE102AA0EE467A84
:10D5100006EE902A77EEC77A26F47F6626F00F068D
:10D5200007EE104A06EE106A67EE877A37EE466A13
:10D5300007EE106AE6EE267A0AF1FF3A5AEA03038A
:10D5400026EE877AB7EE000A77EE876ABFEE006AAA
:10D5500016EE903A0CBFB0EE468AB0EE408A002B31
:10D5600023F0004240F3B581B2F1864F00F3F4811D
:10D5700000F0E781B2F17C5F00F3B7810022104632
:10D5800023F47F6323F00F0306EE103ADFED656AA4
:10D590009FED655A9FED652A9FED653ADFED653A8F
:10D5A0009FED654ADFED654A36EE477AF0EE002AD8
:10D5B00077EEC77A26EE267ADFED616AA7EEA67AC5
:10D5C000F0EE476AE6EE056A66EEA65AF0EE667A77
:10D5D000A5EE823AE6EE457AB0EE636AA3EE256ADE
:10D5E00077EE677AB0EE447AA6EE257AB0EE646AFA
:10D5F000A7EE256AB0EE667AA6EE657AE6EEA77A21
:10D6000066EE875A37EE626AB7EE005A85EE867A82
:10D6100077EE677A77EEE66A35EE660A10EE103A34
:10D620001344B3F5000FC0F2B68100EE103A20EEBD
:10D63000080A02E7B8F1974F1ADAB8F17E5F0ADB01
:10D640004FEAE853C3F1960348FA03F202FA03F3F0
:10D65000434500F039814FF0000AFDE6B7F17E5FE7
:10D660003FF4E9AE2FDD002E2ADB00EE104AE4E69F
:10D670004FF0020AECE600F0BDF9B7F1FF4F02D01F
:10D68000002F7FF404AF002EBCBFF7EE007A87EEC8
:10D69000800AB9F1000FBFF6D0AEA7F17E5757EA66
:10D6A0000A0340F00A8170EE407A87EEA70AC4E6CA
:10D6B000002E0FDB00EE105ABFE6002E00F356815D
:10D6C0009FED200AB9E6002EFADA07EE904AB1EE95
:10D6D000670AB2E607EE105AF7EE007A87EE870A7D
:10D6E000ABE607EE905A27EEA70AA6E6BDEC028B42
:10D6F000BDE8F04700F07AB907EE905A77EEE77A86
:10D7000087EEA70A99E600BF187B0208F7FF7F3F64
:10D710000700803FABAAAA3E70A5EC363BAAB83FF3
:10D7200000AAB83F8CBEBF350072313F4CBB3133CD
:10D730000EEADDB555B38A38610B36BBABAA2A3E7B
:10D740001872313F000000000000804B19F0FF4FBD
:10D7500040F0F5805FED047A60EE277A6FF01702F3
:10D7600017EE907A8D48F915C7F316077F3987426F
:10D77000114447F07E5240F3DA808948874240F3F3
:10D78000FA809FED885A0131B0EE453AA2F50002C9
:10D79000F7EE005A002006EE102A76EE257AB7EE54
:10D7A000007A87EE270A521042F0005202F58022DA
:10D7B000024476EE656A07EE901A66EE803AB8EE9D
:10D7C000E77A13EE901A07EE902A774ADFED770A90
:10D7D0009FED778A9FED771ADFED772ADFED771AD5
:10D7E0009FED772A77EEE55A114004EE901A36EE57
:10D7F000656A63EEA35AE4EEE76AF0EE607AE5EE5E
:10D80000887AE4EEC66AA7EEA51A66EE806AE1EEB3
:10D81000252A73EEA47AE2EEA51A25EEA58AA1EEDA
:10D82000A52A67EEA67AB0EE084AB0EE446AE8EEA2
:10D83000027AA4EEA46ADFED630A9FED631ADFEDBE
:10D84000632A36EE276A16EE101A114006EE101AF9
:10D8500076EE445AE4EEE45A77EEE57A67EEA37A80
:10D86000E6EE867AF0EE675AE4EE865A15EE901AE6
:10D87000114006EE901AE4EEC66A05EE901A77EEB5
:10D88000E67A67EEA07AE5EE817A77EE837AF0EEBB
:10D89000676AE5EEA26A76EE856A76EE876A16EE2C
:10D8A000901A114006EE901A36EEC77A37EE457A96
:10D8B000A5EEE27A77EEC77A2EE6BAF1010F7FF491
:10D8C000BCADB1EE400AB8E502F00102C2F1020AB5
:10D8D000C2E53F498A4257DC7FF44CAE76EEC76A18
:10D8E000F4EEE76AF1EE10FA4EDAD2154FF40001C9
:10D8F0007E3A41FA02F21A44C2F3C751354C7F39DD
:10D900000C41C2F3160022EA040206EE902A37EE1A
:10D91000667A40F40000C1F117010841002B77EE50
:10D92000876AB8BF404216EE903AC20528E69FEDDE
:10D930001D5AF7EE005AB0EE453A00202BE70022C0
:10D9400010E79FED256A76EEC76A37EE866AB4EE79
:10D95000E66AF1EE10FAC8DDDFED207A28EE270A3C
:10D9600020EE270A69E5002EBFF6AAAE9FED1B0A3E
:10D9700020EE000A61E59FED1A5A9FED1A3AF7EE84
:10D98000085A4FF4001006E7DFED177A28EE270A51
:10D9900020EE270A51E500F0A7F848E671C41C0004
:10D9A000D6B35D000000000000F0FFFF55326C3E72
:10D9B00042F1533E05A38B3EABAAAA3EB76DDB3EB8
:10D9C0009A99193F4F38763FA0C39D360038763F6D
:10D9D00000001643FFFF7F003CAA3833CAF24971AA
:10D9E00000C0153FDCCFD1356042A20DB1EEC00AB8
:10D9F000704700BF10EE103A23F0004300EE103ADB
:10DA0000704700BF82B08DED010A019820F0004000
:10DA1000B0F1FF4FACBF0020012002B0704700BF43
:10DA20009FED010A704700BF0000C07F10EE101A82
:10DA3000C1F3C753A3F17F02162A21F0004325DC6E
:10DA400053B3002A82B04FEAD17026DB244B134136
:10DA5000194219D04FEA530C11EA530307D04FF47F
:10DA6000001321EA0C0113410B4300EE103A1D4B49
:10DA700003EB8003D3ED007A37EE800A8DED010AC7
:10DA80009DED010A30EE670A02B07047B3F1FF4F17
:10DA900002D330EE000A70477047124AC1F31603F2
:10DAA0005B4202EB80005B0A0A0D03F4800312055F
:10DAB000134307EE903AD0ED006A36EEA77A01F0F4
:10DAC00000418DED017ADDED017A77EEE67A17EE11
:10DAD000903A23F000430B4300EE103AD4E700BF26
:10DAE000FFFF7F00347B020882B08DED010A019BAD
:10DAF00033F000422AD0B2F1FF4F23D213F0FF4F90
:10DB000028D19DED017ADFED2A7A2A4B67EE277A3C
:10DB10009842CDED017A37DB019BC3F3C752193A26
:10DB20000244FE2A1ADD9FED240A9FED247A019B10
:10DB3000002BF0EE407AB8BFB0EE470A20EE270A7D
:10DB400002B0704730EE000A02B070479DED010A46
:10DB500002B07047D20D0244FE2AE4DC002A0BDC3E
:10DB600012F1160F17DA4CF250339842DBDC9FEDBE
:10DB7000140A9FED147ADAE723F0FF4343EAC25315
:10DB800000EE103A02B070479FED0D0ADDED017A0C
:10DB900027EE800AD8E7193223F0FF4343EAC25345
:10DBA000DFED097A07EE103A27EE270ACCE700BF2F
:10DBB0000000004CB03CFFFFCAF24971CAF249F1C3
:10DBC0006042A20D6042A28D0000003310B5054CEA
:10DBD00013462CB10A4601460220AFF3008010BD67
:10DBE0002046FCE700000000014B1868704700BFAA
:10DBF0001C0E002010B501390244904201D10020D2
:10DC000005E0037811F8014FA34201D0181B10BDA5
:10DC10000130F2E70A44914200F1FF3300D170472E
:10DC200010B511F8014B03F8014F9142F9D110BD25
:10DC300002440346934200D1704703F8011BF9E701
:10DC40002DE9FF4755EC104B002D0E4619462B468B
:10DC5000BBBF05F100431D4600232D230B700D9B18
:10DC6000DDF830A0914623F02008BCBF22461446C0
:10DC7000B8F1460F05D0B8F1450F00D101360221A9
:10DC800000E0032103AB019302AB009345EC104B82
:10DC90005346324601F0E4FBB8F1470F074602D184
:10DCA00019F0010F22D0B8F1460F07EB060910D189
:10DCB0003B78302B0AD10022002320462946ECF77E
:10DCC000B5FE18B9C6F10106CAF80060DAF80030EE
:10DCD00099440022002320462946ECF7A7FE08B10C
:10DCE000CDF80C903022039B4B4507D3039B0E9A33
:10DCF000DB1B3846136004B0BDE8F087591C039164
:10DD00001A70F0E7F7B503460029B8BF494203F897
:10DD1000022BB4BF2D222B22092942702ADD0DF1DE
:10DD20000704A4460A27A6460A4691FBF7F607FB16
:10DD300016153035632A04F1FF340EF8015C3146C4
:10DD4000F1DC3031AEF1020504F8011C441C294617
:10DD500061450AD30DF10902A2EB0E02654588BFA9
:10DD600000221344181A03B0F0BD11F8012B04F877
:10DD7000012FEDE7302330318370C170031DF1E7CF
:10DD80002DE9F04F2DED028B8DB00C46DDF8608053
:10DD900016461F46054602F0C1FCD0F800A05046CA
:10DDA000EDF7BAFA00230A9323680593D8F80030F8
:10DDB00094F818B0073323F0070303F10802C8F8FA
:10DDC0000020D3E90023C4E91223D4E9128929F001
:10DDD00000430793CDF8188008EE100A9F4BDDE949
:10DDE00006014FF0FF32ECF753FE88BBDDE9060178
:10DDF0009A4B4FF0FF32ECF72DFE48BB0022002378
:10DE000040464946ECF71CFE10B12D2384F8433000
:10DE1000934B9448BBF1470F94BF98468046032329
:10DE20002361059B23F0040222604FF00009009754
:10DE300033460BAA2146284600F0D8F9013040F0BD
:10DE400090804FF0FF300DB0BDEC028BBDE8F08F3D
:10DE500042464B4640464946ECF71AFE40B14B4617
:10DE6000002BBCBF2D2384F843307F487F4BD1E784
:10DE700063680BF0DF0206925A1C3FD106236360F1
:10DE8000059B616843F48062002303930AABCDE9EC
:10DE900001B309AB49EC108B009322600DF1230311
:10DEA0002846FFF7CDFE069B0999472B804608D1EF
:10DEB000C81C02DB6368994241DDABF1020B5FFADB
:10DEC0008BFBBBF1650F20D801395A4604F1500095
:10DED0000991FFF717FF0A9A1318012A8146236157
:10DEE00002DC2268D20701D5013323619DF823307B
:10DEF000002B9CD02D2384F8433098E7069A472ABC
:10DF0000BED1002BBCD10123B9E7BBF1660F18D1FC
:10DF1000002963680BDD216113B92268D00702D59F
:10DF200001330B442361A1654FF00009DEE713B90B
:10DF30002268D20701D50233F4E70123F2E74FF05C
:10DF4000670B0A9B994205DB23682161D807EAD554
:10DF50004B1CE7E70029D4BFC1F1020201221344A0
:10DF6000E0E723685A0507D423694246314628462C
:10DF7000B84701302CD164E7BBF1650F40F2E08077
:10DF8000D4E9120100220023ECF750FD002834D020
:10DF9000374A012331462846B84701303FF451AF94
:10DFA000DDE909239A4202DB2368D80710D518EE71
:10DFB000103A524631462846B84701303FF441AF47
:10DFC0004FF0000804F11A090A9B013B434509DCA4
:10DFD00023689B0700F10581E0680B9B9842B8BF5E
:10DFE000184630E701234A4631462846B8470130F3
:10DFF0003FF427AF08F10108E6E7099B002B39DC65
:10E000001B4A012331462846B84701303FF419AF77
:10E01000DDE90923134302D12368D907D8D518EEC7
:10E02000103A524631462846B84701303FF409AF0E
:10E030004FF0000904F11A0A099B5B424B4501DCD1
:10E040000A9B92E70123524631462846B8470130E1
:10E050003FF4F7AE09F10109EEE700BFFFFFEF7FE4
:10E06000407B0208B0200208B4200208447B02086A
:10E07000881E02080A9AA36D9A42A8BF1A46002A6F
:10E08000914637DC4FF0000B29EAE97904F11A02D6
:10E09000A36D0593A3EB09035B4533DCDDE909239D
:10E0A0009A423BDB2368DA0738D40A9B059A099920
:10E0B0009A1AA3EB01099145A8BF9146B9F1000F47
:10E0C00035DC4FF0000829EAE97904F11A0ADDE9A4
:10E0D00009239B1AA3EB090343457FF779AF01237B
:10E0E000524631462846B84701303FF4AAAE08F1FF
:10E0F0000108ECE71346314642462846B84701304E
:10E10000C0D19EE60123314628460592B84701302A
:10E110003FF497AE059A0BF1010BB9E718EE103AF0
:10E12000524631462846B8470130BED189E6059AA5
:10E130004B46424431462846B8470130C1D180E6BB
:10E140000A9A012A01DCDB0738D501234246314611
:10E150002846B84701303FF474AE18EE103A5246E4
:10E1600031462846B84701303FF46BAED4E912017E
:10E1700000220023ECF75AFCD8B90A9B08F10102EF
:10E18000013B31462846B84701300ED159E60123FC
:10E19000524631462846B84701303FF452AE08F1A6
:10E1A00001080A9B013B4345F1DC4B4604F1500258
:10E1B000DCE64FF0000804F11A0AF2E701234246B8
:10E1C000DFE701234A4631462846B84701303FF48D
:10E1D00038AE08F10108E3680B995B1A4345F0DC9F
:10E1E000FAE64FF0000804F11909F4E72DE9F047C9
:10E1F000164699468A680B69DDF820809342B8BFBD
:10E200001346336091F8432007460C460AB10133A8
:10E2100033602368990642BF336802333360256850
:10E2200015F0060506D104F1190AE36832689B1A55
:10E23000AB4226DC94F84320131E226818BF01234A
:10E2400092062BD404F1430249463846C0470130B8
:10E250001ED02368E568326803F00603042B08BF6C
:10E26000AD1AA36822690CBF25EAE5750025934223
:10E27000C4BF9B1AED1800261A34B5421AD10020EB
:10E2800008E00123524649463846C047013003D1D1
:10E290004FF0FF30BDE8F0870135C6E7E1185A1CA2
:10E2A000302081F84300224494F8451082F843104E
:10E2B0000233C7E70123224649463846C0470130AA
:10E2C000E6D00136D9E700002DE9FF470F7E0C9D0F
:10E2D000782F914680460C469A4601F1430207D8B2
:10E2E000622F0AD8002F00F0D880582F00F0A380AA
:10E2F00004F1420584F842703AE0A7F16303152B5C
:10E30000F6D801A151F823F061E3010875E3010893
:10E31000F1E20108F1E20108F1E20108F1E201088D
:10E3200075E30108F1E20108F1E20108F1E20108F8
:10E33000F1E2010881E40108A5E3010863E40108B2
:10E34000F1E20108F1E20108A3E40108F1E20108A9
:10E35000A5E30108F1E20108F1E201086BE401081C
:10E360002B681A1D1B682A6004F1420584F84230AC
:10E370000123A3E020682968060601F104030AD5F9
:10E380000E682B60002E03DA2D23764284F843308A
:10E390005E480A2319E00E682B6010F0400F18BF8A
:10E3A00036B2EFE72B682068191D2960010601D5F8
:10E3B0001E6802E04606FBD51E8854486F2F0CBF2E
:10E3C00008230A23002184F843106568A560002D06
:10E3D000A2BF216821F0040121600EB9002D4DD0AB
:10E3E0001546B6FBF3F103FB1167C75D05F8017D28
:10E3F0003746BB420E46F4D9082B0BD12368DE0703
:10E4000008D5236961689942DEBF302305F8013CD5
:10E4100005F1FF35521B2261CDF800A04B4603AA3F
:10E4200021464046FFF7E2FE01304CD14FF0FF306D
:10E4300004B0BDE8F087354881F845702968236845
:10E4400051F8046B29601D0614D5DF0744BF43F063
:10E45000200323601EB9236823F0200323601023C8
:10E46000B0E7236843F0200323607823284884F82A
:10E470004530E3E7590648BFB6B2E6E71546BBE7C5
:10E480002B6826686169181D286035061B6801D550
:10E49000196002E07006FBD5198000232361154640
:10E4A000BAE72B681A1D2A601D6862680021284699
:10E4B000ECF73AFF08B1401B6060636823610023FA
:10E4C00084F84330A8E723692A4649464046D047A6
:10E4D0000130ABD023689B0713D4E068039B9842BC
:10E4E000B8BF1846A4E70123324649464046D04704
:10E4F00001309BD00135E36803995B1AAB42F2DC33
:10E50000EBE7002504F11906F5E700BF487B020898
:10E51000597B020830B50B4D044614F8013B5A5D97
:10E5200002F00302012A11F8012BA85C00F003009D
:10E5300008BF2033012808BF2032981A01D1002AD1
:10E54000EBD130BDBD7B020870B50F4E04460A44C6
:10E550008A4201D1002013E014F8013B985D00F0DD
:10E560000300012811F8010B355C05F0030508BF15
:10E570002033012D08BF20301B1A02D10028E7D11B
:10E5800070BD1846FCE700BFBD7B020810B57AB12C
:10E5900003460139841813F8010B11F8012F90423A
:10E5A00001D1A34201D1801A10BD0028F3D1FAE7AE
:10E5B0001046F9E710B50139034632B111F8014FA1
:10E5C00003F8014B013A002CF7D11A440021934281
:10E5D00000D110BD03F8011BF9E7000010B5024699
:10E5E00001448A42134603D01C780132002CF8D132
:10E5F000181A10BD70B504460D4645EC104B164672
:10E6000002F014FC51EC100B7EB1C5F30A53C3F1B8
:10E610006B03002B09DD1B0503F17F55002405F575
:10E62000401522462B46EBF799FF70BD2DE9F04FC0
:10E630002DED028B9DB01F4600231893A24B139221
:10E640001B680593044618468846ECF765FE4FF0B4
:10E65000000A05464FF0000BCDF85C80179B1A7836
:10E660002B2A4ED03BD80D2A34D8082A34D8002A79
:10E670003ED000230A93179E3378302B40F0B080B1
:10E68000737803F0DF03582B68D10A9B019318AB12
:10E69000029700938D4A19AB17A9204601F036FD69
:10E6A00010F00707054605D0062F2CD101360023B0
:10E6B00017960A93139B002B40F090850A9BEBB1B1
:10E6C00052460BF1004343EC102B1DB0BDEC028B06
:10E6D000BDE8F08F202ACCD101331793BEE72D2A55
:10E6E000C7D101220A925A1C17925B78002BC2D123
:10E6F000139BCDF85C80002B40F06E8552465B4644
:10E70000E1E70022EEE7189A3AB135211AA802F0A3
:10E7100099FC1899204602F057F8013F042F06D8BB
:10E72000DFE807F00A0314170A00DDE91AAB28072F
:10E73000C0D54BF0004BBDE7DDE91AA3199A23F4CD
:10E74000801302F2334243EA025BF0E7DFF880B164
:10E75000EDE76FF0004B4FF0FF3AE8E7179B5A1CCC
:10E7600017925B78302BF9D0002BA3D001234FF008
:10E7700000090493179B0893CDF81C904F460A227A
:10E7800017980678A6F13003D9B209292AD9059934
:10E790002A46FFF7FBFE98B3002032463D4605901F
:10E7A0000346652A01D0452A18D11DB9049A0243AF
:10E7B0009ED00025DDF85C8008F10102179298F8E0
:10E7C00001202B2A75D02D2A7BD04FF0000CA2F10E
:10E7D0003001092940F28280CDF85C8000269DE05E
:10E7E0000023C4E7082FD8BF079900F10100DABF62
:10E7F00002FB0133079302FB093901371790BFE78A
:10E80000179B5A1917925A5D002F37D005903D4635
:10E81000A2F13003092B12D90123C2E7179B5A1C1E
:10E8200017925A780130302AF8D0A2F13103082B20
:10E8300000F2D984179B0590002008930546303AD2
:10E8400000F1010314D00599194405912B4600EB02
:10E85000050E0A21734513D12B18082B05F101056C
:10E8600005441CDC07990A2303FB012307930023BB
:10E87000179A511C179152781846C9E73846D2E7C3
:10E88000082B04DC079E4E4307960133E2E703F1B1
:10E89000010CBCF1100FD8BF01FB09F9F5E7102DF1
:10E8A000DCBF0A2303FB0929E1E7002305930123C9
:10E8B0007CE74FF0000C08F10202179298F8022052
:10E8C00085E74FF0010CF6E7FC7D02086C7B02083F
:10E8D0000000F07F179A511C17915278302AF9D016
:10E8E000A2F1310108293FF679AFA2F1300E179A53
:10E8F0000692179A511C17915278A2F13006092EF0
:10E9000037D9069E891B082944F61F6602DC764526
:10E91000A8BF7646BCF1000F00D07642002D4DD145
:10E92000049901437FF4C6AE002B7FF4E1AE692A5F
:10E9300027D024DC492A24D04E2A7FF4D9AE9F491F
:10E9400017A801F03BFE00283FF4D2AE179B1B78BE
:10E95000282B2DD19A491AAA17A801F043FE0528A1
:10E9600026D11B9BDDF868A043F0FF4B4BF4E00B76
:10E97000A0E60A2101FB0E2EAEF1300EB9E76E2A99
:10E98000DBE7904917A801F019FE00283FF4B0AE6C
:10E99000179B8D49013B17A8179301F00FFE10B983
:10E9A000179B01331793DFF830B24FF0000A81E66E
:10E9B000864802F08DFB5BEC10AB7BE6059B07986D
:10E9C000F31A002F08BF2F46102D0693A846A8BFA4
:10E9D0004FF01008EBF748FD092D82468B4613DDFA
:10E9E0007B4B03EBC80353E91223EBF7B7FD8246D9
:10E9F00048468B46EBF738FD02460B4650465946D3
:10EA0000EBF7F6FB82468B460F2D38DC069B002B7E
:10EA10003FF450AE24DD162B0BDC6D4901EBC30136
:10EA2000D1E9000152465B46EBF798FD82468B46E2
:10EA300040E6069AC5F12503934220DB644CC5F1FC
:10EA40000F0504EBC50152465B46D1E90001EBF727
:10EA500085FD069B5D1B04EBC504D4E90023E3E7B9
:10EA6000069B16330BDB059B9E1B594B03EBC6061F
:10EA7000D6E9002350465946EBF79AFED6E7069BA7
:10EA8000A5EB08089844B8F1000F74DD18F00F03E7
:10EA90000AD04F4901EBC30152465B46D1E9000160
:10EAA000EBF75CFD82468B4638F00F084FD0B8F587
:10EAB0009A7F22DD00252E46079505952223DFF853
:10EAC00018B123604FF0000A079B002B3FF4F2AD12
:10EAD0001899204601F078FE0599204601F074FE51
:10EAE0003146204601F070FE0799204601F06CFE89
:10EAF0002946204601F068FEDCE5364B04930023EE
:10EB00004FEA2818504659469946B8F1010F21DCC2
:10EB10000BB182468B462F4BABF1547B03EBC909FB
:10EB200052465B46D9E90001EBF718FD2A4B0A462D
:10EB30000B402A498B428246BCD8A1F580118B42FA
:10EB400086BFDFF89CB04FF0FF3A02F1547B002300
:10EB5000049384E018F0010F05D0049BD3E900234F
:10EB6000EBF7FCFC0123049A083209F101094FEA92
:10EB700068080492C9E7EAD0C8F1000818F00F024B
:10EB80000AD0134B03EBC20350465946D3E9002386
:10EB9000EBF70EFE82468B465FEA2818D7D0B8F115
:10EBA0001F0F1FDD00252E460795059522234FF0E8
:10EBB000000A4FF0000B236086E700BFB520020873
:10EBC000807B0208B1200208C37C020806210208EB
:10EBD000B87E0208907E02080000F07F0000A07C52
:10EBE000FFFFEF7F18F0100318BF6A23DFF8AC9324
:10EBF000049350465946002318F0010F04D0D9E978
:10EC00000023EBF7ABFC01235FEA680809F1080970
:10EC1000F2D10BB182468B46049BC3B1CBF30A52AF
:10EC2000C2F16B03002B594611DD1F2B40F32481E9
:10EC3000342BDEBFC2F14B024FF0FF3303FA02F276
:10EC40004FF0000ACCBF4FF05C7B02EA010B0022C0
:10EC5000002350465946EBF7E9FE0028A2D1079B56
:10EC6000009308992B463A46204601F015FE07907E
:10EC700000283FF41FAF059B9E1B069B002BB4BFD3
:10EC8000334600230C93069B002523EAE37312937B
:10EC90002E46079B2046596801F056FD0590002836
:10ECA0003FF40CAF079B1A69023203F10C0192008A
:10ECB0000C30FEF7AFFF4BEC10AB1AAA19A9204697
:10ECC00002F030F94BEC18AB189000283FF4F6AE88
:10ECD0000121204601F07AFE064600283FF4EEAE00
:10ECE000199B0499002BABBF0C9A129A129FDDF866
:10ECF0003090ACBF03EB0209D71A1A9AA3EB0108B4
:10ED00009044A14B08F1FF389845C2F1360280F2D9
:10ED1000C780A3EB08031F2BA2EB03024FF00101F6
:10ED200000F3B18001FA03F30D930023089309EB7C
:10ED30000208049BC14517441F444B46A8BF4346E5
:10ED4000BB42A8BF3B46002BC2BFA8EB0308FF1A7B
:10ED5000A9EB03090C9B002B17DD31461A46204610
:10ED600001F0F4FE064600283FF4A8AE0146189ACA
:10ED7000204601F041FE0B9000283FF49FAE189909
:10ED8000204601F021FD0B9B1893B8F1000F00F312
:10ED90008C80069B002B08DD129A0599204601F015
:10EDA000D5FE059000283FF489AE002F08DD0599B7
:10EDB0003A46204601F024FF059000283FF47EAE3D
:10EDC000B9F1000F08DD31464A46204601F018FF30
:10EDD000064600283FF472AE059A1899204601F0C5
:10EDE0009BFF054600283FF469AEC3680B930023E0
:10EDF000C360314601F074FF002860DA0B9B53EAD0
:10EE00000A0340F08280CBF31303002B7DD12BF05B
:10EE100000431B0D1B05B3F1D66F76D96B6913B98F
:10EE20002B69012B71DD29460122204601F0E8FE05
:10EE30003146054601F054FF002866DD0499534A27
:10EE40005B46002900F0818002EA0B01B1F1D66F28
:10EE50007BDCB1F15C7F7FF7A9AE4D4B5046594644
:10EE60000022EBF77BFB0B46034308BF22238246BD
:10EE70008B4608BF23602BE64FF0FF3202FA03F304
:10EE800003EA0A0AE3E6C8F17F4808F57F0808F5B7
:10EE90007B4808F1E20801FA08F308930D9146E770
:10EEA0000023089301230D9341E718994246204619
:10EEB00001F0A6FE189000287FF46BAFFEE55F46D8
:10EEC0006ED10B9ACBF3130342B3324A934228D14B
:10EED000049B5146EBB12D4B3B40B3F1D46F4FF047
:10EEE000FF3219D81B0DC3F16B0302FA03F39942E9
:10EEF00017D1294B9F4202D101313FF4DFAD234BA3
:10EF00003B4003F5801B4FF0000A049B002BA4D16B
:10EF1000DEE54FF0FF33EAE71346E8E753EA0A037A
:10EF20008CD0089BDBB13B42EFD00B9B049A504640
:10EF30005946C3B1FFF75EFB02460B4651EC180B76
:10EF4000EBF756F982468B46DFE71340A3F58013B3
:10EF50006FEA135B6FEA0B5B4FF0FF3AD5E70D9B4F
:10EF600013EA0A0FE0E7FFF745FB02460B4651ECB8
:10EF7000180BEBF73BF90022002382468B46EBF798
:10EF800055FD0028C1D011E602FCFFFF0000F07F14
:10EF900000005039FFFF0F00FFFFEF7F947B020856
:10EFA0003146284602F01AF859EC108B10EE100A80
:10EFB00000224FF080434946EBF74CFD00287AD001
:10EFC0000B9B002B4AD0954B0022CDE90823DFF89C
:10EFD0004C924FF00008924B3B400D930D9A914B91
:10EFE0009A4240F0B080DDE90801A7F1547B4BEC78
:10EFF00010ABCDE9080101F019FFDDE9080153EC80
:10F00000102BEBF7ABFA52465B46EBF7F1F80B46E9
:10F010008349854A19409142824660D918EE903A58
:10F0200002F15472934204D118EE103A01333FF4C6
:10F0300045ADDFF800B24FF0FF3A1899204601F0D5
:10F04000C3FB0599204601F0BFFB3146204601F085
:10F05000BBFB2946204601F0B7FB1AE6BAF1000FC8
:10F060001BD1CBF31303F3B96C4B00224046494646
:10F07000EBF7E6FCD0B9404649466C4B0022EBF773
:10F080006DFA8046894609F10043CDF8508015930A
:10F09000DDE91423CDE908239DE7BAF1010F02D180
:10F0A000002F3FF483AD624B00228EE7DFF87C91A6
:10F0B0004FF00008E7E75D4B404649460022EBF77A
:10F0C0004DFA0B9B8046894633B901F100430E90FF
:10F0D0000F93DDE90E23DDE7CDE90E89F9E703F1B2
:10F0E000547B049B002BA8D12BF000430D9A1B0DE1
:10F0F0001B059A42A1D140464946ECF765F9EBF76A
:10F10000FFF902460B4640464946EBF76FF80B9A6B
:10F11000CBF3130343EA0A0313438046894655D0D1
:10F1200036A3D3E90023EBF78BFC00287FF4D0ACA7
:10F1300034A3D3E9002340464946EBF79FFC00285F
:10F140003FF47BAFC4E4049B33B30D9BB3F1D46FA6
:10F1500022D82EA3D3E9002340464946EBF77AFC98
:10F16000A0B149464046EBF7D1FC012838BF012049
:10F17000EBF77AF90B9B8046894623BB01F10043EC
:10F1800010901193DDE91023CDE90823099B0D9A16
:10F1900003F1D6639B1A0993DDE90801B0EE480A32
:10F1A000F0EE680ACDE9080101F040FEDDE9080152
:10F1B00053EC102BEBF7D2F953EC182BEBF718F8B4
:10F1C00082468B468DE7CDE91089DBE711A3D3E9B1
:10F1D0000023EBF735FCB2E700230A93139A179B41
:10F1E0001360FFF76BBA652A3FF45FAB452A3FF423
:10F1F0005CAB0123FFF794BBAFF300809535A0947F
:10F20000FFFFDF3F35E5AF350000E03F0000C0FF06
:10F21000FFFFDF419535A094FFFFCF3F0000F03F97
:10F220000000F07F0000E07FFFFF9F7C0000E03FD8
:10F230000000F0BFFFFFEF7F2DE9F041DFF8AC8069
:10F24000264B0A462DED028B0146D8F80000FFF749
:10F25000EDF955EC104B10EE102A10EE100A2B466B
:10F260002946EBF715FC90B1002D1D4809DAFEF791
:10F27000D7FBB1EE408AB0EE480ABDEC028BBDE888
:10F28000F081BDEC028BBDE8F041FEF7C9BB204622
:10F290002946EBF75BFC08EE100ADFED127AB0EEC0
:10F2A000C87AB4EE677AF1EE10FAE4DD25F0004793
:10F2B0000D4B4FF0FF3220463946EBF7E9FB40B9E2
:10F2C000094B4FF0FF3220463946EBF7C3FB0028CD
:10F2D000D1D0D8F8003022221A60CCE7840E00206A
:10F2E00006210208FFFF7F7FFFFFEF7F1C0E00203B
:10F2F000F0B508B9106888B10446204614F8015BDF
:10F300000F4617F8016B1EB965B91560284605E070
:10F31000B542F6D1002BF0D114600370F0BD1C464D
:10F320000CE015B914F8013B0E4616F8015BAB4230
:10F33000F7D1002BF3D0002304F8013C1460EDE773
:10F340000123FFF7D5BF00002DE9F74F03690C69D2
:10F35000A3420746C0F28180013C01F1140800F18C
:10F36000140505EB8403019358F8243055F8242044
:10F3700001339A424FEA840B08EB8409B2FBF3F69F
:10F3800031D34FF0000E4046AC46F24650F8042B05
:10F3900093B206FB03E34FEA134E9BB2AAEB0303BF
:10F3A000120CDCF800A006FB02E213FA8AF34FEA23
:10F3B000124E1FFA82FADCF80020CAEB124202EB6E
:10F3C00023429BB243EA024381454CF8043B4FEA97
:10F3D000224ADBD255F80B302BB9019B043B9D42EE
:10F3E0001A462ED33C61384601F07AFC002824DB13
:10F3F000013628464FF0000C58F8042BD0F800E0F6
:10F4000093B2ACEB0303120C13FA8EF3C2EB1E4261
:10F4100002EB23429BB243EA0243C14540F8043B5E
:10F420004FEA224CE8D255F8242005EB840322B998
:10F43000043B9D421A460AD33C61304603B0BDE806
:10F44000F08F1268043B002ACCD1013CC7E7126858
:10F45000043B002AF0D1013CEBE70020EEE700007E
:10F460002DE9F04F2DED048B57EC106B93B0456AEE
:10F47000DDF88080069110EE10AA044609920C93E4
:10F48000BB4675B91020FCF7A9FE0246606220B9A0
:10F49000A74BEA21A74801F031FEC0E901550560FC
:10F4A000C560636A196851B15A684A600123934084
:10F4B0008B60204601F088F9636A00221A603B1EC7
:10F4C000AABF002323F0004BC8F800309A4BBCBF02
:10F4D0000122C8F8002033EA0B031BD10C9A42F238
:10F4E0000F731360CBF31303334300F09285219B1A
:10F4F00063B9924B22E0924B01930833219A136037
:10F50000019813B0BDEC048BBDE8F08F8B4B0193D9
:10F510000333F3E70022002350465946EBF786FAFF
:10F520004BEC19AB804658B10C9A01231360219B18
:10F53000002B00F06B8583481860431E0193DFE7C2
:10F540004BEC10AB10AA11A9204601F0EBFCCBF359
:10F550000A5508EE100A002D00F0848019EE903A4A
:10F56000C3F3130343F07F57564647F44017A5F201
:10F57000FF35CDF83880744B002230463946EAF723
:10F5800035FE65A3D3E90023EAF7E8FF64A3D3E9D6
:10F590000023EAF72DFE064628460F46EAF774FFD9
:10F5A00061A3D3E90023EAF7D9FF02460B463046B0
:10F5B0003946EAF71DFE06460F46EBF77FFA0022B2
:10F5C0000090002330463946EBF73AFA50B10098E4
:10F5D000EAF75AFF32463B46EBF728FA10B9009B90
:10F5E000013B0093009B162B5AD8009A574B03EB14
:10F5F000C203D3E9002351EC190BEBF721FA0028E1
:10F6000050D0009B013B009300230B93109B5D1B8C
:10F610006B1E059345BFC5F101030493002300232E
:10F620004CBF05930493009B002B3DDB059B009A88
:10F630000A921344059300230793069B092B00F2BB
:10F640008980052BC4BF043B0693069BA3F10203EC
:10F65000CCBF00250125032B00F28780DFE803F0F3
:10F660002D3A3859DDE910531D4405F23243202B61
:10F67000C1BFC3F1400305F212400BFA03F326FAAF
:10F6800000F0DABFC3F1200306FA03F01843EAF7EB
:10F69000EBFE01230646A1F1F877013D0E936AE7E0
:10F6A0000123B2E70B90B1E7049B009A9B1A0493E5
:10F6B0005342079300230A93BFE700230893099B53
:10F6C000002B55DC0123CDE902331A4609920CE0E8
:10F6D0000123F3E70023099A0893009B1344029344
:10F6E0000133012B0393B8BF0123606A00224260FB
:10F6F000042202F114069E4241683DD9204601F0E1
:10F7000023F8019000283BD1114B02464FF4D571EC
:10F71000C0E60123DFE700BF61436F63A787D23FE5
:10F72000B3C8608B288AC63FFB799F501344D33FF0
:10F73000CD7C0208E47C02080000F07FC97C02084E
:10F74000C07C0208891E02080000F83FB87E02084B
:10F75000617D020801250023069308954FF0FF33D1
:10F76000CDE9023300221223B0E701230893F5E725
:10F77000099BCDE90233B8E7013141605200B8E797
:10F78000636A019A1A60039B0E2B00F29D80002D84
:10F7900000F09A80009B002B32DDB74A03F00F0384
:10F7A00002EBC303D3E90089009BD8054FEA231776
:10F7B00016D5B24B51EC190BD3E90823EAF7F8FF41
:10F7C00007F00F0782468B460325AC4E57B94246D9
:10F7D0004B4650465946EAF7EBFF82468B4628E0F7
:10F7E0000225F2E7F90708D540464946D6E9002345
:10F7F000EAF7B4FE0135804689467F100836E5E712
:10F8000000F09B80009B9D4F5E429B4B06F00F02D9
:10F8100003EBC203D3E9002351EC190BEAF79EFE78
:10F82000361182468B4600230225002E7AD1002B0A
:10F83000D3D10B9B002B00F08280914B00225046CD
:10F840005946EBF7FDF8002879D0039B002B76D0C2
:10F85000029B002B36DD009B504659465F1E00225E
:10F86000884BEAF77BFE029E82468B46013528468E
:10F87000EAF70AFE52465B46EAF770FE824B002228
:10F88000EAF7B6FCD046D9468246A1F1507B002E5D
:10F8900058D17E4B002240464946EAF7A7FC524623
:10F8A0005B4680468946EBF7E9F8002840F09582F0
:10F8B00052460BF1004340464946EBF7C1F8002899
:10F8C00040F089825BEC19AB119B002BC0F24881A0
:10F8D000009A0E2A00F34481674B03EBC203D3E97D
:10F8E0000089099B002B80F2D580039B002B00F33D
:10F8F000D18040F06F82654B002240464946EAF7CE
:10F900002DFE52465B46EBF7AFF8039E37460028C4
:10F9100040F04582019D312305F8013B009B0133F6
:10F92000009340E2F20705D5D7E90023EAF716FE77
:10F93000013501237610083777E7022579E7009F24
:10F94000039E94E701994C4B31440D91089903EBC8
:10F95000C60353E90223002943D04D490020EAF7AA
:10F9600027FF52465B46EAF741FC019D82468B46E3
:10F9700049464046EBF7A2F80646EAF785FD0246FF
:10F980000B4640464946EAF731FC303605F8016B34
:10F9900052465B4680468946EBF752F8002863D111
:10F9A00042464B4636490020EAF720FC52465B4669
:10F9B000EBF746F8002840F0B5800D9B9D4281D0C2
:10F9C000304B002250465946EAF7C8FD2D4B82467F
:10F9D0008B46404649460022EAF7C0FD80468946EC
:10F9E000C6E750465946EAF7B9FD0D9B019D0F93B6
:10F9F00082468B4649464046EBF760F80646EAF7F2
:10FA000043FD303602460B4640464946EAF7EEFBD8
:10FA100005F8016B0D9B9D42804689464FF0000220
:10FA200024D11B4B50465946EAF7E2FB02460B46EF
:10FA300040464946EBF722F8002873D152465B4610
:10FA400013490020EAF7D2FB02460B4640464946DE
:10FA5000EAF7F6FF00283FF435AF0F9D6B1E0F93BA
:10FA600015F8013C302BF8D0009749E0054BEAF738
:10FA700075FD80468946BDE7B87E0208907E020883
:10FA80000000F03F0000244000001C400000144033
:10FA90000000E03F019D56465F4642464B463046D9
:10FAA0003946EAF785FEEBF709F88246EAF7ECFCFF
:10FAB00042464B46EAF752FD02460B46304639466F
:10FAC0000AF13006EAF792FB05F8016B019E039FED
:10FAD000AE1BB74202460B4635D1EAF789FB4246D8
:10FAE0004B4606460F46EAF7C9FFD0B942464B4699
:10FAF00030463946EAF79AFF10B11AF0010F10D1DB
:10FB0000204618EE101A00F05FFE002300982B70BC
:10FB10000C9B01301860219B002B3FF4F1AC1D6061
:10FB2000EEE4009F2B461D4613F8012D392A06D11D
:10FB3000019A9A42F7D10199302201370A701A7856
:10FB400001321A7090E7A64B0022EAF707FD002267
:10FB5000002306460F46EAF769FF00289DD0CFE74D
:10FB6000089A002A00F0D780069A012A00F3BA808A
:10FB70000E9A002A00F0B28003F23343079E049DE0
:10FB8000049A1A440492059A01211A4420460592C7
:10FB900000F01CFF0746002D0CDD059B002B09DD46
:10FBA000AB42049AA8BF2B46D21A0492059AED1ACA
:10FBB000D31A0593079B1BB3089B002B00F0AF8063
:10FBC000002E13DD39463246204600F0BFFF18EE06
:10FBD000102A01460746204600F00EFF18EE101AC4
:10FBE0008046204600F0F0FD08EE108A079B9A1B25
:10FBF00006D018EE101A204600F0A8FF08EE100AF2
:10FC00000121204600F0E2FE0A9B002B064640F34D
:10FC100088801A460146204600F098FF069B012B7B
:10FC2000064640F381804FF00008336906EB8303FA
:10FC3000186900F07BFEC0F12000059B184410F00D
:10FC40001F0000F09280C0F12003042B40F38A8053
:10FC5000C0F11C00049B03440493059B034405442A
:10FC60000593049B002B07DD18EE101A1A46204658
:10FC700000F0C6FF08EE100A059B002B05DD31469B
:10FC80001A46204600F0BCFF06460B9B002B6ED0A8
:10FC900018EE100A314601F023F8002867DA009BBD
:10FCA000013B18EE101A00930A220023204600F0B0
:10FCB000ADFD089B08EE100A002B00F0B181002377
:10FCC00039460A22204600F0A1FD029B002B074680
:10FCD00000F38E80069B022B51DC89E0109BC3F160
:10FCE00036034BE7039B5E1E079BB342BFBF079BD8
:10FCF0000796F21A0A9BB6BF9B189E1B0A93039B9A
:10FD0000B8BF0026002BB7BFDDE90323DDE90335CB
:10FD10009D1A002334E7079E049D089F3BE7079A3E
:10FD200067E7069B012B18DCBAF1000F15D1CBF366
:10FD3000130393B92BF000431B0D1B0583B1049BE8
:10FD400001330493059B013305934FF001080A9B8F
:10FD5000002B7FF46AAF01206FE74FF00008F6E751
:10FD60009846F4E73FF47DAF18461C3072E7039BDA
:10FD7000002B37DC069B022B34DD039B0293029B96
:10FD80006BB931460522204600F040FD014606468B
:10FD900018EE100A00F0A4FF00283FF7BBAD099B46
:10FDA000019DDB4300934FF000083146204600F0F0
:10FDB0000BFD002F3FF4A4AEB8F1000F05D0B845FD
:10FDC00003D04146204600F0FFFC3946204600F0B3
:10FDD000FBFC95E600263746E1E70097374699E5B4
:10FDE00000002440089B002B00F0CA80039B029374
:10FDF000002D05DD39462A46204600F001FF074662
:10FE0000B8F1000F5BD07968204600F09DFC0546F4
:10FE100028B9874B024640F2EA21FFF73BBB3A691B
:10FE20000232920007F10C010C30FDF7F3FE0122C3
:10FE30002946204600F0E4FE019B03F10109DDE9BB
:10FE40000123134405930AF00103B84604930746BF
:10FE5000314618EE100AFFF777FA4146029000F19A
:10FE6000300A18EE100A00F03BFF3A460390314684
:10FE7000204600F051FFC26809F1FF3B054602BB76
:10FE8000014618EE100A00F02BFF024629462046D4
:10FE9000079200F099FCDDE9063243EA0201049B77
:10FEA0000B434D460FD1BAF1390F2AD0039B002BDB
:10FEB00002DD029B03F1310A8BF800A075E738469A
:10FEC000BAE70122E2E7039B002B04DB06990B4310
:10FED00004990B4322D1002AEEDD18EE101A0122FC
:10FEE000204600F08DFE314608EE100A00F0F8FEC4
:10FEF000002803DCE0D11AF0010FDDD0BAF1390F90
:10FF0000D7D139238BF800302B461D46013B15F81D
:10FF1000012C392A71D001321A7046E7002A07DD18
:10FF2000BAF1390FEDD00AF101038BF800303CE74C
:10FF3000059B09F801AC994547D018EE101A00232B
:10FF40000A22204600F062FCB84508EE100A4FF085
:10FF500000034FF00A024146204606D100F056FC4D
:10FF60008046074609F1010972E700F04FFC394667
:10FF7000804600230A22204600F048FC0746F1E7AD
:10FF8000039B0293019D18EE100A3146FFF7DCF93E
:10FF900000F1300A019B05F801ABEA1A029B93427B
:10FFA00009DD18EE101A00230A22204600F02EFC6C
:10FFB00008EE100AE7E7029B002BC8BF1D46019B15
:10FFC000D8BF01251D444FF0000818EE101A012279
:10FFD000204600F015FE314608EE100A00F080FEC3
:10FFE000002891DC02D11AF0010F8DD12B461D465D
:10FFF00013F8012D302AFAD0D7E6019A9A4284D11B
:020000040802F0
:10000000009B0133009331231370CEE6094BFFF7B9
:1000100095BA219B002B7FF46EAA074BFFF78EBA8F
:10002000029B002BAEDC069B022B3FF7A8AEA9E794
:10003000617D0208881E0208C07C02080369B3EBD8
:10004000611F2DE9F0434FEA611200F1140445DD10
:1000500011F01F0104EB830604EB82050CD100F1C3
:1000600010072946B14234D39B1A9B00EA1E9642E0
:1000700038BF0023234415E054F82270C1F1200852
:10008000CF4005F1040EA1467645F44615D89A1ADC
:100090009200043A0135AE4238BF0022A318A7509F
:1000A00007B104331A1BA3424FEAA20208BF002380
:1000B000026108BF4361BDE8F083DCF800C00CFAC0
:1000C00008FC4CEA070749F8047B5EF8047BCF4044
:1000D000DAE751F804CB47F804CFC3E72346E1E75A
:1000E000A0F13003092B02D82038C0B27047A0F12C
:1000F0006103052B01D84738F7E7A0F14103052B31
:1001000001D82738F1E70020704700002DE9F04FB3
:100110002DED028B89B008EE100A0493B44B1B68D6
:10012000019318468B469046EBF7F6F8019BDBF8F7
:1001300000200344824613F8013C0593931CC2F14E
:10014000FF2202F57F02FE32D1181F4613F8010B81
:1001500000913028F8D0FFF7C3FF044600283AD1B9
:10016000019952463846FEF711FA0546002868D133
:1001700017F80A0007EB0A06FFF7B2FF002862D063
:100180003346187830281F4603F10103F9D0FFF7F2
:10019000A7FF0123B0FA80F46409354600933A467C
:1001A000164601323078FFF79BFF0028F8D10199FD
:1001B00052463046FEF7EAF980B94DB906EB0A051A
:1001C0002A46164601323078FFF78AFF0028F8D118
:1001D000AD1BAD0004E000242546E0E7002DF7D17B
:1001E000337803F0DF03502B3BD173782B2B2CD0CB
:1001F0002D2B2ED0711C4FF000090878FFF770FFEF
:10020000431EDBB2182B2CD8A0F1100211F8010FFD
:10021000FFF766FF431EDBB2182B1DD9B9F1000FA3
:1002200000D052421544CBF80010E4B1009B002BE3
:1002300014BF00270627384609B0BDEC028BBDE885
:10024000F08F3E4625460124CAE74FF00009B11C55
:10025000D3E74FF00109FAE70A2303FB0202103A41
:10026000D4E73146DFE7F31B013B2146072B0BDCCC
:1002700018EE100A00F068FA044640B95D4B0246D9
:10028000DE215D4800F03AFF01315B10EEE700F13E
:1002900014094FF0000BCAF10103CDF80890CDF816
:1002A00000B00693B74240D30298009B40F8043B4D
:1002B000A0EB0900801046012061184600F036FBD3
:1002C000301AD8F80060B04263DD871B39462046FB
:1002D00000F0DCFE8246A8B17B1E591103F01F021C
:1002E00059F821104FF0010A0AFA02F20A4209D025
:1002F000534505DDB91E204600F0C8FE002845D153
:100300004FF0020A39462046FFF798FE3D44D8F8E0
:100310000830AB424CDA18EE100A214600F054FACD
:10032000149A00231360A32785E7731E059A03938D
:1003300016F8013C934219D0BBF1200F07D1029B64
:10034000009A43F8042B0293002300939B4616F86F
:10035000010CFFF7C5FE009B00F00F0000FA0BF048
:10036000034300930BF1040B039B0DE0039B069AE0
:100370001344BB42E0D31846019907935246FEF757
:1003800005F9079B0028D7D11E468BE74FF0030ADB
:10039000B8E70ADA371A214618EE100A3A4600F092
:1003A0002FFCED1B044600F114094FF0000AAEE7E4
:1003B000D8F80400A84272DD451BAE4236DCD8F8FE
:1003C0000C30022B2AD0032B2CD0012B1CD1AE4297
:1003D0001AD1012E12D1049AD8F8043013600123E7
:1003E0002361C9F80030149B62271C6023E700BF1B
:1003F000FC7D0208617D0208747D0208711E2046A2
:1004000000F044FE0028E6D118EE100A214600F064
:10041000DBF9149A0023136050270CE7159B002B7F
:10042000F2D1D8E7159B002BD5D1EDE76F1EBAF1BD
:10043000000F31D127B13946204600F027FE824611
:100440007B11012159F8233007F01F0701FA07F744
:100450001F422946204618BF4AF0020A761BFFF7C2
:10046000EDFDD8F804500227BAF1000F48D0D8F8B3
:100470000C30022B15D0032B17D0012B09D11AF009
:10048000020F06D0D9F800004AEA000A1AF0010F5C
:100490000ED147F0100733E04FF0010AD0E70127F3
:1004A000E2E7159BC3F101031593159B002BF0D0D8
:1004B000D4F810B004F114034FEA8B0A03EB8B015C
:1004C0004FF0000C184653F8042BB2F1FF3F1CD03C
:1004D00001320260022F04F114033FD1D8F800204A
:1004E000013AB2420AD17111012253F8213006F0CB
:1004F0001F0602FA06F61E4218BF174647F02007ED
:10050000149B1C60049B1D6095E6994243F804CC43
:10051000D8D8A3689B4519DB616818EE100A013131
:1005200000F012F9814618B91A4B02468421A8E658
:100530002269023204F10C0192000C30FDF76AFBD3
:10054000214618EE100A00F03FF94C4623695A1C68
:1005500004EB8303226101225A61BBE722695A45F9
:100560000BDD01212046FFF769FDD8F80830013581
:10057000AB42FFF6D0AE0127C0E716F01F06FAD057
:100580005344C6F1200653F8040C00F0CFF9B042F2
:10059000E7DBF0E7617D0208C2F10802920070B566
:1005A000C2F120064368046803FA06F52C43D340E1
:1005B000046040F8043F8842F4D370BD30B503684E
:1005C000013311F8014B14B90360012030BD13F859
:1005D000012BA2F14105192D98BF2032A242F0D083
:1005E0000020F3E72DE9F04F0B685E1102EB860661
:1005F00013F01F0387B018BF04360025371F90463D
:1006000002680193824646F8045CB9463C4602956E
:10061000AB465178531C039341B3084605920491AD
:10062000FFF75EFD00284FD10499059A202918D8BC
:10063000029B9B4513DD4C4506D2072D04DC2A4660
:1006400049462046FFF7A8FF444550D90023A4F1AE
:10065000040944F8043CCDF808B04C461D46039A02
:10066000D7E7292956D10232CAF80020BBF1000F82
:1006700050D04C4506D2072D04DC2A464946204678
:10068000FFF78AFF444534D9A8F10402234653F802
:10069000041B42F8041F9F42F9D23B1B23F00303C3
:1006A00004330134033EB44288BF04234344002290
:1006B00043F8042B9F42FBD23B681BB9474527D127
:1006C00001233B60052026E00135082D0BF1010BCD
:1006D00006DD4445C3D9002344F8043C0125043C0D
:1006E000226800F00F0040EA02122260B7E70825F6
:1006F000B5E7019B002BDFD04FF0FF32C3F12003A1
:1007000022FA03F356F8042C1A4046F8042CD3E7D7
:10071000043FD1E7042007B0BDE8F08F00487047E0
:10072000740F002082B001B901A942B14BB1137816
:100730000B601278101E18BF012002B070471046DF
:10074000FBE76FF00100F8E770B5466A04460D4616
:1007500076B91020FBF742FD0246606220B9184BC3
:100760001848662100F0CAFCC0E901660660C66050
:10077000666AF36883B1636ADB6853F82500B8B929
:10078000012101FA05F6721D92002046FBF796FD45
:1007900060B1C0E901560EE0212204212046FBF79A
:1007A0008DFD636AF060DB68002BE4D1002070BD32
:1007B000026843F825200023C0E90333F7E700BFB0
:1007C000CD7C0208107E020870B5466A05460C46CC
:1007D00076B91020FBF702FD0246686220B9094B8A
:1007E00009488A2100F08AFCC0E901660660C660FB
:1007F0003CB16B6A6268DB6853F82210216043F8F1
:10080000224070BDCD7C0208107E02082DE9F04127
:100810000D6907460C461E4601F1140C0020DCF859
:10082000003099B202FB01611E0C0B0C02FB063377
:1008300089B2013001EB034185424CF8041B4FEAB9
:100840001346ECDC0EB3A368AB4219DC6168384692
:100850000131FFF779FF804628B902460C4B0D485D
:10086000B52100F04BFC2269023204F10C01920028
:100870000C30FDF7CFF921463846FFF7A5FF444677
:1008800004EB850301355E6125612046BDE8F081FA
:10089000617D0208107E02082DE9F8430C461546DA
:1008A0001F4609220833064693FBF2F3002101227A
:1008B0009A4209DB3046FFF747FF40B90246194B21
:1008C0001948CE2100F01AFC52000131F0E7089BD4
:1008D0004361092D4FF00103036116DD04F109099D
:1008E000C8462C4418F8013B0146303B0A223046EA
:1008F000FFF78CFFA045F5D1A5F108044C442D1B52
:100900006319BB4204DBBDE8F8830A340925F6E726
:1009100014F8013B0146303B0A223046FFF776FFD0
:10092000EEE700BF617D0208107E0208030C1B0485
:10093000D3B90004102310F07F4F04BF0002083326
:1009400010F0704F04BF0001043310F0404F04BF9B
:1009500080000233002805DB10F0804F03F1010313
:1009600008BF2023184670470023E4E7036813F00C
:10097000070201460BD0DA0723D4980749BF5B086A
:100980009B0801200B605CBF0B600220704798B28F
:10099000A8B91B0C1020DAB20AB908301B0A1A07D2
:1009A00004BF1B0904309A0704BF9B080230DA0712
:1009B00003D45B0800F1010005D00B6070471046BE
:1009C000E9E70020704720207047000010B50C4672
:1009D0000121FFF7B9FE024628B9054B05484FF43F
:1009E000A07100F08BFB01234461036110BD00BFC7
:1009F000617D0208107E02082DE9F04F91460A69D8
:100A0000D9F810309A42B8BF0B460C46BCBF4C46D2
:100A100099462769D9F810A0A368616807EB0A0610
:100A2000B34285B0B8BF0131FFF78EFE30B9024640
:100A3000444B454840F25D1100F060FB00F11405A5
:100A400005EB86082B460022434521D304F114030D
:100A500003EB870709F1140303EB8A0202923A1BA6
:100A6000153A22F00302043204F115018F4238BF17
:100A700004220192029A03939A420CD8002E03DDBD
:100A800058F8043D002B5AD0066105B0BDE8F08F40
:100A900043F8042BD8E7B3F800A0BAF1000F24D034
:100AA00004F1140EA9464FF0000C5EF8042BD9F89F
:100AB00000101FFA82FB89B20AFB0B114FEA124B9E
:100AC000D9F8002061444FEA124C0AFB0BC202EB3A
:100AD000114289B241EA0241774549F8041B4FEAC5
:100AE000124CE2D8019A45F802C0039AB2F802907B
:100AF0000433B9F1000F20D0296804F1140CAE467C
:100B00004FF0000ABCF800B0BEF8022009FB0B222F
:100B1000924489B241EA0A414EF8041B5CF8042B66
:100B2000BEF80010120C09FB021101EB1A416745D7
:100B30004FEA114AE6D8019AA95004359AE7013ED6
:100B40009CE700BF617D0208107E02082DE9F84392
:100B5000154612F0030206460F4607D0254C013A0F
:100B6000002354F82220FFF751FE0746AD103DD078
:100B7000746A7CB91020FBF731FB0246706228B919
:100B80001D4B1E484FF4D77100F0B8FAC0E901447C
:100B90000460C460D6F82480D8F808404CB940F20C
:100BA00071213046FFF712FF0023C8F80800044601
:100BB00003604FF00009EB070AD53946224630465C
:100BC000FFF71AFF394680463046FFF7FDFD4746DE
:100BD0006D100BD0206838B9224621463046FFF709
:100BE0000BFF2060C0F800900446E4E73846BDE8FB
:100BF000F88300BF807F0208CD7C0208107E0208C7
:100C00002DE9F0470C464968236903EB6218A36895
:100C1000074691464FEA621A08F10106B3420BDB20
:100C20003846FFF791FD054648B902462A4B2B4846
:100C300040F2D91100F062FA01315B00EEE70023C7
:100C400000F1140100F110021846534537DB20690A
:100C50002AEAEA7A04F1140319F01F0901EB8A0168
:100C600003EB80002FD0C9F1200E8A464FF0000C14
:100C70001A6802FA09F242EA0C024AF8042B53F805
:100C8000042B984222FA0EFCF2D8031B153B23F0EA
:100C90000303043304F11502904238BF042341F8E2
:100CA00003C0BCF1000F01D008F10206013E384636
:100CB0002E612146FFF788FD2846BDE8F08742F8FF
:100CC000040F0133C1E7043953F8042B41F8042F12
:100CD0009842F9D8EAE700BF617D0208107E020859
:100CE00030B502690C69121B0ED100F114031431E6
:100CF00003EB840001EB840150F8045D51F8044DCE
:100D0000A54203D005D30122104630BD8342F3D360
:100D1000FAE74FF0FF32F7E72DE9F84F0C460646A9
:100D2000114620469046FFF7DBFF051E10D12946ED
:100D30003046FFF709FD30B93A4B024640F2322106
:100D4000394800F0DBF90123C0E90435BDE8F88F2C
:100D5000A4BF4346A0463046D8F80410A6BF1C46A0
:100D600000250125FFF7F0FC20B92E4B02464FF479
:100D70001071E5E7D8F810702669C56004F1140910
:100D800008F1140500F1140E05EB870C09EB86063B
:100D900008F11002F246002159F8043B52F804BF52
:100DA0001FFA83F811FA8BF11B0CA1EB0808C3EBB7
:100DB0001B4303EB28431FFA88F819144E4548EAF1
:100DC00003434AF8043BE7D8331B153B23F00303E6
:100DD00004331534A64238BF04231D4473449E4691
:100DE0002E4666450ED30CF10302521B22F003027D
:100DF000033DAC4538BF00221A4452F8043D7BB194
:100E00000761A3E756F8048B11FA88F2141404EB77
:100E1000184492B242EA04424EF8042B2114E0E74F
:100E2000013FEAE7617D0208107E020882B08DED85
:100E3000000B019B12491940A1F15071002905DDF9
:100E400000220B4643EC102B02B070474942B1F12F
:100E5000A07F4FEA21504FF000024FF0000304DA68
:100E60004FF4002141FA00F3ECE7A0F114011E2930
:100E7000DABF4FF0004020FA01F101210A46E1E714
:100E80000000F07FF8B5056900F1140707EB850550
:100E90002E1F55F8044C2046FFF748FDC0F12003F3
:100EA0000A28DFF87CC00B6014DCC0F10B0E24FABA
:100EB0000EF1B74241EA0C0334BF55F8081C00217B
:100EC000153004FA00F021FA0EF140EA010243EC79
:100ED000102BF8BDB7423ABF55F8081CA5F108061B
:100EE00000210B3817D0C0F1200C04FA00F5BE42E7
:100EF00021FA0CF445EA04058CBF56F8044C002492
:100F000045F07F5301FA00F024FA0CF443F4401347
:100F100040EA0402DBE744EA0C030A46D7E700BFD5
:100F20000000F03F2DE9F7438946012157EC106B93
:100F30009046FFF709FC044630B90246254B264887
:100F400040F20A3100F0DAF8C7F30A55C7F3130389
:100F500035BB002E019328D068460096FFF706FDAA
:100F6000009900B3019AC0F1200302FA03F30B4386
:100F7000C24063610192019BA361002B14BF022256
:100F800001222261D5B1A5F233450544C9F80050CC
:100F9000C0F13500C8F80000204603B0BDE8F0837A
:100FA00043F48013D5E76161E5E701A8FFF7DEFCB4
:100FB000019B6361012222612030E3E704EB82039D
:100FC000A0F23240C9F800001869FFF7AFFCC0EB8F
:100FD0004210DFE7617D0208107E02082DE9F74F1D
:100FE000884669468146FFF74DFF01A9404655EC0A
:100FF000104BFFF747FFD9F81030D8F81020A3EBBB
:10100000020CDDE900329B1A03EB4C1351EC100B80
:10101000002BD6BF0A462A46C3EB03338B462F4626
:10102000D4BF02EB035B02EB0357204610EE102AFD
:101030005B463946E9F7BCFB41EC100B03B0BDE859
:10104000F08F0000013970B549111469013102F1C6
:10105000140300EB810103EB8404051FA3420CD3AE
:10106000A31A113B23F003031132A24288BF0023CD
:1010700018440023884205D370BD53F8046B45F82B
:10108000046FEBE740F8043BF4E7000000F11402C2
:1010900000694B11984210B511DB0ADD11F01F01F8
:1010A00007D052F8234024FA01F000FA01F18C42F3
:1010B0000BD102EB8303934203D8002010BD0346FB
:1010C000F7E753F8041D0029F5D00120F6E70000EA
:1010D0009FED010B704700BF000000000000F87F8B
:1010E00049B1FF2A85BF8A2303600A704FF0FF30A1
:1010F00098BF012070470846704700001FB514468E
:101100001A46094B1B680546D8684CB1074B00913D
:10111000CDE9013406492B4600F00EF800F038FA0C
:10112000044B1C46F3E700BF1C0E00208C7F020816
:10113000997F0208062102080EB403B5014603ABED
:10114000054853F8042B0068019300F031F802B011
:101150005DF804EB03B070471C0E00209368013B60
:10116000002B10B4936008DA9469A34201DB0A29CA
:1011700003D15DF8044B00F04BB91368581C1060A4
:10118000197008465DF8044B70470000F8B5064634
:101190000F461446D518AC4201D1002007E014F8E0
:1011A000011B3A463046FFF7D9FF431CF3D1F8BD87
:1011B0002DE9F04F0D469DB014469846064618B1ED
:1011C00083690BB900F006FB894B9D421BD1756802
:1011D0006B6ED90705D4AB899A0502D4A86D00F0CF
:1011E00099FBAB891B0701D52B69EBB92946304622
:1011F00000F060F9C0B16B6EDC070ED54FF0FF3028
:101200001DB0BDE8F08F7B4B9D4201D1B568DFE793
:10121000794B9D4208BFF568DAE7AB899805EDD4B4
:10122000A86D00F079FBE9E70023099320238DF8EE
:101230002930CDF80C803023DFF8C0818DF82A30BA
:101240004FF0010923469A4613F8012B0AB1252ACB
:10125000F9D1BAEB040B0BD05B4622462946304647
:10126000FFF794FF013000F0AA80099A5A440992CE
:101270009AF80030002B00F0A28000234FF0FF32DC
:10128000CDE905230AF1010A049307938DF8533041
:101290001A935446052214F8011B5848EAF744F8FB
:1012A000049AD8B9D10644BF20238DF853301307D0
:1012B00044BF2B238DF853309AF800302A2B15D0D9
:1012C000079A544600204FF00A0C214611F8013BC2
:1012D000303B092B4ED9B0B1079214E0A0EB0803C4
:1012E00009FA03F313430493A246D2E7039B191DA3
:1012F0001B680391002BBBBF5B4242F002020793C5
:101300000793B8BF049223782E2B0CD163782A2B35
:1013100035D1039B1A1D1B680392002BB8BF4FF0F9
:10132000FF3302340593DFF8E4A02178032250460E
:10133000E9F7FAFF40B14023A0EB0A0003FA00F0FE
:10134000049B03430134049314F8011B2C488DF8CB
:1013500028100622E9F7E8FF00283FD0294B1BBBE5
:10136000039B073323F0070308330393099B3B4494
:10137000099367E70CFB02320C460120A5E7002326
:101380000134059319464FF00A0C204610F8012B42
:10139000303A092A03D9002BC5D00591C3E70CFBCD
:1013A000012104460123F0E703AB00932A46164BC4
:1013B00004A93046FCF7E4FC0746781CD6D16B6ED6
:1013C000D90705D4AB899A0502D4A86D00F0A4FA18
:1013D000AB895B063FF512AF099811E703AB0093A9
:1013E0002A46094B04A93046FCF76EFFE4E700BF2C
:1013F000FC7F02081C800208DC7F0208C87F02080C
:10140000D27F020881DD01088D110208CE7F02081B
:10141000F8B50E461446054618B183690BB900F0BD
:10142000D9F9214B9C422BD16C68A369A360A38995
:101430001A072FD523696BB323692068C01A636923
:10144000F6B28342374604DC2146284600F02EF9E6
:1014500030BBA368013BA36023685A1C22601E7046
:1014600063690130834204D0A389DB0706D50A2EC5
:1014700004D12146284600F019F988B93846F8BD4C
:101480000A4B9C4201D1AC68CFE7094B9C4208BF94
:10149000EC68CAE72146284600F00CF80028CBD0BB
:1014A0004FF0FF37EAE700BFFC7F02081C8002080C
:1014B000DC7F0208324B70B51D6806460C4625B12C
:1014C000AB6913B9284600F085F92E4B9C420FD129
:1014D0006C68A389B4F90C2019072CD4DD0611D44B
:1014E0000923336042F04003A3814FF0FF303EE018
:1014F000254B9C4201D1AC68EBE7244B9C4208BFD2
:10150000EC68E6E7580712D5616B41B104F144037A
:10151000994202D03046FAF7D9FE00236363A389CB
:1015200023F02403A3810023636023692360A3893C
:1015300043F00803A38123694BB9A38903F4207303
:10154000B3F5007F03D02146304600F00DFAA089A4
:10155000B4F90C2010F001030AD00023A3606369E2
:101560005B42A361236943B910F08000BAD170BD1A
:10157000810758BF6369A360F4E70020F7E700BF65
:101580001C0E0020FC7F02081C800208DC7F020881
:1015900008B5062000F050FA0120FAF7D9FC000047
:1015A0008A892DE9F041054610070C4658D44B684E
:1015B000002B05DC0B6C002B02DC0020BDE8F08169
:1015C000E66A002EF9D0002312F480522F682B60B7
:1015D00032D0606DA3895A0705D56368C01A636B62
:1015E0000BB1236CC01A00230246E66A216A284622
:1015F000B047431CA38906D129681D292CD82A4A43
:10160000CA40D60728D500226260D9042269226028
:1016100004D5421C01D12B6803B96065616B2F6052
:101620000029CAD004F14403994202D02846FAF7AF
:101630004DFE00206063C1E7216A01232846B047C0
:10164000411CC7D12B68002BC4D01D2B01D0162BF9
:1016500001D12F60B1E7A38943F04003A381ADE737
:101660000F69002FA9D093070E6808BF4B690F6060
:1016700018BF0023A6EB07088B60B8F1000F9CDDB4
:10168000216AA66A43463A462846B047002806DC47
:10169000A38943F04003A3814FF0FF308EE7074456
:1016A000A8EB0008E9E700BF0100402038B50B694E
:1016B00005460C4613B90025284638BD18B1836984
:1016C0000BB900F087F8144B9C421BD16C68B4F93D
:1016D0000C30002BEFD0626ED00704D4990502D4F1
:1016E000A06D00F017F928462146FFF759FF636EF9
:1016F000DA070546E0D4A3899B05DDD4A06D00F090
:101700000BF9D9E7054B9C4201D1AC68DFE7044BEC
:101710009C4208BFEC68DAE7FC7F02081C800208E4
:10172000DC7F0208002310B50446C0E90033C0E99D
:101730000433836081814366C28183611946082234
:101740005C30FCF775FA054B6362054BA362054BF1
:10175000E362054B2462236310BD00BF711A0208C7
:10176000951A0208CD1A0208F11A0208014900F080
:10177000AFB800BFAD16020870B568224D1E5543C4
:101780000E4605F17401FAF79DFD044640B10021B3
:10179000C0E900160C30A06005F16802FCF748FAB9
:1017A000204670BD014800F0B5B800BFE06B0020D6
:1017B000014800F0B1B800BFE06B0020014800F024
:1017C000A9B800BFE16B0020014800F0A5B800BF38
:1017D000E16B002010B50446FFF7F0FFA3691BB1D1
:1017E000BDE81040FFF7F0BFC4E912332365134B87
:1017F000134A1B68A262A34204BF0123A3612046CF
:1018000000F020F86060204600F01CF8A060204640
:1018100000F018F80022E06004216068FFF782FF02
:10182000A06801220921FFF77DFFE0680222122152
:10183000FFF778FF0123A361D2E700BF3C7B0208DA
:101840006D170208F8B50746FFF7ACFF1E4B1E6880
:10185000B36913B93046FFF7BDFF4836D6E9013406
:10186000013B03D533680BB33668F7E7B4F90C5086
:10187000D5B9164BE36004F15800656600F048F8EE
:10188000FFF796FFC4E90155C4E904552560A56139
:101890000822294604F15C00FCF7CAF9C4E90D5599
:1018A000C4E912552046F8BD6834D9E7042138460A
:1018B000FFF762FF044630600028D5D1FFF778FFBC
:1018C0000C233B60EEE700BF3C7B02080100FFFFFA
:1018D0002DE9F8430646884600F148040027D4E97C
:1018E0000195B9F1010905D52468002CF7D13846D6
:1018F000BDE8F883AB89012B07D9B5F90E30013368
:1019000003D029463046C04707436835E9E7000061
:1019100070470000704700007047000070B50E4629
:10192000B1F90E10002996B014461D4608DAB6F932
:101930000C3000222A601A0610D44FF480630EE0A7
:101940006A4600F0FBF80028F1DB019A02F47042CD
:10195000A2F500535A425A412A60EEE74023002084
:10196000236016B070BD00008B8973B59D070646D5
:101970000C4607D504F1470323602361012363610B
:1019800002B070BD01AB6A46FFF7C8FF009905467B
:101990003046FAF797FC48B9B4F90C309A05EFD401
:1019A00023F0030343F00203A381E3E70D4BB3628B
:1019B000A389206043F08003A381009B6361019BA6
:1019C00020615BB1B4F90E10304600F0C9F828B1BF
:1019D000A38923F0030343F00103A381A0890543F6
:1019E000A581CDE76D1702081F2938B504460D46BD
:1019F00004D9162303604FF0FF3038BD426C12B19A
:101A000052F821304BB9204600F030F82A46014602
:101A10002046BDE8384000F017B8012B0AD0591C09
:101A200003D1162303600120E7E7002442F8254094
:101A3000284698470020E0E7024B01461868FFF768
:101A4000D3BF00BF1C0E002038B5074D002304464D
:101A5000084611462B60FAF77FFA431C02D12B6827
:101A600003B1236038BD00BFE46B0020FAF76EBA03
:101A700010B50C46B1F90E1000F094F80028ABBF79
:101A8000636DA3891B1823F48053ACBF6365A381E6
:101A900010BD00002DE9F0411F468B89DB0505468E
:101AA0000C46164605D5B1F90E100223002200F0AF
:101AB00067F8A389B4F90E1023F48053A38132464A
:101AC0003B462846BDE8F04100F016B810B50C467C
:101AD000B1F90E1000F054F8431CA38915BF6065DE
:101AE00023F4805343F48053A38118BFA38110BD16
:101AF000B1F90E1000F012B838B5074D044608468B
:101B0000114600222A601A46FAF714FA431C02D141
:101B10002B6803B1236038BDE46B002038B5064D57
:101B20000023044608462B60FAF708FA431C02D14A
:101B30002B6803B1236038BDE46B002038B5074D36
:101B400000230446084611462B60FAF7F9F9431CB6
:101B500002D12B6803B1236038BD00BFE46B0020C5
:101B600038B5064D0023044608462B60FAF7ECF919
:101B7000431C02D12B6803B1236038BDE46B002005
:101B800038B5074D04460846114600222A601A4619
:101B9000FAF7CEF9431C02D12B6803B1236038BD9C
:101BA000E46B002038B5074D044608461146002274
:101BB0002A601A46FAF7B8F9431C02D12B6803B120
:101BC000236038BDE46B0020000000000B00000023
:101BD000010000009A1E0208080000001300000027
:101BE00004000000D42502081800000019000000BD
:101BF000030000004F25020841505F506172616D83
:101C0000206D7573742062652073696E676C6574EE
:101C10006F6E0041505F5065726970685F46572073
:101C20006D7573742062652073696E676C65746F7F
:101C30006E0000005265626F6F7420616674657299
:101C4000207761746368646F672072657365740AD6
:101C5000000000004953522025752F25750025737B
:101C600020535441434B3D25752F25750A00000034
:101C70004945525220307825782025750000000013
:101C8000464F524D41545F56455253494F4E0043C3
:101C9000414E5F4E4F44450043414E5F42415544E3
:101CA0005241544500464C4153485F424F4F544CBB
:101CB0004F41444552004445425547004252445F1B
:101CC00053455249414C5F4E554D004241524F00E1
:101CD0004241524F5F454E41424C450041525350A4
:101CE00044004D53505F504F52540000801C020876
:101CF000141000200000000000000000020000009E
:101D00008F1C0208161000200000000000000300D5
:101D100002000000981C02081810002000247449DA
:101D20000000040003000000A51C02081D10002094
:101D30000000000000000A0001000000B61C0208BC
:101D40001F10002000000000000012000100000031
:101D5000BC1C02082010002000000000000013003E
:101D600003000000CB1C0208601000205825020868
:101D70000000050006000000D01C02081C10002016
:101D80000000803F00000F0001000000DC1C020882
:101D9000381300204026020800000800060000005A
:101DA000E21C02081E1000200000803F0000180006
:101DB00001000000E82302082410002000000000B9
:101DC00000004F0003000000062102080000000090
:101DD000000000000000000000000000416C6C6F7B
:101DE000636174696F6E20726571756573742066C6
:101DF000726F6D20616E6F7468657220616C6C6FBC
:101E000063617465650A004D69736D617463686927
:101E10006E6720616C6C6F636174696F6E207265B0
:101E200073706F6E73650A004D61746368696E67E5
:101E300020616C6C6F636174696F6E207265737082
:101E40006F6E73653A2025640A0049462564204E6A
:101E50006F646520494420616C6C6F6361746564D4
:101E60003A2025640A00000025732825752900639F
:101E70006F6D2E4265796F6E64526F626F74697810
:101E80002E415541564C3130300000004750535FD1
:101E90005459504500475053315F54595045000044
:101EA000526573746172744E6F64650A00000000BD
:101EB00057616974696E6720666F722064796E611C
:101EC0006D6963206E6F646520494420616C6C6F9E
:101ED000636174696F6E2025782E2E2E2028706F16
:101EE0006F6C202575290A005741524E494E473ADA
:101EF00020454E4C41524745204D454D4F525920AB
:101F0000504F4F4C20287065616B3D256625252973
:101F10000A00656E746572696E67206C6F636B751D
:101F2000700A00656E746572696E67206661756C13
:101F3000740A00466C61736820626F6F746C6F6125
:101F4000646572204F4B0A00426F6F746C6F61645E
:101F5000657220756E6368616E6765640A00466C21
:101F600061736820626F6F746C6F61646572204684
:101F700041494C45440A00000303030302020100E7
:101F800041505F5065726970682056312E392E308D
:101F90002D646576202837396233613762662900FF
:101FA00037396233613762660041505F506572694C
:101FB00070682056312E392E302D646576004368C6
:101FC0006962694F5300346633346532313700003B
:101FD000FB7265767766706100020400090AFFFFF4
:101FE0000109000000000000801F0208A01F020875
:101FF000BFA7B37900000000A91F0208000000007D
:1020000000000000BE1F0208C61F020800000000FA
:1020100000000000CDD600083D370108D5D60008E5
:10202000D9D60008D1D7000821D70008DDD600088E
:10203000E1D60008E5D60008E9D60008EDD600088C
:10204000F1D600083D3701087DD70008F5D6000815
:102050003D3701083D370108000000000000000086
:1020600045D9000849D90008737461636B206F7605
:102070006572666C6F772025730000000000000019
:102080000000000005DD000821DD000891DB0008EC
:10209000A9DB000825DD0008CDDB0008BDDC000859
:1020A000D1DB0008D9DB0008DDDC0008D5DB000847
:1020B000696E66006E616E004261642070617261DB
:1020C0006D65746572207461626C6500556E6B6E2F
:1020D0006F776E20636F6E76657273696F6E2027FF
:1020E0002573270A0042616420636F6E7665727300
:1020F000696F6E207479706520272573270A0000A8
:102100002C203D090D0A0040524541444F4E4C5988
:102110000000000041505F506172616D3A204661DD
:10212000696C656420746F20616C6C6F63617465A9
:10213000206F766572726964657300004545505280
:102140004F4D2066756C6C0A00000000010204040B
:102150000C0000005041524D444546005537F4A054
:10216000385D485B00020000000000000000000035
:10217000000000000000000000000000000000005F
:10218000000000000000000000000000000000004F
:10219000000000000000000000000000000000003F
:1021A000000000000000000000000000000000002F
:1021B000000000000000000000000000000000001F
:1021C000000000000000000000000000000000000F
:1021D00000000000000000000000000000000000FF
:1021E00000000000000000000000000000000000EF
:1021F00000000000000000000000000000000000DF
:1022000000000000000000000000000000000000CE
:1022100000000000000000000000000000000000BE
:1022200000000000000000000000000000000000AE
:10223000000000000000000000000000000000009E
:10224000000000000000000000000000000000008E
:10225000000000000000000000000000000000007E
:10226000000000000000000000000000000000006E
:10227000000000000000000000000000000000005E
:10228000000000000000000000000000000000004E
:10229000000000000000000000000000000000003E
:1022A000000000000000000000000000000000002E
:1022B000000000000000000000000000000000001E
:1022C000000000000000000000000000000000000E
:1022D00000000000000000000000000000000000FE
:1022E00000000000000000000000000000000000EE
:1022F00000000000000000000000000000000000DE
:1023000000000000000000000000000000000000CD
:1023100000000000000000000000000000000000BD
:1023200000000000000000000000000000000000AD
:10233000000000000000000000000000000000009D
:10234000000000000000000000000000000000008D
:10235000000000000000000000000000000000007D
:10236000000000000000000053746F726167654D4B
:10237000616E616765723A2065726173652066619E
:10238000696C65640A000000556E61626C652074BA
:102390006F207365747570206F7074696F6E732031
:1023A000666F722053657269616C25750A000000C2
:1023B000305F4241554400305F50524F544F434FBD
:1023C0004C00315F50524F544F434F4C00315F42ED
:1023D00041554400325F50524F544F434F4C0032EE
:1023E0005F4241554400315F4F5054494F4E5300B6
:1023F000325F4F5054494F4E53005F504153533159
:10240000005F5041535332005F5041535354494D84
:102410004F000000B0230208000000000000E64268
:1024200000000003B723020808000000000000407D
:1024300000000B01C223020814000000000080BF4E
:1024400000000101CD2302080C00000000006442DE
:1024500000000203D423020820000000000080BF17
:1024600000000301DF23020818000000000064429E
:1024700000000403E6230208100000000000000032
:1024800000000E03F02302081C0000000000000002
:1024900000000F03FA2302083000000000000000D3
:1024A000000014010124020831000000000080BF78
:1024B00000001501082402083200000000007041ED
:1024C00000001601062102080000000000000000C4
:1024D0000000FF00546F6F206D616E7920626172A1
:1024E0006F6D657465722064726976657273000041
:1024F000546F6F206D616E79206261726F6D6574CB
:10250000657273000000000000000000FD09010872
:10251000E50901080000000000000000FD090108B5
:10252000FD0F01085F4558545F425553005F5350FB
:1025300045435F47524156005F464C54525F524EEE
:1025400047005F50524F42455F45585400315F4449
:1025500045564944000000002425020855000000AB
:10256000000080BF000007012D250208A400000024
:102570000000803F0008080438250208B40000006D
:102580000000000000000D0142250208B800000014
:102590000000000000000E034D2502083C00000072
:1025A0000000000020000F030621020800000000C8
:1025B000000000000000FF0000000000000000001C
:1025C00000000000000000003D370108590E01081E
:1025D0005D0E01085053495F52414E4745005F0070
:1025E00041505F4169727370656564206D757374E5
:1025F0002062652073696E676C65746F6E00000001
:10260000546F6F206D616E792061697273706565BA
:1026100064206472697665727300416972737065D3
:10262000656420257520696E6974206661696C6532
:102630006400000041525350445F257300000000C5
:10264000DE250208140000006026020801001C06B6
:102650000621020800000000000000000000FF004A
:102660009A1E02080800000000000000040001019A
:10267000D4250208040000000000803F0000090487
:102680004F250208000000000000000020000B039E
:102690000621020800000000000000000000FF000A
:1026A000626F6F746C6F616465722E62696E000098
:1026B00000090020B1010008952300084D230008FF
:1026C000752300084D2300086D230008B30100089E
:1026D000B3010008B3010008B30100085134000839
:1026E000B3010008B3010008B3010008B3010008FA
:1026F000B3010008B3010008B3010008B3010008EA
:10270000B3010008B3010008B3010008B3010008D9
:10271000B3010008B3010008B3010008B3010008C9
:10272000B3010008B3010008B3010008B3010008B9
:10273000B3010008B3010008B30100080123000839
:102740002D2300083D230008B3010008B301000851
:10275000B3010008B3010008B3010008B301000889
:10276000A9410008B3010008B3010008B301000843
:10277000B3010008B3010008B3010008B301000869
:10278000B3010008B3010008B3010008B301000859
:10279000B3010008B3010008B3010008B301000849
:1027A000B3010008B3010008B3010008B301000839
:1027B000B3010008B3010008B3010008B301000829
:1027C000B3010008B3010008B3010008B301000819
:1027D000B3010008B3010008B3010008B301000809
:1027E000B3010008B3010008B3010008B3010008F9
:1027F000B3010008B3010008B3010008B3010008E9
:10280000B3010008B3010008B3010008B3010008D8
:10281000B3010008B3010008B3010008B3010008C8
:10282000B3010008B3010008B3010008B3010008B8
:10283000B3010008B3010008B3010008B3010008A8
:10284000B3010008B3010008B3010008B301000898
:10285000010F000800000000000000000000000060
:1028600002E000F000F8FEE772B6374880F308880F
:10287000364880F3098836483649086040F200003F
:10288000CCF200004EF63471CEF200010860BFF3C6
:102890004F8FBFF36F8F40F20000C0F2F0004EF692
:1028A0008851CEF200010860BFF34F8FBFF36F8FE6
:1028B0004FF00000E1EE100A4EF63C71CEF200013E
:1028C0000860062080F31488BFF36F8F03F0E0FDEB
:1028D00003F062FE4FF055301F491B4A91423CBF46
:1028E00041F8040BFAE71D49184A91423CBF41F8F0
:1028F000040BFAE71A491B4A1B4B9A423EBF51F898
:10290000040B42F8040BF8E700201849184A9142DA
:102910003CBF41F8040BFAE703F0BEFD03F08EFE66
:10292000144C154DAC4203DA54F8041B8847F9E700
:1029300000F042F8114C124DAC4203DA54F8041B7B
:102940008847F9E703F0A6BD000900200011002028
:102950000000000808ED00E0000100200009002050
:1029600050430008001100207C110020801100203D
:10297000843A0020A0010008A4010008A401000876
:10298000A40100082DE9F04F2DED108AC1F80CD0FC
:10299000C3689D46BDEC108ABDE8F08F002383F329
:1029A00011882846A047002003F01AFAFEE703F03A
:1029B000A3F900DFFEE70000F8B500F00BFE03F01E
:1029C00009FD074603F05AFD0646C0BB274B9F4250
:1029D00035D001339F4235D0254B27F0FF029A4274
:1029E00033D1F8B200F03AFC354642F2107400F0F0
:1029F0003BFC08B10024254601F0E2F848B303206F
:102A000000F03AF80024254636B11A4B9F4203D015
:102A100003F02CFD00242546002003F0E5FC0DB159
:102A200000F040F800F054FC02F014F80546ACB990
:102A300000F096FC4FF47A7003F0D8F9F7E73546CA
:102A40000024D4E704460125D1E705464FF47A7403
:102A5000CDE7B4F57A7F08BF0125D5E701F0FAFF8D
:102A6000431BA342E4D900F01DF8DDE7010007B0E5
:102A7000000008B0263A09B0084B187003280CD89B
:102A8000DFE800F008050208022000F001BE022085
:102A900000F0F4BD024B00225A6070478011002004
:102AA0008411002010B501F08BF830B1234B0322C4
:102AB0001A70234B00225A6010BD224B224A1C463A
:102AC00019680131F8D004339342F9D16268A24207
:102AD000F2D31E4B9B6803F1006303F520439A4237
:102AE000EAD203F095FC03F0A7FC002000F08CFD77
:102AF0000220FFF7C1FF164B9A6D00229A65996F6D
:102B00009A67996FD96DDA65D96FDA67D96F196EDF
:102B10001A66D3F88010C3F88020D3F8803072B6DC
:102B20004FF0E0233021C3F8084DD4E9003281F39F
:102B300011889D4683F308881047BDE78011002067
:102B40008411002000A0000820A00008001100202F
:102B500000100240094A136849F2690099B21B0C3F
:102B600000FB01331360064B186844F2506182B2D7
:102B7000000C01FB0200186080B2704714110020A5
:102B80001011002010B500211022044600F09AFD1B
:102B9000034B03CB206061601868A06010BD00BFCC
:102BA0009075FF1FF0B5ADF54F7D6CAC4FF4C4725E
:102BB00007460D462046002100F084FD01F04AFF43
:102BC000264B4FF47A72B0FBF2F0186093E80700DE
:102BD000022384E807000DF5E9702382FFF7D2FF96
:102BE00042F204631E49238407A803F0A5FE1723BD
:102BF00084F832310DF2E32207AB0DF12C0C1E46A6
:102C000003CE664510605160334602F10802F6D1EA
:102C100030681060B188B37993710DAE9180204611
:102C20003146012200F09AFD00230393AB7E02930C
:102C300005F11903019380B20123CDE904600093EB
:102C4000E97E04A3D3E90023384602F021FB0DF509
:102C50004F7DF0BD9E6AC421818A46EE8C11002012
:102C6000984200082DE9F0412C4C237ADAB08046D6
:102C70000D465BBB27A9284600F096FE07460028B4
:102C800042D19DF89D60C82E3ED801464FF4A66201
:102C9000204600F017FD4FF48073C4F8F8314FF46C
:102CA0000073C4F80C334FF44073C4F82034324638
:102CB0000DF19E0104F1090000F0F2FC26449DF89C
:102CC0009C30777223720BB9EB7E23728122002134
:102CD00006AC27A800F0F6FC0122214627A800F048
:102CE000A9FE00230393AB7E029305F1190380B282
:102CF00001932823CDE904400093E97E05A3D3E99D
:102D00000023404602F0C4FA5AB0BDE8F08100BF8B
:102D1000AFF3008026417272DF25D7B7D42100209F
:102D2000F0B5254E4FF48A7505FB0065F1B096F8B5
:102D3000D83085F8DC300024D822214685F8E840D8
:102D40003AA800F0BFFC06F1090000F0B3FCD5F88A
:102D5000E4308DF8F000C2B206AF06F109010DF1C2
:102D6000F100CDE93A3400F09BFC394601223AA843
:102D700000F096FE80B2CDE9047008230127CDE96A
:102D8000023706F1D803019330230093317A0B48C0
:102D900007A3D3E9002302F07BFAA04206DD01F08D
:102DA00059FEC5F8E000384671B0F0BD2046FBE79B
:102DB00078F6339F93CACD8DD4210020A421002022
:102DC0002DE9F0411D4D1E4E1E4F86B0284602F0E3
:102DD0008BFA034658B30024CDE90344ADF8144000
:102DE000027B8DF8142099684068029403AA03C2FC
:102DF0001B68DFF8548043F00043029301F02CFE7F
:102E0000821941F10003009402A9384601F0C0F88C
:102E1000A04205DD284602F06BFA88F80040D5E7AD
:102E200098F80030072B05D8013388F8003006B039
:102E3000BDE8F081014802F05BFAF8E7A421002028
:102E400040420F00102700200927002070B50D46D2
:102E500014461E4602F078F950B9022E10D1012C0A
:102E60000ED112A3D3E90023C5E90023012007E016
:102E7000282C10D005D8012C09D0052C0FD000200B
:102E800070BD302CFBD10BA3D3E90023ECE70BA3DF
:102E9000D3E90023E8E70BA3D3E90023E4E70BA37E
:102EA000D3E90023E0E700BFAFF30080401DA1207D
:102EB00026812A0B78F6339F93CACD8D9E6AC42152
:102EC000818A46EE26417272DF25D7B7F017304A65
:102ED00039059E5638B505460E4C0021013500F0E7
:102EE000B5FBA4F82C55B4F82C0500F097FB78B18D
:102EF000B4F82C0500F0A2FB014648B9B4F82C0543
:102F000000F0A4FBB4F82C350133A4F82C35EAE723
:102F100038BD00BFD421002010B50A4B0A4A1A6000
:102F200003F5805393F870203AB9DC6E2CB120463B
:102F300000F0C4FE204601F001F8BDE8104003484F
:102F400000F0BCBE10270020EC42000868370020CB
:102F50002DE9F04F8FB000AF05460C4602F0F4F8B3
:102F600000284BD1237E022B1BD1E38A012B18D1E1
:102F700001F070FD0646FFF7EDFD03464FF4C87003
:102F8000DFF8D482B3FBF0F206F5167602FB1033BD
:102F900016FA83F3C8F80030E37E33B9A74B00225A
:102FA0001A703C37BD46BDE8F08F07F1240120467A
:102FB00000F0AEFC0028F4D107F11400FFF7E2FDA9
:102FC00097F8264007F11401224607F1270003F085
:102FD00081FC0028E2D10F2C08D8984B1C70D8F83F
:102FE0000030A3F51673C8F80030DAE797F824101C
:102FF0000029D6D0284602F09FF8D2E7E38A282B92
:1030000033D010D8012B2BD0052BCAD1BFF34F8F53
:103010008B498C4BCA6802F4E0621343CB60BFF368
:103020004F8F00BFFDE7302BBBD1874EE17E327A58
:103030009142B6D1607E3146002291F8DC50854243
:1030400000F0AD800132042A01F58A71F5D13268B1
:1030500040F6B831FA328A4294BF32603160A0E75C
:1030600021462846FFF79EFD9BE721462846FFF7AD
:10307000F9FD96E7B2F8EC507B6005F103094FEAE1
:1030800099094FEA8902D11DC908A8EBC1039D46E1
:10309000EB460021584600F015FB04F1EE012A46EC
:1030A0003144584600F0FCFA7B6813B9012000F067
:1030B000ABFA96F8D20000F0B1FA044630B930729B
:1030C00000F0CCFA204600F09FFAB0E0D6F8D42009
:1030D0003AB996F8D200B6F82C25824201D8FFF70B
:1030E000F9FED6F8D4202A44944208D296F8D200A9
:1030F000B6F82C250130824201D8FFF7EBFE70684C
:103100005FFA89F2594600F0E5FA08B9C54679E058
:10311000726896F8D2002A447260D6F8D42005EB83
:103120000209C6F8D49000F079FA814509D396F8DF
:10313000D220D6F8D4000132001B86F8D220C6F87F
:10314000D400FF2D0FD80024347200F087FA2046F7
:1031500000F05AFA00F034FD3C4B188108B9FFF733
:10316000A1FCC5461DE7BB6896F8D9000AFB0362BF
:10317000FB68D2F8E41082F8E83001F58061C2F80B
:10318000E030C2F8E410FFF7CBFDFFF719FE96F828
:10319000D920013202F0030286F8D920B6E74FF4B5
:1031A0008A7A0AFB02F505F1EA013144204600F073
:1031B000ABFCF86000287FF4F4AE3544012285F8BA
:1031C000E82001F047FCD5F8E020D6ED007ADFEDED
:1031D000206A801A192838BF192040F6B832904268
:1031E00028BF1046B8EE677A07EE900AF8EEE77A45
:1031F00067EEA67ADFED176AE7EE267AFCEEE77A4D
:10320000C6ED007A96F8D9307168BB600AFB03F40A
:10321000321992F8E8505DB1D2F8E4308B42E846BA
:103220003FF428AF002182F8E810C2F8E010C5464C
:103230007368064A9B0A01331381B2E69D21002080
:1032400000ED00E00400FA05D42100208C110020DC
:10325000CDCCCC3D6666663FA0210020014B1870A6
:10326000704700BF9811002038B54FF00054144B40
:1032700022689A4221D1607DF0B1124B1249187038
:103280001248237D03724FF48073C0F8F8314FF475
:103290000073C0F80C3300254FF44073C0F820349D
:1032A000C0F8E450C922093000F0FAF9E0222946BA
:1032B000204600F007FA012038BD0020FCE700BFDF
:1032C0009AAD44C59811002016000020D42100209A
:1032D00037B500F075FC194D1949288102230122E8
:1032E00018486B7101F050FA00230193164B1749EF
:1032F00000931748174B4FF4805201F0F5FE164B20
:10330000197811B1124801F017FF01F0A3FB044630
:10331000FFF720FC4FF4C873B0FBF3F202FB13037A
:1033200004F5167010FA83F00C4B186003F0A6F841
:1033300008B10F232B8103B030BD00BF8C110020DA
:1033400040420F00102700209D0700089C1100201C
:10335000A4210020A108000898110020A02100202D
:103360002DE9F04F2DED028B0FF23829D9E90089B4
:10337000834C93B00BAE9FED7E8BFFF721FD814F09
:10338000DFF828A200230A93ADF834300B93736062
:103390004FF0000B5B468DED008B01250DF11D02FA
:1033A00007A938468DF81C508DF81DB001F09AF928
:1033B0009DF81C30002B40F0A580204601F0C4FE93
:1033C0000646002845D1704F01F044FB3B68984207
:1033D0003FD301F03FFB8246FFF7BCFB4FF4C873BD
:1033E000B0FBF3F202FB13030AF5167010FA83F038
:1033F0003860664F97F800B0CBF1100ABBF1000FB0
:1034000014BF33462B465FFA8AFA0EA88DF828308F
:10341000FFF7B8FBBAF1060F28BF4FF0060A0EAB54
:1034200003EB0B0152460DF1290000F039F90AAB0C
:103430000393182302930AF10102554BD2B2CDE94E
:103440000053049220464CA3D3E9002301F0C2FEAE
:103450003E7001F0FFFA4F4A4F4D1368C31AB3F59F
:103460007A7F2ED3106001F0F7FA02460B46204611
:1034700001F048FF204601F067FE10B32B7A474E5B
:10348000002B14BF03230223737101F0E3FA0EAF84
:103490004FF47A730122B0FBF3F0394630603046C6
:1034A00000F00EFA182302933D4B019380B240F2D4
:1034B0005513CDE90370009342464B46204601F078
:1034C00089FE2B7A93B101F0C5FA002607464FF426
:1034D0008A7A95F8D900304400F003000AFB0053C3
:1034E00093F8E82092B30136042EF2D1C82002F0FE
:1034F0007DFC2B7A002B7FF43DAF13B0BDEC028B2B
:10350000BDE8F08FDAF8143083F00803CAF81430FD
:10351000594610220EA800F0D5F80DF11E0308AA96
:103520000AA9384600F03AFE96E803000FAB83E89C
:1035300003009DF834308DF844300A9B0E930EA999
:10354000DDE90823204602F0B1F821E7D3F8E020B6
:1035500042B12B68FA2B38BFFA23BA1A0533B2EB03
:10356000430FC0D3FFF7DCFB0028BCD1BEE700BF90
:103570000000000000000000401DA12026812A0B51
:10358000A421002010270020A02100209D21002040
:103590009C21002004270020D42100208C11002031
:1035A00008270020F1C6A7C1D068080F0004004812
:1035B00008B5054800F090FEBDE80840034A0449FC
:1035C000002003F063B900BF10270020303800202E
:1035D0006908000870B502F0A5FD094E094D30805C
:1035E000002428683388834208D902F097FD2B68AD
:1035F00004440133B4F5204F2B60F2D370BD00BFFB
:1036000024380020F837002002F03EBE00F10060B0
:10361000920000F5204002F0C1BD0000054B1A6881
:10362000054B1B889B1A834202D9104402F076BDD9
:1036300000207047F837002024380020024B1B6818
:10364000184402F071BD00BFF8370020024B1B6820
:10365000184402F07BBD00BFF8370020064991F8FE
:10366000243033B10023086A81F824300822FFF7A0
:10367000CDBF0120704700BFFC370020022802BFE9
:10368000024B4FF400229A61704700BF00040048CB
:10369000022802BF014B08229A61704700040048CB
:1036A00010B50023934203D0CC5CC4540133F9E736
:1036B00010BD000003460246D01A12F9011B002972
:1036C000FAD1704702440346934202D003F8011B2B
:1036D000FAE770472DE9F8431F4D144695F824206A
:1036E0000746884652BBDFF870909CB395F82430AB
:1036F0002BB92022FF2148462F62FFF7E3FF95F800
:103700002400C0F10802A24228BF2246D6B2414698
:10371000920005EB8000FFF7C3FF95F82430A41B4F
:103720001E44F6B2082E17449044E4B285F8246093
:10373000DBD1FFF793FF0028D7D108E02B6A03EB1A
:1037400082038342CFD0FFF789FF0028CBD100202E
:10375000BDE8F8830120FBE7FC3700202DE9F347A3
:103760000D46044600219046284640F27912FFF7A4
:10377000A9FF234620220021284601F039FF231DFE
:1037800002222021284601F033FF631D032222215B
:10379000284601F02DFFA31D03222521284601F014
:1037A00027FF04F1080310222821284601F020FFFA
:1037B00004F1100308223821284601F019FF04F112
:1037C000110308224021284601F012FF04F11203E0
:1037D00008224821284601F00BFF04F1140320229F
:1037E0005021284601F004FF04F118034022702103
:1037F000284601F0FDFE04F120030822B0212846EE
:1038000001F0F6FE04F121030822B821284601F058
:10381000EFFE04F12207C0263B4631460822284627
:10382000083601F0E5FEB6F5A07F07F10107F3D1F8
:1038300094F832308DF8073031460DF10703082235
:10384000284601F0D5FE002604F1330A9DF8073022
:103850004FEAC6099E4209F5A47720D394F8323185
:10386000502B28BF50238DF80730B8F1000F08D136
:1038700039460DF107030722284601F0B9FE09F287
:103880004F17002604F233149DF807309E4207EBD1
:10389000C6010DD30731C80802B0BDE8F0870AEBB6
:1038A000060308223946284601F0A2FE0136CDE77C
:1038B000A3190822284601F09BFE0136E4E7000028
:1038C00013B504460846002101602346C0F80310E2
:1038D0002022019001F08CFE0198231D022220215C
:1038E00001F086FE0198631D0322222101F080FE73
:1038F0000198A31D0322252101F07AFE019804F10D
:1039000008031022282101F073FE072002B010BD29
:10391000F7B5047F05460E462CB1838A122B02D9D7
:10392000012003B0F0BD0023194607220096284667
:1039300001F022FD731C0093012200230721284679
:1039400001F01AFDD4B9B31C0093052223460821C7
:10395000284601F011FD0D24B378102BE0D837462E
:10396000B278BB1B934210D32B7FA88A0734E4089C
:10397000B3B9844294BF00200120D2E7AB8ADB00B8
:10398000083BDB08B3700824E6E7FB1C00932146E4
:1039900000230822284601F0EFFC08340137DFE756
:1039A000201A18BF0120BCE7F7B5047F05460E4674
:1039B0002CB1838ACA2B02D9012003B0F0BD0023A9
:1039C000194600960822284601F0D6FC731CD4B98B
:1039D0000822009311462346284601F0CDFC10240E
:1039E0007378C82BE8D8012372785F1C013B93429F
:1039F00010D32B7FA88A0734E408B3B9844294BF5C
:103A000000200120D9E7AB8ADB00083BDB0873709C
:103A10000824E5E7F31900932146002308222846ED
:103A200001F0AAFC08343B46DEE7201A18BF01204B
:103A3000C3E70000F7B50D460446002116462846A8
:103A40008122FFF73FFE234608220021284601F08D
:103A5000CFFD94F901206378002AB8BF7F238DF849
:103A600007309EB90DF1070307220821284601F00F
:103A7000BFFD0F27002602349DF807309E4207EB5A
:103A8000C60105D30731C80803B0F0BD0827F1E728
:103A9000A3190822284601F0ABFD0136ECE700002F
:103AA000F7B50E460546002114463046CE22FFF7F4
:103AB00009FE2B4628220021304601F099FD2B7A81
:103AC000C82B28BFC8238DF807308CB90DF1070328
:103AD00008222821304601F08BFD30242F469DF826
:103AE00007207B1B934205D3E01DC00803B0F0BD47
:103AF0002824F3E707F1090321460822304601F0A4
:103B000077FD08340137EAE7F7B5047F05460E462E
:103B100034B1838AB3F5827F02D9012003B0F0BDAE
:103B20000096012310220021284601F025FCDCB973
:103B3000B31C0093092223461021284601F01CFCE7
:103B400019247388B3F5807FE7D837467288BB1B8A
:103B5000934210D32B7FA88A0734E408B3B9844278
:103B600094BF00200120D9E7AB8ADB00103BDB08C3
:103B700073801024E5E73B1D0093214600230822B3
:103B8000284601F0F9FB08340137DFE7201A18BF97
:103B90000120C3E730B5094D0A4491420DD011F818
:103BA000013B5840082340F30004013B2C4013F034
:103BB000FF0384EA5000F6D1EFE730BD2083B8ED73
:103BC000F7B5384A106851686B4603C36A463649F0
:103BD0003648082302F08EFE0446002833D10A2519
:103BE000334A106851686B4603C36A4631492F480F
:103BF000082302F07FFE0446002849D00369B3F58C
:103C0000583F45D8B0F8661040F2264291423FD165
:103C1000294A024402F15C018B4239D35C3B2349BF
:103C200000209E1AFFF7B6FF3246074604F16401F2
:103C30000020FFF7AFFFA3689F4229D1E3689842B5
:103C400008BF002524E00369B3F5583F27D8418B0E
:103C500040F22642914220D1174A024402F110015B
:103C60008B4218D3103B114900209D1AFFF792FF99
:103C70002A46064604F118010020FFF78BFFA368CF
:103C80009E4202D1E368984201D00D25A8E70025A5
:103C9000284603B0F0BD1025A2E70C25A0E70B25B0
:103CA0009EE700BFB0420008DC5F030000A00008F0
:103CB000B9420008905F03000860FFF710B5037C6D
:103CC000044613B9006802F0FDFD204610BD000057
:103CD0000023BFF35B8FC360BFF35B8FBFF35B8FCA
:103CE0008360BFF35B8F7047BFF35B8F0068BFF3E8
:103CF0005B8F704770B505460C30FFF7F5FF05F197
:103D0000080604463046FFF7EFFFA04206D93046CA
:103D10006D68FFF7E9FF2544281A70BD3046FFF7AC
:103D2000E3FF201AF9E7000070B50546406898B136
:103D300005F10800FFF7D8FF05F10C0604463046F0
:103D4000FFF7D2FF8442304694BF6D680025FFF72D
:103D5000CBFF013C2C44201A70BD000038B50C4646
:103D60000546FFF7C7FFA04210D305F10800FFF793
:103D7000BBFF04446868B4FBF0F100FB1144BFF3DF
:103D80005B8F0120AC60BFF35B8F38BD0020FCE788
:103D90002DE9F041144607460D46FFF7C5FF844262
:103DA00028BF0446D4B1B84658F80C6B4046FFF71C
:103DB0009BFF3044286040467E68FFF795FF331A2A
:103DC0009C4203D86C600120BDE8F0816B60A41BAD
:103DD0003B68AB602044E8600220F5E72046F3E74B
:103DE00038B50C460546FFF79FFFA04210D305F1FA
:103DF0000C00FFF779FF04446868B4FBF0F100FBA6
:103E00001144BFF35B8F0120EC60BFF35B8F38BDC3
:103E10000020FCE72DE9FF41884669460746FFF789
:103E2000B7FF6C4606B204EBC6060025B44209D0C3
:103E30006268206808EB0501FFF732FC636808340C
:103E40001D44F3E729463846FFF7CAFF284604B069
:103E5000BDE8F081F8B505460C300F46FFF744FF8A
:103E600005F1080604463046FFF73EFFA042304603
:103E700088BF6C68FFF738FF201A386020B13046E1
:103E80002C68FFF731FF2044F8BD000073B51446DD
:103E900006460D46FFF72EFF844228BF04460190D8
:103EA000DCB101A93046FFF7D5FF019B33B9326879
:103EB000C5E90233C5E9002401200CE09C4238BF6B
:103EC00001942860019868608442F5D93368AB603A
:103ED000241AEC60022002B070BD2046FBE700000F
:103EE0002DE9FF410F466946FFF7D0FF6C4600B24F
:103EF00004EBC0050026AC4209D0D4F8048054F885
:103F0000081BB8194246FFF7CBFB4644F3E730469F
:103F100004B0BDE8F081000038B50546FFF7E0FFCA
:103F2000044601462846FFF719FF204638BD000029
:103F30000121884238BF084602F0AEBC08B102F049
:103F4000C1BC704710B4026854681A4623465DF835
:103F5000044B18470020704700207047704700004E
:103F6000002070470E20704700F5805090F8D80070
:103F7000C0F340007047000000F5805090F9E00069
:103F80007047000000F58050C0F8DC100120704739
:103F9000F7B50C68BDF8207014F0005473D10D7B98
:103FA000082D70D8302585F31188456AAE687601F2
:103FB0000CD4AC68240108D4AC6814F0805460D1EF
:103FC00084F31188204603B0F0BD01240E6804F18B
:103FD000180C002EB8BFF6004FEA0C1CB4BF46F018
:103FE0000406760545F80C600E680FFA84FC16F09E
:103FF000804F18BF05EB0C1E05EB0C1C1EBFDEF836
:10400000806146F00206CEF880610E7BCCF88461B8
:1040100005EB04158E68C5F88C614E68C5F888619B
:10402000DCF8805145F00105CCF8805141F278056B
:1040300000EB441C660105EB4414AC440444CCE999
:1040400000230D46083401F10C0C55F804EB44F83C
:1040500004EB6545F9D12D882580841904F5805439
:1040600007F0030594F8946026F00B06354384F8B6
:104070009450002484F31188009700F03BFD012048
:10408000A1E70224A2E74FF0FF309CE713B500F54B
:1040900080540191E06EFFF747FE1F280AD901996D
:1040A000E06E2022FFF7B6FEA0F1200358425841EF
:1040B00002B010BD0020FBE708B5302383F3118860
:1040C00000F58050C06EFFF703FE002383F31188D4
:1040D00008BD000000220260828142608260704759
:1040E00010B500220023C0E9002300230446038109
:1040F0000C30FFF7EFFF204610BD0000F0B505467D
:1041000000F580500C4690F8D83013F0040FC3F33C
:10411000800108BF114661F3820380F8D83005EBB7
:10412000441303F58453103389B01B79D8074FEA41
:1041300044162FD582B319072ED46846FFF7D0FF57
:1041400005EB441303F5845303AA03F10807186829
:104150005968144603C40833BB422246F7D1186895
:1041600020609B88A380DDE90E23CDE90023012395
:10417000ADF808302B6869461B6C284698473544D3
:1041800005F5845510352B791A075CBF43F00803F9
:104190002B7101E0002AF2D109B0F0BD2DE9F04702
:1041A0009A4688B0074688469146302383F31188A3
:1041B00007F580546846FFF793FFE06EFFF79AFD1E
:1041C0001F282AD9E06E20226946FFF7A5FE202885
:1041D00023D103AD444605AB2E4603CE9E4220605C
:1041E0006160354604F10804F6D130682060B38878
:1041F000A380DDE90023C9E90023BDF80830AAF84F
:104200000030002383F3118853464A46414638461E
:1042100008B0BDE8F04700F02BBC002080F3118807
:1042200008B0BDE8F08700002DE9F84F18220446D9
:104230000F4604300021FFF745FA2046234B40F893
:10424000283BFFF747FF04F13800FFF749FF04F16F
:10425000580804F582554646183530462036FFF793
:104260003FFFAE42F9D104F580554FF480534FF033
:104270000009C5E91739C5F858800123EE6604F531
:10428000875804F58456C5F8649085F8683085F839
:104290007030183608F118084FF0000A4FF0000B84
:1042A00046E908ABA6F11800FFF714FF203646F8E0
:1042B000289C4645F4D185F8E07017B1044800F019
:1042C000C3FB044B63622046BDE8F88FEC42000854
:1042D000C44200080064004010B5044B197804463D
:1042E0004A1C1A70FFF7A0FF204610BD2C38002092
:1042F0002DE9F047002950D0294B2A4FB7FBF1F5A3
:1043000099428CBF0A231123581EB5FBF3FC03FB13
:104310001C53C4B22BB102280346F5D80020BDE8D7
:10432000F0870CF1FF36B6F5806FF7D2C4EBC40E00
:104330000EF103034FEAE309C3F3C703A4EB030839
:1043400009F1010A4FF47A755FFA88F009FB055507
:104350005AFA88F8B5FBF8F5B5F5617FC1BF0EF1E3
:10436000FF33C3F3C703E01AC0B25C1C50FA84F4F5
:104370000CFB04F4B7FBF4F4A142CFD1013BDBB258
:104380000F2BCBD80138C0B20728C7D80021107135
:1043900016809170D3700120C1E70846BFE700BFC7
:1043A0003F420F0000B4C40470B505460E464FF4FA
:1043B0007A746B6A5B6803F00103B34207D04FF471
:1043C0007A7001F013FD013CF3D1204670BD01204D
:1043D000FCE7000070B5426A936913F0700F17D0C4
:1043E00000230C4D936141F2900400EB43122244F0
:1043F00011794E0709D5890707D5416A55F8236019
:104400008E60117941F0040111710133032BECD15D
:1044100070BD00BFD842000873B51D46436A1646FA
:104420009A68D207044609D59A6801219960C2F3B7
:104430004002CDE900650021FFF760FE636A9A68DB
:10444000D1050BD59A684FF480719960C2F3402270
:10445000CDE9006501212046FFF750FE636A9A68A6
:10446000D2030BD59A684FF480319960C2F3404271
:10447000CDE9006502212046FFF740FE04F5805398
:10448000D3F8DC0010B103681B699847204602B0DE
:10449000BDE87040FFF79EBFF8B50446466A0029A4
:1044A00077D106F10C073868800775D006EB011547
:1044B0003868D5F8B00110F0040FD5F8B0011ABF74
:1044C000C00840F00040400DA062D5F8B0C11CF01B
:1044D000020F1CBF40F08040A062D5F8B40106EB8B
:1044E000011100F00F0084F83400D1F8B80184F80D
:1044F0002C00D1F8B801000A84F82D00D1F8B801D9
:10450000000C84F82E00D1F8B801000E84F82F00BA
:10451000D1F8BC0184F83000D1F8BC01000A84F85D
:104520003100D1F8BC01000C84F83200D1F8BC1184
:10453000090E84F833103821396004F1440004F185
:10454000280104F1340551F8046B40F8046BA942CA
:10455000F9D109880180C4E90E2321460023A4F87B
:10456000403051F8383B20461B6C984704F5805387
:1045700093F8D820D3F8DC0042F0040283F8D82066
:1045800010B103681B6998472046BDE8F840FFF763
:1045900021BF06F1100786E7F8BD000010B50446FC
:1045A00000F05AFA02460B4652EA030102D0013AE1
:1045B00063F100030449086820B12146BDE81040BA
:1045C000FFF76ABF10BD00BF28380020F0B53021CA
:1045D00081F31188DFF848E000F583511831002499
:1045E00041F2900C00EB441565442E7977070ED408
:1045F000F6060CD5D1E9007697429E4107D2466A6D
:104600005EF82470B7602E7946F004062E710134EE
:10461000032C01F12001E5D1002383F31188F0BDC3
:10462000D842000808B5302383F31188FFF7D2FE83
:10463000002383F3118808BD2DE9F041436A044645
:10464000986800F0E050B0F1E05F0E4622D0F8B17B
:10465000302383F31188002504F5845741F2900834
:1046600004EB451343441B791A0706D50135032D86
:1046700007F12007F4D1012007E05B07F6D43946A3
:10468000304600F08BFA0028F0D1002383F3118824
:10469000BDE8F0810120FBE708B5302383F31188E2
:1046A00000F58050C06EFFF725FB002383F31188CF
:1046B00043090CBF0120002008BD0000F8B51D46CD
:1046C000002313700F4606461446FFF7E5FF80F0FF
:1046D0000100387025B129463046FFF7ADFF207044
:1046E000F8BD00002DE9B8410C4615461F4680462E
:1046F00000F0B2F90B462178024609B9287850B18A
:104700004046FFF763FFFFF78DFF3B462A462146F1
:10471000FFF7D4FF0120BDE8B881000070B5302656
:1047200086F31188174B9A6D42F000729A659A6B66
:1047300042F000729A639A6B22F000729A6300232F
:1047400083F3118800F5805494F8D83013F00105F4
:1047500016D1A9B186F311880321132001F042FA82
:104760000321142001F03EFA0321152001F03AFA4A
:1047700094F8D83043F0010384F8D83085F31188D9
:1047800070BD00BF001002402DE9F04700F58055D4
:1047900088B095F8E030012B04468846164600F2B2
:1047A0008280824F57F823200AB947F82300D7F8B0
:1047B00000A0C4F81C8084F82060BAF1000F64D017
:1047C00095F8E030012B70D001212046FFF7A6FFBD
:1047D000302383F31188626A136823F002031360A5
:1047E000626A136843F001031360636A00275F6124
:1047F00087F3118801212046FFF7D6FD002800F03D
:104800009580E86EFFF764FA04F58359BA4609F11A
:104810001809202200216846FEF754FF02A8FFF77E
:1048200059FCCDF818A06A4609EB07030DF1180EE4
:104830009446BCE80300F44518605960624603F1F1
:104840000803F5D1DCF80000186020379CF804203C
:104850001A71602FDDD195F8D8306FF382030027ED
:1048600085F8D8306A4641462046ADF80070ADF86C
:1048700002708DF80470FFF73BFD636A48BB4FF48C
:1048800000421A6008B0BDE8F08741F2E800FFF787
:104890004FFB814610B15146FFF7C6FCC7F80090A8
:1048A000B9F1000F8CD10020ECE7386803681B6B6E
:1048B00098470146002887D13868FFF72FFF3868EE
:1048C000036832465B684146984700287FF47CAF16
:1048D000E9E761221A609DF802309DF803201B066B
:1048E000120402F4702203F040731343BDF8002059
:1048F000C2F3090213439DF804201205022E02F4AC
:10490000E0020CBF4FF0004100211343626A0B43E9
:10491000D361636A13225A61626A136823F0010348
:10492000136039462046FFF73FFD08B9636AA6E7E2
:1049300095F8E03093BB616AD1F8002242F00102A1
:10494000C1F80022616AD1F8002222F47C5222F0E0
:104950000E02C1F80022616AD1F8002242F46062BE
:10496000C1F80022626AC2F81432626AC2F80432E4
:10497000626A41F6FF71C2F80C12626AC2F84032F4
:10498000626AC2F84432636A0122C3F81C22626A76
:10499000D2F8003223F00103C2F8003295F8D83083
:1049A00043F0020385F8D8306CE700BF28380020B8
:1049B00008B500F051F850EA0103024602D0421E49
:1049C00061F10001044B186810B10B46FFF724FD9C
:1049D000BDE8084001F0C8B82838002008B500201C
:1049E000FFF7DCFDBDE8084001F0BEB808B50120C6
:1049F000FFF7D4FDBDE8084001F0B6B800B59BB0A4
:104A0000EFF3098168226846FEF74AFEEFF305835B
:104A1000014B9B6BFEE700BF00ED00E008B5FFF720
:104A2000EDFF000000B59BB0EFF3098168226846F6
:104A3000FEF736FEEFF30583014B5B6BFEE700BF2D
:104A400000ED00E0FEE700000FB408B5029801F0A9
:104A50007DF9FEE701F058BC01F03ABC0139C9B25A
:104A600002299EBF00EBC1000023C0E9013370475B
:104A70002DE9F8431E461B885B070546884618D477
:104A8000044600F118094C4513D063686BB12B68DC
:104A90002846DB6B98473388A768C1B243F004030C
:104AA00060684246B8470834EDE7A368002BEED1B2
:104AB000F9E70120BDE8F88373B56C4684E8060089
:104AC000014600224E68D5B26EB98E685EB900EB21
:104AD000C200021D94E80300013582E803001D7046
:104AE000012002B070BD0132032A01F10801E9D1B1
:104AF0000020F6E72DE9F04F2DED028B89B09FEDF8
:104B0000258BBDF8508004468B46054600F11809F8
:104B1000002708F0040AA94536D06B680BB9AB68CA
:104B200063B1BAF1000F0BD123682046DB6B9847C5
:104B30004346C1B25A46D5E90106B0470835EAE70F
:104B4000002FFBD18DED008BADF808705B4603AAFA
:104B50000BF1080C18685968174603C708336345FA
:104B60003A46F7D1186838609B88BB80FFF774FF1E
:104B70000423ADF808302368CDE900011B6C6946B9
:104B8000204698470127D9E7012009B0BDEC028BE8
:104B9000BDE8F08F000000000000000030B50368A1
:104BA0000968DD0FB5EBD17F23F0604421F060424E
:104BB0004FEAD1700BD0002BB8BFA40C0029B8BFAE
:104BC000920C944202D034BF0120002030BD9442A8
:104BD00005D1C1F38070C3F380738342F6D1944250
:104BE0002CBF00200120F1E72DE9F041456A15B9FD
:104BF0004162BDE8F0814B6823F06047C3F38A4609
:104C00004FEAD37EC3F3807816EA230638BF3E46C8
:104C1000AC462B465A68BEEBD27F22F060440AD0E5
:104C2000002A18DAA40CB44217D19D420FD10D60AE
:104C3000DEE71346EEE7A74207D102F08044C2F355
:104C4000807242450BD054B1EFE708D2EDE7CCF8C3
:104C500000100B60CDE7B44201D0B442E5D81A6829
:104C60009C46002AE5D11960C3E700002DE9F04712
:104C7000089D01F007044FEAD508224405F0070516
:104C800000EBD1004FF47F49944201D1BDE8F08799
:104C900004F0070705F0070A57453E4638BF564659
:104CA000C6F10806111B8E4228BF0E46E10808EB2C
:104CB000D50E415C13F80EC0B94029FA06F721FA67
:104CC0000AF1FFB28CEA010147FA0AF739408CEA8F
:104CD000010C03F80EC034443544D5E780EA0120C6
:104CE000082341F2210201B24000002980B203F101
:104CF000FF33B8BF504013F0FF03F4D170470000FA
:104D000038B50C468D18A54200D138BD14F8011BEA
:104D1000FFF7E4FFF7E7000042684AB11368436019
:104D20004389818901339BB29942438138BF838192
:104D30001046704770B588B0202204460D4668467C
:104D40000021FEF7BFFC20460495FFF7E5FF024671
:104D500058B16B46054608AE1C4603CCB4422860E9
:104D60006960234605F10805F6D1104608B070BD0C
:104D7000082817D909280CD00A280CD00B280CD0E9
:104D80000C280CD00D280CD00E2814BF4020302049
:104D900070470C207047102070471420704718206F
:104DA0007047202070470000082817D90C280CD91C
:104DB00010280CD914280CD918280CD920280CD963
:104DC00030288CBF0F200E207047092070470A2022
:104DD00070470B2070470C2070470D207047000073
:104DE0002DE9F843078C072F04461ED9D0E9029815
:104DF00000254FF6FF73C5F12006A5F1200029FA22
:104E000005F108FA06F628FA00F031430143C9B269
:104E10001846FFF763FF0835402D0346EBD1E169E3
:104E20003A46BDE8F843FFF76BBF4FF6FF70BDE8A9
:104E3000F883000010B54B6823B9CA8A63F30902EE
:104E4000CA8210BD04691A681C600361C38A013BF1
:104E5000C3824A60EFE700002DE9F84F1D46CB8A78
:104E60000F46C3F309010529814692460B4630D00F
:104E70000020AAB207F11A049EB2042E1FFA80F88D
:104E80000FD8904503F1010306D3FB8A0A4462F36D
:104E90000903FB8201201AE01AF80060E654013091
:104EA000EAE79045F1D2A1F1050B1C237C68BBFB1E
:104EB000F3F203FB12BB1FFA8BF6002C45D14846D8
:104EC000FFF72AFF044638B978606FF00200BDE8AA
:104ED000F88F4FF00008E6E7002606607860ADB274
:104EE0004FF0000B454510D90AEB0803221D13F8BB
:104EF000011B9155B1B208F101081B291FFA88F86E
:104F00002BD0454506F10106F1D8FB8AC3F309020F
:104F1000154465F30903BCE7013292B21C462368CD
:104F2000002BF9D16B1F0B441C21B3FBF1F30133B0
:104F30009BB29A42D3D2BBF1000FD0D14846FFF7C3
:104F4000EBFE20B9C4F800B0BFE70122E7E7C0F8E4
:104F500000B05E4620600446C1E74545D5D94846C5
:104F6000FFF7DAFE08B92060AFE7C0F800B000260E
:104F700020600446B6E700002DE9F04F2DED028BCE
:104F80001C4683B05B69019207468846002B00F0FF
:104F9000A780238C2BB1E269002A00F0A180072BA7
:104FA00035D807F10C00FFF7B7FE054638B96FF0AA
:104FB0000205284603B0BDEC028BBDE8F08F142239
:104FC0000021FEF77FFB228CE16905F10800FEF766
:104FD00067FB208C013080B2FFF7E6FEFFF7C8FECA
:104FE000013880B22084013028746369228C1B78D8
:104FF0002A4403F01F0363F03F0348F0004113729B
:10500000384669602946FFF7EFFD0125D1E70233F5
:105010009BB20722C18A0633B3FBF2F3828A521A8B
:105020009BB292B29342C2D800F10C034FF0000938
:1050300008EE103A4FF0800A4E464D4618EE100A20
:10504000FFF76AFE83460028B1D014220021FEF744
:1050500039FB002E3AD1019BABF8083002220BF14C
:10506000080E1FFA82FC0CF10100BCF1060F218C26
:1050700080B201D88E422BD3FFF796FEFFF778FE61
:1050800062691278013802F01F028E4208BF4FF0A9
:10509000400A42EA49121BFA80F14AEA020A013048
:1050A00048F0004281F808A08BF81000CBF80420EB
:1050B00059463846FFF798FD238C0135B3422DB28F
:1050C00089F001094FF0000AB8D172E70022C6E763
:1050D000E169895D0EF802100136B6B20132C0E70F
:1050E0006FF0010565E70000F8B515460E46302261
:1050F000002104461F46FEF7E5FA069B6360B5F5FE
:10510000001F079BA76034BF6A094FF6FF72A362B6
:1051100097B2E66104F1100000239A4206D80023FA
:105120000360A782E3822383E360F8BD0660013356
:1051300030462036F1E7000003781BB94BB2002B54
:10514000C8BF01707047000000787047F8B50C4682
:10515000C969074611B9238C002B37D1257E1F2D35
:1051600034D8387828BB228C072A2CD8268A36F0E7
:1051700003032BD14FF6FF70FFF7C2FD20F00100B3
:105180003102400441EA0561400C41EA40254FF6F6
:10519000FF72234629463846FFF7EEFE002807DD5A
:1051A000626913780133DBB21F2B88BF00231370B1
:1051B000F8BD218A2D0645EA012505432046FFF763
:1051C0000FFE0246E5E76FF00300F1E76FF0010024
:1051D000EEE7000070B58AB004461646002128228A
:1051E00068461D46FEF76EFABDF83830ADF810304F
:1051F0000F9B05939DF840308DF81830119B079355
:105200006946BDF84830ADF820302046CDE902654A
:10521000FFF79CFF0AB070BD2DE9F041D369054648
:105220000C4616460BB9138C5BBB377E1F2F28D854
:1052300095F80080B8F1000F26D03046FFF7D0FD7A
:105240003378210241EAC33141EA0801338A41EA55
:10525000076141EA03410246334641F08001284696
:10526000FFF78AFE00280ADD3378012B07D1726927
:1052700013780133DBB21F2B88BF00231370BDE806
:10528000F0816FF00100FAE76FF00300F7E700002C
:10529000F0B58BB004460D4617460021282268461B
:1052A0001E46FEF70FFA9DF84C305A1E53425341EA
:1052B0008DF800309DF84030ADF81030119B05930B
:1052C0009DF848308DF81830149B07936A46BDF856
:1052D0005430ADF8203029462046CDE90276FFF75C
:1052E0009BFF0BB0F0BD0000406A00B10430704776
:1052F000436A1A68426202691A600361C38A013B09
:10530000C38270472DE9F041D0F82080194E144631
:105310001D464146002709B9BDE8F081D1E90223C5
:10532000A21A65EB0303964277EB03031ED2036ACE
:105330008B420DD1FFF77EFD036A1B680362036990
:105340000B60C38A0161016A013BC3828846E2E7C0
:10535000FFF770FD0B68C8F8003003690B60C38A63
:105360000161013BC382D8F80010D4E78846096880
:10537000D1E700BF80841E002DE9F04F8BB00D46B1
:10538000DDF8509014469B468046002800F01981B5
:10539000B9F1000F00F01581531E3F2B00F211816F
:1053A000012A03D1BBF1000F40F00B810023CDE9AE
:1053B0000833B8F81430B5EBC30F4FEAC30703D373
:1053C00000200BB0BDE8F08F2B199F42D8F80C30AD
:1053D0003ABF7F1BFFB227461BB9D8F81030002B0D
:1053E0007AD0272D4ED8C5F12806B7424FF00003DA
:1053F0002CBFF6B23E4600932946D8F8080008AB09
:105400003246FFF733FCA7EB060A35445FFA8AFA07
:10541000B8F8143003F10053053BDB000493D8F8CF
:105420000C3003932821039B13B1BAF1000F2CD148
:10543000D8F8100040B1BAF1000F05D0009608ABC3
:105440005246691AFFF712FC38B2002FB8D066072F
:105450000AD00AAB03EBD401624211F8083C02F017
:105460000702134101F8083C082C3CD9102C40F2EB
:10547000B580202C40F2B780BBF1000F00F09C807B
:10548000082334E0BA460026C2E7049BE02B28BF7D
:10549000E02306930B44AB42059314D95A1B03989F
:1054A0000096924534BF5246D2B2691A08AB043016
:1054B0000792FFF7DBFB079A1644AAEB020A154492
:1054C000F6B25FFA8AFA049B069A05999B1A04932E
:1054D000039B1B680393A6E70093D8F8080008AB6A
:1054E0003A462946AEE7BBF1000F13D00123B4EBD7
:1054F000C30F6CD0082C12D89DF82030621E23FAFE
:1055000002F2D50706D54FF0FF3202FA04F4234326
:105510008DF820309DF8203089F8003051E7102CAC
:1055200012D8BDF82030621E23FA02F2D10706D548
:105530004FF0FF3202FA04F42343ADF82030BDF8F7
:105540002030A9F800303CE7202C0FD80899631EC2
:1055500021FA03F3DA0705D54FF0FF3202FA04F41B
:105560000C430894089BC9F800302AE7402C2BD044
:10557000DDE90865611EC4F12102A4F1210326FAC8
:1055800001F105FA02F225FA03F311431943CB079F
:1055900012D50122A4F12003C4F1200102FA03F381
:1055A00022FA01F1A240524243EA010363EB4303B2
:1055B00032432B43CDE90823DDE90823C9E9002361
:1055C000FFE66FF00100FCE66FF00800F9E6082C3A
:1055D000A0D9102CB3D9202CEED8C3E7BBF1000F13
:1055E000ADD0022383E7BBF1000FBBD004237EE7DD
:1055F00030B5012A144638BF0124402C85B028BF9D
:1056000040240025012ACDE9025518D81B788DF8D1
:10561000083063070AD004AB03EBD405624215F8E7
:10562000083C02F00702934005F8083C009103464D
:105630002246002102A8FFF719FB05B030BD082A59
:10564000E4D9102A03D81B88ADF80830E1E7202AF6
:105650008DBFD3E900231B680293CDE90223D8E76D
:1056600010B5CB681BB98B600B618B8210BD0469D0
:105670001A681C600361C38A013BC382CA60F0E7F9
:1056800003064CBFC0F3C0300220704708B5024685
:10569000FFF7F6FF022806D15306C2F30F2001D10F
:1056A00000F0030008BDC2F30740FBE72DE9F04F0F
:1056B00093B0CDE904230A6804461046FFF7E0FFE3
:1056C000022814BFC2F306260026002A0D46824691
:1056D00080F2028212F0C04940F0FE81097B00296D
:1056E00000F0FA81022803D02378B34240F0F7811A
:1056F000C2F304630693104602F07F030393FFF79F
:10570000C5FF039B29444FEA834848EA0A4848EA10
:105710004668CE7800230022CDE90823F3098346AA
:1057200048EA0008029367D0039B0093024667682B
:10573000534608A92046B847002868D0276A4FB9C1
:10574000414604F10C00FFF7F5FA074690B96FF0F7
:1057500002006AE03B6998450DD03F68002FF9D1FF
:10576000414604F10C00FFF7E5FA07460028EED0A9
:10577000236A3B60276297F817C006F01F08CCF336
:10578000840CACEB08001FFA80FE0028B8BF0EF1B5
:105790002000A8EB0C031FFA83FED7E90221B8BF53
:1057A00000B2002B0793BEBF0EF120031BB207937C
:1057B00052EA010342D0049BDFF834E39A1A059BB6
:1057C0004FF0000C63EB010196457CEB010335D3F0
:1057D0006B7B97F81AE0734521D1029B002B00F0F8
:1057E000848001282ADC786840BBDFF800C3944538
:1057F00070EB010343D21EE0276A5FB9039B00935D
:10580000656853465A4608A92046A84768BB6FF00A
:105810000B000AE03B699845ADD03F68EDE7B3481F
:1058200090427CEB010303D3002013B0BDE8F08F5E
:10583000029B002BF8D0079B0F2B19DCFA7DB300DD
:1058400002F0030203F07C031343FB753946204644
:10585000FFF7F0FA6B7BBB76029B4BB9FB7DC3F382
:105860008402013262F38603FB756FF00C00DCE703
:105870006A7BBB7E9A42D7D1029B002B35D0B309FD
:10588000022B32D0049BBB60059BFB6014220021DD
:105890000DA8FDF717FF049B0A93059B0B932B1D87
:1058A0000C932B7BADF83EB0013BDBB2ADF83C3046
:1058B000069B8DF84230039B8DF8433094F82C30D2
:1058C0008DF840A083F001038DF844308DF84180BD
:1058D000A3680AA920469847FB7DC3F384030133DC
:1058E00003F01F039B02FB829EE7FB7DC6F3401281
:1058F000B2EBD31F40F0F680C3F38403434540F07E
:10590000F980029A2B7BB609002A52D016F00106C4
:1059100061D1032B40F2F180049BBB60059BFB60CF
:10592000FB8A66F30903FB822B7BAE1D033BDBB2D4
:105930003246394604F10C00FFF78EFA00280CDAE3
:1059400039462046FFF776FAFB7DC3F38403013323
:1059500003F01F039B02FB82F9E6DDE90884AB88B4
:105960003B834FF6FF73C9F12000A9F1200228FA0A
:1059700009F104FA00F0014324FA02F21143184637
:10598000C9B2FFF7ABF909F10809B9F1400F0346B5
:10599000E9D1B8822A7B033AD2B23146FFF7B0F997
:1059A000FB7DB882DA43C2F3C01262F3C713FB7502
:1059B0003AE786B92E1D013BDBB23246394604F187
:1059C0000C00FFF749FA0028BADB2A7BB88A013AB3
:1059D000D2B23146E2E7F98AC1F30901013B042959
:1059E000DAB25BD8281D002307F11B069A4208D9BA
:1059F00010F801CB06F801C0013101330529DBB2F3
:105A0000F4D104990A9105990B91934207F11B0176
:105A10000C9138BF043379680D9134BF55FA83F384
:105A200000230E93FB8AADF83EB0C3F309031A447A
:105A3000069B8DF84230039B8DF8433094F82C3050
:105A4000ADF83C2083F001038DF8443000238DF83D
:105A500040A08DF841807B602A7BB88A013A291DDD
:105A6000FFF74EF93B8BB882834203D1A3680AA9A2
:105A70002046984720460AA9FFF7F2FDFB7DBA8A27
:105A8000C3F38403013303F01F039B02FB823B8BB0
:105A90009A420CBF00206FF01000C6E67B68002B16
:105AA000AFD0052001E01C3033461E68002EFAD12D
:105AB000091A081D2E1D184401EB090CBCF11B0F1F
:105AC0005FFA89F39DD89A429BD916F8013B00F8FA
:105AD000013B09F10109EFE76FF00900A5E66FF05E
:105AE0000A00A2E66FF00D009FE600BF40420F00E3
:105AF00080841E006FF00E0097E66FF00F0094E6B2
:105B0000EFF3098305494A6B22F001024A636833C7
:105B100083F30988002383F31188704700EF00E0C6
:105B2000302080F3118862B60C4B0D4AD96821F4FD
:105B3000E0610904090C0A43DA60D3F8FC20094942
:105B400042F08072C3F8FC200A6842F001020A6049
:105B50002022DA7783F82200704700BF00ED00E0D2
:105B60000003FA05001000E010B5302383F311881C
:105B70000E4B5B6813F4006314D0F1EE103AEFF3B0
:105B80000984683C4FF08073E361094BDB6B23664B
:105B900084F3098800F0A4F810B1064BA36110BD8E
:105BA000054BFBE783F31188F9E700BF00ED00E048
:105BB00000EF00E0FF020008020300084FF0E023BE
:105BC000002258684FF0FF31930003F1604303F562
:105BD000614301329042C3F88010C3F88011F3D2C0
:105BE0007047000000F1604303F561430901C9B249
:105BF00083F80013012200F01F039A4043099B0021
:105C000003F1604303F56143C3F880211A607047D4
:105C100000230375826803691B6899689142FBD26F
:105C20005A68036042601060586070470023037533
:105C3000826803691B6899689142FBD85A680360BF
:105C4000426010605860704708B50846302383F3FF
:105C500011880B7D032B05D0042B0DD02BB983F3BA
:105C6000118808BD8B6900221A604FF0FF338361F1
:105C7000FFF7CEFF0023F2E7D1E9003213605A604C
:105C8000F3E70000FFF7C4BF054BD9680875186833
:105C900002681A60536001220275D860FCF772BE78
:105CA0003838002030B50C4BDD684B1C87B00446FB
:105CB0000FD02B46094A684600F02AF92046FFF724
:105CC000E3FF009B13B1684600F02CF9A86907B008
:105CD00030BDFFF7D9FFF9E73838002099350008C3
:105CE000044B1A68DB6890689B68984294BF002058
:105CF0000120704738380020084B10B51C68D86860
:105D000022681A60536001222275DC60FFF78EFF63
:105D100001462046BDE81040FCF734BE383800206C
:105D200038B5074C074908480123002523706560F2
:105D300000F0EAFB0223237085F3118838BD00BF11
:105D4000603A0020344300083838002008B572B6A5
:105D5000044B186500F0ACFA00F058FB024B03222C
:105D60001A70FEE738380020603A002000F010B9C1
:105D70008B60022308618B82084670478368A3F119
:105D8000840243F8142C026943F8442C426943F816
:105D9000402C094A43F8242CC26843F8182C0222EC
:105DA00003F80C2C002203F80B2C044A43F8102CA7
:105DB000A3F12000704700BFED0200083838002032
:105DC00008B5FFF7DBFFBDE80840FFF75BBF000049
:105DD000024BDB6898610F20FFF756BF3838002070
:105DE000302383F31188FFF7F3BF000008B50146A5
:105DF000302383F311880820FFF754FF002383F337
:105E0000118808BD10B503689C68A2420CD85C6874
:105E10008A600B604C602160596099688A1A9A60A8
:105E20004FF0FF33836010BD1B68121BECE70000CE
:105E30000A2938BF0A2170B504460D460A266019A2
:105E400000F05CFB00F048FB041BA54203D8751C66
:105E50002E460446F3E70A2E04D9BDE8704001201F
:105E600000F092BB70BD0000F8B5144B0D46D9612F
:105E700003F1100141600A2A1969826038BF0A22C1
:105E8000016048601861A818144600F029FB0A2731
:105E900000F022FB431BA342064606D37C1C2819B4
:105EA00000F02CFB27463546F2E70A2F04D9BDE85F
:105EB000F840012000F068BBF8BD00BF3838002072
:105EC000F8B506460D4600F007FB0F4A134653F897
:105ED000107F9F4206D12A4601463046BDE8F84071
:105EE000FFF7C2BFD169BB68441A2C1928BF2C46E2
:105EF000A34202D92946FFF79BFF224631460348B9
:105F0000BDE8F840FFF77EBF383800204838002051
:105F100010B4C0E9032300235DF8044B4361FFF78D
:105F2000CFBF000010B5194C236998420DD0D0E9BD
:105F30000032816813605A609A680A449A600023AC
:105F400003604FF0FF33A36110BD2346026843F89E
:105F5000102F53600022026022699A4203D1BDE8EB
:105F6000104000F0C5BA936881680B44936000F05C
:105F7000B3FA2269E1699268441AA242E4D9114451
:105F8000BDE81040091AFFF753BF00BF38380020A2
:105F90002DE9F047DFF8BC8008F110072C4ED8F847
:105FA000105000F099FAD8F81C40AA68031B9A42D6
:105FB0003ED81444D5E900324FF00009C8F81C401F
:105FC00013605A60C5F80090D8F81030B34201D180
:105FD00000F08EFA89F31188D5E9033128469847F5
:105FE000302383F311886B69002BD8D000F074FA4A
:105FF0006A69A0EB04094A4582460DD2022000F0EE
:10600000C3FA0022D8F81030B34208D151462846CE
:10601000BDE8F047FFF728BF121A2244F2E712EB5F
:10602000090938BF4A4629463846FFF7EBFEB5E76F
:10603000D8F81030B34208D01444211AC8F81C0014
:10604000A960BDE8F047FFF7F3BEBDE8F08700BFE9
:10605000483800203838002038B500F03DFA054AAD
:10606000D2E90845031B181945F10001C2E90801EE
:1060700038BD00BF3838002000207047FEE7000020
:10608000704700004FF0FF3070470000BFF34F8FA4
:10609000024A1369DB03FCD4704700BF00200240B2
:1060A00008B5094B1B7873B9FFF7F0FF074B5A6926
:1060B000002ABFBF064A9A6002F188329A601A68C5
:1060C00022F480621A6008BD783A00200020024065
:1060D0002301674508B50B4B1B7893B9FFF7D6FF33
:1060E000094B5A6942F000425A611A6842F48052E0
:1060F0001A601A6822F480521A601A6842F48062A8
:106100001A6008BD783A0020002002407F289ABF1C
:1061100000F58030C0020020704700004FF400609E
:1061200070470000802070477F2808B50BD8FFF724
:10613000EDFF00F500630268013204D104308342B0
:10614000F9D1012008BD0020FCE700007F2810B530
:1061500004461FD8FFF79AFFFFF7A2FF0E4BF3226A
:106160001A6102225A615A6942EAC0025A615A69A6
:1061700042F480325A61FFF789FF4FF40061FFF764
:10618000C5FF00F03FF9FFF7A5FF2046BDE810402E
:10619000FFF7CABF002010BD002002402DE9F843E0
:1061A00040EA020313F00703144606D0304B4FF4C5
:1061B00061721A600020BDE8F88385182D4A954267
:1061C0000CD92B4A40F289311160F3E7031D1B689B
:1061D0004A68934208D1083C08300831072C14D98A
:1061E00002680B689A42F1D0FFF75AFFFFF74EFFA3
:1061F000214E08314FF001084FF00009012CA1F1A8
:10620000080706D8FFF766FF01E0002CECD101205B
:10621000D1E7C6F81480054651F8083C45F8043B20
:1062200051F8043C4360FFF731FF336943F0010349
:106230003361C6F81490026851F8083C9A420CD0B9
:106240000B4B40F2B1321A600C4B18600C4B1C60C7
:106250000C4B1F60FFF73EFFACE72D6851F8043C84
:106260009D4201F10801EBD1083C0830C6E700BFB0
:10627000743A00200000040800200240683A002020
:10628000703A00206C3A0020084908B50B7828B114
:106290001BB9FFF705FF01230B7008BD002BFCD0D5
:1062A000BDE808400870FFF715BF00BF783A00202E
:1062B00002484FF47F4100F0A7B800BF0001002062
:1062C0000846114600F0E8BA084600F0FBBA0000A4
:1062D00038B5EFF311859DB9EFF30584C4F30804D5
:1062E000302334B183F31188FFF7B6FE85F31188AC
:1062F00038BD83F31188FFF7AFFE84F3118838BDF2
:10630000BDE83840FFF7A8BE38B5FFF7E1FF114CF4
:10631000114AC00840EA4170A0FB025EC908A0FB18
:10632000040C1CEB050CA1FB04404FF000035B4187
:10633000A1FB02121CEB040C43EB000011EB0E015D
:1063400042F10002411842F10000090941EA0070DF
:1063500038BD00BFCFF753E3A59BC42010B502445E
:10636000064BD2B2904200D110BD441C00B253F88B
:10637000200041F8040BE0B2F4E700BF50280040D1
:10638000114B30B5D3F89040240409D4D3F8904091
:10639000C3F89040D3F8904044F40044C3F89040D0
:1063A0000A4C236843F4807323600244084BD2B242
:1063B000904200D130BD441C00B251F8045B43F858
:1063C0002050E0B2F4E700BF00100240007000402F
:1063D0005028004007B5012201A90020FFF7BEFFA9
:1063E000019803B05DF804FB13B50446FFF7F2FF14
:1063F000A04205D0012201A900200194FFF7C0FFAF
:1064000002B010BD704700007047000070470000E8
:10641000074B45F255521A6003225A6040F2FF7250
:106420009A604CF6CC421A60024B01221A707047F7
:1064300000300040803A0020034B1B781BB1034B17
:106440004AF6AA221A607047803A002000300040C5
:10645000054B1A6832B902F1804202F50432D2F8D3
:1064600094201A60704700BF7C3A0020024B4FF422
:106470000002C3F8942070470010024008B5FFF7EF
:10648000E7FF024B1868C0F3407008BD7C3A00205B
:1064900070470000FEE700000A4B0B480B4A904291
:1064A0000BD30B4BDA1C121AC11E22F003028B42D3
:1064B00038BF00220021FDF705B953F8041B40F84E
:1064C000041BECE7CC430008843A0020843A002007
:1064D000843A002000F0BEB84FF08043586A7047FD
:1064E0004FF08043002258631A610222DA6070473D
:1064F0004FF080430022DA60704700004FF0804385
:1065000058637047FEE7000070B51B4B0163002520
:10651000044686B0586085620E46FFF701FB04F121
:106520001003C4E904334FF0FF33C4E90635C4E96E
:106530000044A560E562FFF7CFFF2B460246C4E9A1
:10654000082304F134010D4A256580232046FFF716
:106550000FFC0123E0600A4A037500927268019201
:10656000B268CDE90223074B6846CDE90435FFF751
:1065700027FC06B070BD00BF603A00204043000811
:1065800045430008553E0008024AD36A1843D062CA
:10659000704700BF38380020244B2548DA6A42F0A3
:1065A000070210B4DA62DA6A224C22F00702DA62D9
:1065B000DA6ADA6C42F00702DA64DA6E42F0070255
:1065C000DA664FF09042DB6E4FF0AA310023536041
:1065D0009160D0604FF6FF70506113625362146097
:1065E0001024C2F80434C2F80814C2F80C444FF660
:1065F000F774C2F814449924C2F82034C2F8244431
:106600000D4CC2F80044C2F80438C2F80818C2F8A9
:106610000C38C2F81408C2F82038C2F82438C2F87E
:1066200000385DF8044B00F055B800BF0010024080
:10663000000100240001002850000A0008B500F005
:1066400017F9FFF76DFBBDE80840FFF701BF000039
:10665000704700000F4B9A6D42F001029A659A6FE5
:1066600042F001029A670C4A9B6F936843F0010362
:1066700093604FF080434F229A624FF0FF32DA620C
:1066800000229A615A63DA605A6001225A611A60E4
:10669000704700BF00100240002004E04FF080422D
:1066A00008B51169D3680B40D9B2C9439B07116182
:1066B00007D5302383F31188FFF758FB002383F3BA
:1066C000118808BD08B5FFF779FABDE8084000F069
:1066D000CBB800005A4B4FF0FF319A6A99629A6A20
:1066E00000229A62986AD86A60F00700D862D86A75
:1066F00000F00700D862D86A186B1963186B1A6328
:10670000186B986B9963986B9A63986BD86BD96385
:10671000D86BDA63D86B186C1964196C1A641A6C2C
:10672000484A4FF4E06111601A6E474942F0010295
:106730001A66D3F8802022F00102C3F88020D3F833
:1067400080209A6D42F080529A659A6F22F08052B2
:106750009A679A6F4FF440720A604A6912F4806235
:10676000FBD14A601A6822F0F00242F060021A601F
:106770001A6842F001021A601A689107FCD50022DB
:106780009A609A6812F00C02FBD1D3F8901011F4C1
:10679000407F1EBF4FF48031C3F89010C3F89020A3
:1067A00061221A601A689207FCD500229A609A68E2
:1067B00012F00C0FFBD169221A60D3F8942022F456
:1067C000706242F4C062C3F894201A6842F48032C6
:1067D0001A601A689003FCD5D3F8902022F00322A7
:1067E000C3F89020194ADA601A6842F080721A6081
:1067F0001A689101FCD5164A1A611A6842F0806243
:106800001A601A681201FCD500229A600D49114ADB
:10681000C3F888200A6822F0070242F004020A60E6
:106820000A6802F00702042AFAD19A6842F00302C9
:106830009A609A6802F00C020C2AFAD1704700BFE5
:1068400000100240002002400070004003140001CC
:10685000000C10005555013408B5FFF71FFFBDE8C7
:106860000840FFF781B9000007211C20FFF7BAB9E3
:1068700008B5FFF727FF00F007F8FFF7E9FEBDE8CE
:106880000840FFF727BE0000704700000B46014696
:10689000184600F009B80000024B0A460146186885
:1068A000FFF70EBD1811002010B5054C13462CB192
:1068B0000A4601460220AFF3008010BD2046FCE7E7
:1068C00000000000024B01461868FFF7FDBC00BF46
:1068D0001811002010B501390244904201D1002066
:1068E00005E0037811F8014FA34201D0181B10BD39
:1068F0000130F2E72DE9F041A3B1C91A177801443C
:10690000044603F1FF3C8C42204601D9002009E0F7
:106910000578BD4204F10104F5D10CEB0405D6184D
:10692000A54201D1BDE8F08115F8018D16F801ED01
:10693000F045F5D0E7E70000034611F8012B03F816
:10694000012B002AF9D170476F72672E617264754E
:1069500070696C6F742E4D6174656B4C343331000B
:1069600040A2E4F1646891060041A3E5F2656992F2
:10697000070000004261642043414E49666163653F
:1069800020696E6465782E008000000000800000A1
:1069900000008000000000000000000095180008C2
:1069A000D920000835200008D5180008E118000893
:1069B000ED1A0008A5180008B5180008A918000865
:1069C000B1180008AD180008091A0008B918000825
:1069D00009240008AD230008C9180008DD190008C3
:1069E000633000003043000890380020603A0020F7
:1069F0006D61696E0069646C650000000000000054
:106A000026040000000000000060030000000000F9
:106A1000FE2A0100D20400001C110020000000002A
:106A20000000000000000000000000000000000066
:106A30000000000000000000000000000000000056
:106A40000000000000000000000000000000000046
:106A50000000000000000000000000000000000036
:106A60000000000000000000000000000000000026
:106A7000000000000000000000000000FFFFFFFF1A
:106A8000FFFFFFFFFFFFFFFFFFFFFFFFFFFFFFFF16
:106A9000A0260208E0430000E04300003940EC91EA
:106AA000B02602085F4F53445F4E43454C4C5300A1
:106AB000A46A02080D0000000000000000000101AF
:106AC000E72302080C0000000000000000000201A3
:106AD0000621020800000000000000000000FF0086
:106AE0004D4D5800426F6F74696E672025752F25D4
:106AF000750A00004261642043414E496661636546
:106B000020696E6465782E0080000000008000001F
:106B1000000080000000000000000000CDD600084A
:106B2000112001086D1F0108251701083117010800
:106B3000A5190108DDD60008E1D6000811170108E3
:106B4000FD160108EDD60008A1180108011701087B
:106B50007DD70008F5D6000819170108711801083B
:106B60004932433A25753A25303278004932432577
:106B70007520636C6F636B2025756B487A0A000083
:106B80004932433A206E6F74206F776E6572206FC2
:106B900066203078257820666F72206164647220E8
:106BA0003078253032780A00000000000000000034
:106BB0000000000000000000852201083D370108A8
:106BC0003D37010889220108992201089D22010808
:106BD000A1220108A52201083D3701083D3701081F
:106BE0003D370108BD220108C1220108D922010850
:106BF000E1220108ED220108F1220108F522010835
:106C0000745B0020020403000D0400480E040048D9
:106C100000000000000000003925010821230108C0
:106C200035230108252301080000000000000000B2
:106C30007123010891230108F922010809230108A1
:106C4000F126010889220108992201089D220108E4
:106C5000A1220108A52201080D23010851230108E2
:106C600069230108BD220108C1220108D9220108B7
:106C7000E1220108ED220108F122010801230108A7
:106C80001D2301081523010800000000000000007A
:106C9000C9270108C1270108AD270108B527010848
:106CA00071E60008D9030108444D4156310A0044F9
:106CB0004D413D2531753A2531752054583D2538D3
:106CC0007520554C434B3D25387520434C434B3D77
:106CD00025387520434F4E543D25342E31662525E9
:106CE0000A0000000000000000000000652C010800
:106CF000692C0108612C01086D2C0108692C010820
:106D0000712C0108952C0108992C0108992C010877
:106D10009D2C0108752C0108792C0108892C01088B
:106D2000912C01088D2C0108652C0108A12C01086B
:106D300041505F50657269706800000000000000FB
:106D4000000000003D3701080000000000000000C6
:106D5000E52C0108E92C0108ED2C0108F12C0108B3
:106D60000000000000000000112E0108292E01087B
:106D700085220108F52C0108F92C0108B52C010821
:106D8000992201089D220108A1220108A5220108DB
:106D9000012D0108052D0108C92C0108BD2201089B
:106DA000C1220108D9220108E1220108ED220108CF
:106DB000F1220108F5220108FD2C0108C52C01086B
:106DC000CD2C01080000000000000000B52D0108D6
:106DD000D12C0108D52C0108D92C01080000000095
:106DE000000000008D2D0108852D0108812D01086E
:106DF0005D2D0108312D0108292D0108212D0108E3
:106E00000000000000000000BD2F010853746F72E5
:106E10006167653A205573696E6720666C617368B7
:106E200020706167657320257520616E642025756B
:106E30000A00556E61626C6520746F20696E69741A
:106E400020666C6173682073746F726167650000FF
:106E5000496E697469616C697365642053746F72FB
:106E600061676520747970653D25640A0000000043
:106E700053746F726167653A206661696C6564205E
:106E800061742025753A257520666F72202575205E
:106E90002D2072652D696E69742025750A00000029
:106EA00000000000000000005D3201087932010896
:106EB00051330108813301080D3401088132010882
:106EC000613201084E6F7420656E6F7567682063CC
:106ED0006865636B65642072656769737465727356
:106EE00020666F72207265672030782530327820F6
:106EF0006F6E2064657669636520307825780A00B6
:106F00002C76D888674F0823C1DFAE59B1B796E514
:106F1000E453C63A51997696E6C28426898C9B62E0
:106F2000407C6FFCBC9C9F40BAA56FA590055A2A77
:106F30005C936B6C676DC11BE0E40D47F520E6B513
:106F4000D0ED902E009435770080841E0000204EF6
:106F5000000000C833333333986E128341EF8D2124
:106F6000893BE655CFFEE6DBD1844B38F77C1D909C
:106F7000A4BBE4243284725E8100C9F1ECA1E53D3A
:106F8000DCDFE1E3E6E8EBEDEFF2F4F7F9FCFE001D
:106F90000305080A0C0F111416181B1D20222427A4
:106FA0000000000000000000993E0108993E010821
:106FB000BD3E0108A13E0108A13E0108913E010825
:106FC0000000000000000000C13E0108CD3E0108A5
:106FD000793E0108C53E01087D3E0108893E010851
:106FE0008D3E01080000000000000000C13F0108C4
:106FF000C53F0108C93F0108CD3F0108CD3F010849
:10700000D13F0108F53E0108F93E0108FD3E0108A7
:10701000013F0108053F0108093F0108B93F010888
:10702000BD3F0108DD3F0108ED3F01080D3F0108AC
:10703000153F01081D3F0108213F0108253F0108B8
:10704000293F01082D3F0108393F01083D3F010854
:10705000413F0108453F0108493F01084D3F0108F4
:10706000513F0108553F0108593F01085D3F0108A4
:10707000613F0108693F01086D3F0108713F010848
:10708000753F0108793F01087D3F0108813F0108F4
:10709000853F0108893F01088D3F0108913F0108A4
:1070A000953F0108993F01089D3F0108A13F010854
:1070B000A53F0108A93F0108AD3F0108B13F010804
:1070C000B53F010800000000000000000D4001086D
:1070D00015400108AD2701080140010825400108BD
:1070E00029400108000000000000000005DD000844
:1070F00021DD000861DA0008D1DA0008ADDA000805
:10710000EDDA00088DDA000879DA0008FDDA000807
:107110004DDB0008454001083D4001083D400108A5
:107120000DDA000819DA00081DDA000821DA000873
:1071300025DA000829DA00082DDA000831DA00081B
:1071400035DA0008CDDA000839DA000841DA00083B
:1071500045DA000849DA00084DDA000851DA00087B
:1071600055DA000859DA00085DDA000835400108F0
:10717000494001084D4001083940010839400108E3
:10718000414001083D4001080000000000000000EF
:10719000D1460108D5460108E1460108590E01080B
:1071A0005D0E01080000000000000000FD4801081D
:1071B000014901080D490108594901085D0E0108FE
:1071C0000000000000000000614A01082D4B01088A
:1071D0008D4B01087D4A0108D54A0108554A01082E
:1071E000594A01085D4A010841554156204149521A
:1071F00053504545445B25755D3A206E6F2073659D
:107200006E736F7220666F756E64206F6E2062758C
:107210007320257500415541562041495253504530
:1072200045445B25755D3A20466F756E6420627536
:10723000732025752061646472203078253032789F
:107240000000000000000000000000001D4D0108CB
:10725000A14D0108ED4F0108394D01086D4D0108A0
:10726000554A0108594A01085D4A0108000000001A
:107270000000000000000000000000003D37010891
:10728000455301083D370108554A0108594A01088C
:107290005D4A01080000000000000000C153010821
:1072A0008554010821550108DD53010831540108B6
:1072B000554A0108594A01085D4A01084D533435C1
:1072C00032355B25755D3A206E6F2073656E736F86
:1072D0007220666F756E64004D53343532355B2510
:1072E000755D3A20466F756E642062757320257552
:1072F000206164647220307825303278000000000C
:107300000000000000000000715601083557010818
:10731000215A01088D560108E1560108554A010815
:10732000594A01085D4A0108283646004D53353553
:1073300032353A20435243206D69736D617463683E
:1073400020307825303478203078253034780A00A1
:107350004D53353532355B25755D3A20466F756E78
:1073600064206F6E206275732025752061646472DD
:1073700020307825303278004D53353532355B2555
:10738000755D3A206E6F2073656E736F7220666F45
:10739000756E64000000000000000000755B0108CD
:1073A000395C0108115D0108915B0108E55B01088A
:1073B000554A0108594A01085D4A010800000000C9
:1073C00000000000456001087D610108416001087E
:1073D0004960010891600108554A0108594A0108AD
:1073E000D9600108212223000000000000000000F5
:1073F000B96101082962010841650108D1630108EA
:10740000D5610108554A0108594A01085D4A010839
:107410004932432575005350492575004661696C12
:10742000656420746F206372656174652062757392
:1074300020746872656164202573000000000000FC
:10744000000000006969010851690108C569010867
:107450007969010889690108016A01085969010807
:1074600061690108556901087169010872636F75E6
:10747000740000004F7574206F662074696D65722A
:107480002070726F6365737365730A007263696E4F
:107490000000000050414E49433A20736368656420
:1074A000756C65723A3A7365745F73797374656D60
:1074B0005F696E697469616C697A65642063616C87
:1074C0006C65646D6F7265207468616E206F6E63A9
:1074D000650000004F7574206F6620494F20707260
:1074E0006F6365737365730A0000000074696D65EE
:1074F00072000000696F0000000000000000000042
:10750000B16A01089D6B0108896D0108596B01087A
:10751000056F0108FD6C0108A16D010865D900081F
:107520005DD90008396C0108C16D0108416A010884
:10753000656D01083D6A0108AD6C010861D900085C
:10754000856B01087D6D0108816D01086DD900080A
:10755000956E010800B601B402B503B004B205B5DA
:1075600006B5073C08B1093A0A3C0B3B0C020D3C3E
:10757000554152545F525800436F756C64206E6FD2
:1075800074206372656174652055415254205258CD
:1075900020746872656164004F5447253175005549
:1075A00041525425317500436F756C64206E6F74C1
:1075B00020637265617465205541525420545820EF
:1075C000746872656164000064697361626C696EFD
:1075D0006720666C6F7720636F6E74726F6C206FBC
:1075E0006E2073657269616C2025750A00000000C9
:1075F000B85B00200100010D02000000010C00003A
:1076000002000000060400480704004800000000D3
:1076100000000000FF00FF0000FF00001C5C0020D5
:107620000200010502000000010600000200000047
:1076300002000048030000480000000000000000B5
:10764000FF00FF0000FF0000805C0020030000003E
:107650000000000000000000000000000A040048D4
:107660000B0400480000000000000000FF00FF00C5
:1076700000FF0000000000000000000005DD000821
:1076800021DD000861DA0008D1DA0008ADDA00086F
:10769000EDDA00088DDA000879DA0008FDDA000872
:1076A0004DDB00084572010845710108A57101080C
:1076B000A5840108A1710108257301080171010861
:1076C000AD74010875750108317201085D72010819
:1076D00035DA00086171010809710108217101089A
:1076E00025710108697601082176010859710108A0
:1076F0005D7101087574010831710108797801081C
:10770000D97501085D800108D5710108C9750108A6
:10771000B57101080D80010840524F4D46532F644A
:10772000656661756C74732E7061726D0000000087
:107730006661696C656420746F2066696E642025DB
:10774000730A00426F6F746C6F61646572207570AC
:107750002D746F2D646174650A0045726173696EE2
:10776000670A004572617365202575206661696C42
:1077700065640A00466C617368696E672025732032
:1077800040253038780A00466C617368206661696C
:107790006C6564212028617474656D70743D257575
:1077A0002F2575290A00466C617368204F4B0A002B
:1077B000466C617368206661696C656420616674FB
:1077C000657220257520617474656D7074730A008C
:1077D0004D6174656B4C3433312D41554156002554
:1077E0007320253032582530325825303258253014
:1077F000325820253032582530325825303258251D
:107800003032582025303258253032582530325801
:107810002530325800000000546872656164735668
:10782000320A0049535220202020202020202020EE
:10783000205052493D3235352073703D257020531C
:107840005441434B3D25752F25750A00252D3133B5
:107850002E313373205052493D2533752073703DCE
:10786000257020535441434B3D25752F25750A0043
:107870004D656D496E666F56310A0053544152543E
:107880003D307825303878204C454E3D2533756B9A
:1078900020465245453D253675204C52473D2536FC
:1078A0007520545950453D2531750A0000000000EF
:1078B00000000000598A01080189010861DB000805
:1078C00065DB000869DB0008718601086DDB0008D4
:1078D00079860108A9860108B1860108B5860108E4
:1078E00039880108E188010871DB00087D860108FC
:1078F0008986010879DB00087DDB0008158A01080C
:107900009D8601089986010881DB00080589010828
:107910009D890108A589010885DB000889DB00082D
:107920008DDB0008318A01089186010895860108DF
:107930008D860108286E756C6C2900000A00000015
:1079400064000000E803000010270000A08601008A
:1079500040420F008096980000E1F50500CA9A3B6E
:10796000000002400800024001000000A8000240A0
:1079700000000B00000002401C000240020000005A
:10798000A800024004010C00000002403000024048
:1079900004000000A800024008020D0000000240A0
:1079A0004400024008000000A80002400C030E0042
:1079B000000002405800024010000000A8000240F1
:1079C00010040F00000002406C0002402000000084
:1079D000A800024014051000000002408000024090
:1079E00040000000A80002401806110000040240F8
:1079F0000804024080000000A8040240000738008C
:107A0000000402401C04024000010000A8040240DF
:107A10000408390000040240300402400002000063
:107A2000A804024008093A0000040240440402404D
:107A300000040000A80402400C0A3B0000040240BD
:107A40005804024000080000A8040240100B3C004B
:107A5000000402406C04024000100000A804024030
:107A6000140C440000040240800402400020000086
:107A7000A8040240180D4500009600000000000018
:107A800000000000000000000000000000000000F6
:107A9000000000002DB1010819B1010855B101081D
:107AA00041B101084DB1010839B1010825B1010802
:107AB00011B1010861B101086D61696E002C0438D3
:107AC00004023C080C10141C202425260000000091
:107AD000000064020100040000000000000C00101F
:107AE0002830340063300000E47A020800040020EB
:107AF000000E002088690020786B00206E6F6E6198
:107B00006D6500000001002000FF00000100000082
:107B100069646C6500000000000000000000003F88
:107B2000000000BF8071313F807131BFD1F717373E
:107B3000D1F717B70000004B000000CB200E00204B
:107B4000494E46004E414E003031323334353637DF
:107B500038394142434445460030313233343536BA
:107B600037383961626364656600000035000000E3
:107B7000CEFBFFFFCB03000001000000000000006F
:107B800034000000CEFBFFFFCB030000010000002B
:107B900000000000BC89D897B2D29C3C33A7A8D57E
:107BA00023F649393DA7F444FD0FA5329D978CCFAC
:107BB00008BA5B25436FAC642806681100202020BA
:107BC000202020202020282828282820202020208D
:107BD000202020202020202020202020208810105D
:107BE00010101010101010101010101010040404B9
:107BF0000404040404040410101010101010414177
:107C00004141414101010101010101010101010164
:107C10000101010101010101101010101010424278
:107C20004242424202020202020202020202020234
:107C300002020202020202021010101020000000D4
:107C40000000000000000000000000000000000034
:107C50000000000000000000000000000000000024
:107C60000000000000000000000000000000000014
:107C70000000000000000000000000000000000004
:107C800000000000000000000000000000000000F4
:107C900000000000000000000000000000000000E4
:107CA00000000000000000000000000000000000D4
:107CB00000000000000000000000000000000000C4
:107CC000496E66696E697479004E614E0052454591
:107CD0004E54206D616C6C6F6320737563636565D2
:107CE000646564002F6D6E742F776F726B737061B3
:107CF00063652F776F726B73706163652F474343C2
:107D00002D31302D706970656C696E652F6A656EF6
:107D10006B696E732D4743432D31302D706970654B
:107D20006C696E652D34385F323032303131323427
:107D30005F313630363138303634312F7372632F3D
:107D40006E65776C69622F6E65776C69622F6C69FE
:107D500062632F7374646C69622F64746F612E6345
:107D60000042616C6C6F6320737563636565646565
:107D7000640000002F6D6E742F776F726B737061EB
:107D800063652F776F726B73706163652F47434331
:107D90002D31302D706970656C696E652F6A656E66
:107DA0006B696E732D4743432D31302D70697065BB
:107DB0006C696E652D34385F323032303131323497
:107DC0005F313630363138303634312F7372632FAD
:107DD0006E65776C69622F6E65776C69622F6C696E
:107DE00062632F7374646C69622F6764746F612DB2
:107DF0006765746865782E6300000000066B0208F2
:107E000006210208800E00204300504F53495800BD
:107E10002F6D6E742F776F726B73706163652F7740
:107E20006F726B73706163652F4743432D31302D43
:107E3000706970656C696E652F6A656E6B696E73CB
:107E40002D4743432D31302D706970656C696E6527
:107E50002D34385F32303230313132345F313630A8
:107E6000363138303634312F7372632F6E65776C4C
:107E700069622F6E65776C69622F6C6962632F731C
:107E800074646C69622F6D707265632E630000000C
:107E90000080E03779C34143176E05B5B5B8934606
:107EA000F5F93FE9034F384D321D30F94877825AD2
:107EB0003CBF737FDD4F1575000000000000F03FF0
:107EC00000000000000024400000000000005940B5
:107ED0000000000000408F40000000000088C34008
:107EE00000000000006AF8400000000080842E417D
:107EF00000000000D01263410000000084D79741C9
:107F00000000000065CDCD41000000205FA00242CE
:107F1000000000E876483742000000A2941A6D4243
:107F2000000040E59C30A2420000901EC4BCD64236
:107F300000003426F56B0C430080E03779C34143E1
:107F400000A0D8855734764300C84E676DC1AB4357
:107F5000003D9160E458E143408CB5781DAF154475
:107F600050EFE2D6E41A4B4492D54D06CFF0804450
:107F7000F64AE1C7022DB544B49DD9794378EA4465
:107F800005000000190000007D0000002C2066752F
:107F90006E6374696F6E3A20006173736572746901
:107FA0006F6E2022257322206661696C65643A2019
:107FB00066696C6520222573222C206C696E652011
:107FC0002564257325730A00232D302B2000686C4F
:107FD0004C00656667454647000000000000000051
:107FE0000000000000000000000000000000000091
:107FF0000000000000000000000000000000000081
:108000000000000000000000000000000000000070
:108010000000000000000000000000000000000060
:108020000000000000000000000000000000000050
:108030000000000000000000000000009C2EFE7FF9
:1080400001000000FFFFFFFF01000000FE2A010009
:10805000D204000001000000312C0108506D02081C
:10806000FF000000200E002000000000FC7F02083E
:108070001C800208DC7F02080000000000000000F5
:1080800000000000000000000000000000000000F0
:1080900000000000000000000000000000000000E0
:1080A00000000000000000000000000000000000D0
:1080B00000000000000000000000000000000000C0
:1080C0000000000000000000FF000000430000006E
:1080D00000000000000000000000000000000000A0
:1080E000000000000000000000000000430000004D
:1080F0000000000000000000000000000000000080
:10810000000000000000000000000000430000002C
:10811000000000000000000000000000000000005F
:10812000000000000000000000000000430000000C
:10813000000000000000000000000000000000003F
:1081400000000000000000000000000043000000EC
:10815000000000000000000000000000000000001F
:1081600000000000000000000000000043000000CC
:1081700000000000000000000000000000000000FF
:1081800000000000000000000000000043000000AC
:1081900000000000000000000000000000000000DF
:1081A000000000000000000000000000E1100208D4
:1081B0002507020800000000BC7B0208066B0208CD
:1081C00006210208062102080621020806210208EB
:1081D00006210208062102080621020806210208DB
:1081E00006210208FFFFFFFFFFFFFFFFFFFFFFFF6A
:1081F000FFFF000001004153434949000000000017
:10820000000000000000000000000000000000006E
:1082100000000000000041534349490000000000F5
:10822000000000000000000000000000000000004E
:08823000000000000000000046
:00000001FF
